Model,VIN (1-10),County,City,2020 GEOID,State,Vehicle Location
MODEL 3,5YJ3E1EA5L,Yakima,Yakima,53077001000,WA,POINT (-120.60272 46.59656)
MODEL 3,5YJ3E1EA9K,Thurston,Olympia,53067011100,WA,POINT (-122.92018 47.04575)
MODEL S,5YJSA1H22F,Kitsap,Kingston,53035090102,WA,POINT (-122.4977 47.79802)
KONA,KM8K33AG7L,King,Seattle,53033003400,WA,POINT (-122.38591 47.67597)
MODEL 3,5YJ3E1EB1K,Yakima,Yakima,53077001202,WA,POINT (-120.51904 46.59782)
LEAF,JN1AZ0CP6B,Kitsap,Port Orchard,53035092200,WA,POINT (-122.63848 47.5414)
LEAF,1N4BZ0CP5G,Yakima,Toppenish,53077940006,WA,POINT (-120.31298 46.37508)
500,3C3CFFGE9H,Thurston,Olympia,53067010300,WA,POINT (-122.89165 47.03954)
MODEL Y,7SAYGDEE0P,Yakima,Yakima,53077001502,WA,POINT (-120.50729 46.60464)
MODEL 3,5YJ3E1EB6L,Kitsap,Silverdale,53035091302,WA,POINT (-122.69275 47.65171)
NIRO,KNDCC3LG5K,Thurston,Olympia,53067011000,WA,POINT (-123.04078 46.94792)
MODEL 3,5YJ3E1EA9J,Yakima,Yakima,53077000902,WA,POINT (-120.60272 46.59656)
OUTLANDER,JA4T5VA92R,Thurston,Yelm,53067012422,WA,POINT (-122.60735 46.94239)
MODEL 3,5YJ3E1EA3L,Snohomish,Lynnwood,53061051802,WA,POINT (-122.27734 47.83785)
NIRO,KNDCE3LG9K,King,Seattle,53033006000,WA,POINT (-122.36381 47.63046)
MODEL X,5YJXCDE29J,Snohomish,Snohomish,53061052112,WA,POINT (-122.1389 47.87115)
LEAF,1N4AZ1CP1L,Kitsap,Bremerton,53035080600,WA,POINT (-122.65223 47.57192)
MODEL X,5YJXCBE29G,King,Sammamish,53033032317,WA,POINT (-122.02054 47.60326)
MODEL 3,5YJ3E1EB8K,Yakima,Yakima,53077002801,WA,POINT (-120.60272 46.59656)
500,3C3CFFGE7G,Kitsap,Port Orchard,53035092704,WA,POINT (-122.63848 47.5414)
BOLT EV,1G1FZ6S02L,Thurston,Olympia,53067010400,WA,POINT (-122.89165 47.03954)
X5,5UXKT0C5XG,Thurston,Olympia,53067011822,WA,POINT (-123.04078 46.94792)
E-TRON,WA1VABGE1K,King,Kent,53033031704,WA,POINT (-122.10798 47.37124)
MODEL Y,5YJYGAEE2M,Stevens,Chewelah,53065950700,WA,POINT (-117.71555 48.28136)
X5,5UXTA6C07M,Snohomish,Bothell,53061051937,WA,POINT (-122.18384 47.8031)
MODEL Y,5YJYGDEFXL,Snohomish,Bothell,53061051937,WA,POINT (-122.18384 47.8031)
MODEL Y,5YJYGDEF5L,King,Renton,53033029308,WA,POINT (-122.19488 47.44034)
MODEL Y,5YJYGDEF5L,Kitsap,Silverdale,53035091205,WA,POINT (-122.69275 47.65171)
VOLT,1G1RA6S53H,Thurston,Yelm,53067012422,WA,POINT (-122.60735 46.94239)
MODEL S,5YJSA1E26J,Snohomish,Mukilteo,53061042005,WA,POINT (-122.29196 47.89908)
WRANGLER,1C4JJXP66M,Yakima,Zillah,53077002202,WA,POINT (-120.26226 46.40199)
Q6,WA134BGF1S,Kitsap,Seabeck,53035091301,WA,POINT (-122.81585 47.64509)
LEAF,JN1AZ0CPXB,Kitsap,Bainbridge Island,53035090901,WA,POINT (-122.521 47.62759)
XC90,YV4BR00Z9N,Kitsap,Suquamish,53035940100,WA,POINT (-122.55242 47.73162)
BOLT EV,1G1FX6S00J,Kitsap,Bainbridge Island,53035090800,WA,POINT (-122.521 47.62759)
MODEL 3,5YJ3E1EA4K,Snohomish,Everett,53061041901,WA,POINT (-122.27557 47.88936)
WRANGLER,1C4RJXN62R,Snohomish,Everett,53061040900,WA,POINT (-122.23019 47.94949)
745E,WBA7W4C07L,Snohomish,Lynnwood,53061041901,WA,POINT (-122.27981 47.85727)
MODEL 3,5YJ3E1EB3J,King,Seatac,53033028402,WA,POINT (-122.27979 47.44952)
MODEL 3,5YJ3E1EA4L,Thurston,Olympia,53067011624,WA,POINT (-122.80933 46.99531)
MODEL X,5YJXCAE4XG,King,Seattle,53033006900,WA,POINT (-122.36381 47.63046)
WRANGLER,1C4JJXP62P,Thurston,Olympia,53067011901,WA,POINT (-122.92018 47.04575)
LEAF,1N4AZ0CPXF,Thurston,Olympia,53067011000,WA,POINT (-123.04078 46.94792)
MODEL 3,5YJ3E1EB3J,King,Auburn,53033030600,WA,POINT (-122.2229 47.307)
RX,JTJCJMGAXR,Walla Walla,Walla Walla,53071920702,WA,POINT (-118.34261 46.07068)
I-PACE,SADHC2S16L,Snohomish,Mukilteo,53061042001,WA,POINT (-122.29196 47.89908)
MODEL 3,5YJ3E1EA2J,Snohomish,Everett,53061041901,WA,POINT (-122.27557 47.88936)
MODEL S,5YJSA1E25J,Kitsap,Poulsbo,53035091205,WA,POINT (-122.64681 47.73689)
KONA,KM8K23AG1P,Yakima,Yakima,53077000200,WA,POINT (-120.50729 46.60464)
MODEL S,5YJSA1DG5D,Kitsap,Bremerton,53035081200,WA,POINT (-122.62749 47.565)
KONA,KM8K23AG1L,Snohomish,Mountlake Terrace,53061051200,WA,POINT (-122.31111 47.78803)
LEAF,1N4AZ1BV1P,Snohomish,Everett,53061041000,WA,POINT (-122.23019 47.94949)
MODEL 3,5YJ3E1EA4J,Snohomish,Snohomish,53061052108,WA,POINT (-122.1389 47.87115)
MODEL 3,5YJ3E1EBXJ,King,Seattle,53033006300,WA,POINT (-122.30207 47.64085)
EV6,KNDC3DLCXP,Thurston,Yelm,53067012412,WA,POINT (-122.60735 46.94239)
RX,JTJCJMGA6R,Skagit,Anacortes,53057940302,WA,POINT (-122.61216 48.51749)
MODEL X,5YJXCBE44G,Snohomish,Bothell,53061051938,WA,POINT (-122.18384 47.8031)
MODEL S,5YJSA1E21H,King,Seattle,53033008102,WA,POINT (-122.34223 47.61085)
MODEL X,5YJXCBE40G,Snohomish,Mill Creek,53061052008,WA,POINT (-122.20105 47.84423)
MODEL X,5YJXCBE24H,King,Seattle,53033008102,WA,POINT (-122.34223 47.61085)
MODEL 3,5YJ3E1EB3L,Kitsap,Bremerton,53035091301,WA,POINT (-122.65223 47.57192)
LEAF,1N4AZ0CP9F,Skagit,Anacortes,53057940500,WA,POINT (-122.61216 48.51749)
NX,JTJHKCFZ8R,Walla Walla,Walla Walla,53071920902,WA,POINT (-118.34261 46.07068)
A3,WAUUPBFF0G,King,Renton,53033025803,WA,POINT (-122.08747 47.4466)
NX,JTJHKCFZ6S,Thurston,Olympia,53067012332,WA,POINT (-122.80933 46.99531)
LEAF,1N4BZ0CP8H,King,Shoreline,53033021300,WA,POINT (-122.30304 47.75494)
A3,WAUUPBFF5H,King,Seattle,53033003301,WA,POINT (-122.38591 47.67597)
EV6,KNDC4DLC5P,Snohomish,Mill Creek,53061052004,WA,POINT (-122.20105 47.84423)
MODEL Y,5YJYGDEF2L,Thurston,Yelm,53067012421,WA,POINT (-122.60735 46.94239)
MODEL Y,5YJYGDEE8L,Snohomish,Monroe,53061052203,WA,POINT (-121.98087 47.8526)
MODEL 3,5YJ3E1EA2J,King,Duvall,53033032402,WA,POINT (-121.98609 47.74068)
MODEL X,5YJXCBE24K,King,Tukwila,53033026200,WA,POINT (-122.27979 47.44952)
LEAF,JN1AZ0CP5B,Snohomish,Woodinville,53061051926,WA,POINT (-122.15545 47.75448)
A3,WAUUPBFFXJ,King,Seattle,53033006300,WA,POINT (-122.30207 47.64085)
NIRO,KNDCR3LF8P,Snohomish,Monroe,53061052203,WA,POINT (-121.98087 47.8526)
MODEL S,5YJSA1E28F,Snohomish,Mill Creek,53061052008,WA,POINT (-122.20105 47.84423)
LEAF,1N4AZ1CP3K,Island,Coupeville,53029971100,WA,POINT (-122.68558 48.21857)
MODEL 3,5YJ3E1EB8L,Yakima,Yakima,53077000600,WA,POINT (-120.51904 46.59782)
EV6,KNDC44LA4N,Thurston,Lacey,53067012221,WA,POINT (-122.78598 47.08476)
LEAF,1N4AZ0CP3D,Thurston,Lacey,53067011422,WA,POINT (-122.82324 47.04437)
MODEL 3,5YJ3E1EA2T,Snohomish,Bothell,53061052010,WA,POINT (-122.20105 47.84423)
PRIUS,JTDKN3DP1D,Thurston,Olympia,53067012331,WA,POINT (-122.80933 46.99531)
F-150,1FTVW1EL2P,Whitman,Pullman,53075000300,WA,POINT (-117.18147 46.73015)
I3,WBY1Z2C59F,King,Seattle,53033002700,WA,POINT (-122.35436 47.67596)
C-MAX,1FADP5CU3D,Thurston,Yelm,53067012531,WA,POINT (-122.60735 46.94239)
LEAF,1N4AZ1CP6K,Chelan,Cashmere,53007960501,WA,POINT (-120.47005 47.5224)
LEAF,1N4AZ0CPXF,King,Covington,53033031709,WA,POINT (-122.10798 47.37124)
GV60,KMUKEDTBXP,Snohomish,Edmonds,53061050502,WA,POINT (-122.37695 47.81113)
MODEL S,5YJSA1E23H,Snohomish,Lynnwood,53061051702,WA,POINT (-122.27734 47.83785)
MODEL 3,5YJ3E1EB7K,Thurston,Olympia,53067012100,WA,POINT (-122.87741 47.05997)
E-TRON,WA1VABGE0K,Snohomish,Bothell,53061051926,WA,POINT (-122.18384 47.8031)
MODEL Y,5YJYGDEE1L,King,Seattle,53033008003,WA,POINT (-122.34468 47.61578)
XC60,YV4H60DA9P,Thurston,Lacey,53067011300,WA,POINT (-122.82324 47.04437)
RZ,JTJBCACB7T,Snohomish,Lynnwood,53061051802,WA,POINT (-122.27734 47.83785)
WRANGLER,1C4RJXP60R,Snohomish,Lynnwood,53061051931,WA,POINT (-122.29245 47.82557)
R1S,7PDSGBBA5S,Snohomish,Bothell,53061052009,WA,POINT (-122.20105 47.84423)
TUCSON,KM8JBDD22R,Snohomish,Bothell,53061051927,WA,POINT (-122.20105 47.84423)
FUSION,3FA6P0SU8K,Thurston,Olympia,53067010300,WA,POINT (-122.89165 47.03954)
MODEL Y,5YJYGDEF7L,Kitsap,Bainbridge Island,53035090800,WA,POINT (-122.521 47.62759)
AVIATOR,5LMYJ8XY3P,Yakima,Yakima,53077002801,WA,POINT (-120.60272 46.59656)
CX-90,JM3KKBHA1R,Kitsap,Bremerton,53035080300,WA,POINT (-122.61136 47.5752)
NIRO,KNDCS3LF9P,Kitsap,Bremerton,53035091702,WA,POINT (-122.61158 47.62691)
MODEL Y,7SAYGDEF0P,Kitsap,Poulsbo,53035090202,WA,POINT (-122.64681 47.73689)
NIRO,KNDCS3LF4R,Thurston,Olympia,53067010200,WA,POINT (-122.87741 47.05997)
KONA,KM8K53AG2K,Kitsap,Silverdale,53035091302,WA,POINT (-122.69275 47.65171)
R1T,7FCTGAAP7T,Kitsap,Poulsbo,53035090400,WA,POINT (-122.64681 47.73689)
WRANGLER,1C4JJXP61N,Thurston,Olympia,53067012331,WA,POINT (-122.80933 46.99531)
LEAF,1N4AZ0CP0G,Kitsap,Suquamish,53035940100,WA,POINT (-122.55242 47.73162)
MODEL 3,5YJ3E1EB4K,Kitsap,Poulsbo,53035090502,WA,POINT (-122.64681 47.73689)
TUCSON,KM8JBDD25R,Snohomish,Lynnwood,53061051802,WA,POINT (-122.27734 47.83785)
CX-90,JM3KKEHA9T,Snohomish,Bothell,53061051914,WA,POINT (-122.18384 47.8031)
MODEL X,5YJXCAE23H,King,Seattle,53033008800,WA,POINT (-122.31009 47.60803)
MODEL S,5YJSA1H20F,Snohomish,Lake Stevens,53061052506,WA,POINT (-122.06402 48.01497)
LEAF,1N4BZ0CPXH,Snohomish,Bothell,53061051926,WA,POINT (-122.18384 47.8031)
GRAND CHEROKEE,1C4RJYD61N,Kitsap,Poulsbo,53035090202,WA,POINT (-122.64681 47.73689)
HORNET,ZACPDFDW0R,Kitsap,Bremerton,53035091702,WA,POINT (-122.61158 47.62691)
VOLT,1G1RA6S53J,Kitsap,Kingston,53035090101,WA,POINT (-122.4977 47.79802)
MODEL S,5YJSA1E15H,Kitsap,Bainbridge Island,53035091002,WA,POINT (-122.521 47.62759)
SOLTERRA,JTMBEAGC4T,Yakima,Yakima,53077000800,WA,POINT (-120.51904 46.59782)
C-MAX,1FADP5CU9D,Thurston,Olympia,53067010600,WA,POINT (-122.92018 47.04575)
BOLT EV,1G1FY6S06K,Kitsap,Port Orchard,53035092300,WA,POINT (-122.63848 47.5414)
MODEL 3,5YJ3E1EB7K,King,Seatac,53033028300,WA,POINT (-122.30615 47.38542)
MODEL 3,5YJ3E1EA0J,Snohomish,Bothell,53061051937,WA,POINT (-122.18384 47.8031)
MODEL S,5YJSA1DP4D,Yakima,Zillah,53077002201,WA,POINT (-120.26226 46.40199)
TUCSON,KM8JFDA26P,Snohomish,Monroe,53061052203,WA,POINT (-121.98087 47.8526)
BOLT EV,1G1FZ6S05K,Kitsap,Suquamish,53035940100,WA,POINT (-122.55242 47.73162)
LEAF,1N4AZ0CP4F,Kitsap,Seabeck,53035092000,WA,POINT (-122.81585 47.64509)
NIRO,KNDCC3LG5L,Thurston,Olympia,53067010400,WA,POINT (-122.89165 47.03954)
Q5 E,WA1E2AFY0R,Yakima,Yakima,53077002803,WA,POINT (-120.71847 46.55029)
MODEL Y,7SAYGDEE5S,Snohomish,Bothell,53061051913,WA,POINT (-122.18384 47.8031)
VOLT,1G1RC6S54J,Yakima,Moxee,53077001702,WA,POINT (-120.39197 46.55621)
NX,JTJKKCFZ6R,Snohomish,Bothell,53061051926,WA,POINT (-122.18384 47.8031)
VOLT,1G1RB6E46D,Yakima,Yakima,53077000800,WA,POINT (-120.51904 46.59782)
MODEL 3,5YJ3E1EB7J,Thurston,Olympia,53067011722,WA,POINT (-122.89165 47.03954)
NIRO,KNDCE3LG9L,Thurston,Olympia,53067010100,WA,POINT (-122.89165 47.03954)
LEAF,1N4BZ0CP3H,Kitsap,Bremerton,53035080200,WA,POINT (-122.61136 47.5752)
I5,WBY43FK02R,Thurston,Olympia,53067011902,WA,POINT (-122.92018 47.04575)
BOLT EV,1G1FW6S09J,Yakima,Yakima,53077000800,WA,POINT (-120.51904 46.59782)
500,3C3CFFGE6F,King,Seattle,53033009500,WA,POINT (-122.30866 47.57874)
CX-90,JM3KKBHA4S,Kitsap,Poulsbo,53035090202,WA,POINT (-122.64681 47.73689)
BZ4X,JTMABACA1S,Yakima,Yakima,53077000800,WA,POINT (-120.51904 46.59782)
MODEL 3,5YJ3E1EB0L,Thurston,Yelm,53067012412,WA,POINT (-122.60735 46.94239)
MODEL 3,5YJ3E1EBXK,King,Seattle,53033004302,WA,POINT (-122.31307 47.66127)
530E,WBAJB1C56J,Snohomish,Lake Stevens,53061052604,WA,POINT (-122.06402 48.01497)
LEAF,1N4AZ0CP7F,Kitsap,Poulsbo,53035090201,WA,POINT (-122.64681 47.73689)
C-MAX,1FADP5CU4G,Kitsap,Seabeck,53035092000,WA,POINT (-122.81585 47.64509)
Q5,WA1G2AFY9N,King,Renton,53033025202,WA,POINT (-122.18839 47.51197)
MODEL X,5YJXCAE25L,Yakima,Yakima,53077001100,WA,POINT (-120.51904 46.59782)
X5,5UXTA6C02M,Kitsap,Bainbridge Island,53035090901,WA,POINT (-122.521 47.62759)
MODEL Y,7SAYGDEE2P,Thurston,Olympia,53067011100,WA,POINT (-122.92018 47.04575)
PACIFICA,2C4RC1S73S,Thurston,Olympia,53067012330,WA,POINT (-122.80933 46.99531)
MODEL 3,5YJ3E1EA3K,Snohomish,Everett,53061041601,WA,POINT (-122.18637 47.89251)
VOLT,1G1RD6E40E,Yakima,Yakima,53077001000,WA,POINT (-120.51904 46.59782)
XC90,YV4H60CF6R,Kitsap,Kingston,53035090101,WA,POINT (-122.4977 47.79802)
BOLT EV,1G1FX6S09J,Thurston,Olympia,53067010700,WA,POINT (-122.89165 47.03954)
NIRO,KNDCR3L19S,Snohomish,Bothell,53061052009,WA,POINT (-122.20105 47.84423)
XC90,YV4BR0CM8N,Kitsap,Poulsbo,53035090502,WA,POINT (-122.64681 47.73689)
LEAF,1N4BZ0CP8G,Snohomish,Bothell,53061051937,WA,POINT (-122.18384 47.8031)
BOLT EV,1G1FX6S05H,Thurston,Olympia,53067011100,WA,POINT (-122.92018 47.04575)
I3,WBY1Z2C54E,Kitsap,Bremerton,53035092102,WA,POINT (-122.65223 47.57192)
MODEL 3,5YJ3E1EA2J,Kitsap,Bremerton,53035080700,WA,POINT (-122.65223 47.57192)
EV6,KNDC3DLC1P,Thurston,Lacey,53067011626,WA,POINT (-122.82324 47.04437)
LEAF,1N4BZ0CP1H,King,Seattle,53033011602,WA,POINT (-122.38415 47.53755)
SPORTAGE,KNDPZDDH3T,Kitsap,Bremerton,53035091400,WA,POINT (-122.65223 47.57192)
MODEL 3,5YJ3E1ET1S,Kitsap,Bremerton,53035091301,WA,POINT (-122.65223 47.57192)
LEAF,1N4AZ0CP4D,King,Seattle,53033009802,WA,POINT (-122.41067 47.57894)
NIRO,KNDCM3LD4K,Thurston,Olympia,53067012223,WA,POINT (-122.87741 47.05997)
MODEL X,7SAXCBE67P,Yakima,Yakima,53077001602,WA,POINT (-120.50729 46.60464)
LEAF,1N4AZ0CP0F,Snohomish,Bothell,53061051932,WA,POINT (-122.18384 47.8031)
MODEL 3,5YJ3E1EC2L,Thurston,Lacey,53067011421,WA,POINT (-122.82324 47.04437)
500,3C3CFFGE9H,King,Bellevue,53033023100,WA,POINT (-122.11867 47.63131)
LEAF,1N4AZ0CP6F,Kitsap,Port Orchard,53035092901,WA,POINT (-122.68516 47.50645)
MODEL 3,5YJ3E1EA4J,Yakima,Selah,53077003100,WA,POINT (-120.53145 46.65405)
MODEL X,5YJXCBE2XH,Yakima,Yakima,53077000800,WA,POINT (-120.51904 46.59782)
MODEL 3,5YJ3E1EBXK,Kitsap,Bremerton,53035091800,WA,POINT (-122.61136 47.5752)
WRANGLER,1C4JJXP61P,Thurston,Olympia,53067011902,WA,POINT (-122.92018 47.04575)
MODEL 3,5YJ3E1EA8J,King,Seattle,53033003000,WA,POINT (-122.38418 47.70044)
WRANGLER,1C4JJXP68P,Yakima,Yakima,53077000700,WA,POINT (-120.51904 46.59782)
FUSION,3FA6P0PU5G,Grant,Soap Lake,53025010300,WA,POINT (-119.48323 47.38898)
SOLTERRA,JTMABABA9R,Yakima,Yakima,53077000401,WA,POINT (-120.60272 46.59656)
BOLT EV,1G1FX6S05H,Thurston,Olympia,53067011628,WA,POINT (-122.82324 47.04437)
NX,JTJKKCFZ7T,Thurston,Rochester,53067012720,WA,POINT (-123.08743 46.82175)
XC90,YV4BR0PLXJ,Kitsap,Bainbridge Island,53035090700,WA,POINT (-122.521 47.62759)
WRANGLER,1C4RJXP64R,Thurston,Yelm,53067012412,WA,POINT (-122.60735 46.94239)
XC90,YV4H60JB0S,Snohomish,Mill Creek,53061052005,WA,POINT (-122.20105 47.84423)
EV6,KNDC3DLC1P,Skagit,Bellingham,53057950803,WA,POINT (-122.45486 48.7449)
LEAF,1N4BZ0CP5G,King,Seattle,53033010502,WA,POINT (-122.38415 47.53755)
LEAF,JN1AZ0CP0B,Whitman,Pullman,53075000602,WA,POINT (-117.18147 46.73015)
WRANGLER,1C4RJXN63R,Walla Walla,Walla Walla,53071920901,WA,POINT (-118.34261 46.07068)
EQ FORTWO,WMEFJ9BA9J,Snohomish,Mountlake Terrace,53061051301,WA,POINT (-122.31111 47.78803)
FUSION,3FA6P0PU6J,Yakima,Wapato,53077940001,WA,POINT (-120.42083 46.44779)
MODEL 3,5YJ3E1EB7J,Snohomish,Snohomish,53061052401,WA,POINT (-122.09305 47.91265)
MODEL 3,5YJ3E1EB4L,Snohomish,Mukilteo,53061041301,WA,POINT (-122.29196 47.89908)
CAYENNE,WP1AE2AYXT,Kitsap,Bremerton,53035080900,WA,POINT (-122.65223 47.57192)
LEAF,1N4BZ0CP1G,King,Redmond,53033032324,WA,POINT (-122.13158 47.67858)
MODEL 3,5YJ3E1EB4K,Thurston,Olympia,53067012225,WA,POINT (-122.78598 47.08476)
500,3C3CFFGEXF,Snohomish,Lake Stevens,53061052706,WA,POINT (-122.06402 48.01497)
LEAF,1N4AZ1CP9L,Thurston,Lacey,53067011200,WA,POINT (-122.82324 47.04437)
BOLT EV,1G1FW6S05H,Columbia,Dayton,53013960200,WA,POINT (-117.97577 46.32189)
LEAF,1N4AZ0CP7D,Walla Walla,College Place,53071920301,WA,POINT (-118.38864 46.03456)
X5,5UXTA6C01M,Thurston,Olympia,53067012100,WA,POINT (-122.87741 47.05997)
MODEL 3,5YJ3E1EB5J,Yakima,Yakima,53077000401,WA,POINT (-120.60272 46.59656)
MODEL X,5YJXCDE27H,Thurston,Olympia,53067011722,WA,POINT (-122.89165 47.03954)
MODEL S,5YJSA1E23G,Kitsap,Port Orchard,53035092101,WA,POINT (-122.68516 47.50645)
WRANGLER,1C4JJXN63P,Thurston,Lacey,53067011623,WA,POINT (-122.80933 46.99531)
EV6,KNDC3DLC6N,Chelan,Chelan,53007960301,WA,POINT (-120.01454 47.83985)
MODEL S,5YJSA1E28G,Thurston,Olympia,53067012221,WA,POINT (-122.78598 47.08476)
LEAF,1N4AZ1BP1L,Kitsap,Poulsbo,53035090201,WA,POINT (-122.64681 47.73689)
MODEL Y,5YJYGDEE4M,Yakima,Tieton,53077002900,WA,POINT (-120.69972 46.7309)
I4,WBY83FB07R,Yakima,Union Gap,53077001400,WA,POINT (-120.71847 46.55029)
LEAF,1N4AZ0CP0D,Walla Walla,Walla Walla,53071920200,WA,POINT (-118.34261 46.07068)
NIRO,KNDCC3LG1K,King,Seattle,53033010102,WA,POINT (-122.28083 47.54693)
EV6,KNDC4DLC6R,Snohomish,Lake Stevens,53061052505,WA,POINT (-122.06402 48.01497)
MODEL 3,5YJ3E1EB4P,Yakima,Yakima,53077002804,WA,POINT (-120.60272 46.59656)
PACIFICA,2C4RC1L7XJ,Kitsap,Kingston,53035090102,WA,POINT (-122.4977 47.79802)
MODEL X,5YJXCDE2XL,King,Issaquah,53033025006,WA,POINT (-122.03439 47.5301)
VOLT,1G1RE6E43E,Yakima,Yakima,53077000903,WA,POINT (-120.60272 46.59656)
PRIUS PRIME (PHEV),JTDACACU8S,Thurston,Lacey,53067011422,WA,POINT (-122.82324 47.04437)
C-MAX,1FADP5CU8D,King,Seattle,53033007902,WA,POINT (-122.31009 47.60803)
MODEL 3,5YJ3E1EA8L,Snohomish,Everett,53061041701,WA,POINT (-122.18637 47.89251)
MODEL 3,5YJ3E1EB1N,Snohomish,Monroe,53061052203,WA,POINT (-121.98087 47.8526)
C-MAX,1FADP5CU2F,Thurston,Olympia,53067011627,WA,POINT (-122.82324 47.04437)
MODEL 3,5YJ3E1EB2J,Snohomish,Lynnwood,53061051802,WA,POINT (-122.27734 47.83785)
LEAF,1N4AZ1CP6J,Snohomish,Mill Creek,53061052004,WA,POINT (-122.20105 47.84423)
VOLT,1G1RE6E42E,Chelan,Entiat,53007960100,WA,POINT (-120.20831 47.67562)
LEAF,1N4AZ0CP0G,King,Seattle,53033004800,WA,POINT (-122.38591 47.67597)
MODEL 3,5YJ3E1EA1J,Snohomish,Mill Creek,53061052008,WA,POINT (-122.20105 47.84423)
MODEL 3,5YJ3E1EA9J,Snohomish,Marysville,53061940002,WA,POINT (-122.17138 48.10433)
MODEL 3,5YJ3E1EBXL,Kitsap,Bremerton,53035080102,WA,POINT (-122.61136 47.5752)
MODEL S,5YJSA1E23G,Thurston,Olympia,53067011902,WA,POINT (-122.92018 47.04575)
MODEL 3,5YJ3E1EA2J,King,Seattle,53033010702,WA,POINT (-122.36893 47.54701)
VOLT,1G1RD6E49D,Thurston,Rochester,53067012730,WA,POINT (-123.08743 46.82175)
CLARITY,JHMZC5F1XJ,Thurston,Olympia,53067011902,WA,POINT (-122.92018 47.04575)
X5,5UXTA6C09N,Spokane,Spokane,53063003500,WA,POINT (-117.41162 47.65726)
CYBERTRUCK,7G2CEHED8R,Snohomish,Bothell,53061051938,WA,POINT (-122.18384 47.8031)
ESCAPE,1FMCU0E13R,Kitsap,Bremerton,53035091900,WA,POINT (-122.61158 47.62691)
I3,WBY1Z2C53E,King,Seattle,53033003500,WA,POINT (-122.35436 47.67596)
MODEL 3,5YJ3E1EB0J,Whitman,Pullman,53075000601,WA,POINT (-117.18147 46.73015)
I3,WBY8P6C02L,Island,Langley,53029972000,WA,POINT (-122.40618 48.0399)
MODEL Y,5YJYGDEE3L,Kitsap,Silverdale,53035091302,WA,POINT (-122.69275 47.65171)
R1T,7FCTGCAA6T,Yakima,Yakima,53077000402,WA,POINT (-120.60272 46.59656)
LEAF,1N4AZ0CP9E,Snohomish,Everett,53061041202,WA,POINT (-122.23019 47.94949)
XC60,YV4BR0DM9M,Kitsap,Poulsbo,53035091100,WA,POINT (-122.64681 47.73689)
SOUL,KNDJX3AE4G,Snohomish,Everett,53061041100,WA,POINT (-122.23019 47.94949)
CLARITY,JHMZC5F11L,Kitsap,Bainbridge Island,53035090700,WA,POINT (-122.521 47.62759)
MODEL S,5YJSA1E20L,Skagit,Mount Vernon,53057952700,WA,POINT (-122.32295 48.4152)
MODEL S,5YJSA1E24L,Snohomish,Lake Stevens,53061052709,WA,POINT (-122.06402 48.01497)
E-TRON,WA1AAAGE2M,Snohomish,Mukilteo,53061042006,WA,POINT (-122.29196 47.89908)
MODEL 3,5YJ3E1EA4J,Snohomish,Lynnwood,53061051602,WA,POINT (-122.27734 47.83785)
MODEL 3,5YJ3E1EA5L,King,Bellevue,53033023500,WA,POINT (-122.1621 47.64441)
VOLT,1G1RA6S54H,Skagit,Burlington,53057951900,WA,POINT (-122.33029 48.46846)
MODEL 3,5YJ3E1EB5J,Yakima,Yakima,53077002804,WA,POINT (-120.60272 46.59656)
MODEL 3,5YJ3E1EB2L,Snohomish,Lynnwood,53061051601,WA,POINT (-122.27734 47.83785)
X5,5UXTA6C05N,Kittitas,Cle Elum,53037975101,WA,POINT (-120.93943 47.195)
PACIFICA,2C4RC1L78P,Yakima,Zillah,53077002201,WA,POINT (-120.26226 46.40199)
C-MAX,1FADP5CU7D,Whitman,Pullman,53075000602,WA,POINT (-117.18147 46.73015)
MODEL 3,5YJ3E1EA8L,Snohomish,Snohomish,53061052502,WA,POINT (-122.09305 47.91265)
MODEL 3,5YJ3E1EB6J,King,Redmond,53033032313,WA,POINT (-122.13158 47.67858)
BOLT EV,1G1FY6S06K,Yakima,Naches,53077003004,WA,POINT (-120.69972 46.7309)
OUTLANDER,JA4T5WA99S,Stevens,Kettle Falls,53065950101,WA,POINT (-118.06211 48.61053)
WRANGLER,1C4RJXN6XR,Island,Oak Harbor,53029970100,WA,POINT (-122.64682 48.29077)
GLC-CLASS,WDC0G5EB2J,Yakima,Yakima,53077001000,WA,POINT (-120.51904 46.59782)
SOUL,KNDJX3AE4H,Snohomish,Everett,53061041701,WA,POINT (-122.18637 47.89251)
CORSAIR,5LMTJ5DZ6S,Yakima,Yakima,53077002801,WA,POINT (-120.71847 46.55029)
OUTLANDER,JA4J24A57J,Yakima,Yakima,53077000800,WA,POINT (-120.51904 46.59782)
C-MAX,1FADP5CUXE,Thurston,Yelm,53067012422,WA,POINT (-122.60735 46.94239)
LEAF,JN1AZ0CP0C,Spokane,Spokane,53063004200,WA,POINT (-117.39322 47.63374)
C40,YV4ED3GM6P,Thurston,Olympia,53067012002,WA,POINT (-122.92018 47.04575)
500,3C3CFFGE6H,King,Redmond,53033032313,WA,POINT (-122.13158 47.67858)
X5,5UX43EU08T,Yakima,Yakima,53077000800,WA,POINT (-120.60272 46.59656)
WRANGLER,1C4RJXN69S,Yakima,Selah,53077003004,WA,POINT (-120.53145 46.65405)
MODEL 3,5YJ3E1EB4N,Yakima,Selah,53077003200,WA,POINT (-120.53145 46.65405)
MODEL Y,7SAYGDEE9T,Snohomish,Bothell,53061051921,WA,POINT (-122.20105 47.84423)
OUTLANDER,JA4T5VA97R,Snohomish,Everett,53061041100,WA,POINT (-122.23019 47.94949)
MODEL 3,5YJ3E1EC2L,King,Issaquah,53033032220,WA,POINT (-122.01656 47.57118)
VOLT,1G1RD6S55H,Snohomish,Everett,53061041304,WA,POINT (-122.23019 47.94949)
MODEL X,5YJXCAE24K,Snohomish,Bothell,53061051917,WA,POINT (-122.18384 47.8031)
RAV4 PRIME (PHEV),JTMAB3FV0R,Thurston,Olympia,53067011902,WA,POINT (-122.92018 47.04575)
SOUL,KNDJX3AE4G,Kitsap,Bremerton,53035080500,WA,POINT (-122.62749 47.565)
E-TRON,WA1LABGE7N,Thurston,Tumwater,53067010910,WA,POINT (-123.04078 46.94792)
LEAF,1N4AZ0CP7F,Snohomish,Edmonds,53061050200,WA,POINT (-122.31768 47.87166)
R1T,7FCTGAAL1N,Yakima,Selah,53077003004,WA,POINT (-120.53145 46.65405)
MODEL Y,7SAYGDEE2P,Snohomish,Bothell,53061052107,WA,POINT (-122.20105 47.84423)
MODEL 3,5YJ3E1EC8P,Yakima,Wapato,53077940008,WA,POINT (-120.42083 46.44779)
MODEL 3,5YJ3E1EB0L,Snohomish,Bothell,53061051934,WA,POINT (-122.20105 47.84423)
MODEL 3,5YJ3E1EA1L,Snohomish,Everett,53061041805,WA,POINT (-122.18637 47.89251)
BOLT EV,1G1FX6S08H,Island,Langley,53029971900,WA,POINT (-122.40618 48.0399)
FUSION,3FA6P0SU4H,Snohomish,Lake Stevens,53061052603,WA,POINT (-122.06402 48.01497)
LEAF,JN1AZ0CP7C,Snohomish,Everett,53061041901,WA,POINT (-122.27557 47.88936)
X3,5UXTS1C0XM,Chelan,Wenatchee,53007961303,WA,POINT (-120.30521 47.41493)
RX,JTJCJMGA6T,King,Kent,53033029101,WA,POINT (-122.23741 47.3807)
CX-90,JM3KKDHA7R,Whitman,Pullman,53075000201,WA,POINT (-117.18147 46.73015)
PANAMERA,WP0AK2A76M,Spokane,Spokane,53063002400,WA,POINT (-117.41162 47.65726)
LEAF,1N4CZ1CV1P,Thurston,Olympia,53067010200,WA,POINT (-122.87741 47.05997)
MODEL Y,5YJYGDEEXL,Snohomish,Everett,53061041500,WA,POINT (-122.23019 47.94949)
MODEL Y,5YJYGDEE4L,Snohomish,Brier,53061051914,WA,POINT (-122.29245 47.82557)
MODEL 3,5YJ3E1EA7L,King,Medina,53033024200,WA,POINT (-122.23892 47.61613)
XC90,YV4BC0PL4G,Kitsap,Bainbridge Island,53035090902,WA,POINT (-122.521 47.62759)
NIRO,KNDCR3LFXP,Snohomish,Bothell,53061052010,WA,POINT (-122.20105 47.84423)
MODEL S,5YJSA1H21F,Kitsap,Bremerton,53035091400,WA,POINT (-122.65223 47.57192)
NX,JTJHKCFZ9S,Thurston,Olympia,53067011902,WA,POINT (-122.92018 47.04575)
VOLT,1G1RD6E41C,Yakima,Yakima,53077001000,WA,POINT (-120.51904 46.59782)
VOLT,1G1RB6E48E,Snohomish,Everett,53061040800,WA,POINT (-122.20596 47.97659)
TX,5TDACAC68R,Snohomish,Snohomish,53061052203,WA,POINT (-122.09305 47.91265)
C-MAX,1FADP5CU4E,Snohomish,Bothell,53061051937,WA,POINT (-122.18384 47.8031)
GRAND CHEROKEE,1C4RJYB62R,Kitsap,Port Orchard,53035092101,WA,POINT (-122.68516 47.50645)
RX,JTJCJMGA5T,Spokane,Spokane,53063004500,WA,POINT (-117.39322 47.63374)
WRANGLER,1C4RJXN61R,Snohomish,Stanwood,53061053202,WA,POINT (-122.37265 48.24159)
MODEL S,5YJSA1H14E,Chelan,Malaga,53007961200,WA,POINT (-120.20227 47.37238)
MODEL Y,5YJYGDEEXL,King,Seattle,53033007201,WA,POINT (-122.34468 47.61578)
LEAF,1N4AZ0CPXD,Snohomish,Edmonds,53061050200,WA,POINT (-122.31768 47.87166)
FUSION,3FA6P0SU5E,Thurston,Olympia,53067011822,WA,POINT (-123.04078 46.94792)
EDV,7FCEHEB25R,Kitsap,Bremerton,53035092101,WA,POINT (-122.65223 47.57192)
SONATA,KMHE54L26H,Snohomish,Snohomish,53061052402,WA,POINT (-122.09305 47.91265)
LEAF,1N4AZ1BP4L,Island,Clinton,53029972000,WA,POINT (-122.35803 47.9796)
I3,WBY7Z6C54J,Snohomish,Bothell,53061052107,WA,POINT (-122.20105 47.84423)
LEAF,1N4BZ0CP9G,Snohomish,Edmonds,53061050200,WA,POINT (-122.31768 47.87166)
BOLT EV,1G1FY6S09L,Snohomish,Everett,53061040100,WA,POINT (-122.20596 47.97659)
FUSION,3FA6P0PUXE,Snohomish,Arlington,53061053509,WA,POINT (-122.1264 48.19471)
500,3C3CFFGE8D,Snohomish,Bothell,53061051935,WA,POINT (-122.20105 47.84423)
MODEL 3,5YJ3E1EB4J,Whitman,Pullman,53075000500,WA,POINT (-117.18147 46.73015)
MODEL Y,5YJYGDEE4L,Snohomish,Marysville,53061940001,WA,POINT (-122.17138 48.10433)
MODEL X,5YJXCDE28H,Snohomish,Snohomish,53061052107,WA,POINT (-122.1389 47.87115)
XC40,YV4ER3XM3R,Kitsap,Suquamish,53035940100,WA,POINT (-122.55242 47.73162)
MODEL S,5YJSA1E29H,Skagit,Mount Vernon,53057952403,WA,POINT (-122.32295 48.4152)
MODEL S,5YJSA1E2XH,Walla Walla,Walla Walla,53071920702,WA,POINT (-118.34261 46.07068)
MODEL 3,5YJ3E1EAXJ,Snohomish,Snohomish,53061052502,WA,POINT (-122.09305 47.91265)
MODEL Y,5YJYGDEE7L,Snohomish,Marysville,53061052805,WA,POINT (-122.1769 48.06114)
LEAF,1N4AZ0CP3E,Whitman,Pullman,53075000400,WA,POINT (-117.18147 46.73015)
LEAF,1N4AZ1CP7K,Snohomish,Everett,53061041201,WA,POINT (-122.23019 47.94949)
MODEL 3,5YJ3E1EA6K,Snohomish,Lynnwood,53061051932,WA,POINT (-122.29245 47.82557)
500,3C3CFFGE2F,Kitsap,Bainbridge Island,53035090800,WA,POINT (-122.521 47.62759)
PRIUS PRIME (PHEV),JTDKARFP5J,Whitman,Palouse,53075000700,WA,POINT (-117.07681 46.91015)
MODEL 3,5YJ3E1EB5K,Snohomish,Edmonds,53061050800,WA,POINT (-122.31768 47.87166)
I3,WBY8P2C5XK,Kitsap,Bainbridge Island,53035090800,WA,POINT (-122.521 47.62759)
I3,WBY8P2C0XL,Kitsap,Bremerton,53035081000,WA,POINT (-122.65223 47.57192)
ESCAPE,1FMCU0E14R,Thurston,Lacey,53067011300,WA,POINT (-122.82324 47.04437)
MODEL 3,5YJ3E1EB7J,Thurston,Olympia,53067011500,WA,POINT (-122.82324 47.04437)
LEAF,1N4BZ0CP3H,Snohomish,Edmonds,53061050402,WA,POINT (-122.31768 47.87166)
MODEL X,5YJXCDE29L,Skagit,Anacortes,53057940403,WA,POINT (-122.61216 48.51749)
VOLT,1G1RC6S59J,Yakima,Selah,53077003004,WA,POINT (-120.53145 46.65405)
MODEL S,5YJSA1E23J,Skagit,Sedro-Woolley,53057951503,WA,POINT (-122.23857 48.50879)
MODEL Y,7SAYGDEEXP,Snohomish,Monroe,53061052113,WA,POINT (-121.98087 47.8526)
MODEL S,5YJSA1CP8D,Kitsap,Poulsbo,53035940100,WA,POINT (-122.64681 47.73689)
MODEL 3,5YJ3E1EA1K,Snohomish,Lynnwood,53061051930,WA,POINT (-122.29245 47.82557)
MODEL Y,5YJYGAEE0M,Stevens,Chewelah,53065950700,WA,POINT (-117.71555 48.28136)
500,3C3CFFGEXF,Snohomish,Everett,53061041303,WA,POINT (-122.23019 47.94949)
CAYENNE,WP1AE2AY6K,Yakima,Yakima,53077002801,WA,POINT (-120.60272 46.59656)
NIRO,KNDCC3LD9K,Snohomish,Snohomish,53061052114,WA,POINT (-122.1389 47.87115)
LEAF,1N4AZ1CP2J,Snohomish,Lynnwood,53061051802,WA,POINT (-122.27734 47.83785)
MODEL 3,5YJ3E1EA4J,Kitsap,Bremerton,53035080900,WA,POINT (-122.65223 47.57192)
X5,5UXTA6C04N,Snohomish,Edmonds,53061050403,WA,POINT (-122.37695 47.81113)
XC60,YV4H60DL2R,Snohomish,Edmonds,53061050403,WA,POINT (-122.37695 47.81113)
MODEL Y,5YJYGDEE7L,Grant,Mattawa,53025011403,WA,POINT (-119.8995 46.73779)
Q5 E,WA1G2AFY3M,Yakima,Yakima,53077001100,WA,POINT (-120.51904 46.59782)
500,3C3CFFGE7G,Kitsap,Bremerton,53035080400,WA,POINT (-122.61136 47.5752)
CX-90,JM3KKEHA7R,Kitsap,Port Orchard,53035092300,WA,POINT (-122.63848 47.5414)
R1S,7PDSGCBAXT,Snohomish,Lynnwood,53061051402,WA,POINT (-122.29245 47.82557)
MODEL 3,5YJ3E1EB9L,Grant,Moses Lake,53025011101,WA,POINT (-119.2771 47.13196)
MODEL 3,5YJ3E1EB4J,Yakima,Yakima,53077000904,WA,POINT (-120.60272 46.59656)
E-GOLF,WVWKR7AUXK,Snohomish,Arlington,53061053507,WA,POINT (-122.1264 48.19471)
LEAF,1N4AZ0CP8F,Walla Walla,College Place,53071920302,WA,POINT (-118.38864 46.03456)
MODEL 3,5YJ3E1EB5J,Snohomish,Lake Stevens,53061053505,WA,POINT (-122.06402 48.01497)
MODEL 3,5YJ3E1EB0J,Thurston,Olympia,53067011810,WA,POINT (-123.04078 46.94792)
F-150,1FTVW1EV6P,Thurston,Olympia,53067012420,WA,POINT (-122.80933 46.99531)
LEAF,1N4BZ1DP2L,Kitsap,Bremerton,53035091900,WA,POINT (-122.61158 47.62691)
MODEL S,5YJSA1E41J,Snohomish,Marysville,53061052805,WA,POINT (-122.1769 48.06114)
SPORTAGE,KNDPYDAH1P,Snohomish,Snohomish,53061052107,WA,POINT (-122.1389 47.87115)
LEAF,1N4AZ0CP4D,Snohomish,Bothell,53061051917,WA,POINT (-122.18384 47.8031)
X5,5UX43EU04S,Yakima,Yakima,53077002803,WA,POINT (-120.71847 46.55029)
MODEL 3,5YJ3E1EA0K,Grant,Moses Lake,53025011101,WA,POINT (-119.2771 47.13196)
MODEL Y,7SAYGDEE8P,Thurston,Olympia,53067012223,WA,POINT (-122.87741 47.05997)
MODEL S,5YJSA1E21G,Kitsap,Poulsbo,53035940100,WA,POINT (-122.64681 47.73689)
MODEL X,5YJXCDE27J,Chelan,Wenatchee,53007960700,WA,POINT (-120.30521 47.41493)
MODEL 3,5YJ3E1EB0J,Island,Langley,53029971900,WA,POINT (-122.40618 48.0399)
WRANGLER,1C4JJXR67N,Thurston,Lacey,53067012226,WA,POINT (-122.78598 47.08476)
500,3C3CFFGE4F,King,Seattle,53033009400,WA,POINT (-122.30866 47.57874)
MODEL S,5YJSA1E43K,Skagit,Anacortes,53057940401,WA,POINT (-122.61216 48.51749)
AVIATOR,5LMYJ8XY2P,Grant,Moses Lake,53025011101,WA,POINT (-119.2771 47.13196)
EV9,KNDAEFS5XR,Snohomish,Arlington,53061052701,WA,POINT (-122.1264 48.19471)
WRANGLER,1C4JJXP62P,Chelan,Wenatchee,53007961102,WA,POINT (-120.30521 47.41493)
MODEL 3,5YJ3E1EB5J,Snohomish,Lynnwood,53061042004,WA,POINT (-122.27981 47.85727)
MODEL X,5YJXCAE45J,King,Seattle,53033008102,WA,POINT (-122.32945 47.60357)
F-150,1FTVW1EL8P,Whitman,Pullman,53075000400,WA,POINT (-117.18147 46.73015)
MODEL Y,5YJYGDEE2L,Snohomish,Monroe,53061052203,WA,POINT (-121.98087 47.8526)
MODEL S,5YJSA1E24G,King,Kenmore,53033022101,WA,POINT (-122.24369 47.75892)
IONIQ,KMHC85LJXM,King,Bellevue,53033024701,WA,POINT (-122.12096 47.55584)
SORENTO,KNDRJDLH8N,Kitsap,Bainbridge Island,53035090700,WA,POINT (-122.521 47.62759)
MODEL Y,7SAYGDEE0T,Kitsap,Bainbridge Island,53035090902,WA,POINT (-122.521 47.62759)
LEAF,JN1AZ0CP8B,King,Seattle,53033011401,WA,POINT (-122.35163 47.54287)
GRAND CHEROKEE,1C4RJYB65P,King,Maple Valley,53033032010,WA,POINT (-122.04526 47.39394)
LEAF,1N4AZ0CP8E,King,Auburn,53033029602,WA,POINT (-122.18263 47.31825)
MODEL Y,7SAYGDEE6P,King,Bellevue,53033023500,WA,POINT (-122.1621 47.64441)
IX,WB523CF01S,King,Seattle,53033000700,WA,POINT (-122.30253 47.72656)
IONIQ,KMHC65LD5K,Snohomish,Lake Stevens,53061052606,WA,POINT (-122.06402 48.01497)
CX-90,JM3KKEHA0R,King,Kirkland,53033022402,WA,POINT (-122.2066 47.67887)
XC40,YV4ED3UMXP,Kitsap,Bremerton,53035081200,WA,POINT (-122.62749 47.565)
CORSAIR,5LMTJ5DZ2S,King,Seattle,53033002000,WA,POINT (-122.31676 47.68156)
SOLTERRA,JTMABABA4R,King,Burien,53033026802,WA,POINT (-122.36322 47.49736)
FUSION,3FA6P0PU2H,King,Seattle,53033000404,WA,POINT (-122.33364 47.73709)
ESCAPE,1FMCU0E18R,King,Seattle,53033000102,WA,POINT (-122.30253 47.72656)
TAYCAN,WP0AB2Y15M,Thurston,Olympia,53067011821,WA,POINT (-122.89165 47.03954)
CYBERTRUCK,7G2CEHEDXR,King,Sammamish,53033032207,WA,POINT (-122.03539 47.61344)
C-MAX,1FADP5CU0G,King,Seattle,53033005902,WA,POINT (-122.36381 47.63046)
MODEL 3,5YJ3E1EAXN,King,Newcastle,53033025005,WA,POINT (-122.11589 47.50243)
IONIQ 6,KMHM54AC8R,King,Shoreline,53033021100,WA,POINT (-122.30304 47.75494)
LEAF,1N4AZ0CP5E,King,Seattle,53033000700,WA,POINT (-122.30253 47.72656)
BOLT EV,1G1FX6S09H,King,Kent,53033029508,WA,POINT (-122.19976 47.37483)
MUSTANG MACH-E,3FMTK3SU4R,King,Issaquah,53033032103,WA,POINT (-122.03439 47.5301)
LEAF,1N4BZ0CP3H,King,Seattle,53033012000,WA,POINT (-122.36322 47.49736)
MODEL Y,7SAYGAEEXP,King,Sammamish,53033032216,WA,POINT (-122.02054 47.60326)
BOLT EV,1G1FX6S04J,Thurston,Olympia,53067010100,WA,POINT (-122.89165 47.03954)
R1T,7FCTGAAA3P,King,Kirkland,53033022603,WA,POINT (-122.2066 47.67887)
RAV4 PRIME (PHEV),JTMEB3FV3S,King,Seattle,53033001000,WA,POINT (-122.30253 47.72656)
MODEL Y,7SAYGDEEXP,King,Kirkland,53033022603,WA,POINT (-122.2066 47.67887)
Q4,WA1L2BFZ7P,King,Bellevue,53033023901,WA,POINT (-122.1872 47.61001)
MODEL Y,5YJYGDEE5M,King,Bellevue,53033024001,WA,POINT (-122.1872 47.61001)
IONIQ 5,7YAKM4DA3S,King,Seattle,53033001000,WA,POINT (-122.30253 47.72656)
MODEL 3,5YJ3E1EBXJ,King,Seattle,53033008900,WA,POINT (-122.30866 47.57874)
SORENTO,KNDRJDJHXT,King,Seattle,53033009100,WA,POINT (-122.32945 47.60357)
EQE-CLASS SUV,4JGGM1CB3S,King,Seattle,53033000500,WA,POINT (-122.37238 47.74068)
MODEL 3,5YJ3E1EC6M,Cowlitz,Kalama,53015001601,WA,POINT (-122.84226 46.00813)
I4,WBY73AW08P,Kitsap,Bainbridge Island,53035090800,WA,POINT (-122.521 47.62759)
IX,WB523CF00P,King,Sammamish,53033032217,WA,POINT (-122.03539 47.61344)
CAYENNE,WP1AE2AY2P,King,Auburn,53033030504,WA,POINT (-122.2229 47.307)
EV9,5XYAEFS54T,King,Lake Forest Park,53033021400,WA,POINT (-122.30304 47.75494)
MUSTANG MACH-E,3FMTK4SE4N,King,Redmond,53033032324,WA,POINT (-122.13158 47.67858)
MODEL Y,7SAYGDEE1T,Cowlitz,Woodland,53015001503,WA,POINT (-122.74017 45.9094)
MODEL 3,5YJ3E1EA0P,King,Seattle,53033005600,WA,POINT (-122.40092 47.65908)
EQS-CLASS SUV,4JGDM4EB8P,King,Bellevue,53033024704,WA,POINT (-122.12096 47.55584)
MODEL Y,5YJYGDEE6L,King,Redmond,53033032325,WA,POINT (-122.13158 47.67858)
FOCUS,1FADP3R47E,Snohomish,Lake Stevens,53061052706,WA,POINT (-122.06402 48.01497)
X5,5UXTA6C06N,Kitsap,Bainbridge Island,53035090700,WA,POINT (-122.521 47.62759)
MODEL 3,5YJ3E1EA2S,King,Seattle,53033007203,WA,POINT (-122.34845 47.63283)
MODEL Y,7SAYGDEF9N,Snohomish,Snohomish,53061052206,WA,POINT (-122.09305 47.91265)
MODEL S,5YJSA1E22G,King,Kirkland,53033022203,WA,POINT (-122.22901 47.72201)
SOLTERRA,JTMABABA5P,Kitsap,Bainbridge Island,53035090700,WA,POINT (-122.521 47.62759)
MODEL 3,5YJ3E1EB3P,Snohomish,Edmonds,53061050800,WA,POINT (-122.37695 47.81113)
530E,WBA13AG08P,Snohomish,Everett,53061041606,WA,POINT (-122.18637 47.89251)
VOLT,1G1RB6E4XC,King,Seattle,53033012000,WA,POINT (-122.36322 47.49736)
MODEL Y,7SAYGDEE5P,King,Kirkland,53033022501,WA,POINT (-122.2066 47.67887)
MUSTANG MACH-E,3FMTK3SU6M,Stevens,Nine Mile Falls,53065951402,WA,POINT (-117.54392 47.77676)
RAV4 PRIME (PHEV),JTMEB3FV1R,King,Shoreline,53033020302,WA,POINT (-122.33364 47.73709)
BOLT EUV,1G1FZ6S02P,King,Burien,53033028500,WA,POINT (-122.32472 47.44519)
MODEL Y,7SAYGAEE0R,King,Bellevue,53033023701,WA,POINT (-122.1621 47.64441)
HARDTOP,WMW13DJ02N,King,Renton,53033029304,WA,POINT (-122.08747 47.4466)
MODEL Y,5YJYGAEE7M,King,Kirkland,53033022501,WA,POINT (-122.2066 47.67887)
F-150,1FTVW1ELXN,King,Kent,53033029306,WA,POINT (-122.17743 47.41185)
MODEL S,5YJSA1CN0D,King,Auburn,53033030600,WA,POINT (-122.2229 47.307)
MODEL 3,5YJ3E1EA0P,King,Redmond,53033032323,WA,POINT (-122.13158 47.67858)
RAV4 PRIME (PHEV),JTMFB3FV8S,King,Bothell,53033022001,WA,POINT (-122.20563 47.76144)
EQUINOX,3GN7DLRP5R,Kitsap,Poulsbo,53035090201,WA,POINT (-122.64681 47.73689)
Q4,WA1A5BFZ5S,Clark,Camas,53011040609,WA,POINT (-122.40177 45.58705)
R1T,7FCTGAAA5P,King,Seattle,53033010101,WA,POINT (-122.30866 47.57874)
IONIQ 5,KM8KMDAF6P,King,Auburn,53033030503,WA,POINT (-122.2229 47.307)
VOLT,1G1RB6E42D,King,Seattle,53033007502,WA,POINT (-122.32427 47.63433)
NIRO,KNDCT3L1XP,King,Renton,53033025805,WA,POINT (-122.19488 47.44034)
MODEL Y,7SAYGDEE0P,King,Kirkland,53033022300,WA,POINT (-122.22901 47.72201)
KONA,KM8K53AG9N,King,Seattle,53033011901,WA,POINT (-122.25031 47.49481)
RZ,JTJBCACB4T,King,Seattle,53033002200,WA,POINT (-122.30253 47.72656)
500,3C3CFFGE8F,King,Seattle,53033007700,WA,POINT (-122.31009 47.60803)
BOLT EUV,1G1FY6S0XP,King,Kirkland,53033022603,WA,POINT (-122.2066 47.67887)
BZ4X,JTMABACA2R,Clark,Vancouver,53011040908,WA,POINT (-122.70303 45.70954)
R1S,7PDSGCBA8T,King,Seattle,53033005000,WA,POINT (-122.35436 47.67596)
IONIQ 5,KM8KRDDF1R,King,Woodinville,53033032320,WA,POINT (-122.15545 47.75448)
MODEL Y,7SAYGDEEXT,King,Bellevue,53033023801,WA,POINT (-122.1872 47.61001)
BOLT,1G1FY6EV2V,King,Shoreline,53033020301,WA,POINT (-122.33364 47.73709)
MODEL X,7SAXCAE57P,Kitsap,Silverdale,53035091205,WA,POINT (-122.69275 47.65171)
R1S,7PDSGBBA3S,Clark,Vancouver,53011040709,WA,POINT (-122.57722 45.64251)
TAYCAN,WP0BB2Y19S,Kitsap,Bainbridge Island,53035090800,WA,POINT (-122.521 47.62759)
MODEL 3,5YJ3E1EB5L,King,Bellevue,53033023500,WA,POINT (-122.1621 47.64441)
MODEL 3,5YJ3E1EB9L,King,Seattle,53033000601,WA,POINT (-122.30253 47.72656)
SOLTERRA,JTMABABA7R,Thurston,Tumwater,53067010910,WA,POINT (-123.04078 46.94792)
IONIQ 5,7YAKM4DB9S,King,Seattle,53033011902,WA,POINT (-122.25031 47.49481)
R1T,7FCTGBAA9R,King,Kirkland,53033022402,WA,POINT (-122.2066 47.67887)
HUMMER EV SUV,1GKB0NDE2R,King,Seattle,53033008300,WA,POINT (-122.34223 47.61085)
X5,5UXTA6C07M,Kitsap,Indianola,53035940000,WA,POINT (-122.51843 47.7487)
MODEL 3,5YJ3E1EA4P,Thurston,Tenino,53067012620,WA,POINT (-122.85135 46.85752)
CYBERTRUCK,7G2CEHED7R,King,Redmond,53033022803,WA,POINT (-122.13158 47.67858)
MODEL Y,5YJYGDEE9M,Clark,Vancouver,53011041319,WA,POINT (-122.48723 45.63701)
MODEL Y,7SAYGDEF4N,King,Sammamish,53033032225,WA,POINT (-122.02054 47.60326)
F-150,1FTVW3L73R,King,Renton,53033025202,WA,POINT (-122.18839 47.51197)
LEAF,1N4AZ0CPXD,Snohomish,Lake Stevens,53061052506,WA,POINT (-122.06402 48.01497)
EV9,5XYAFFS5XT,King,Shoreline,53033020200,WA,POINT (-122.37238 47.74068)
CYBERTRUCK,7G2CEHEE2R,King,Issaquah,53033032104,WA,POINT (-122.03439 47.5301)
MODEL 3,5YJ3E1EAXP,King,Redmond,53033032323,WA,POINT (-122.13158 47.67858)
PRIUS,JTDKN3DP3C,King,Seattle,53033011901,WA,POINT (-122.25031 47.49481)
MODEL 3,5YJ3E1EA7L,King,Federal Way,53033030310,WA,POINT (-122.36217 47.31011)
GLC-CLASS,W1NKM5GB6T,King,Seattle,53033005600,WA,POINT (-122.40092 47.65908)
EV6,KNDC4DLC1N,Snohomish,Mukilteo,53061042001,WA,POINT (-122.29196 47.89908)
MODEL 3,5YJ3E1EB6K,King,Redmond,53033022606,WA,POINT (-122.13158 47.67858)
F-150,1FT6W3L77R,King,Seattle,53033001400,WA,POINT (-122.37238 47.74068)
MODEL 3,5YJ3E1EB7M,King,Bellevue,53033022805,WA,POINT (-122.1621 47.64441)
MODEL 3,5YJ3E1EA8T,King,Kirkland,53033021905,WA,POINT (-122.22901 47.72201)
CX-70,JM3KJDHA7S,Snohomish,Everett,53061041809,WA,POINT (-122.27557 47.88936)
MODEL 3,5YJ3E1EA1P,Clark,Vancouver,53011041325,WA,POINT (-122.49212 45.60365)
E-TRON,WA1VAAGE9M,King,Seattle,53033006300,WA,POINT (-122.30207 47.64085)
MODEL Y,7SAYGDEF6R,King,Sammamish,53033032213,WA,POINT (-122.03539 47.61344)
R1S,7PDSGABPXT,King,Kirkland,53033022203,WA,POINT (-122.22901 47.72201)
F-150,1FT6W7L71R,King,Tukwila,53033026300,WA,POINT (-122.25031 47.49481)
IONIQ 5,7YAKRDDC7T,Kitsap,Indianola,53035940000,WA,POINT (-122.51843 47.7487)
BOLT EUV,1G1FZ6S09P,King,Seattle,53033004401,WA,POINT (-122.31307 47.66127)
MODEL Y,7SAYGDEF3N,King,Sammamish,53033032211,WA,POINT (-122.03539 47.61344)
MODEL 3,5YJ3E1EA9J,Snohomish,Stanwood,53061053301,WA,POINT (-122.37265 48.24159)
F-150,1FT6W3LU1S,Snohomish,Lake Stevens,53061052706,WA,POINT (-122.06402 48.01497)
MODEL Y,5YJYGDEE8L,King,Bellevue,53033023500,WA,POINT (-122.1621 47.64441)
MODEL 3,5YJ3E1EB0K,Snohomish,Lake Stevens,53061052505,WA,POINT (-122.06402 48.01497)
MODEL Y,5YJYGDEE6M,King,Woodinville,53033032319,WA,POINT (-122.15545 47.75448)
TUCSON,KM8JFDD24R,King,Redmond,53033022902,WA,POINT (-122.13158 47.67858)
IX,WB523CF04P,King,Issaquah,53033032220,WA,POINT (-122.01656 47.57118)
ID. BUZZ,WVGNYVEB5S,King,Burien,53033027600,WA,POINT (-122.36322 47.49736)
BOLT EV,1G1FY6S07L,Clark,Vancouver,53011040713,WA,POINT (-122.55149 45.69345)
SOLTERRA,JTMBEAGC7T,Kitsap,Suquamish,53035940100,WA,POINT (-122.55242 47.73162)
MODEL Y,7SAYGDEE1N,King,Sammamish,53033032316,WA,POINT (-122.02054 47.60326)
MUSTANG MACH-E,3FMTK3SUXP,Thurston,Olympia,53067011100,WA,POINT (-122.92018 47.04575)
MODEL Y,7SAYGDEE2P,King,Burien,53033027400,WA,POINT (-122.29411 47.48924)
MODEL 3,5YJ3E1EA6K,Snohomish,Snohomish,53061041610,WA,POINT (-122.1389 47.87115)
MODEL Y,7SAYGDEEXR,Clark,Vancouver,53011040907,WA,POINT (-122.70303 45.70954)
MODEL 3,5YJ3E1EA6R,King,Bellevue,53033023807,WA,POINT (-122.1872 47.61001)
MODEL 3,5YJ3E1EA3P,King,Seattle,53033000900,WA,POINT (-122.30253 47.72656)
MODEL Y,7SAYGDED7T,King,Kent,53033029405,WA,POINT (-122.17743 47.41185)
LEAF,1N4AZ0CP0F,King,Kent,53033029701,WA,POINT (-122.19976 47.37483)
MUSTANG MACH-E,3FMTK3S55P,King,Kent,53033029306,WA,POINT (-122.17743 47.41185)
NIRO,KNDCT3L10R,King,Kirkland,53033022501,WA,POINT (-122.2066 47.67887)
MODEL 3,5YJ3E1EA3L,King,Bellevue,53033023808,WA,POINT (-122.1872 47.61001)
MODEL Y,7SAYGDEE9P,Clark,Vancouver,53011041325,WA,POINT (-122.49212 45.60365)
I4,WBY73AW07P,King,Kirkland,53033022501,WA,POINT (-122.2066 47.67887)
BOLT EUV,1G1FY6S08P,King,Issaquah,53033032220,WA,POINT (-122.01656 47.57118)
MODEL Y,7SAYGAEE3N,King,Seattle,53033006300,WA,POINT (-122.30207 47.64085)
CYBERTRUCK,7G2CEHED7R,King,Federal Way,53033030308,WA,POINT (-122.36217 47.31011)
XC60,YV4H60DL7R,King,Bellevue,53033024904,WA,POINT (-122.12096 47.55584)
MODEL Y,7SAYGDEE9T,King,Redmond,53033032321,WA,POINT (-122.13158 47.67858)
GLC-CLASS,W1NKM5GB0S,King,Bellevue,53033023100,WA,POINT (-122.11867 47.63131)
XC90,YV4H600L8N,King,Seattle,53033002600,WA,POINT (-122.31676 47.68156)
BOLT EV,1G1FX6S00H,King,Seattle,53033012000,WA,POINT (-122.36322 47.49736)
MODEL S,5YJSA1E25L,King,Kirkland,53033022603,WA,POINT (-122.2066 47.67887)
I4,WBY73AW06R,King,Kirkland,53033022701,WA,POINT (-122.2066 47.67887)
MODEL Y,7SAYGDEE2R,Clark,Vancouver,53011040709,WA,POINT (-122.57722 45.64251)
MODEL Y,7SAYGDEE7P,King,Kirkland,53033022005,WA,POINT (-122.22901 47.72201)
NIRO,KNDCS3LF0R,King,Seattle,53033000402,WA,POINT (-122.37238 47.74068)
Q8,WA1CAAGEXR,King,Seattle,53033012100,WA,POINT (-122.36322 47.49736)
EV6,KNDC3DLC8P,King,Seattle,53033008200,WA,POINT (-122.34223 47.61085)
MODEL S,5YJSA1H1XE,King,Kirkland,53033022300,WA,POINT (-122.22901 47.72201)
MODEL 3,5YJ3E1EB0M,King,Bellevue,53033024001,WA,POINT (-122.1872 47.61001)
MODEL Y,7SAYGDED5T,King,Issaquah,53033025006,WA,POINT (-122.03439 47.5301)
XC40,YV4ED3UM3P,Thurston,Olympia,53067011821,WA,POINT (-123.04078 46.94792)
MODEL Y,7SAYGDED7S,King,Redmond,53033022803,WA,POINT (-122.13158 47.67858)
PACIFICA,2C4RC1S77S,Clark,Vancouver,53011040907,WA,POINT (-122.70303 45.70954)
SORENTO,KNDRMDLH7P,Kitsap,Poulsbo,53035090202,WA,POINT (-122.64681 47.73689)
TAYCAN,WP0AB2Y11S,King,Bellevue,53033023902,WA,POINT (-122.1872 47.61001)
ID.4,1V2DNPE82P,Clark,Camas,53011040610,WA,POINT (-122.40177 45.58705)
MODEL 3,5YJ3E1EA6R,King,Redmond,53033022902,WA,POINT (-122.13158 47.67858)
MUSTANG MACH-E,3FMTK4SX2P,King,Auburn,53033029902,WA,POINT (-122.28802 47.30264)
MUSTANG MACH-E,3FMTK4SX3S,Kitsap,Olalla,53035092802,WA,POINT (-122.54729 47.42602)
X5,5UXTA6C0XP,King,Sammamish,53033032215,WA,POINT (-122.03539 47.61344)
GLC-CLASS,W1NKM5GBXT,King,Kirkland,53033021903,WA,POINT (-122.22901 47.72201)
LEAF,1N4CZ1CV0R,King,Sammamish,53033032318,WA,POINT (-122.02054 47.60326)
MODEL Y,7SAYGDEDXR,King,Bellevue,53033023604,WA,POINT (-122.1621 47.64441)
MODEL Y,7SAYGAEE0R,King,Seattle,53033001202,WA,POINT (-122.30253 47.72656)
NIRO,KNDCR3L17S,Thurston,Olympia,53067011721,WA,POINT (-122.89165 47.03954)
NIRO,KNDCE3LG0L,King,Seattle,53033001202,WA,POINT (-122.30253 47.72656)
LYRIQ,1GYKPNRL4S,Snohomish,Mukilteo,53061042001,WA,POINT (-122.29196 47.89908)
ARIYA MPV,JN8DF0CH9S,King,Redmond,53033032323,WA,POINT (-122.13158 47.67858)
SPARK,KL8CL6S03F,Kitsap,Bremerton,53035091500,WA,POINT (-122.61158 47.62691)
TAYCAN,WP0AC2Y18S,King,Kirkland,53033022701,WA,POINT (-122.2066 47.67887)
PRIUS,JTDKN3DP9D,Clark,Vancouver,53011041309,WA,POINT (-122.49212 45.60365)
XC60,YV4H60RM2S,King,Sammamish,53033032215,WA,POINT (-122.03539 47.61344)
PRIUS PRIME (PHEV),JTDACACU4R,Klickitat,Goldendale,53039950102,WA,POINT (-120.82545 45.823)
RAV4 PRIME (PHEV),JTMEB3FV4R,King,Sammamish,53033032317,WA,POINT (-122.02054 47.60326)
LEAF,1N4AZ0CP6E,King,Seattle,53033011902,WA,POINT (-122.25031 47.49481)
MODEL 3,5YJ3E1EA3P,King,Seattle,53033000900,WA,POINT (-122.30253 47.72656)
MODEL Y,7SAYGDEE1T,King,Medina,53033024200,WA,POINT (-122.23892 47.61613)
LEAF,1N4BZ0CPXH,King,Seattle,53033000900,WA,POINT (-122.30253 47.72656)
X5,5UX43EU04R,Clark,Vancouver,53011040713,WA,POINT (-122.55149 45.69345)
PRIUS PRIME (PHEV),JTDACACU8T,King,Kent,53033029207,WA,POINT (-122.17743 47.41185)
SORENTO,KNDRMDLH4P,Cowlitz,Silverlake,53015001800,WA,POINT (-122.8112 46.29694)
MODEL 3,5YJ3E1EAXP,Cowlitz,Longview,53015000702,WA,POINT (-122.95058 46.14681)
MODEL S,5YJSA1E58P,King,Seattle,53033006300,WA,POINT (-122.30207 47.64085)
FUSION,3FA6P0PU4F,King,Burien,53033027500,WA,POINT (-122.36322 47.49736)
SPORTAGE,KNDPYDAH6P,King,Seattle,53033001201,WA,POINT (-122.33364 47.73709)
MODEL Y,7SAYGDEE6T,Clark,Vancouver,53011041312,WA,POINT (-122.55149 45.69345)
MODEL Y,7SAYGAEEXT,King,Kirkland,53033022006,WA,POINT (-122.22901 47.72201)
MODEL X,7SAXCBE60P,Kitsap,Olalla,53035092802,WA,POINT (-122.54729 47.42602)
MODEL 3,5YJ3E1EA2R,King,Bellevue,53033023805,WA,POINT (-122.1872 47.61001)
MODEL Y,7SAYGDEE8N,King,Kent,53033031800,WA,POINT (-122.10798 47.37124)
MODEL X,5YJXCBE29J,Clark,Battle Ground,53011040407,WA,POINT (-122.5331 45.78092)
XC60,YV4H60DLXN,Clark,Battle Ground,53011040505,WA,POINT (-122.5331 45.78092)
MODEL Y,7SAYGDED3T,Clark,Vancouver,53011041203,WA,POINT (-122.57722 45.64251)
ID.4,1V2WNPE80P,King,Auburn,53033030700,WA,POINT (-122.2229 47.307)
IX,WB523CF08S,King,Clyde Hill,53033024100,WA,POINT (-122.1872 47.61001)
LEAF,1N4BZ0CP6H,King,Seattle,53033002000,WA,POINT (-122.31676 47.68156)
VOLT,1G1RB6S51H,Island,Oak Harbor,53029970401,WA,POINT (-122.64682 48.29077)
IONIQ 5,7YAKPDDC8T,King,Seattle,53033001400,WA,POINT (-122.37238 47.74068)
VISTIQ,1GYC3NML0T,King,Bothell,53033022001,WA,POINT (-122.20563 47.76144)
ID.4,WVGUNPE21N,King,Kirkland,53033021903,WA,POINT (-122.22901 47.72201)
PACIFICA,2C4RC1S71M,King,Bellevue,53033024704,WA,POINT (-122.12096 47.55584)
MODEL Y,7SAYGDED1T,King,Kent,53033029507,WA,POINT (-122.19976 47.37483)
IONIQ 5,KM8KNDDF5R,King,Renton,53033025303,WA,POINT (-122.20489 47.47532)
X3,5UXTS1C05L,King,Seattle,53033009600,WA,POINT (-122.41067 47.57894)
VOLT,1G1RC6S55K,King,Woodinville,53033032319,WA,POINT (-122.15545 47.75448)
GV70,5NMMCET19R,Thurston,Rochester,53067012730,WA,POINT (-123.08743 46.82175)
MODEL 3,5YJ3E1EB9K,Kitsap,Bainbridge Island,53035091002,WA,POINT (-122.521 47.62759)
MODEL Y,7SAYGDEE6P,Kitsap,Port Orchard,53035092902,WA,POINT (-122.68516 47.50645)
530E,WBAJB1C52J,King,Seattle,53033001900,WA,POINT (-122.31676 47.68156)
MODEL S,5YJSA1E2XJ,Stevens,Nine Mile Falls,53065951402,WA,POINT (-117.54392 47.77676)
MODEL S,5YJSA1BG7D,King,Seattle,53033000900,WA,POINT (-122.30253 47.72656)
CAYENNE,WP1AE2AY3T,King,Redmond,53033032321,WA,POINT (-122.13158 47.67858)
VISTIQ,1GYC3KML4T,Snohomish,Everett,53061041810,WA,POINT (-122.27557 47.88936)
EQE-CLASS SEDAN,W1KEG1CB0P,Clark,Vancouver,53011040712,WA,POINT (-122.55149 45.69345)
IONIQ 5,KM8KNDDF1R,King,Bothell,53033022001,WA,POINT (-122.20563 47.76144)
SORENTO,KNDRMDJH3S,Clark,Vancouver,53011041319,WA,POINT (-122.48723 45.63701)
ID.4,WVGUNPE21N,Clark,Vancouver,53011040908,WA,POINT (-122.70303 45.70954)
Q4,WA1L2BFZ6P,King,Bothell,53033021905,WA,POINT (-122.20563 47.76144)
MODEL Y,7SAYGDEE5R,King,Bellevue,53033025001,WA,POINT (-122.12096 47.55584)
BZ4X,JTMABACA5S,King,Kirkland,53033022701,WA,POINT (-122.2066 47.67887)
RAV4 PRIME (PHEV),JTMAB3FV5M,Jefferson,Port Townsend,53031950604,WA,POINT (-122.77263 48.1212)
500E,ZFAFFAA45R,King,Seattle,53033006500,WA,POINT (-122.32427 47.63433)
IONIQ 9,7YAMWFS50T,King,Kent,53033031800,WA,POINT (-122.10798 47.37124)
MODEL Y,7SAYGDEE8T,King,Federal Way,53033030203,WA,POINT (-122.3303 47.30151)
BOLT EV,1G1FW6S0XN,Clark,Vancouver,53011041309,WA,POINT (-122.49212 45.60365)
IONIQ 6,KMHM34AC0R,Snohomish,Mill Creek,53061052004,WA,POINT (-122.20105 47.84423)
F-150,1FTVW1BK1R,King,Bellevue,53033023300,WA,POINT (-122.11867 47.63131)
LEAF,1N4AZ0CP5G,King,Redmond,53033032321,WA,POINT (-122.13158 47.67858)
MODEL S,5YJSA1E62P,Clark,Ridgefield,53011040905,WA,POINT (-122.74595 45.81539)
MODEL Y,7SAYGDEE0P,Clark,Vancouver,53011041010,WA,POINT (-122.64443 45.67871)
TRAILSEEKER,JTMBGAHC4T,Clark,Vancouver,53011042900,WA,POINT (-122.62934 45.63201)
MODEL 3,5YJ3E1EA1M,Cowlitz,Castle Rock,53015002001,WA,POINT (-122.90724 46.27509)
MODEL Y,7SAYGDED8T,Snohomish,Lake Stevens,53061052607,WA,POINT (-122.06402 48.01497)
PROLOGUE,3GPKHXRJ9S,King,Maple Valley,53033032006,WA,POINT (-122.04526 47.39394)
MODEL Y,7SAYGDEE1P,King,Kent,53033029403,WA,POINT (-122.17743 47.41185)
IONIQ 5,7YAKRDDC4T,King,Redmond,53033032323,WA,POINT (-122.13158 47.67858)
MODEL X,5YJXCBE45L,Clark,Vancouver,53011040712,WA,POINT (-122.55149 45.69345)
ESCAPE,1FMCU0LZ2N,King,Seattle,53033006400,WA,POINT (-122.30207 47.64085)
ID.4,1V2FMPE82P,Clark,Camas,53011040608,WA,POINT (-122.40177 45.58705)
PROLOGUE,3GPKHXRJ3S,King,Sammamish,53033032316,WA,POINT (-122.02054 47.60326)
NIRO,KNDCE3LG2K,King,Seattle,53033011901,WA,POINT (-122.25031 47.49481)
C-MAX,1FADP5CU7F,King,Des Moines,53033030003,WA,POINT (-122.30615 47.38542)
PROLOGUE,3GPKHXRJ7R,King,Seattle,53033012000,WA,POINT (-122.36322 47.49736)
CYBERTRUCK,7G2CEHED7R,Kitsap,Bainbridge Island,53035090700,WA,POINT (-122.521 47.62759)
MODEL Y,7SAYGDEE8N,King,Shoreline,53033020500,WA,POINT (-122.30304 47.75494)
SPORTAGE,KNDPYDDH0R,Thurston,Olympia,53067010600,WA,POINT (-122.92018 47.04575)
F-150,1FTVW1EV2P,Clark,Vancouver,53011040907,WA,POINT (-122.70303 45.70954)
MODEL Y,5YJYGDEE4M,King,Redmond,53033032321,WA,POINT (-122.13158 47.67858)
MODEL 3,5YJ3E1EA5R,King,Seattle,53033001202,WA,POINT (-122.30253 47.72656)
MODEL Y,7SAYGAEE6P,King,Normandy Park,53033028600,WA,POINT (-122.34731 47.45207)
PRIUS PRIME (PHEV),JTDKARFP8H,King,Seattle,53033009600,WA,POINT (-122.41067 47.57894)
MODEL 3,5YJ3E1EB1K,King,Sammamish,53033032316,WA,POINT (-122.02054 47.60326)
F-150,1FTVW1EL8P,King,Bellevue,53033023601,WA,POINT (-122.1621 47.64441)
IONIQ 5,7YAKM4DB2S,Clark,Vancouver,53011040907,WA,POINT (-122.70303 45.70954)
MODEL 3,5YJ3E1EB0T,King,Seattle,53033004401,WA,POINT (-122.31676 47.68156)
MODEL Y,7SAYGDEE8R,King,Sammamish,53033032216,WA,POINT (-122.02054 47.60326)
MODEL 3,5YJ3E1EA1J,Kitsap,Bainbridge Island,53035091002,WA,POINT (-122.521 47.62759)
MODEL Y,7SAYGAEE9N,King,Sammamish,53033032215,WA,POINT (-122.03539 47.61344)
MUSTANG MACH-E,3FMTK3SSXP,King,Kirkland,53033022401,WA,POINT (-122.2066 47.67887)
X5,5UX43EU05T,King,Bellevue,53033023702,WA,POINT (-122.1621 47.64441)
PRIUS PRIME (PHEV),JTDKAMFP7M,Clark,Vancouver,53011040603,WA,POINT (-122.55149 45.69345)
I4,WBY43AW05R,King,Bellevue,53033023806,WA,POINT (-122.1872 47.61001)
MODEL Y,7SAYGDEE4P,Clark,Vancouver,53011041322,WA,POINT (-122.49212 45.60365)
MODEL Y,7SAYGDED1T,Snohomish,Everett,53061052119,WA,POINT (-122.18637 47.89251)
MODEL Y,7SAYGDEE7P,King,Normandy Park,53033027800,WA,POINT (-122.34731 47.45207)
MODEL 3,5YJ3E1EAXH,King,Seattle,53033007002,WA,POINT (-122.34845 47.63283)
BZ4X,JTMABACA7R,Stevens,Nine Mile Falls,53065951402,WA,POINT (-117.54392 47.77676)
MODEL Y,7SAYGDEF7P,King,Shoreline,53033020500,WA,POINT (-122.30304 47.75494)
MODEL X,5YJXCDE2XL,King,Lake Forest Park,53033021300,WA,POINT (-122.30304 47.75494)
IONIQ 5,7YAKMDDC5S,Thurston,Rainier,53067012530,WA,POINT (-122.68993 46.88897)
PACIFICA,2C4RC1S78P,Snohomish,Lake Stevens,53061053505,WA,POINT (-122.06402 48.01497)
R1S,7PDSGBBA6S,King,Des Moines,53033029001,WA,POINT (-122.30615 47.38542)
MODEL Y,7SAYGAEE1S,Snohomish,Lake Stevens,53061052605,WA,POINT (-122.06402 48.01497)
BOLT EV,1G1FW6S09P,King,Shoreline,53033020700,WA,POINT (-122.33364 47.73709)
MODEL 3,5YJ3E1EB7M,King,Seattle,53033007302,WA,POINT (-122.34223 47.61085)
R1T,7FCTGAAA4P,King,Seattle,53033006200,WA,POINT (-122.30207 47.64085)
BOLT EUV,1G1FZ6S08P,King,Kirkland,53033022003,WA,POINT (-122.22901 47.72201)
MODEL Y,7SAYGDED5R,King,Kent,53033029408,WA,POINT (-122.17743 47.41185)
R1T,7FCTGAAA5N,King,Redmond,53033032323,WA,POINT (-122.13158 47.67858)
MODEL X,7SAXCBE6XN,Clark,Vancouver,53011040908,WA,POINT (-122.70303 45.70954)
MODEL 3,5YJ3E1EA9P,King,Seattle,53033006200,WA,POINT (-122.30207 47.64085)
F-150,1FT6W1EV9P,King,Seattle,53033002600,WA,POINT (-122.31676 47.68156)
IONIQ,KMHC85LJ1M,King,Seattle,53033009000,WA,POINT (-122.30866 47.57874)
MODEL 3,5YJ3E1EB5J,King,Renton,53033025803,WA,POINT (-122.08747 47.4466)
MODEL 3,5YJ3E1EA1M,King,Seattle,53033008800,WA,POINT (-122.31009 47.60803)
530E,WBAJB1C54K,King,Bellevue,53033024002,WA,POINT (-122.1872 47.61001)
MODEL Y,7SAYGDEE8P,King,Sammamish,53033032316,WA,POINT (-122.02054 47.60326)
RAV4 PRIME (PHEV),JTMEB3FV2N,Clark,Camas,53011041325,WA,POINT (-122.40177 45.58705)
MODEL 3,5YJ3E1EA8M,King,Sammamish,53033032207,WA,POINT (-122.03539 47.61344)
LEAF,1N4AZ0CP0F,Clark,Vancouver,53011041206,WA,POINT (-122.59219 45.62158)
RZ,JTJABABB6S,King,Kirkland,53033022003,WA,POINT (-122.22901 47.72201)
MODEL Y,7SAYGAEE3R,King,Sammamish,53033032215,WA,POINT (-122.03539 47.61344)
MODEL X,5YJXCDE26L,King,Seattle,53033010402,WA,POINT (-122.31449 47.53917)
MUSTANG MACH-E,3FMTK2SU7N,Thurston,Olympia,53067010100,WA,POINT (-122.89165 47.03954)
MODEL Y,7SAYGDEF7P,Island,Camano Island,53029971500,WA,POINT (-122.40049 48.23986)
MODEL Y,7SAYGAEE1P,King,Bellevue,53033023403,WA,POINT (-122.11867 47.63131)
MODEL S,5YJSA1E53N,King,Bellevue,53033023701,WA,POINT (-122.1621 47.64441)
MODEL Y,7SAYGDEE5P,Snohomish,Bothell,53061052007,WA,POINT (-122.20105 47.84423)
MODEL 3,5YJ3E1ET7S,King,Bellevue,53033023801,WA,POINT (-122.1872 47.61001)
PRIUS PRIME (PHEV),JTDKARFP0H,Kitsap,Bremerton,53035080101,WA,POINT (-122.61136 47.5752)
CYBERTRUCK,7G2CEHEDXS,King,Kent,53033031800,WA,POINT (-122.10798 47.37124)
MODEL Y,7SAYGDEE9N,King,Kirkland,53033022501,WA,POINT (-122.2066 47.67887)
550E,WBA13FK06T,King,Bellevue,53033023601,WA,POINT (-122.1621 47.64441)
R1T,7FCTGAAA8N,King,Seattle,53033012100,WA,POINT (-122.36322 47.49736)
BZ4X,JTMABACA8R,King,Seattle,53033007700,WA,POINT (-122.31009 47.60803)
I4,WBY23HD05S,King,Seattle,53033007700,WA,POINT (-122.30207 47.64085)
MODEL Y,7SAYGDEE3T,King,Kirkland,53033022005,WA,POINT (-122.22901 47.72201)
MODEL 3,5YJ3E1EB8L,Clark,Ridgefield,53011040412,WA,POINT (-122.74595 45.81539)
IX,WB543CF08T,King,Seattle,53033007203,WA,POINT (-122.34845 47.63283)
MODEL Y,7SAYGDEE3T,Kitsap,Silverdale,53035091302,WA,POINT (-122.69275 47.65171)
MODEL Y,7SAYGDEE9T,King,Redmond,53033032321,WA,POINT (-122.13158 47.67858)
BZ4X,JTMABACA8P,Clark,Vancouver,53011040714,WA,POINT (-122.55149 45.69345)
MODEL 3,5YJ3E1EB1K,Snohomish,Lake Stevens,53061052607,WA,POINT (-122.06402 48.01497)
FUSION,3FA6P0SU8E,King,Kirkland,53033021903,WA,POINT (-122.22901 47.72201)
MODEL Y,5YJYGDEE5M,Kitsap,Port Orchard,53035092901,WA,POINT (-122.68516 47.50645)
MODEL Y,7SAYGAEE8N,Snohomish,Mukilteo,53061041301,WA,POINT (-122.29196 47.89908)
LEAF,1N4BZ1CP6K,King,Redmond,53033032324,WA,POINT (-122.13158 47.67858)
LEAF,1N4AZ1CV6M,Kitsap,Silverdale,53035091302,WA,POINT (-122.69275 47.65171)
MODEL Y,7SAYGDEE1T,Clark,Vancouver,53011040909,WA,POINT (-122.70303 45.70954)
XC60,YV4BR0DL2L,King,Seattle,53033011901,WA,POINT (-122.25031 47.49481)
MODEL 3,5YJ3E1EB4P,King,Sammamish,53033032222,WA,POINT (-122.01656 47.57118)
MODEL 3,5YJ3E1EBXK,King,Redmond,53033032330,WA,POINT (-122.13158 47.67858)
MODEL Y,7SAYGDEE0N,Snohomish,Bothell,53061051938,WA,POINT (-122.18384 47.8031)
MODEL Y,7SAYGDEE5T,King,Redmond,53033022605,WA,POINT (-122.13158 47.67858)
I4,WBY43HD08T,King,Bellevue,53033023702,WA,POINT (-122.1621 47.64441)
RAV4 PRIME (PHEV),JTMFB3FV0S,Clark,Vancouver,53011040806,WA,POINT (-122.57722 45.64251)
BOLT EV,1G1FX6S04N,King,Seattle,53033002200,WA,POINT (-122.30253 47.72656)
ID.4,1V2DSPE81S,King,Seattle,53033006300,WA,POINT (-122.30207 47.64085)
IX,WB523CF0XR,Thurston,Rainier,53067012530,WA,POINT (-122.68993 46.88897)
PRIUS PRIME (PHEV),JTDKAMFP5M,Kitsap,Bainbridge Island,53035090700,WA,POINT (-122.521 47.62759)
EV6,KNDC3DLC9R,King,Kent,53033031800,WA,POINT (-122.10798 47.37124)
SOLTERRA,JTMABABA1R,King,Maple Valley,53033032010,WA,POINT (-122.04526 47.39394)
FOCUS,1FADP3R46D,Yakima,Yakima,53077001100,WA,POINT (-120.51904 46.59782)
MODEL 3,5YJ3E1EC5P,King,Seattle,53033008800,WA,POINT (-122.31009 47.60803)
MODEL 3,5YJ3E1EA2P,Clark,Vancouver,53011041331,WA,POINT (-122.55149 45.69345)
MODEL 3,5YJ3E1EA1J,King,Kirkland,53033021903,WA,POINT (-122.22901 47.72201)
PRIUS PRIME (PHEV),JTDACACU5R,Kitsap,Silverdale,53035091206,WA,POINT (-122.69275 47.65171)
C-MAX,1FADP5CU0E,King,Shoreline,53033020800,WA,POINT (-122.33364 47.73709)
LEAF,1N4AZ1CP4J,Clark,Vancouver,53011040806,WA,POINT (-122.57722 45.64251)
EV9,5XYAEFS57T,King,Seattle,53033009600,WA,POINT (-122.41067 47.57894)
BZ4X,JTMABACA2R,King,Burien,53033027600,WA,POINT (-122.34731 47.45207)
MODEL 3,5YJ3E1EB4N,King,Seattle,53033012000,WA,POINT (-122.36322 47.49736)
PACIFICA,2C4RC1N74L,Clark,Vancouver,53011041206,WA,POINT (-122.59219 45.62158)
MODEL 3,5YJ3E1EB6N,King,Bothell,53033022001,WA,POINT (-122.20563 47.76144)
IONIQ 5,7YAKNDDC1T,King,Bellevue,53033024704,WA,POINT (-122.12096 47.55584)
MODEL 3,5YJ3E1EB7R,King,Bellevue,53033022901,WA,POINT (-122.11867 47.63131)
MODEL Y,7SAYGDEEXP,King,Bellevue,53033023000,WA,POINT (-122.11867 47.63131)
MODEL 3,5YJ3E1EB7J,Kitsap,Bainbridge Island,53035090902,WA,POINT (-122.521 47.62759)
MODEL S,5YJSA1E50P,King,Renton,53033024704,WA,POINT (-122.18839 47.51197)
MUSTANG MACH-E,3FMTK1RM4P,King,Maple Valley,53033032010,WA,POINT (-122.04526 47.39394)
MODEL 3,5YJ3E1EAXP,King,Shoreline,53033021000,WA,POINT (-122.30304 47.75494)
F-150,1FT6W1EV7P,King,Seatac,53033027300,WA,POINT (-122.29411 47.48924)
TAYCAN,WP0AB2Y13N,King,Kent,53033029408,WA,POINT (-122.17743 47.41185)
MODEL Y,7SAYGDED4P,King,Kirkland,53033022005,WA,POINT (-122.22901 47.72201)
GLE-CLASS,4JGFB4GB4R,King,Covington,53033032005,WA,POINT (-122.10798 47.37124)
MODEL Y,7SAYGAEE9R,King,Maple Valley,53033032010,WA,POINT (-122.04526 47.39394)
MODEL Y,7SAYGDEEXP,Clark,Ridgefield,53011040304,WA,POINT (-122.74595 45.81539)
X5,5UXTA6C03M,King,Seattle,53033000800,WA,POINT (-122.30253 47.72656)
MODEL Y,7SAYGDEFXS,King,Kirkland,53033022401,WA,POINT (-122.2066 47.67887)
MODEL Y,7SAYGDEE6R,King,Bellevue,53033023801,WA,POINT (-122.1872 47.61001)
MODEL Y,7SAYGDEE9S,Clark,Battle Ground,53011040407,WA,POINT (-122.5331 45.78092)
MODEL Y,7SAYGAEE4N,King,Redmond,53033032321,WA,POINT (-122.13158 47.67858)
LEAF,1N4AZ1CP6L,Kitsap,Bremerton,53035080400,WA,POINT (-122.61136 47.5752)
MODEL 3,5YJ3E1EB5M,Clark,Camas,53011040605,WA,POINT (-122.40177 45.58705)
MODEL 3,5YJ3E1EB0J,Snohomish,Lynnwood,53061041816,WA,POINT (-122.27981 47.85727)
LEAF,1N4AZ0CP2D,Jefferson,Port Townsend,53031950604,WA,POINT (-122.77263 48.1212)
MODEL 3,5YJ3E1EA4P,King,Bellevue,53033024001,WA,POINT (-122.1872 47.61001)
MUSTANG MACH-E,3FMTK1RMXM,King,Sammamish,53033032224,WA,POINT (-122.03539 47.61344)
MODEL 3,5YJ3E1EB7J,King,Seattle,53033006400,WA,POINT (-122.30207 47.64085)
MODEL Y,7SAYGDEE2P,Kitsap,Bainbridge Island,53035090700,WA,POINT (-122.521 47.62759)
MODEL 3,5YJ3E1EA2P,King,Issaquah,53033032104,WA,POINT (-122.03439 47.5301)
OPTIQ,3GYK3GMR9S,King,Bellevue,53033023807,WA,POINT (-122.1872 47.61001)
RAV4 PRIME (PHEV),JTMFB3FVXP,King,Seattle,53033000900,WA,POINT (-122.30253 47.72656)
SORENTO,KNDRMDLH9P,Clark,Vancouver,53011040812,WA,POINT (-122.62731 45.71668)
MODEL Y,5YJYGDEE4M,King,Burien,53033028000,WA,POINT (-122.32472 47.44519)
MODEL Y,7SAYGDEE1T,King,Redmond,53033032323,WA,POINT (-122.13158 47.67858)
RAV4 PRIME (PHEV),JTMAB3FV3S,King,Seattle,53033001300,WA,POINT (-122.33364 47.73709)
MODEL Y,7SAYGDEF3P,King,Bellevue,53033023100,WA,POINT (-122.11867 47.63131)
MODEL 3,5YJ3E1EA3J,King,Auburn,53033031208,WA,POINT (-122.18263 47.31825)
MODEL S,5YJSA1E56N,King,Sammamish,53033032224,WA,POINT (-122.03539 47.61344)
BOLT EV,1G1FX6S01P,King,Seattle,53033001000,WA,POINT (-122.30253 47.72656)
BOLT EV,1G1FX6S0XH,King,Kirkland,53033022006,WA,POINT (-122.22901 47.72201)
EQB-CLASS,W1N9M1DB0N,Kitsap,Bainbridge Island,53035091002,WA,POINT (-122.521 47.62759)
MODEL Y,7SAYGDEE3R,King,Bellevue,53033023805,WA,POINT (-122.1872 47.61001)
MODEL 3,5YJ3E1EB5N,King,Bellevue,53033024901,WA,POINT (-122.12096 47.55584)
ID.4,WVGJNPE28N,King,Shoreline,53033021300,WA,POINT (-122.30304 47.75494)
MODEL 3,5YJ3E1EC3P,King,Seattle,53033007002,WA,POINT (-122.34845 47.63283)
MODEL Y,5YJYGDEE6M,King,Bellevue,53033024901,WA,POINT (-122.12096 47.55584)
MODEL X,7SAXCAE57T,King,Kirkland,53033022603,WA,POINT (-122.2066 47.67887)
WRANGLER,1C4JJXR60M,King,Bellevue,53033023901,WA,POINT (-122.1872 47.61001)
MUSTANG MACH-E,3FMTK4SE8N,King,Bellevue,53033023805,WA,POINT (-122.1872 47.61001)
ARIYA HATCHBACK,JN1DF0CD1P,King,Kirkland,53033022203,WA,POINT (-122.22901 47.72201)
MODEL 3,5YJ3E1EA5R,King,Kirkland,53033022501,WA,POINT (-122.2066 47.67887)
IONIQ 5,KM8KNDAF6P,King,Shoreline,53033020200,WA,POINT (-122.33364 47.73709)
AIR,50EA1TEAXR,Kitsap,Bremerton,53035091205,WA,POINT (-122.61158 47.62691)
ARIYA HATCHBACK,JN1DF0BB9P,Kitsap,Bainbridge Island,53035090700,WA,POINT (-122.521 47.62759)
LEAF,1N4CZ1CV6S,King,Kirkland,53033021903,WA,POINT (-122.22901 47.72201)
MODEL Y,7SAYGDEE4T,Clark,Vancouver,53011041326,WA,POINT (-122.55149 45.69345)
NIRO,KNDCR3L14S,Clark,Vancouver,53011041320,WA,POINT (-122.48723 45.63701)
MODEL Y,7SAYGDED4T,King,Kent,53033029504,WA,POINT (-122.19976 47.37483)
MODEL 3,5YJ3E1EB2S,King,Redmond,53033032325,WA,POINT (-122.13158 47.67858)
MODEL 3,5YJ3E1EA3P,Thurston,Olympia,53067012320,WA,POINT (-122.80933 46.99531)
MUSTANG MACH-E,3FMTK3SS4M,Clark,Vancouver,53011042100,WA,POINT (-122.67156 45.63248)
I4,WBY73AW01P,King,Redmond,53033032323,WA,POINT (-122.13158 47.67858)
S6,WAU2EAGH9S,King,Kirkland,53033022501,WA,POINT (-122.2066 47.67887)
MODEL 3,5YJ3E1EB3J,King,Bellevue,53033024701,WA,POINT (-122.12096 47.55584)
F-150,1FT6W5L71R,King,North Bend,53033032704,WA,POINT (-121.7831 47.49348)
PRIUS PRIME (PHEV),JTDKARFP1J,King,Burien,53033026802,WA,POINT (-122.36322 47.49736)
XC90,YV4BR00L9M,King,Kirkland,53033022401,WA,POINT (-122.2066 47.67887)
MODEL Y,7SAYGDED5T,King,Bellevue,53033024002,WA,POINT (-122.1872 47.61001)
ID.4,WVGTMPE2XM,King,Bellevue,53033023807,WA,POINT (-122.1872 47.61001)
MODEL 3,5YJ3E1EB7N,King,Bellevue,53033022805,WA,POINT (-122.1621 47.64441)
R1S,7PDSGCBA7T,King,Enumclaw,53033031400,WA,POINT (-121.99136 47.20433)
RS E-TRON GT,WAUBHBFW0P,King,Seattle,53033006100,WA,POINT (-122.32427 47.63433)
IONIQ 5,KM8KNDAF7P,Clark,Vancouver,53011040713,WA,POINT (-122.55149 45.69345)
MODEL 3,5YJ3E1EA1J,King,Kirkland,53033022603,WA,POINT (-122.2066 47.67887)
R1S,7PDSGBBA7P,King,Kirkland,53033022402,WA,POINT (-122.2066 47.67887)
BOLT EV,1G1FY6S09L,Thurston,Olympia,53067010100,WA,POINT (-122.89165 47.03954)
R1T,7FCTGAAAXP,King,Seattle,53033000900,WA,POINT (-122.30253 47.72656)
BOLT EUV,1G1FZ6S03P,King,Issaquah,53033032103,WA,POINT (-122.03439 47.5301)
MODEL Y,7SAYGDEE5T,King,Kent,53033029702,WA,POINT (-122.19976 47.37483)
LEAF,1N4AZ0CP0G,King,Seattle,53033005000,WA,POINT (-122.35436 47.67596)
MODEL Y,7SAYGDEE2N,Cowlitz,Longview,53015000801,WA,POINT (-122.95058 46.14681)
MODEL Y,7SAYGDEE8T,King,Bellevue,53033024001,WA,POINT (-122.1872 47.61001)
BZ,JTMBDAFB5T,Cowlitz,Kelso,53015001200,WA,POINT (-122.89867 46.14424)
RAV4 PRIME (PHEV),JTMEB3FV7R,King,Renton,53033024704,WA,POINT (-122.18839 47.51197)
ID.4,1V2GNPE87P,King,Redmond,53033032323,WA,POINT (-122.13158 47.67858)
MUSTANG MACH-E,3FMTK4SX0P,King,Renton,53033031913,WA,POINT (-122.11589 47.50243)
IONIQ 5,KM8KMDDF4R,King,Seattle,53033005902,WA,POINT (-122.36381 47.63046)
MODEL Y,7SAYGDEE8P,King,Redmond,53033032321,WA,POINT (-122.13158 47.67858)
I5,WBY13HG08S,King,Bellevue,53033024901,WA,POINT (-122.12096 47.55584)
MODEL Y,7SAYGDETXT,Kitsap,Silverdale,53035091206,WA,POINT (-122.69275 47.65171)
SORENTO,KNDRMDLH4N,King,Normandy Park,53033028600,WA,POINT (-122.34731 47.45207)
LEAF,1N4AZ1CP1J,King,Kirkland,53033022401,WA,POINT (-122.2066 47.67887)
MUSTANG MACH-E,3FMTK3SU7R,King,Redmond,53033022605,WA,POINT (-122.13158 47.67858)
MODEL Y,7SAYGAEE2S,King,Burien,53033026700,WA,POINT (-122.36322 47.49736)
I3,WBY1Z6C35H,King,Seattle,53033000800,WA,POINT (-122.30253 47.72656)
VOLT,1G1RH6E46C,King,Renton,53033025806,WA,POINT (-122.19488 47.44034)
MODEL 3,5YJ3E1EA7J,King,Renton,53033025806,WA,POINT (-122.19488 47.44034)
RAV4 PRIME (PHEV),JTMAB3FV8M,Clark,Camas,53011040610,WA,POINT (-122.40177 45.58705)
R1S,7PDSGBBA4R,King,Redmond,53033022605,WA,POINT (-122.13158 47.67858)
IONIQ 5,KM8KMDDF9R,King,Kirkland,53033022006,WA,POINT (-122.22901 47.72201)
WRANGLER,1C4JJXR68M,Kitsap,Poulsbo,53035090501,WA,POINT (-122.64681 47.73689)
MODEL Y,7SAYGDEE6R,King,Kent,53033029702,WA,POINT (-122.19976 47.37483)
EQB-CLASS,W1N9M0CB7P,King,Bellevue,53033025006,WA,POINT (-122.12096 47.55584)
MODEL 3,5YJ3E1EA6K,King,Seattle,53033000300,WA,POINT (-122.30253 47.72656)
SPORTAGE,KNDPYDDH2S,King,Sammamish,53033032317,WA,POINT (-122.02054 47.60326)
VOLT,1G1RA6S55H,King,Renton,53033025704,WA,POINT (-122.20489 47.47532)
MODEL Y,7SAYGDEF8P,King,Redmond,53033032323,WA,POINT (-122.13158 47.67858)
R1T,7FCTGBAA2P,Kitsap,Seabeck,53035091301,WA,POINT (-122.81585 47.64509)
LEAF,1N4BZ1BV1N,King,Seattle,53033000500,WA,POINT (-122.37238 47.74068)
MODEL Y,7SAYGDEE9T,Clark,Vancouver,53011041208,WA,POINT (-122.59219 45.62158)
EQUINOX,3GN7DLRR0S,King,Seattle,53033008800,WA,POINT (-122.31009 47.60803)
Q6,WA124BGF3S,King,Seattle,53033001400,WA,POINT (-122.37238 47.74068)
Q5 E,WA1E2AFYXL,King,Bellevue,53033024704,WA,POINT (-122.12096 47.55584)
MODEL Y,7SAYGDEE3N,Clark,Battle Ground,53011040408,WA,POINT (-122.5331 45.78092)
IONIQ 5 N,KM8KNDA86S,King,Bellevue,53033023901,WA,POINT (-122.1872 47.61001)
EV9,KNDAEFS56R,King,Seattle,53033006800,WA,POINT (-122.36381 47.63046)
MODEL Y,7SAYGDEE4T,Thurston,Rochester,53067012730,WA,POINT (-123.08743 46.82175)
MODEL 3,5YJ3E1EB5J,Yakima,Yakima,53077002801,WA,POINT (-120.60272 46.59656)
MODEL Y,7SAYGDEF3P,King,Burien,53033026802,WA,POINT (-122.36322 47.49736)
MODEL S,5YJSA1E20H,King,Seattle,53033000900,WA,POINT (-122.30253 47.72656)
EQUINOX,3GN7DLRP3S,Kitsap,Bainbridge Island,53035090700,WA,POINT (-122.521 47.62759)
MODEL Y,7SAYGAEE5P,Snohomish,Snohomish,53061052008,WA,POINT (-122.1389 47.87115)
KONA,KM8HC3A65S,King,Redmond,53033032323,WA,POINT (-122.13158 47.67858)
E-TRON,WA1VABGE3K,Cowlitz,Woodland,53015001503,WA,POINT (-122.74017 45.9094)
MODEL 3,5YJ3E1EBXR,King,Kirkland,53033022702,WA,POINT (-122.2066 47.67887)
LEAF,1N4AZ0CP3D,Thurston,Olympia,53067011720,WA,POINT (-122.89165 47.03954)
MUSTANG MACH-E,3FMTK1R44R,King,Seattle,53033012100,WA,POINT (-122.36322 47.49736)
MODEL 3,5YJ3E1EBXJ,King,Sammamish,53033032215,WA,POINT (-122.03539 47.61344)
MUSTANG MACH-E,3FMTK4SX6N,Kitsap,Bainbridge Island,53035090800,WA,POINT (-122.521 47.62759)
IX,WB553CF05T,King,Sammamish,53033032317,WA,POINT (-122.02054 47.60326)
EQUINOX,3GN7DNRR6T,King,Seattle,53033000102,WA,POINT (-122.30253 47.72656)
SORENTO,KNDRMDLH9P,Clark,Vancouver,53011040910,WA,POINT (-122.70303 45.70954)
550E,WBA13FK05T,King,Seattle,53033002000,WA,POINT (-122.31676 47.68156)
MODEL Y,7SAYGDEE0N,Snohomish,Snohomish,53061052206,WA,POINT (-122.09305 47.91265)
MODEL Y,7SAYGDED8T,Clark,Vancouver,53011040907,WA,POINT (-122.70303 45.70954)
MODEL 3,5YJ3E1EA7J,King,Lake Forest Park,53033021500,WA,POINT (-122.30304 47.75494)
MODEL Y,7SAYGDEEXS,King,Bellevue,53033023901,WA,POINT (-122.1872 47.61001)
MODEL X,7SAXCDE52P,King,Bellevue,53033023901,WA,POINT (-122.1872 47.61001)
MODEL Y,7SAYGDEE5N,King,Sammamish,53033032225,WA,POINT (-122.02054 47.60326)
IONIQ 5,7YAKRDDC1T,King,Seattle,53033004800,WA,POINT (-122.38591 47.67597)
MODEL 3,5YJ3E1EB1J,King,Kirkland,53033022501,WA,POINT (-122.2066 47.67887)
IONIQ 5,KM8KNDAF7P,King,Bothell,53033021804,WA,POINT (-122.20563 47.76144)
MODEL 3,5YJ3E1EA8S,King,Seattle,53033001201,WA,POINT (-122.33364 47.73709)
MODEL Y,7SAYGDEE1R,King,Kirkland,53033021904,WA,POINT (-122.22901 47.72201)
IX,WB523CF04P,King,Bellevue,53033023000,WA,POINT (-122.11867 47.63131)
MODEL 3,5YJ3E1EA7N,Clark,Vancouver,53011041321,WA,POINT (-122.48723 45.63701)
SOLTERRA,JTMBEAGC5T,King,Redmond,53033032323,WA,POINT (-122.13158 47.67858)
MODEL 3,5YJ3E1EA3R,King,Bellevue,53033023806,WA,POINT (-122.1872 47.61001)
EV9,KNDAFFS56R,King,Seattle,53033012100,WA,POINT (-122.36322 47.49736)
MODEL 3,5YJ3E1EA4R,Clark,Vancouver,53011040604,WA,POINT (-122.55149 45.69345)
XC60,YV4H60DX2P,King,Seattle,53033002900,WA,POINT (-122.38418 47.70044)
OPTIQ,3GYK3DMR7S,King,Redmond,53033032321,WA,POINT (-122.13158 47.67858)
MODEL S,5YJSA1E5XN,King,Seattle,53033000402,WA,POINT (-122.33364 47.73709)
MODEL Y,7SAYGAEE1N,King,Bellevue,53033023603,WA,POINT (-122.12056 47.61334)
XC60,YV4H60DK5R,King,Seattle,53033006300,WA,POINT (-122.30207 47.64085)
I3,WBY1Z8C30H,Jefferson,Port Townsend,53031950602,WA,POINT (-122.77263 48.1212)
MODEL 3,5YJ3E1EBXJ,Snohomish,Bothell,53061051922,WA,POINT (-122.20105 47.84423)
XC60,YV4H60RCXS,King,Seattle,53033012000,WA,POINT (-122.36322 47.49736)
MODEL Y,7SAYGDEEXT,Clark,Vancouver,53011041328,WA,POINT (-122.49212 45.60365)
MODEL 3,5YJ3E1EA9P,King,Kent,53033029504,WA,POINT (-122.19976 47.37483)
TAYCAN,WP0AB2Y18M,King,Seattle,53033003400,WA,POINT (-122.38591 47.67597)
MODEL 3,5YJ3E1EA9T,King,Sammamish,53033032224,WA,POINT (-122.03539 47.61344)
MODEL 3,5YJ3E1EB9J,King,Kirkland,53033022402,WA,POINT (-122.2066 47.67887)
BOLT EUV,1G1FZ6S05N,King,Seattle,53033011901,WA,POINT (-122.25031 47.49481)
MODEL Y,7SAYGDEE5T,King,Renton,53033029309,WA,POINT (-122.19488 47.44034)
F-150,1FT6W3L78R,King,Kirkland,53033022501,WA,POINT (-122.2066 47.67887)
IX,WB523CF05S,King,Sammamish,53033032224,WA,POINT (-122.03539 47.61344)
MODEL Y,7SAYGDEDXR,Kitsap,Bainbridge Island,53035090800,WA,POINT (-122.521 47.62759)
R1T,7FCTGBAA3R,King,Shoreline,53033020500,WA,POINT (-122.30304 47.75494)
MODEL X,5YJXCAE24G,Thurston,Yelm,53067012421,WA,POINT (-122.60735 46.94239)
COUNTRYMAN,WMZ23BS02P,King,Seattle,53033006400,WA,POINT (-122.30207 47.64085)
MODEL Y,7SAYGDEEXR,King,Maple Valley,53033031603,WA,POINT (-122.04526 47.39394)
MODEL 3,5YJ3E1EA5L,Clallam,Port Angeles,53009000900,WA,POINT (-123.43112 48.11892)
RAV4 PRIME (PHEV),JTMAB3FVXM,Clark,Vancouver,53011041208,WA,POINT (-122.59219 45.62158)
LEAF,1N4AZ1BV3P,King,Covington,53033032005,WA,POINT (-122.10798 47.37124)
VOLT,1G1RD6S57H,King,Seattle,53033006100,WA,POINT (-122.32427 47.63433)
MODEL Y,7SAYGDEE2R,King,Burien,53033027800,WA,POINT (-122.34731 47.45207)
XC40,YV4ED3UR6N,King,Kirkland,53033022003,WA,POINT (-122.22901 47.72201)
I5,WBY43FK03R,King,Seattle,53033001600,WA,POINT (-122.37238 47.74068)
MODEL 3,5YJ3E1EA1T,Snohomish,Lynnwood,53061041812,WA,POINT (-122.27981 47.85727)
MODEL Y,7SAYGDEE3T,King,Bellevue,53033023000,WA,POINT (-122.11867 47.63131)
MODEL 3,5YJ3E1EB8L,King,Seatac,53033027300,WA,POINT (-122.29411 47.48924)
IX,WB543CF00T,King,Sammamish,53033032215,WA,POINT (-122.03539 47.61344)
MUSTANG MACH-E,3FMTK4SXXN,King,Seattle,53033005600,WA,POINT (-122.40092 47.65908)
R1S,7PDSGBBA0S,Kitsap,Poulsbo,53035091100,WA,POINT (-122.64681 47.73689)
ID.4,WVGJNPE25M,King,Enumclaw,53033031400,WA,POINT (-121.99136 47.20433)
VOLT,1G1RD6E41E,King,Sammamish,53033032317,WA,POINT (-122.02054 47.60326)
E-TRON,WA1VABGE8K,Clark,Vancouver,53011041309,WA,POINT (-122.49212 45.60365)
HARDTOP,WMW13DJ08R,King,Redmond,53033032321,WA,POINT (-122.13158 47.67858)
CYBERTRUCK,7G2CEHED4S,King,Bellevue,53033025007,WA,POINT (-122.12096 47.55584)
MODEL Y,7SAYGDEE5P,King,Seattle,53033000201,WA,POINT (-122.30253 47.72656)
MODEL Y,7SAYGDEE0R,King,Bothell,53033021804,WA,POINT (-122.20563 47.76144)
MODEL Y,7SAYGDEE3T,King,Bellevue,53033023901,WA,POINT (-122.1872 47.61001)
ID.4,1V2BMPE84R,King,Kent,53033029207,WA,POINT (-122.17743 47.41185)
MODEL X,7SAXCDE56P,King,Bothell,53033021804,WA,POINT (-122.20563 47.76144)
MODEL Y,7SAYGDEE4R,King,Seattle,53033010401,WA,POINT (-122.31449 47.53917)
MODEL Y,7SAYGDEF9N,King,Normandy Park,53033028600,WA,POINT (-122.34731 47.45207)
MODEL 3,5YJ3E1EB8J,King,Bellevue,53033023000,WA,POINT (-122.11867 47.63131)
MODEL Y,5YJYGDEE6L,King,Seattle,53033008900,WA,POINT (-122.30866 47.57874)
OUTLANDER,JA4T5VA93P,Thurston,Yelm,53067012412,WA,POINT (-122.60735 46.94239)
MODEL Y,7SAYGDEE0P,King,Kirkland,53033022702,WA,POINT (-122.2066 47.67887)
PRIUS PRIME (PHEV),JTDACACU8R,King,Seattle,53033005600,WA,POINT (-122.40092 47.65908)
MODEL Y,7SAYGDEE6P,King,Sammamish,53033032225,WA,POINT (-122.02054 47.60326)
MODEL Y,7SAYGDET0T,King,Seattle,53033006100,WA,POINT (-122.32427 47.63433)
PROLOGUE,3GPKHZRJ9R,Clark,Vancouver,53011040905,WA,POINT (-122.70303 45.70954)
VOLT,1G1RE6E43D,Clark,Vancouver,53011041312,WA,POINT (-122.55149 45.69345)
MODEL Y,7SAYGDED6R,King,Seattle,53033006900,WA,POINT (-122.36381 47.63046)
MODEL 3,5YJ3E1EB8L,King,Seattle,53033010800,WA,POINT (-122.35163 47.54287)
RZ,JTJAAAAB0S,King,Renton,53033025805,WA,POINT (-122.19488 47.44034)
X5,5UX43EU06R,Clark,Vancouver,53011041319,WA,POINT (-122.48723 45.63701)
MODEL 3,5YJ3E1EB1N,King,Bellevue,53033024002,WA,POINT (-122.1872 47.61001)
MODEL Y,7SAYGDEE2N,King,Redmond,53033032321,WA,POINT (-122.13158 47.67858)
A3,WAUUPBFF6H,King,Seattle,53033006702,WA,POINT (-122.34845 47.63283)
MODEL 3,5YJ3E1EB6P,Clark,Battle Ground,53011040505,WA,POINT (-122.5331 45.78092)
MODEL Y,5YJYGDEE3M,King,Kent,53033029403,WA,POINT (-122.17743 47.41185)
FORTWO ELECTRIC DRIVE,WMEEJ9AA2F,Thurston,Yelm,53067012510,WA,POINT (-122.60735 46.94239)
MODEL X,5YJXCBE27L,King,Kirkland,53033022501,WA,POINT (-122.2066 47.67887)
MODEL Y,7SAYGDEF3R,King,Covington,53033032005,WA,POINT (-122.10798 47.37124)
XC40,YV4ED3UMXP,King,Seattle,53033008700,WA,POINT (-122.31009 47.60803)
I4,WBY43AW0XP,Clark,Vancouver,53011041319,WA,POINT (-122.48723 45.63701)
MODEL 3,5YJ3E1EB8P,King,Kirkland,53033022604,WA,POINT (-122.2066 47.67887)
XC60,YV4H60RC4S,King,Kirkland,53033021903,WA,POINT (-122.22901 47.72201)
RAV4 PRIME (PHEV),JTMFB3FV6S,King,Seattle,53033002900,WA,POINT (-122.38418 47.70044)
X5,5UX43EU01T,King,Bellevue,53033023702,WA,POINT (-122.1621 47.64441)
MODEL Y,7SAYGDEE6T,King,Bellevue,53033023805,WA,POINT (-122.1872 47.61001)
MODEL 3,5YJ3E1EA9T,King,Seattle,53033006900,WA,POINT (-122.36381 47.63046)
MUSTANG MACH-E,3FMTK3SUXP,King,Kirkland,53033022501,WA,POINT (-122.2066 47.67887)
MUSTANG MACH-E,3FMTK3SU8R,Snohomish,Snohomish,53061052206,WA,POINT (-122.09305 47.91265)
MODEL 3,5YJ3E1EB2K,King,Des Moines,53033029001,WA,POINT (-122.30615 47.38542)
MODEL 3,5YJ3E1EC3N,King,Redmond,53033032321,WA,POINT (-122.13158 47.67858)
MODEL Y,5YJYGDEE6L,Clark,Vancouver,53011040808,WA,POINT (-122.62731 45.71668)
MODEL Y,5YJYGDEEXM,King,Bellevue,53033024001,WA,POINT (-122.1872 47.61001)
LEAF,1N4AZ1CP1J,Clark,Vancouver,53011040812,WA,POINT (-122.62731 45.71668)
MODEL 3,5YJ3E1EB5N,King,Renton,53033025304,WA,POINT (-122.18839 47.51197)
BZ4X,JTMABACA8P,Clark,Vancouver,53011041206,WA,POINT (-122.59219 45.62158)
ROADSTER,5YJRE1A11A,King,Bellevue,53033023806,WA,POINT (-122.1872 47.61001)
MODEL Y,7SAYGAEE5P,King,Kent,53033029408,WA,POINT (-122.17743 47.41185)
NIRO,KNDCD3LD7J,Clark,Camas,53011040605,WA,POINT (-122.40177 45.58705)
MODEL Y,7SAYGAEE7P,King,Kirkland,53033022604,WA,POINT (-122.2066 47.67887)
MODEL 3,5YJ3E1EB2S,King,Redmond,53033032321,WA,POINT (-122.13158 47.67858)
EV9,KNDADFS55R,King,Sammamish,53033032215,WA,POINT (-122.03539 47.61344)
MODEL S,5YJSA1CN2D,King,Kirkland,53033022701,WA,POINT (-122.2066 47.67887)
VOLT,1G1RC6S58H,King,Seattle,53033008401,WA,POINT (-122.32945 47.60357)
BOLT EV,1G1FW6S08H,King,Seattle,53033010402,WA,POINT (-122.31449 47.53917)
R1S,7PDSGCBA3T,King,Kirkland,53033022701,WA,POINT (-122.2066 47.67887)
MODEL 3,5YJ3E1EA3P,Clark,Camas,53011040610,WA,POINT (-122.40177 45.58705)
AIR,50EA1GBA0N,Yakima,Yakima,53077002900,WA,POINT (-120.60272 46.59656)
EV9,5XYAEFS59T,King,Kirkland,53033022006,WA,POINT (-122.22901 47.72201)
IONIQ 5,7YAKNDDC6S,Thurston,Olympia,53067010700,WA,POINT (-122.89165 47.03954)
MODEL Y,7SAYGDEE4R,Clark,Vancouver,53011041208,WA,POINT (-122.59219 45.62158)
MODEL Y,7SAYGDEE3N,Snohomish,Bothell,53061052107,WA,POINT (-122.20105 47.84423)
MODEL 3,5YJ3E1EB2K,King,Seattle,53033001202,WA,POINT (-122.30253 47.72656)
MODEL 3,5YJ3E1EB4J,King,Kirkland,53033022006,WA,POINT (-122.2066 47.67887)
WRANGLER,1C4RJXP65R,Clark,Vancouver,53011040703,WA,POINT (-122.57722 45.64251)
ID.4,1V2DNPE81P,King,Seattle,53033001600,WA,POINT (-122.38418 47.70044)
MODEL Y,7SAYGDEFXP,Snohomish,Everett,53061041609,WA,POINT (-122.18637 47.89251)
MODEL Y,7SAYGDEE9T,King,Kirkland,53033022300,WA,POINT (-122.22901 47.72201)
EQE-CLASS SUV,4JGGM1CB3S,King,Kirkland,53033022603,WA,POINT (-122.2066 47.67887)
NIRO,KNDCC3LG3N,King,Issaquah,53033032103,WA,POINT (-122.03439 47.5301)
MODEL Y,7SAYGDEE5T,King,Bellevue,53033023801,WA,POINT (-122.1872 47.61001)
MODEL 3,5YJ3E1ETXR,King,Renton,53033029308,WA,POINT (-122.19488 47.44034)
MUSTANG MACH-E,3FMTK4SX1P,King,Kirkland,53033022603,WA,POINT (-122.2066 47.67887)
MUSTANG MACH-E,3FMTK3R71N,Kitsap,Port Orchard,53035092704,WA,POINT (-122.63848 47.5414)
MODEL Y,7SAYGDEF5N,King,Renton,53033025103,WA,POINT (-122.11589 47.50243)
LEAF,1N4CZ1CV1P,King,Seattle,53033002900,WA,POINT (-122.38418 47.70044)
POLESTAR 2,LPSED3KA9N,King,Shoreline,53033020800,WA,POINT (-122.33364 47.73709)
LEAF,1N4BZ1CP4K,Clark,Brush Prairie,53011040603,WA,POINT (-122.54578 45.73473)
R1S,7PDSGABA4R,King,Sammamish,53033032225,WA,POINT (-122.02054 47.60326)
MODEL 3,5YJ3E1EA0M,King,Duvall,53033032402,WA,POINT (-121.98609 47.74068)
RZ,JTJBDADB9T,Clark,Vancouver,53011040709,WA,POINT (-122.57722 45.64251)
I3,WBY8P2C58K,Clark,Vancouver,53011040812,WA,POINT (-122.62731 45.71668)
LEAF,1N4AZ1CP4J,King,Redmond,53033032321,WA,POINT (-122.13158 47.67858)
PRIUS,JTDKN3DP0E,Clark,Vancouver,53011041208,WA,POINT (-122.59219 45.62158)
MODEL 3,5YJ3E1EB2M,King,Issaquah,53033032104,WA,POINT (-122.03439 47.5301)
SPORTAGE,KNDPYDAH8P,King,Bellevue,53033023603,WA,POINT (-122.1621 47.64441)
I4,WBY33AW04R,King,Bellevue,53033023805,WA,POINT (-122.1872 47.61001)
LEAF,1N4AZ0CP2D,Clark,Vancouver,53011040713,WA,POINT (-122.55149 45.69345)
ARIYA HATCHBACK,JN1DF0BB0R,King,Bellevue,53033023300,WA,POINT (-122.12056 47.61334)
MODEL Y,7SAYGAEE1P,King,Seattle,53033002900,WA,POINT (-122.38418 47.70044)
R1S,7PDSGCBA4T,Kitsap,Bainbridge Island,53035090700,WA,POINT (-122.521 47.62759)
C-MAX,1FADP5FU7H,King,Shoreline,53033020800,WA,POINT (-122.33364 47.73709)
CX-70,JM3KJEHA6S,Snohomish,Everett,53061041809,WA,POINT (-122.27557 47.88936)
BOLT EV,1G1FY6S07L,King,Bellevue,53033023901,WA,POINT (-122.1872 47.61001)
MODEL Y,7SAYGDEE0P,King,Bellevue,53033025006,WA,POINT (-122.12096 47.55584)
MODEL Y,5YJYGDEE3M,Clark,Vancouver,53011040907,WA,POINT (-122.70303 45.70954)
WRANGLER,1C4JJXP67P,King,Auburn,53033030503,WA,POINT (-122.2229 47.307)
C-MAX,1FADP5CU1D,King,Seattle,53033000402,WA,POINT (-122.33364 47.73709)
ID.4,1V2GNPE84P,King,Seattle,53033009600,WA,POINT (-122.41067 47.57894)
SOUL,KNDJX3AE3G,King,Enumclaw,53033031400,WA,POINT (-121.99136 47.20433)
MODEL Y,5YJYGDEE9M,King,Kirkland,53033022502,WA,POINT (-122.2066 47.67887)
R1S,7PDSGBBA1S,King,Seattle,53033001100,WA,POINT (-122.30253 47.72656)
RAV4 PRIME (PHEV),JTMEB3FV4R,King,Shoreline,53033021100,WA,POINT (-122.30304 47.75494)
ID.4,1V2WSPE83R,Clark,Camas,53011040610,WA,POINT (-122.40177 45.58705)
Q5 E,WA1E2AFY7M,King,Bellevue,53033023000,WA,POINT (-122.11867 47.63131)
MODEL Y,7SAYGDEF6P,King,Maple Valley,53033032011,WA,POINT (-122.04526 47.39394)
MODEL 3,5YJ3E1EB9N,Thurston,Olympia,53067010200,WA,POINT (-122.87741 47.05997)
EV9,KNDADFS54R,King,Bellevue,53033023604,WA,POINT (-122.1621 47.64441)
EQB-CLASS,W1N9M0KB4P,Snohomish,Lynnwood,53061041816,WA,POINT (-122.27981 47.85727)
MODEL 3,5YJ3E1ET5R,King,Seattle,53033006500,WA,POINT (-122.32427 47.63433)
MODEL 3,5YJ3E1EB3R,King,Seattle,53033007600,WA,POINT (-122.30207 47.64085)
IONIQ 5,KM8KNDAF2P,King,Seattle,53033006500,WA,POINT (-122.32427 47.63433)
Q4,WA1J2BFZ1N,King,Kirkland,53033022603,WA,POINT (-122.2066 47.67887)
MODEL 3,5YJ3E1EB7J,King,Seattle,53033002000,WA,POINT (-122.31676 47.68156)
I5,WBY33HG08T,King,Kirkland,53033022003,WA,POINT (-122.22901 47.72201)
LEAF,1N4AZ0CP6G,King,Seattle,53033000404,WA,POINT (-122.33364 47.73709)
MODEL S,5YJSA1E53P,King,Kirkland,53033022300,WA,POINT (-122.22901 47.72201)
MX-30,JM1DRADB0N,King,Redmond,53033022803,WA,POINT (-122.13158 47.67858)
CX-90,JM3KKDHA4R,King,Kent,53033029403,WA,POINT (-122.17743 47.41185)
MODEL X,7SAXCBE54N,King,Bellevue,53033024001,WA,POINT (-122.1872 47.61001)
PACIFICA,2C4RC1N72J,Island,Oak Harbor,53029970602,WA,POINT (-122.64682 48.29077)
R1S,7PDSGABA4P,King,Kirkland,53033022702,WA,POINT (-122.2066 47.67887)
IONIQ 6,KMHM54AC2R,King,Maple Valley,53033032008,WA,POINT (-122.04526 47.39394)
KONA,KM8K33AG7K,Kitsap,Poulsbo,53035091100,WA,POINT (-122.64681 47.73689)
S60,7JRH60FM4S,King,Kirkland,53033022300,WA,POINT (-122.22901 47.72201)
MODEL Y,5YJYGDEE7M,King,Redmond,53033022902,WA,POINT (-122.13158 47.67858)
E-TRON,WA1VAAGE6K,King,Seattle,53033003400,WA,POINT (-122.38591 47.67597)
PROLOGUE,3GPKHWRM3R,Snohomish,Monroe,53061052207,WA,POINT (-121.98087 47.8526)
IONIQ 5,7YAKNDDC5S,Snohomish,Bothell,53061051922,WA,POINT (-122.20105 47.84423)
LEAF,1N4BZ0CP6G,King,Renton,53033025702,WA,POINT (-122.08747 47.4466)
F-150,1FT6W1BU2S,King,Redmond,53033032313,WA,POINT (-122.03287 47.68555)
ARIYA HATCHBACK,JN1BF0BA6R,Snohomish,Stanwood,53061053302,WA,POINT (-122.37265 48.24159)
LYRIQ,1GYKPWRL7S,King,Kirkland,53033022402,WA,POINT (-122.2066 47.67887)
MODEL Y,7SAYGDEE5R,King,Kent,53033029405,WA,POINT (-122.17743 47.41185)
R1S,7PDSGBBA7S,Kitsap,Bainbridge Island,53035091002,WA,POINT (-122.521 47.62759)
MODEL Y,7SAYGDEEXS,Clark,Camas,53011040605,WA,POINT (-122.40177 45.58705)
Q4,WA1L2BFZ8P,King,Maple Valley,53033032008,WA,POINT (-122.04526 47.39394)
EQUINOX,3GN7DSRP6S,King,Seattle,53033000202,WA,POINT (-122.30253 47.72656)
MODEL 3,5YJ3E1EB1N,King,Kent,53033029506,WA,POINT (-122.19976 47.37483)
MODEL Y,7SAYGDEE5P,King,Sammamish,53033032318,WA,POINT (-122.02054 47.60326)
LEAF,1N4BZ1CP7L,King,Seattle,53033008101,WA,POINT (-122.34223 47.61085)
EQUINOX,3GN7DNRP1S,King,Normandy Park,53033028600,WA,POINT (-122.34731 47.45207)
EQS-CLASS SEDAN,W1KCG5FBXP,King,Seattle,53033000900,WA,POINT (-122.30253 47.72656)
MODEL Y,7SAYGDEF2R,King,Seattle,53033006701,WA,POINT (-122.34845 47.63283)
VOLT,1G1RD6S57H,King,Auburn,53033030600,WA,POINT (-122.2229 47.307)
MODEL Y,7SAYGDEE2T,Snohomish,Bothell,53061041703,WA,POINT (-122.20105 47.84423)
MODEL Y,7SAYGDED9T,King,Seattle,53033009400,WA,POINT (-122.30866 47.57874)
MODEL Y,7SAYGDEE9P,King,Sammamish,53033032225,WA,POINT (-122.02054 47.60326)
GLC-CLASS,W1NKM5GBXS,King,Seattle,53033006701,WA,POINT (-122.34845 47.63283)
MODEL Y,7SAYGDEE2T,King,Kirkland,53033022003,WA,POINT (-122.22901 47.72201)
MODEL 3,5YJ3E1EB2R,Kitsap,Bainbridge Island,53035090700,WA,POINT (-122.521 47.62759)
EQE-CLASS SUV,4JGGM1CB8R,King,Bellevue,53033023902,WA,POINT (-122.1872 47.61001)
EV6,KNDC34LA5P,King,Shoreline,53033020800,WA,POINT (-122.33364 47.73709)
MODEL Y,7SAYGDEE8P,King,Seattle,53033000700,WA,POINT (-122.30253 47.72656)
BZ,JTMBCAEB4T,King,Kirkland,53033022205,WA,POINT (-122.22901 47.72201)
EQB-CLASS,W1N9M0KB2P,King,Seattle,53033000601,WA,POINT (-122.33364 47.73709)
NIRO,KNDCC3LG1N,Kitsap,Bainbridge Island,53035090700,WA,POINT (-122.521 47.62759)
R1T,7FCTGCAP3S,King,Woodinville,53033021906,WA,POINT (-122.15545 47.75448)
RAV4 PRIME (PHEV),JTMEB3FV2N,King,Federal Way,53033030204,WA,POINT (-122.3303 47.30151)
VOLT,1G1RB6S50J,King,Redmond,53033032323,WA,POINT (-122.13158 47.67858)
MODEL 3,5YJ3E1EA0P,King,Federal Way,53033030008,WA,POINT (-122.3303 47.30151)
MODEL Y,7SAYGDEF9P,King,Bellevue,53033024901,WA,POINT (-122.12096 47.55584)
MODEL 3,5YJ3E1EA9P,King,Kent,53033031708,WA,POINT (-122.10798 47.37124)
MODEL 3,5YJ3E1EB5M,King,Kirkland,53033022402,WA,POINT (-122.2066 47.67887)
MODEL Y,7SAYGDEE2P,King,Kenmore,53033021600,WA,POINT (-122.24369 47.75892)
MODEL Y,7SAYGDEE3T,King,Sammamish,53033032217,WA,POINT (-122.03539 47.61344)
FORTWO ELECTRIC DRIVE,WMEEJ9AA1F,Clark,Vancouver,53011041323,WA,POINT (-122.48723 45.63701)
MODEL 3,5YJ3E1EB1J,Snohomish,Snohomish,53061052105,WA,POINT (-122.09305 47.91265)
EV9,5XYAFFS55T,King,Seattle,53033002200,WA,POINT (-122.30253 47.72656)
MODEL S,5YJSA1E22M,Kitsap,Bainbridge Island,53035090700,WA,POINT (-122.521 47.62759)
MODEL 3,5YJ3E1EB8N,Clark,Vancouver,53011041335,WA,POINT (-122.55149 45.69345)
MUSTANG MACH-E,3FMTK3SU7P,Thurston,Olympia,53067010200,WA,POINT (-122.87741 47.05997)
MODEL Y,7SAYGDEE4R,King,Woodinville,53033021906,WA,POINT (-122.15545 47.75448)
MODEL X,5YJXCBE29K,King,Bellevue,53033023801,WA,POINT (-122.1872 47.61001)
LEAF,1N4AZ0CP3D,King,Shoreline,53033020500,WA,POINT (-122.30304 47.75494)
HARDTOP,WMWXP3C07M,King,Seattle,53033011901,WA,POINT (-122.25031 47.49481)
PRIUS PRIME (PHEV),JTDKARFP7H,King,Seattle,53033003000,WA,POINT (-122.38418 47.70044)
IONIQ 5,KM8KNDDF3R,King,Seattle,53033004703,WA,POINT (-122.38591 47.67597)
IONIQ 5,KM8KNDAF2P,King,Kirkland,53033022003,WA,POINT (-122.22901 47.72201)
MODEL Y,7SAYGDEE0R,Snohomish,Mill Creek,53061052004,WA,POINT (-122.20105 47.84423)
G-CLASS,W1NWM0AB5S,King,Bellevue,53033024904,WA,POINT (-122.12096 47.55584)
MODEL 3,5YJ3E1EA3N,King,Shoreline,53033020800,WA,POINT (-122.33364 47.73709)
LEAF,1N4AZ1CP1J,King,Kent,53033029203,WA,POINT (-122.19976 47.37483)
LEAF,1N4AZ0CP2D,King,Bellevue,53033023604,WA,POINT (-122.12056 47.61334)
MODEL Y,7SAYGDEE7N,King,Kirkland,53033022603,WA,POINT (-122.22901 47.72201)
IONIQ 5,KM8KRDDF5R,King,Sammamish,53033032318,WA,POINT (-122.02054 47.60326)
MODEL 3,5YJ3E1EB8N,King,Bellevue,53033024902,WA,POINT (-122.12096 47.55584)
I5,WBY43FK06R,King,Seattle,53033003601,WA,POINT (-122.31676 47.68156)
ID.4,1V2BMPE84R,King,Issaquah,53033032220,WA,POINT (-122.01656 47.57118)
AIR,50EA1TEA8P,King,Bellevue,53033024901,WA,POINT (-122.12096 47.55584)
BOLT EV,1G1FZ6S06L,King,Seattle,53033000800,WA,POINT (-122.30253 47.72656)
MODEL 3,5YJ3E1EB9J,King,Seattle,53033008300,WA,POINT (-122.34223 47.61085)
MODEL Y,7SAYGDEE7T,King,Bellevue,53033024904,WA,POINT (-122.12096 47.55584)
MODEL Y,7SAYGDED5T,King,Bellevue,53033024001,WA,POINT (-122.1872 47.61001)
TUCSON,KM8JBDA23N,Snohomish,Snohomish,53061052206,WA,POINT (-122.09305 47.91265)
MODEL 3,5YJ3E1EA1T,King,Bellevue,53033024902,WA,POINT (-122.12096 47.55584)
BOLT EUV,1G1FZ6S04P,King,Sammamish,53033032217,WA,POINT (-122.02054 47.60326)
MODEL Y,5YJYGDED2M,King,Shoreline,53033020900,WA,POINT (-122.33364 47.73709)
SPORTAGE,KNDPZDDH6S,King,Normandy Park,53033028600,WA,POINT (-122.34731 47.45207)
BOLT EV,1G1FY6S07L,Yakima,Moxee,53077001702,WA,POINT (-120.39197 46.55621)
NIRO,KNDCC3LD5K,King,Seattle,53033009600,WA,POINT (-122.41067 47.57894)
MODEL Y,7SAYGDED5R,King,Sammamish,53033032225,WA,POINT (-122.02054 47.60326)
RAV4 PRIME (PHEV),JTMEB3FV3R,King,Seattle,53033003500,WA,POINT (-122.35436 47.67596)
MODEL 3,5YJ3E1EB8N,King,Seattle,53033000202,WA,POINT (-122.30253 47.72656)
MODEL Y,7SAYGDED3T,King,Bellevue,53033023701,WA,POINT (-122.1872 47.61001)
GRAND CHEROKEE,1C4RJYB6XP,King,Bothell,53033022001,WA,POINT (-122.20563 47.76144)
TAYCAN,WP0AA2Y17N,King,Renton,53033025304,WA,POINT (-122.18839 47.51197)
MODEL Y,7SAYGDEE0R,Clark,Woodland,53011040202,WA,POINT (-122.74017 45.9094)
MODEL X,5YJXCBE29L,Clark,Vancouver,53011040908,WA,POINT (-122.70303 45.70954)
LEAF,1N4AZ0CP1D,King,Seattle,53033000800,WA,POINT (-122.30253 47.72656)
MODEL Y,7SAYGDEF8S,King,Seattle,53033007901,WA,POINT (-122.31009 47.60803)
LEAF,1N4AZ0CP2F,King,Seattle,53033000402,WA,POINT (-122.33364 47.73709)
TAYCAN,WP0AB2Y17N,King,Renton,53033029305,WA,POINT (-122.19488 47.44034)
X5,5UX43EU03S,King,Bellevue,53033023806,WA,POINT (-122.1872 47.61001)
POLESTAR 2,LPSED3KA4N,King,Federal Way,53033030308,WA,POINT (-122.36217 47.31011)
MODEL Y,5YJYGDEF3M,King,Redmond,53033032323,WA,POINT (-122.13158 47.67858)
IONIQ 5,KM8KRDDF6R,King,Bellevue,53033023201,WA,POINT (-122.12056 47.61334)
BOLT EV,1G1FZ6S02L,Jefferson,Port Ludlow,53031950301,WA,POINT (-122.68475 47.92989)
XC60,YV4H60DX5P,King,Woodinville,53033032320,WA,POINT (-122.15545 47.75448)
MODEL Y,7SAYGDEEXP,King,Kirkland,53033022603,WA,POINT (-122.2066 47.67887)
BOLT EV,1G1FW6S04N,King,Seattle,53033000602,WA,POINT (-122.33364 47.73709)
WRANGLER,1C4JJXP66N,King,Seattle,53033007501,WA,POINT (-122.32427 47.63433)
MODEL Y,7SAYGDEE7P,King,Kent,53033029403,WA,POINT (-122.17743 47.41185)
BOLT EV,1G1FX6S08H,King,Seattle,53033001600,WA,POINT (-122.37238 47.74068)
MODEL Y,7SAYGDEE0T,King,Bellevue,53033023701,WA,POINT (-122.1621 47.64441)
RAV4 PRIME (PHEV),JTMFB3FV5P,Clark,Vancouver,53011041319,WA,POINT (-122.48723 45.63701)
XC90,YV4H60CE7R,King,Des Moines,53033029001,WA,POINT (-122.30615 47.38542)
MODEL Y,7SAYGDEEXP,King,Kent,53033031707,WA,POINT (-122.10798 47.37124)
MODEL 3,5YJ3E1EB7K,King,Kirkland,53033022003,WA,POINT (-122.22901 47.72201)
LEAF,1N4BZ0CP5H,King,Seattle,53033008300,WA,POINT (-122.32945 47.60357)
SOLTERRA,JTMBDAFC6T,King,Bellevue,53033023500,WA,POINT (-122.1621 47.64441)
I4,WBY43HD09S,King,Kent,53033029407,WA,POINT (-122.17743 47.41185)
I4,WBY43AW09P,King,Seattle,53033000201,WA,POINT (-122.30253 47.72656)
XC40,YV4ED3UM3P,King,Seattle,53033001600,WA,POINT (-122.37238 47.74068)
MODEL Y,7SAYGDEEXR,King,Seattle,53033001400,WA,POINT (-122.33364 47.73709)
IONIQ 5,7YAKPDDC4S,King,Seattle,53033005600,WA,POINT (-122.40092 47.65908)
500,3C3CFFGE2D,King,Seattle,53033001000,WA,POINT (-122.30253 47.72656)
C-MAX,1FADP5CU5E,King,Seatac,53033028802,WA,POINT (-122.27979 47.44952)
MODEL S,5YJSA1E21J,King,Bellevue,53033024001,WA,POINT (-122.1872 47.61001)
S60,7JRBR0FM3L,King,Bellevue,53033023902,WA,POINT (-122.1872 47.61001)
ID. BUZZ,WVG6YVEB1S,King,Kirkland,53033022603,WA,POINT (-122.2066 47.67887)
VOLT,1G1RA6S57H,King,Bellevue,53033023806,WA,POINT (-122.1872 47.61001)
TAYCAN,WP0AA2Y10S,King,Bellevue,53033025007,WA,POINT (-122.12096 47.55584)
MODEL X,7SAXCAE55R,King,Kirkland,53033022006,WA,POINT (-122.2066 47.67887)
MODEL Y,5YJYGDEE8M,King,Seattle,53033001300,WA,POINT (-122.33364 47.73709)
LEAF,1N4AZ1CPXJ,King,Seattle,53033001202,WA,POINT (-122.30253 47.72656)
I5,WBY33HG02T,King,Seattle,53033009300,WA,POINT (-122.32741 47.58616)
MODEL Y,7SAYGDEF0R,Clark,Vancouver,53011041334,WA,POINT (-122.48723 45.63701)
LYRIQ,1GYKPTRK9R,Cowlitz,Ariel,53015001501,WA,POINT (-122.53658 45.98974)
MODEL 3,5YJ3E1EB3L,King,Sammamish,53033032215,WA,POINT (-122.03539 47.61344)
ID.4,1V2WNPE85P,King,Seattle,53033005600,WA,POINT (-122.40092 47.65908)
GV70,5NMMCET18R,King,Kirkland,53033022603,WA,POINT (-122.2066 47.67887)
MODEL Y,7SAYGDEF1P,King,Renton,53033025805,WA,POINT (-122.19488 47.44034)
LEAF,1N4AZ0CP5F,King,Bothell,53033021804,WA,POINT (-122.20563 47.76144)
MODEL 3,5YJ3E1EA6J,King,Sammamish,53033032215,WA,POINT (-122.03539 47.61344)
MODEL Y,7SAYGDEE1R,King,Kirkland,53033022702,WA,POINT (-122.2066 47.67887)
PRIUS PRIME (PHEV),JTDKARFP4J,King,Seattle,53033000403,WA,POINT (-122.37238 47.74068)
NX,JTJHKCFZ9S,King,Issaquah,53033025006,WA,POINT (-122.03439 47.5301)
MODEL Y,7SAYGDEE2N,Clark,Vancouver,53011041310,WA,POINT (-122.49212 45.60365)
MODEL X,7SAXCBE53P,King,Seattle,53033006300,WA,POINT (-122.30207 47.64085)
MODEL 3,5YJ3E1EB7N,King,Bothell,53033021905,WA,POINT (-122.20563 47.76144)
I5,WBY13HG03S,King,Bellevue,53033024001,WA,POINT (-122.1872 47.61001)
MODEL Y,7SAYGDED9T,Clark,Ridgefield,53011040304,WA,POINT (-122.74595 45.81539)
IONIQ 9,7YAMWFS51T,Clark,Vancouver,53011040904,WA,POINT (-122.70303 45.70954)
MODEL S,5YJSA1E58M,Clark,Ridgefield,53011040304,WA,POINT (-122.74595 45.81539)
MODEL Y,7SAYGDEE4T,King,Bellevue,53033023702,WA,POINT (-122.1872 47.61001)
E-GOLF,WVWKR7AU2K,King,Bellevue,53033024001,WA,POINT (-122.1872 47.61001)
MODEL Y,7SAYGDEE4R,King,Redmond,53033032324,WA,POINT (-122.13158 47.67858)
MUSTANG MACH-E,3FMTK1SUXR,Clark,Vancouver,53011040908,WA,POINT (-122.70303 45.70954)
MODEL Y,7SAYGDEE9R,King,Bellevue,53033024001,WA,POINT (-122.1872 47.61001)
LEAF,JN1AZ0CP5C,Jefferson,Port Townsend,53031950603,WA,POINT (-122.77263 48.1212)
X5,5UXTA6C00N,King,Kirkland,53033022402,WA,POINT (-122.2066 47.67887)
MUSTANG MACH-E,3FMTK1S53P,King,Seattle,53033001400,WA,POINT (-122.37238 47.74068)
C-MAX,1FADP5CU6D,King,Kirkland,53033021903,WA,POINT (-122.22901 47.72201)
MACAN,WP1AA2XA1T,King,Sammamish,53033032224,WA,POINT (-122.03539 47.61344)
MODEL 3,5YJ3E1EB1J,King,Kirkland,53033022300,WA,POINT (-122.22901 47.72201)
MODEL S,5YJSA1V29F,King,Kirkland,53033022401,WA,POINT (-122.2066 47.67887)
LEAF,1N4BZ0CP3H,King,Shoreline,53033020200,WA,POINT (-122.33364 47.73709)
LEAF,1N4BZ0CP5H,Snohomish,Lake Stevens,53061052603,WA,POINT (-122.06402 48.01497)
BZ WOODLAND,JTMBGAHB4T,King,Seattle,53033006702,WA,POINT (-122.34845 47.63283)
MODEL Y,7SAYGAEE0P,King,Seattle,53033001100,WA,POINT (-122.30253 47.72656)
MODEL 3,5YJ3E1EB1R,King,Seattle,53033010800,WA,POINT (-122.35163 47.54287)
MODEL 3,5YJ3E1EB5M,King,Seattle,53033000202,WA,POINT (-122.30253 47.72656)
EV9,KNDAA5S20R,King,Bellevue,53033024901,WA,POINT (-122.12096 47.55584)
F-150,1FTVW1EL8P,King,Burien,53033026700,WA,POINT (-122.36322 47.49736)
NIRO,KNDCE3LGXN,King,Bothell,53033021804,WA,POINT (-122.20563 47.76144)
MODEL Y,5YJYGDEE9M,King,Duvall,53033032402,WA,POINT (-121.98609 47.74068)
EQS-CLASS SEDAN,W1KCG4EB2N,King,Issaquah,53033032220,WA,POINT (-122.01656 47.57118)
MODEL Y,7SAYGDEE9T,Snohomish,Lake Stevens,53061052607,WA,POINT (-122.06402 48.01497)
ID.4,WVGUNPE20M,King,Seattle,53033001400,WA,POINT (-122.33364 47.73709)
X3,5UXTS1C07M,King,Issaquah,53033032104,WA,POINT (-122.03439 47.5301)
ID.4,1V2WNPE82P,King,Seattle,53033000202,WA,POINT (-122.30253 47.72656)
LEAF,1N4AZ0CPXF,King,Kirkland,53033022003,WA,POINT (-122.22901 47.72201)
MODEL Y,7SAYGAEE3T,King,Seattle,53033007203,WA,POINT (-122.34845 47.63283)
I4,WBY43AW03R,Clark,Vancouver,53011040811,WA,POINT (-122.62731 45.71668)
PRIUS PRIME (PHEV),JTDKARFP4J,Snohomish,Lake Stevens,53061052607,WA,POINT (-122.06402 48.01497)
MODEL 3,5YJ3E1EA0P,King,Issaquah,53033032220,WA,POINT (-122.01656 47.57118)
BOLT EUV,1G1FY6S03P,Clark,La Center,53011040203,WA,POINT (-122.67248 45.86156)
PACIFICA,2C4RC1N73K,Kitsap,Bremerton,53035092000,WA,POINT (-122.65223 47.57192)
MODEL Y,7SAYGDEE9P,King,Bellevue,53033023300,WA,POINT (-122.11867 47.63131)
MODEL 3,5YJ3E1ET0R,King,Renton,53033025303,WA,POINT (-122.20489 47.47532)
MODEL 3,5YJ3E1EB9P,King,Kirkland,53033022701,WA,POINT (-122.2066 47.67887)
LYRIQ,1GYKPRRL7S,King,Shoreline,53033020200,WA,POINT (-122.33364 47.73709)
VOLT,1G1RD6E45E,King,Bothell,53033021804,WA,POINT (-122.20563 47.76144)
BZ4X,JTMABACA9R,King,Seattle,53033002900,WA,POINT (-122.38418 47.70044)
MODEL 3,5YJ3E1EB1J,Clark,Vancouver,53011040812,WA,POINT (-122.62731 45.71668)
MUSTANG MACH-E,3FMTK3SU9P,Thurston,Olympia,53067010400,WA,POINT (-122.89165 47.03954)
MODEL 3,5YJ3E1EA5L,King,Shoreline,53033020800,WA,POINT (-122.37238 47.74068)
I4,WBY33AW02R,King,Kirkland,53033022701,WA,POINT (-122.2066 47.67887)
PROLOGUE,3GPKHVRJXR,King,Seattle,53033007202,WA,POINT (-122.34468 47.61578)
IONIQ 5,7YAKRDDCXT,Clark,Vancouver,53011041309,WA,POINT (-122.49212 45.60365)
MODEL 3,5YJ3E1EA2R,King,Shoreline,53033020302,WA,POINT (-122.33364 47.73709)
LYRIQ,1GYKPURL9S,King,Kent,53033029603,WA,POINT (-122.19976 47.37483)
LEAF,1N4AZ1CP1J,King,Duvall,53033032401,WA,POINT (-121.98609 47.74068)
POLESTAR 2,LPSED3KA5M,Kitsap,Bainbridge Island,53035090800,WA,POINT (-122.521 47.62759)
MODEL 3,5YJ3E1EB1J,King,Kirkland,53033022300,WA,POINT (-122.22901 47.72201)
BLAZER,3GNKDHRK1R,Kitsap,Poulsbo,53035940000,WA,POINT (-122.64681 47.73689)
MODEL 3,5YJ3E1EB5N,King,Bothell,53033022001,WA,POINT (-122.20563 47.76144)
ARIYA HATCHBACK,JN1BF0BA4P,King,Renton,53033025304,WA,POINT (-122.18839 47.51197)
MODEL 3,5YJ3E1EBXT,Kitsap,Poulsbo,53035090201,WA,POINT (-122.64681 47.73689)
OPTIQ,3GYK3DMR3S,King,Renton,53033025602,WA,POINT (-122.11589 47.50243)
ZEVO,2G5ZJ3TY5R,King,Kirkland,53033022501,WA,POINT (-122.2066 47.67887)
MUSTANG MACH-E,3FMTK4SE6N,Kitsap,Port Orchard,53035092300,WA,POINT (-122.63848 47.5414)
R1S,7PDSGABA1P,King,Seattle,53033000500,WA,POINT (-122.37238 47.74068)
LEAF,1N4AZ1CP3K,Clark,Vancouver,53011040709,WA,POINT (-122.57722 45.64251)
MODEL Y,7SAYGDED7T,Kitsap,Poulsbo,53035091100,WA,POINT (-122.64681 47.73689)
F-150,1FTVW1EL3P,King,Seattle,53033009300,WA,POINT (-122.32741 47.58616)
MODEL S,5YJSA1H19E,King,Kent,53033029408,WA,POINT (-122.17743 47.41185)
MODEL 3,5YJ3E1EB9N,King,Redmond,53033032325,WA,POINT (-122.13158 47.67858)
MODEL Y,7SAYGDEE9P,Clark,Vancouver,53011041330,WA,POINT (-122.55149 45.69345)
MODEL 3,5YJ3E1EA0P,King,Bellevue,53033023805,WA,POINT (-122.1872 47.61001)
MODEL X,7SAXCBE58R,King,Issaquah,53033032104,WA,POINT (-122.03439 47.5301)
BZ,JTMBDAFB1T,Kitsap,Kingston,53035090102,WA,POINT (-122.4977 47.79802)
R1S,7PDSGBBA4R,King,Sammamish,53033032213,WA,POINT (-122.03539 47.61344)
PACIFICA,2C4RC1N77K,King,Federal Way,53033030102,WA,POINT (-122.36217 47.31011)
MODEL 3,5YJ3E1EA2L,King,Newcastle,53033024703,WA,POINT (-122.18839 47.51197)
KONA,KM8K23AG5P,King,Kenmore,53033022102,WA,POINT (-122.24369 47.75892)
MODEL 3,5YJ3E1EA5S,King,Seattle,53033004401,WA,POINT (-122.31676 47.68156)
IONIQ 5,KM8KR4DE3R,King,Seattle,53033002900,WA,POINT (-122.38418 47.70044)
MODEL 3,5YJ3E1EB3J,King,Seattle,53033011901,WA,POINT (-122.25031 47.49481)
BOLT EV,1G1FX6S00P,King,Seattle,53033003302,WA,POINT (-122.38591 47.67597)
NX,JTJHKCFZ1N,King,Seattle,53033000900,WA,POINT (-122.30253 47.72656)
LEAF,1N4BZ0CP2H,King,Kent,53033029306,WA,POINT (-122.17743 47.41185)
RAV4 PRIME (PHEV),JTMEB3FV0R,King,Seattle,53033003500,WA,POINT (-122.35436 47.67596)
LEAF,1N4AZ1BPXL,Thurston,Olympia,53067010100,WA,POINT (-122.89165 47.03954)
MODEL 3,5YJ3E1EA2J,King,Seattle,53033001702,WA,POINT (-122.37238 47.74068)
IONIQ 5,KM8KNDDFXR,King,Seattle,53033000500,WA,POINT (-122.37238 47.74068)
MODEL Y,7SAYGDED7T,King,Seattle,53033001100,WA,POINT (-122.30253 47.72656)
PACIFICA,2C4RC1S75P,King,Tukwila,53033026200,WA,POINT (-122.29411 47.48924)
RAV4 PRIME (PHEV),JTMAB3FV0P,Clark,Vancouver,53011041900,WA,POINT (-122.67156 45.63248)
MODEL Y,5YJYGDEEXM,King,Renton,53033025704,WA,POINT (-122.20489 47.47532)
MODEL Y,7SAYGAEE0R,Snohomish,Everett,53061041901,WA,POINT (-122.27557 47.88936)
E-TRON,WA1VAAGE7K,Clark,Vancouver,53011041320,WA,POINT (-122.48723 45.63701)
MODEL Y,7SAYGAEE0P,King,Kirkland,53033022604,WA,POINT (-122.2066 47.67887)
MODEL 3,5YJ3E1EA1K,King,Bellevue,53033023805,WA,POINT (-122.1872 47.61001)
CX-90,JM3KKEHA1R,King,Kirkland,53033022006,WA,POINT (-122.2066 47.67887)
PACIFICA,2C4RC1L71N,King,Bellevue,53033023000,WA,POINT (-122.11867 47.63131)
MODEL Y,7SAYGDEE6P,King,Shoreline,53033020500,WA,POINT (-122.30304 47.75494)
R1S,7PDSGABA6P,King,Bothell,53033021905,WA,POINT (-122.20563 47.76144)
MODEL Y,7SAYGDEE1R,King,Sammamish,53033032317,WA,POINT (-122.02054 47.60326)
IONIQ 5,KM8KRDAFXP,Clark,Vancouver,53011041208,WA,POINT (-122.59219 45.62158)
MUSTANG MACH-E,3FMTK3SUXS,King,Duvall,53033032401,WA,POINT (-121.98609 47.74068)
MODEL 3,5YJ3E1EC4P,King,Kirkland,53033022401,WA,POINT (-122.2066 47.67887)
CX-90,JM3KKEHA1R,King,Renton,53033029309,WA,POINT (-122.19488 47.44034)
MODEL Y,7SAYGDEE7T,Clark,Vancouver,53011040703,WA,POINT (-122.57722 45.64251)
PROLOGUE,3GPKHZRJ1R,King,Kent,53033029407,WA,POINT (-122.17743 47.41185)
MODEL 3,5YJ3E1EA2S,King,Normandy Park,53033028600,WA,POINT (-122.34731 47.45207)
C-MAX,1FADP5CU6G,Stevens,Colville,53065950500,WA,POINT (-117.90454 48.54657)
SPORTAGE,KNDPYDAH8P,Clark,Camas,53011040608,WA,POINT (-122.40177 45.58705)
TRANSIT,1FTBW9CK7N,Snohomish,Arlington,53061052803,WA,POINT (-122.1264 48.19471)
VOLT,1G1RH6E49E,King,Bellevue,53033023901,WA,POINT (-122.1872 47.61001)
Q4,WA1LUBFZ7S,King,Seattle,53033008300,WA,POINT (-122.34223 47.61085)
R1S,7PDSGCBA6T,King,Duvall,53033032401,WA,POINT (-121.98609 47.74068)
IONIQ 5,KM8KNDAF0P,Thurston,Olympia,53067010802,WA,POINT (-122.89165 47.03954)
MODEL S,5YJSA1CG1D,King,Federal Way,53033030101,WA,POINT (-122.36217 47.31011)
MODEL Y,7SAYGDEE8P,King,Seattle,53033001400,WA,POINT (-122.37238 47.74068)
MODEL S,5YJSA1E51M,Yakima,Yakima,53077002804,WA,POINT (-120.60272 46.59656)
SOUL,KNDJP3AE3G,Clark,Camas,53011041400,WA,POINT (-122.40177 45.58705)
MODEL Y,7SAYGDEE8T,King,Bellevue,53033023805,WA,POINT (-122.1872 47.61001)
MODEL S,5YJSA1S19E,King,Kirkland,53033022501,WA,POINT (-122.2066 47.67887)
XC90,YV4BR0CK5M,Island,Coupeville,53029971000,WA,POINT (-122.68558 48.21857)
LEAF,1N4BZ1DV1M,Kitsap,Poulsbo,53035090400,WA,POINT (-122.64681 47.73689)
MODEL 3,5YJ3E1ET9R,Clark,Vancouver,53011040803,WA,POINT (-122.62731 45.71668)
EV9,KNDAFFS55R,King,Bellevue,53033024904,WA,POINT (-122.12096 47.55584)
SPORTAGE,KNDPZDDH4S,Clark,Vancouver,53011040709,WA,POINT (-122.57722 45.64251)
MODEL X,7SAXCDE56P,King,Medina,53033024002,WA,POINT (-122.23892 47.61613)
FORTWO ELECTRIC DRIVE,WMEEJ9AA6F,King,Redmond,53033022605,WA,POINT (-122.13158 47.67858)
MODEL Y,7SAYGDEEXT,Snohomish,Lynnwood,53061051916,WA,POINT (-122.29245 47.82557)
MODEL Y,7SAYGDEE8R,King,Redmond,53033022606,WA,POINT (-122.13158 47.67858)
MODEL Y,7SAYGDEE6T,King,Kirkland,53033021905,WA,POINT (-122.22901 47.72201)
MODEL Y,7SAYGDET0T,King,Bellevue,53033023603,WA,POINT (-122.1621 47.64441)
MODEL Y,7SAYGDEE6P,King,Bellevue,53033023805,WA,POINT (-122.1872 47.61001)
PROLOGUE,3GPKHZRJ4S,King,Kent,53033029407,WA,POINT (-122.17743 47.41185)
ARIYA HATCHBACK,JN1AF0BA3R,King,Shoreline,53033020301,WA,POINT (-122.33364 47.73709)
MODEL Y,7SAYGDEE6T,King,Sammamish,53033032215,WA,POINT (-122.03539 47.61344)
R1S,7PDSGCBP2S,Kitsap,Bainbridge Island,53035090700,WA,POINT (-122.521 47.62759)
WRANGLER,1C4JJXP69M,King,Bellevue,53033025007,WA,POINT (-122.12096 47.55584)
BOLT EV,1G1FW6S03J,Thurston,Olympia,53067010100,WA,POINT (-122.89165 47.03954)
AIR,50EA1TEA3P,Kitsap,Bainbridge Island,53035090902,WA,POINT (-122.521 47.62759)
BOLT EV,1G1FZ6S0XK,King,Des Moines,53033029001,WA,POINT (-122.30615 47.38542)
C-MAX,1FADP5EU9H,King,Issaquah,53033025006,WA,POINT (-122.03439 47.5301)
MODEL Y,7SAYGDED9R,King,Bothell,53033022102,WA,POINT (-122.20563 47.76144)
MODEL Y,7SAYGDEE8T,King,Bothell,53033022001,WA,POINT (-122.20563 47.76144)
I4,WBY73AW05P,King,Seattle,53033007302,WA,POINT (-122.34223 47.61085)
BRIGHTDROP,2G5ZJ2TZ7S,King,Redmond,53033032325,WA,POINT (-122.13158 47.67858)
MODEL Y,7SAYGDEE3R,Snohomish,Bothell,53061051918,WA,POINT (-122.18384 47.8031)
BOLT EV,1G1FY6S07K,King,Kirkland,53033022003,WA,POINT (-122.22901 47.72201)
IONIQ 6,KMHM34AC5S,King,Seattle,53033008600,WA,POINT (-122.31009 47.60803)
MODEL Y,7SAYGDEF8N,Clark,Camas,53011041500,WA,POINT (-122.40177 45.58705)
S60,7JRH60FL9R,King,Seattle,53033006200,WA,POINT (-122.30207 47.64085)
MODEL 3,5YJ3E1EC7M,King,Kirkland,53033022003,WA,POINT (-122.22901 47.72201)
MODEL 3,5YJ3E1EBXK,King,Kirkland,53033022501,WA,POINT (-122.2066 47.67887)
X5,5UX43EU03S,King,Seattle,53033001202,WA,POINT (-122.30253 47.72656)
PRIUS PRIME (PHEV),JTDKARFP1H,King,Seattle,53033001400,WA,POINT (-122.33364 47.73709)
MODEL S,5YJSA1DN0C,Yakima,Toppenish,53077940006,WA,POINT (-120.31298 46.37508)
LEAF,JN1AZ0CP5B,Jefferson,Port Townsend,53031950602,WA,POINT (-122.77263 48.1212)
BOLT,1G1FZ6EV9V,King,Seattle,53033009400,WA,POINT (-122.30866 47.57874)
LEAF,1N4AZ0CP1F,King,Seattle,53033001202,WA,POINT (-122.30253 47.72656)
MODEL Y,7SAYGDEE8S,Clark,Vancouver,53011041329,WA,POINT (-122.49212 45.60365)
RAV4 PRIME (PHEV),JTMFB3FV3N,King,Kirkland,53033022402,WA,POINT (-122.2066 47.67887)
ARIYA MPV,JN8AF0BE9S,King,Seattle,53033002200,WA,POINT (-122.30253 47.72656)
PACIFICA,2C4RC1L77P,King,Redmond,53033022803,WA,POINT (-122.13158 47.67858)
MODEL Y,7SAYGDEE3R,King,Kirkland,53033022006,WA,POINT (-122.2066 47.67887)
LEAF,1N4AZ0CP2E,Kitsap,Poulsbo,53035090502,WA,POINT (-122.64681 47.73689)
MODEL S,5YJSA1E21J,King,Newcastle,53033025005,WA,POINT (-122.11589 47.50243)
EQUINOX,3GN7DLRR1R,Clark,Vancouver,53011040703,WA,POINT (-122.57722 45.64251)
CAYENNE,WP1AE2A25H,King,Renton,53033025303,WA,POINT (-122.20489 47.47532)
X3,5UXTS1C00L,King,Kirkland,53033022702,WA,POINT (-122.2066 47.67887)
I4,WBY33AW02P,Clark,Vancouver,53011041334,WA,POINT (-122.55149 45.69345)
NIRO,KNDCT3L16R,King,Seattle,53033006300,WA,POINT (-122.30207 47.64085)
X5,5UXTA6C04N,King,Beaux Arts,53033023901,WA,POINT (-122.1872 47.61001)
MODEL 3,5YJ3E1EA8T,Clark,Ridgefield,53011040305,WA,POINT (-122.74595 45.81539)
XC40,YV4ED3UR0M,King,Seattle,53033000602,WA,POINT (-122.33364 47.73709)
E-GOLF,WVWKP7AU2G,King,Burien,53033027901,WA,POINT (-122.34731 47.45207)
MODEL Y,7SAYGDEE1T,King,Bothell,53033022001,WA,POINT (-122.20563 47.76144)
SOLTERRA,JTMABABA7P,Clark,Vancouver,53011041328,WA,POINT (-122.49212 45.60365)
MODEL 3,5YJ3E1EA9R,King,Seattle,53033006400,WA,POINT (-122.30207 47.64085)
SOUL,KNDJX3AE7J,King,Shoreline,53033020600,WA,POINT (-122.30304 47.75494)
SOLTERRA,JTMABABA5R,Kitsap,Bainbridge Island,53035090700,WA,POINT (-122.521 47.62759)
MODEL 3,5YJ3E1EA9M,Clark,Vancouver,53011041008,WA,POINT (-122.64443 45.67871)
CLARITY,JHMZC5F11J,Clark,Battle Ground,53011040408,WA,POINT (-122.5331 45.78092)
MACAN,WP1AA2XA9R,King,Kirkland,53033022703,WA,POINT (-122.2066 47.67887)
MODEL Y,7SAYGDED1R,Snohomish,Lake Stevens,53061052605,WA,POINT (-122.06402 48.01497)
LEAF,1N4BZ1BV6N,Clark,Vancouver,53011041208,WA,POINT (-122.59219 45.62158)
MODEL X,7SAXCAE54R,King,Redmond,53033032321,WA,POINT (-122.13158 47.67858)
RAV4 PRIME (PHEV),JTMEB3FVXS,Kitsap,Silverdale,53035091205,WA,POINT (-122.69275 47.65171)
MODEL Y,7SAYGAEE2N,Snohomish,Stanwood,53061053302,WA,POINT (-122.37265 48.24159)
POLESTAR 2,LPSED3KA6M,King,Shoreline,53033020401,WA,POINT (-122.30304 47.75494)
EQE-CLASS SUV,4JGGM1CB4P,King,Newcastle,53033025005,WA,POINT (-122.11589 47.50243)
MODEL 3,5YJ3E1EA7J,King,Bellevue,53033023603,WA,POINT (-122.12056 47.61334)
X5,5UXTA6C0XP,Snohomish,Lynnwood,53061051931,WA,POINT (-122.29245 47.82557)
MODEL Y,7SAYGAEE1P,King,Bellevue,53033024901,WA,POINT (-122.12096 47.55584)
FORTWO ELECTRIC DRIVE,WMEEJ9AA9D,Thurston,Olympia,53067010600,WA,POINT (-122.92018 47.04575)
MODEL X,7SAXCBE58P,King,Bellevue,53033023901,WA,POINT (-122.1872 47.61001)
LEAF,1N4AZ1CP1K,King,Seattle,53033001400,WA,POINT (-122.37238 47.74068)
MODEL 3,5YJ3E1EA7P,Clark,Vancouver,53011040806,WA,POINT (-122.57722 45.64251)
XC60,YV4H60RM4S,King,Mercer Island,53033024302,WA,POINT (-122.21238 47.57816)
MODEL 3,5YJ3E1EB4L,Clark,Ridgefield,53011040403,WA,POINT (-122.74595 45.81539)
Q5 E,WA1E2AFY6R,King,Bellevue,53033023806,WA,POINT (-122.1872 47.61001)
XC90,YV4H600N0P,King,Lake Forest Park,53033021500,WA,POINT (-122.30304 47.75494)
MODEL 3,5YJ3E1EA3P,King,Bellevue,53033024001,WA,POINT (-122.1872 47.61001)
X5,5UXTA6C08N,King,Seattle,53033000900,WA,POINT (-122.30253 47.72656)
MODEL Y,7SAYGDEFXN,King,Seattle,53033000602,WA,POINT (-122.33364 47.73709)
EV6,KNDC3DLC3N,Clark,Vancouver,53011040803,WA,POINT (-122.62731 45.71668)
E-TRON,WA1ACBGEXN,King,Bothell,53033021804,WA,POINT (-122.20563 47.76144)
MODEL 3,5YJ3E1EBXJ,Yakima,Yakima,53077000903,WA,POINT (-120.60272 46.59656)
WRANGLER,1C4RJXN62R,King,Seattle,53033008401,WA,POINT (-122.34223 47.61085)
PROLOGUE,3GPKHXRJ3R,King,Seattle,53033006800,WA,POINT (-122.34845 47.63283)
MODEL Y,7SAYGDEE4T,Island,Oak Harbor,53029970500,WA,POINT (-122.64682 48.29077)
Q4,WA1M2BFZ7P,King,Kirkland,53033021904,WA,POINT (-122.22901 47.72201)
CYBERTRUCK,7G2CEHEEXR,King,Seattle,53033000601,WA,POINT (-122.30253 47.72656)
RAV4 PRIME (PHEV),JTMFB3FV1R,Kitsap,Bainbridge Island,53035090700,WA,POINT (-122.521 47.62759)
MODEL Y,7SAYGDEDXP,King,Seattle,53033000700,WA,POINT (-122.30253 47.72656)
ID.4,1V2GNPE82P,King,Shoreline,53033020200,WA,POINT (-122.37238 47.74068)
MODEL Y,7SAYGDEE0P,King,Sammamish,53033032318,WA,POINT (-122.02054 47.60326)
LEAF,1N4AZ0CP0F,King,Kirkland,53033022401,WA,POINT (-122.2066 47.67887)
LEAF,1N4BZ1CV3N,King,Seattle,53033006300,WA,POINT (-122.30207 47.64085)
MODEL 3,5YJ3E1EB2L,King,Seattle,53033000900,WA,POINT (-122.30253 47.72656)
R1S,7PDSGBBA5S,King,Kirkland,53033022603,WA,POINT (-122.2066 47.67887)
ESCAPE,1FMCU0E15R,King,Bellevue,53033023801,WA,POINT (-122.1872 47.61001)
Q4,WA1LUBFZ6R,King,Seattle,53033004600,WA,POINT (-122.35436 47.67596)
MODEL Y,5YJYGDEE0M,King,Issaquah,53033032221,WA,POINT (-122.01656 47.57118)
MODEL Y,7SAYGDEEXP,King,Kirkland,53033022005,WA,POINT (-122.22901 47.72201)
R1S,7PDSGABA8P,King,Bellevue,53033025008,WA,POINT (-122.12096 47.55584)
X5,5UXTA6C0XM,King,Lake Forest Park,53033021300,WA,POINT (-122.30304 47.75494)
MODEL S,5YJSA1E28M,King,Shoreline,53033020600,WA,POINT (-122.33364 47.73709)
FORTWO,WMEEJ9AA0G,Kitsap,Bremerton,53035080300,WA,POINT (-122.61136 47.5752)
BOLT EV,1G1FX6S01H,King,Seattle,53033004600,WA,POINT (-122.35436 47.67596)
MODEL Y,7SAYGDEE7S,King,Shoreline,53033020301,WA,POINT (-122.33364 47.73709)
EV9,KNDAEFS56S,King,Seattle,53033000800,WA,POINT (-122.30253 47.72656)
RAV4 PRIME (PHEV),JTMAB3FV4R,King,Seattle,53033009600,WA,POINT (-122.41067 47.57894)
MODEL Y,7SAYGAEEXR,Thurston,Yelm,53067012422,WA,POINT (-122.60735 46.94239)
PRIUS PRIME (PHEV),JTDKARFP3J,King,Kirkland,53033021903,WA,POINT (-122.22901 47.72201)
MODEL 3,5YJ3E1EB6J,King,Kirkland,53033022604,WA,POINT (-122.2066 47.67887)
MODEL 3,5YJ3E1EA0K,Clark,Battle Ground,53011040414,WA,POINT (-122.5331 45.78092)
R1T,7FCTGAAA3P,Kitsap,Seabeck,53035091301,WA,POINT (-122.81585 47.64509)
F-150,1FTVW5L75R,King,Kenmore,53033021702,WA,POINT (-122.24369 47.75892)
XC40,YV4ED3UM5P,King,Kenmore,53033021600,WA,POINT (-122.24369 47.75892)
GRAND CHEROKEE,1C4RJYC60P,Cowlitz,Kelso,53015000901,WA,POINT (-122.89867 46.14424)
E-TRON,WA1LAAGE8P,King,Duvall,53033032402,WA,POINT (-121.98609 47.74068)
MODEL Y,5YJYGDEE8M,King,Auburn,53033029902,WA,POINT (-122.28802 47.30264)
ID.4,WVGTMPE26N,King,Seattle,53033009100,WA,POINT (-122.32945 47.60357)
BOLT EUV,1G1FZ6S02N,Clark,Washougal,53011040509,WA,POINT (-122.35341 45.57923)
MODEL S,5YJSA1E28J,Clark,Vancouver,53011040905,WA,POINT (-122.70303 45.70954)
MODEL Y,7SAYGDEE0T,King,Bellevue,53033024901,WA,POINT (-122.12096 47.55584)
XC90,YV4H60CL9N,King,Redmond,53033032321,WA,POINT (-122.13158 47.67858)
XC90,YV4BC0PM9H,King,Seattle,53033007002,WA,POINT (-122.34845 47.63283)
MODEL Y,7SAYGDEE8P,King,Kent,53033029507,WA,POINT (-122.19976 47.37483)
BLAZER,3GNKDBRJ7R,Clark,Vancouver,53011040904,WA,POINT (-122.70303 45.70954)
R1T,7FCTGAAA0P,Clark,Battle Ground,53011040416,WA,POINT (-122.5331 45.78092)
MODEL 3,5YJ3E1EA8R,King,Bothell,53033021905,WA,POINT (-122.20563 47.76144)
XC90,YV4BC0PM3G,King,Kirkland,53033022401,WA,POINT (-122.2066 47.67887)
SQ8,WA1DCBGE0R,King,Kirkland,53033022701,WA,POINT (-122.2066 47.67887)
VOLT,1G1RA6S50J,Thurston,Yelm,53067012531,WA,POINT (-122.60735 46.94239)
MODEL Y,7SAYGDEE4R,King,Sammamish,53033032225,WA,POINT (-122.02054 47.60326)
ID.4,WVGKMPE25N,King,Kent,53033029306,WA,POINT (-122.17743 47.41185)
C40,YV4ED3GB9N,King,Seattle,53033006800,WA,POINT (-122.36381 47.63046)
Q5 E,WA1E2AFY7L,Kitsap,Bainbridge Island,53035091002,WA,POINT (-122.521 47.62759)
I4,WBY43HD01S,Clark,Vancouver,53011040713,WA,POINT (-122.55149 45.69345)
R1T,7FCTGAAL0N,King,Seattle,53033004800,WA,POINT (-122.38591 47.67597)
TAYCAN,WP0AB2Y18L,King,Seattle,53033007303,WA,POINT (-122.34845 47.63283)
EV6,KNDC3DLC4P,King,Seattle,53033001600,WA,POINT (-122.37238 47.74068)
MODEL 3,5YJ3E1EB0J,King,Issaquah,53033032103,WA,POINT (-122.03439 47.5301)
MODEL Y,7SAYGDEE4P,King,Kent,53033029403,WA,POINT (-122.17743 47.41185)
MODEL X,5YJXCBE22H,King,Issaquah,53033025006,WA,POINT (-122.03439 47.5301)
RZ,JTJAAAAB2S,King,Seattle,53033012100,WA,POINT (-122.36322 47.49736)
XC40,YV4ED3UM1P,King,Seattle,53033001000,WA,POINT (-122.30253 47.72656)
MODEL Y,7SAYGDEE6P,Snohomish,Bothell,53061052009,WA,POINT (-122.20105 47.84423)
MODEL 3,5YJ3E1EA0S,Clark,Camas,53011040609,WA,POINT (-122.40177 45.58705)
I4,WBY83FB0XR,King,Duvall,53033032402,WA,POINT (-121.98609 47.74068)
SOLTERRA,JTMBDAFC8T,King,Kirkland,53033022702,WA,POINT (-122.2066 47.67887)
PRIUS PRIME (PHEV),JTDACACU4R,Kitsap,Port Orchard,53035092200,WA,POINT (-122.63848 47.5414)
MODEL 3,5YJ3E1EB3M,Clark,Ridgefield,53011040403,WA,POINT (-122.74595 45.81539)
AVIATOR,5LMYJ8XY0L,King,Pacific,53033030902,WA,POINT (-122.24692 47.26465)
MODEL 3,5YJ3E1EA2P,King,Bellevue,53033023300,WA,POINT (-122.11867 47.63131)
MODEL 3,5YJ3E1EA5J,Clark,Vancouver,53011040908,WA,POINT (-122.70303 45.70954)
MODEL Y,7SAYGDEE3T,King,Kenmore,53033022101,WA,POINT (-122.24369 47.75892)
MUSTANG MACH-E,3FMTK3SU0S,Kitsap,Bainbridge Island,53035091002,WA,POINT (-122.521 47.62759)
MODEL 3,5YJ3E1EB6J,King,Kirkland,53033022402,WA,POINT (-122.2066 47.67887)
BLAZER,3GNKDBRJXR,Clark,Vancouver,53011040908,WA,POINT (-122.70303 45.70954)
IONIQ 5,7YAKRDDCXS,King,Seattle,53033001300,WA,POINT (-122.33364 47.73709)
MACAN,WP1AA2XA2T,King,Bellevue,53033023702,WA,POINT (-122.1621 47.64441)
MODEL 3,5YJ3E1EB1P,King,Bellevue,53033023701,WA,POINT (-122.1621 47.64441)
RAV4 PRIME (PHEV),JTMFB3FV3N,King,Seattle,53033004800,WA,POINT (-122.35436 47.67596)
VOLT,1G1RD6S56G,Kitsap,Bainbridge Island,53035090902,WA,POINT (-122.521 47.62759)
SOLTERRA,JTMABABAXP,King,Shoreline,53033021100,WA,POINT (-122.30304 47.75494)
EV9,5XYAEFS55T,King,Kirkland,53033022702,WA,POINT (-122.2066 47.67887)
MODEL Y,7SAYGDEE3T,King,Kent,53033031704,WA,POINT (-122.10798 47.37124)
BZ4X,JTMABACA1S,King,Renton,53033025304,WA,POINT (-122.18839 47.51197)
TRAILSEEKER,JTMBGAHC9T,Clark,Vancouver,53011041336,WA,POINT (-122.48723 45.63701)
EV6,KNDC34LA8R,King,Burien,53033027800,WA,POINT (-122.34731 47.45207)
MODEL Y,7SAYGDED9R,Clark,Vancouver,53011042800,WA,POINT (-122.62934 45.63201)
GRAND CHEROKEE,1C4RJYB66P,King,Seattle,53033012000,WA,POINT (-122.36322 47.49736)
MODEL X,5YJXCBE20L,King,Bellevue,53033024001,WA,POINT (-122.1872 47.61001)
SANTA FE,KM8S7DA29P,Snohomish,Lynnwood,53061051602,WA,POINT (-122.27734 47.83785)
EV9,KNDAEFS52R,King,Redmond,53033032323,WA,POINT (-122.13158 47.67858)
S-CLASS,W1K6G6KB2R,King,Bellevue,53033023807,WA,POINT (-122.1872 47.61001)
MODEL 3,5YJ3E1EAXL,King,Bothell,53033021804,WA,POINT (-122.20563 47.76144)
MODEL Y,7SAYGDEE2T,King,Seattle,53033002700,WA,POINT (-122.35436 47.67596)
MODEL Y,7SAYGDEE1T,King,Kent,53033031704,WA,POINT (-122.10798 47.37124)
MODEL 3,5YJ3E1EB6M,Clark,Vancouver,53011040908,WA,POINT (-122.70303 45.70954)
B-CLASS,WDDVP9AB7E,King,Kirkland,53033022006,WA,POINT (-122.22901 47.72201)
IX,WB523CF00N,Kitsap,Silverdale,53035091302,WA,POINT (-122.69275 47.65171)
WRANGLER,1C4RJXU66R,Clark,Camas,53011040605,WA,POINT (-122.40177 45.58705)
KONA,KM8HE3A65R,King,Seattle,53033000602,WA,POINT (-122.33364 47.73709)
BOLT EUV,1G1FZ6S06N,King,Seattle,53033006200,WA,POINT (-122.30207 47.64085)
MODEL S,5YJSA1E22H,King,Redmond,53033022902,WA,POINT (-122.13158 47.67858)
MODEL 3,5YJ3E1EB3R,Snohomish,Lynnwood,53061041816,WA,POINT (-122.27981 47.85727)
MODEL 3,5YJ3E1EB0M,Snohomish,Lake Stevens,53061053505,WA,POINT (-122.06402 48.01497)
R1S,7PDSGCBA7T,King,Kirkland,53033022203,WA,POINT (-122.22901 47.72201)
RAV4 PRIME (PHEV),JTMFB3FV3M,Clark,Vancouver,53011040908,WA,POINT (-122.70303 45.70954)
POLESTAR 2,LPSED3KA0N,King,Lake Forest Park,53033021400,WA,POINT (-122.30304 47.75494)
MODEL Y,7SAYGDED0T,Snohomish,Lake Stevens,53061052506,WA,POINT (-122.06402 48.01497)
MODEL Y,7SAYGDEE7P,King,Bellevue,53033024701,WA,POINT (-122.12096 47.55584)
NX,JTJHKCFZ5T,King,Auburn,53033029602,WA,POINT (-122.18263 47.31825)
MODEL Y,7SAYGAEE6T,Snohomish,Lake Stevens,53061052605,WA,POINT (-122.06402 48.01497)
Q5 E,WA1E2AFY2R,King,Seattle,53033006500,WA,POINT (-122.32427 47.63433)
MODEL Y,7SAYGDEE5T,Clark,Vancouver,53011040709,WA,POINT (-122.57722 45.64251)
ARIYA MPV,JN8CF0BF5S,King,Bellevue,53033023500,WA,POINT (-122.1621 47.64441)
PACIFICA,2C4RC1N74L,King,Seattle,53033001600,WA,POINT (-122.37238 47.74068)
CLARITY,JHMZC5F13J,King,Kirkland,53033022401,WA,POINT (-122.2066 47.67887)
MODEL Y,7SAYGDEEXP,Thurston,Yelm,53067012412,WA,POINT (-122.60735 46.94239)
R1S,7PDSGFBAXT,King,North Bend,53033032704,WA,POINT (-121.7831 47.49348)
MODEL 3,5YJ3E1EA9P,Kitsap,Poulsbo,53035091100,WA,POINT (-122.64681 47.73689)
F-150,1FTVW1EVXP,King,Sammamish,53033032318,WA,POINT (-122.02054 47.60326)
BOLT EV,1G1FY6S04M,Thurston,Olympia,53067010100,WA,POINT (-122.89165 47.03954)
R1S,7PDSGBBA8P,King,Redmond,53033032321,WA,POINT (-122.13158 47.67858)
VOLT,1G1RC6S54H,King,Kirkland,53033022603,WA,POINT (-122.2066 47.67887)
EX90,7JDE23VL2S,King,Redmond,53033022803,WA,POINT (-122.13158 47.67858)
BOLT EV,1G1FX6S05P,Jefferson,Port Ludlow,53031950301,WA,POINT (-122.68475 47.92989)
GLE-CLASS,4JGDA6DB9H,King,Seattle,53033000101,WA,POINT (-122.30253 47.72656)
CLARITY,JHMZC5F37L,King,Bothell,53033022001,WA,POINT (-122.20563 47.76144)
MODEL X,7SAXCBE54P,King,Kent,53033029702,WA,POINT (-122.19976 47.37483)
PRIUS PRIME (PHEV),JTDACACU6R,Clark,Vancouver,53011041208,WA,POINT (-122.59219 45.62158)
BOLT EUV,1G1FY6S09P,King,Seattle,53033004500,WA,POINT (-122.31307 47.66127)
MODEL Y,7SAYGDED2R,King,Renton,53033025201,WA,POINT (-122.18839 47.51197)
FUSION,3FA6P0SU1G,Clark,Vancouver,53011040803,WA,POINT (-122.62731 45.71668)
MODEL S,5YJSA1H24F,King,Seattle,53033004702,WA,POINT (-122.38591 47.67597)
MODEL Y,7SAYGDEE4T,Clark,Vancouver,53011040803,WA,POINT (-122.62731 45.71668)
ID.4,WVGRMPE28N,King,Shoreline,53033020302,WA,POINT (-122.33364 47.73709)
MODEL 3,5YJ3E1EAXS,King,Bellevue,53033023806,WA,POINT (-122.1872 47.61001)
X5,5UX43EU00T,King,Issaquah,53033025006,WA,POINT (-122.03439 47.5301)
MODEL Y,7SAYGDEE0T,Clark,Vancouver,53011041335,WA,POINT (-122.55149 45.69345)
Q5 E,WA1E2AFY2M,King,Seattle,53033007800,WA,POINT (-122.31009 47.60803)
FUSION,3FA6P0SU6G,Clark,Vancouver,53011041325,WA,POINT (-122.49212 45.60365)
MODEL Y,7SAYGDEE5R,Clark,Vancouver,53011040709,WA,POINT (-122.57722 45.64251)
ID.4,1V2WSPE81S,King,Seattle,53033007503,WA,POINT (-122.31009 47.60803)
NX,JTJKKCFZ5N,King,Renton,53033025804,WA,POINT (-122.08747 47.4466)
MODEL Y,7SAYGDED6S,Cowlitz,Silverlake,53015001800,WA,POINT (-122.8112 46.29694)
LEAF,1N4AZ0CP3D,King,Seattle,53033006900,WA,POINT (-122.36381 47.63046)
MODEL Y,7SAYGDEE2T,Snohomish,Arlington,53061053507,WA,POINT (-122.1264 48.19471)
MODEL 3,5YJ3E1EB2M,Kitsap,Silverdale,53035091205,WA,POINT (-122.69275 47.65171)
MODEL 3,5YJ3E1EA1M,King,Renton,53033025805,WA,POINT (-122.19488 47.44034)
MODEL Y,5YJYGDEE5M,King,Redmond,53033032321,WA,POINT (-122.13158 47.67858)
MODEL Y,7SAYGDEE4P,King,Sammamish,53033032224,WA,POINT (-122.03539 47.61344)
MODEL Y,7SAYGDEE7N,King,Sammamish,53033032217,WA,POINT (-122.03539 47.61344)
330E,WBA8E1C52J,King,Renton,53033025304,WA,POINT (-122.18839 47.51197)
EQUINOX,3GN7DNRP6R,King,Renton,53033025804,WA,POINT (-122.08747 47.4466)
MODEL 3,5YJ3E1EA2R,King,Covington,53033031705,WA,POINT (-122.10798 47.37124)
R1S,7PDSGABA5P,Kitsap,Port Orchard,53035092300,WA,POINT (-122.63848 47.5414)
MODEL 3,5YJ3E1EA8P,King,Kirkland,53033022401,WA,POINT (-122.2066 47.67887)
I4,WBY33AW02R,King,Kirkland,53033022702,WA,POINT (-122.2066 47.67887)
MODEL 3,5YJ3E1EA0K,King,Lake Forest Park,53033021400,WA,POINT (-122.30304 47.75494)
500,3C3CFFGEXF,King,Seattle,53033000602,WA,POINT (-122.33364 47.73709)
SILVERADO,1GC10UED9R,Thurston,Tumwater,53067010801,WA,POINT (-122.89165 47.03954)
LEAF,1N4AZ1CP2L,King,Renton,53033025304,WA,POINT (-122.18839 47.51197)
R1S,7PDSGABA6P,Clark,Brush Prairie,53011040709,WA,POINT (-122.54578 45.73473)
CORSAIR,5LMTJ5DZ8T,King,Issaquah,53033032103,WA,POINT (-122.03439 47.5301)
MODEL 3,5YJ3E1EB2S,King,Kirkland,53033022003,WA,POINT (-122.22901 47.72201)
POLESTAR 2,YSMFD3KA5R,Clark,Vancouver,53011040910,WA,POINT (-122.70303 45.70954)
MODEL Y,7SAYGDEE5T,Clark,Vancouver,53011040803,WA,POINT (-122.62731 45.71668)
LEAF,1N4AZ0CP2D,Clark,Vancouver,53011040904,WA,POINT (-122.70303 45.70954)
MODEL 3,5YJ3E1EA9J,King,Bellevue,53033023806,WA,POINT (-122.1872 47.61001)
LYRIQ,1GYKPSRLXR,King,Sammamish,53033032216,WA,POINT (-122.03539 47.61344)
I5,WBY33HG06T,King,Seattle,53033009300,WA,POINT (-122.32741 47.58616)
MODEL Y,7SAYGDEE3R,King,Sammamish,53033032317,WA,POINT (-122.02054 47.60326)
MODEL 3,5YJ3E1EA1K,King,Sammamish,53033032317,WA,POINT (-122.02054 47.60326)
MODEL Y,7SAYGAEE3P,King,Burien,53033027600,WA,POINT (-122.34731 47.45207)
IONIQ 6,KMHM54AC3S,Clark,Vancouver,53011040909,WA,POINT (-122.70303 45.70954)
MODEL 3,5YJ3E1EC6N,King,Bellevue,53033024001,WA,POINT (-122.1872 47.61001)
MODEL Y,7SAYGDEE8T,Cowlitz,Woodland,53015001503,WA,POINT (-122.74017 45.9094)
MODEL 3,5YJ3E1EB1M,King,Bellevue,53033024001,WA,POINT (-122.1872 47.61001)
MODEL Y,7SAYGDED7T,Jefferson,Port Ludlow,53031950302,WA,POINT (-122.68475 47.92989)
SORENTO,KNDRMDJH6S,King,Bellevue,53033024800,WA,POINT (-122.12096 47.55584)
RAV4 PRIME (PHEV),JTMEB3FV4N,Clark,Brush Prairie,53011040603,WA,POINT (-122.54578 45.73473)
I4,WBY73AW07P,Clark,Vancouver,53011040713,WA,POINT (-122.55149 45.69345)
MODEL Y,7SAYGAEE9R,King,Redmond,53033032321,WA,POINT (-122.13158 47.67858)
SOLTERRA,JTMBDAFC6T,King,Seattle,53033002200,WA,POINT (-122.30253 47.72656)
MODEL 3,5YJ3E1EA1K,Clark,Camas,53011041325,WA,POINT (-122.40177 45.58705)
SOLTERRA,JTMABABA5S,King,Shoreline,53033020500,WA,POINT (-122.30304 47.75494)
MODEL Y,7SAYGDEE3T,King,Kent,53033029305,WA,POINT (-122.17743 47.41185)
LEAF,1N4AZ0CP0G,King,Seattle,53033000700,WA,POINT (-122.30253 47.72656)
R1T,7FCTGAAA1N,Clark,Vancouver,53011040907,WA,POINT (-122.70303 45.70954)
ID.4,WVGUNPE28M,Clark,Vancouver,53011040907,WA,POINT (-122.70303 45.70954)
RAV4 PRIME (PHEV),JTMFB3FV1S,Thurston,Olympia,53067011901,WA,POINT (-123.04078 46.94792)
MODEL Y,7SAYGDEE6P,King,Renton,53033025602,WA,POINT (-122.11589 47.50243)
X5,5UX43EU02T,King,Seattle,53033009300,WA,POINT (-122.32741 47.58616)
GLC-CLASS,W1N0G5DB3L,King,Seattle,53033002000,WA,POINT (-122.31676 47.68156)
ID.4,1V2DNPE84P,King,Woodinville,53033032319,WA,POINT (-122.15545 47.75448)
ID.4,WVGKMPE21M,King,Kent,53033029506,WA,POINT (-122.19976 47.37483)
LEAF,1N4AZ0CP3D,King,Kirkland,53033022604,WA,POINT (-122.2066 47.67887)
MODEL 3,5YJ3E1EB2K,King,Seattle,53033002200,WA,POINT (-122.30253 47.72656)
I4,WBY73AW00P,King,Seattle,53033000800,WA,POINT (-122.30253 47.72656)
R1S,7PDSGABL4N,King,Kirkland,53033022702,WA,POINT (-122.2066 47.67887)
VOLT,1G1RA6S57H,King,Shoreline,53033020500,WA,POINT (-122.30304 47.75494)
MODEL 3,5YJ3E1EA9P,King,Bellevue,53033024001,WA,POINT (-122.1872 47.61001)
LEAF,JN1AZ0CPXB,King,Bellevue,53033023100,WA,POINT (-122.11867 47.63131)
CX-90,JM3KKCHA3S,King,Redmond,53033032323,WA,POINT (-122.13158 47.67858)
ID.4,1V2WSPE86S,King,Seattle,53033009600,WA,POINT (-122.41067 47.57894)
BOLT EV,1G1FX6S02H,King,Kirkland,53033022702,WA,POINT (-122.2066 47.67887)
EQS-CLASS SEDAN,W1KCG2EB8S,King,Bellevue,53033024001,WA,POINT (-122.1872 47.61001)
MODEL Y,5YJYGDEE8L,King,Seattle,53033007002,WA,POINT (-122.34845 47.63283)
SOLTERRA,JTMABABA2R,King,Kirkland,53033022203,WA,POINT (-122.22901 47.72201)
LEAF,1N4BZ1CP8K,Clark,Vancouver,53011041208,WA,POINT (-122.59219 45.62158)
MODEL Y,5YJYGDEF3L,Snohomish,Monroe,53061052203,WA,POINT (-121.98087 47.8526)
MODEL X,5YJXCBE49J,King,Covington,53033031704,WA,POINT (-122.10798 47.37124)
E-GOLF,WVWKR7AU9K,King,Bothell,53033021804,WA,POINT (-122.20563 47.76144)
LEAF,1N4AZ1CP6L,King,Mercer Island,53033024302,WA,POINT (-122.21238 47.57816)
R1S,7PDSGBBA6R,King,Bellevue,53033024001,WA,POINT (-122.1872 47.61001)
FOCUS,1FAHP3R41C,King,Kirkland,53033022006,WA,POINT (-122.2066 47.67887)
X5,5UX43EU01T,Clark,Vancouver,53011040907,WA,POINT (-122.70303 45.70954)
EX30,YV4EK3ZK6S,King,Seattle,53033005100,WA,POINT (-122.35436 47.67596)
Q5 E,WA1F2AFYXL,Clark,Vancouver,53011040709,WA,POINT (-122.57722 45.64251)
MODEL Y,7SAYGDEE5P,Clark,Battle Ground,53011040416,WA,POINT (-122.5331 45.78092)
MODEL Y,7SAYGDEEXN,King,Kirkland,53033022402,WA,POINT (-122.2066 47.67887)
MODEL Y,7SAYGDEEXT,King,Redmond,53033032323,WA,POINT (-122.13158 47.67858)
MUSTANG MACH-E,3FMTK1S52S,King,Seattle,53033011901,WA,POINT (-122.25031 47.49481)
E-GOLF,WVWPR7AU5K,Clark,Vancouver,53011040703,WA,POINT (-122.57722 45.64251)
MODEL Y,7SAYGAEE4P,King,Redmond,53033032330,WA,POINT (-122.13158 47.67858)
SPORTAGE,KNDPYDAHXP,King,Seattle,53033008101,WA,POINT (-122.34223 47.61085)
MODEL 3,5YJ3E1EBXN,King,Seattle,53033000500,WA,POINT (-122.37238 47.74068)
500,3C3CFFGEXG,Clark,Camas,53011041400,WA,POINT (-122.40177 45.58705)
I5,WBY33FK06R,Clark,Vancouver,53011040713,WA,POINT (-122.55149 45.69345)
IONIQ 5,KM8KNDAF3P,Kitsap,Olalla,53035092802,WA,POINT (-122.54729 47.42602)
MODEL 3,5YJ3E1EA8K,Snohomish,Lake Stevens,53061052706,WA,POINT (-122.06402 48.01497)
KONA,KM8HC3A65S,Cowlitz,Longview,53015000801,WA,POINT (-122.95058 46.14681)
SOUL,KNDJP3AE8H,King,Kirkland,53033021904,WA,POINT (-122.22901 47.72201)
MODEL Y,7SAYGAEE1P,King,Kirkland,53033022501,WA,POINT (-122.2066 47.67887)
MODEL Y,7SAYGDEE1N,King,Sammamish,53033032318,WA,POINT (-122.02054 47.60326)
CX-90,JM3KKCHA4T,King,Kent,53033029506,WA,POINT (-122.19976 47.37483)
I3,WBY1Z4C57E,King,Bellevue,53033024905,WA,POINT (-122.12096 47.55584)
MODEL S,5YJSA1E59N,King,Burien,53033027400,WA,POINT (-122.29411 47.48924)
NIRO,KNDCE3LG8K,Kitsap,Bainbridge Island,53035090700,WA,POINT (-122.521 47.62759)
330E,WBA8E1C5XJ,King,Auburn,53033031208,WA,POINT (-122.18263 47.31825)
MODEL 3,5YJ3E1EA0J,King,Issaquah,53033032104,WA,POINT (-122.03439 47.5301)
MODEL Y,5YJYGDEE4L,Clark,Camas,53011040605,WA,POINT (-122.40177 45.58705)
ARIYA MPV,JN8DF0CH6S,Snohomish,Lake Stevens,53061052607,WA,POINT (-122.06402 48.01497)
MODEL Y,5YJYGDEE3M,King,Kirkland,53033022401,WA,POINT (-122.2066 47.67887)
MUSTANG MACH-E,3FMTK3SUXS,King,Bothell,53033021804,WA,POINT (-122.20563 47.76144)
SPORTAGE,KNDPZDDHXS,Jefferson,Port Ludlow,53031950302,WA,POINT (-122.68475 47.92989)
MUSTANG MACH-E,3FMTK1SU4R,Snohomish,Marysville,53061052808,WA,POINT (-122.17138 48.10433)
SOLTERRA,JTMBEAGC8T,King,Kirkland,53033022401,WA,POINT (-122.2066 47.67887)
EV6,KNDC3DLC0R,King,Seattle,53033001400,WA,POINT (-122.33364 47.73709)
MODEL Y,7SAYGDED8T,King,Renton,53033029309,WA,POINT (-122.19488 47.44034)
MODEL Y,7SAYGDEE6P,King,Kirkland,53033022502,WA,POINT (-122.2066 47.67887)
IONIQ 5,KM8KRDAF8P,King,Redmond,53033032313,WA,POINT (-122.13158 47.67858)
PRIUS PRIME (PHEV),JTDKARFP9L,Kitsap,Bainbridge Island,53035091002,WA,POINT (-122.521 47.62759)
BOLT EV,1G1FX6S06J,Clark,Camas,53011041400,WA,POINT (-122.40177 45.58705)
ID.4,1V25MPE80R,Clark,Vancouver,53011041203,WA,POINT (-122.57722 45.64251)
PRIUS PRIME (PHEV),JTDACACU4T,Clark,Vancouver,53011040713,WA,POINT (-122.55149 45.69345)
CX-90,JM3KKCHA6S,King,Kent,53033031800,WA,POINT (-122.10798 47.37124)
IONIQ 6,KMHM24AC0S,King,Woodinville,53033021906,WA,POINT (-122.15545 47.75448)
MODEL 3,5YJ3E1EB6J,King,Sammamish,53033032216,WA,POINT (-122.03539 47.61344)
XC40,YV4ED3UR5N,King,Seattle,53033007700,WA,POINT (-122.31009 47.60803)
MODEL Y,7SAYGDEE4N,Snohomish,Bothell,53061052009,WA,POINT (-122.20105 47.84423)
MUSTANG MACH-E,3FMTK4SX9S,King,Seattle,53033008300,WA,POINT (-122.34223 47.61085)
MODEL 3,5YJ3E1EA9P,King,Seattle,53033007700,WA,POINT (-122.31009 47.60803)
MODEL 3,5YJ3E1EB1L,King,Seattle,53033006500,WA,POINT (-122.32427 47.63433)
MODEL 3,5YJ3E1EB7S,King,Renton,53033025302,WA,POINT (-122.20489 47.47532)
IONIQ 5,7YAKNDDC7S,King,Seattle,53033001202,WA,POINT (-122.30253 47.72656)
MODEL Y,5YJYGDEE0M,King,Bellevue,53033023403,WA,POINT (-122.11867 47.63131)
KONA,KM8HE3A68S,Snohomish,Mukilteo,53061041304,WA,POINT (-122.29196 47.89908)
MODEL X,7SAXCDE59R,King,Clyde Hill,53033024100,WA,POINT (-122.1872 47.61001)
LYRIQ,1GYKPPRKXR,Clark,Vancouver,53011040713,WA,POINT (-122.55149 45.69345)
XC40,YV4ED3UK9P,King,Bothell,53033022001,WA,POINT (-122.20563 47.76144)
MODEL 3,5YJ3E1EB1L,Yakima,Yakima,53077001601,WA,POINT (-120.50729 46.60464)
EV6,KNDC4DLC3N,King,Kirkland,53033022501,WA,POINT (-122.2066 47.67887)
MODEL Y,5YJYGAEE6M,King,Bellevue,53033022805,WA,POINT (-122.1621 47.64441)
ID.4,WVGGNPE24N,Clark,Battle Ground,53011040203,WA,POINT (-122.5331 45.78092)
MODEL 3,5YJ3E1EB9K,King,Kirkland,53033022702,WA,POINT (-122.2066 47.67887)
MODEL Y,7SAYGDEE7P,Snohomish,Bothell,53061051927,WA,POINT (-122.20105 47.84423)
I4,WBY33AW06P,King,Seattle,53033006300,WA,POINT (-122.30207 47.64085)
BLAZER,3GNKDBRJ1R,Clark,Vancouver,53011041333,WA,POINT (-122.55149 45.69345)
NIRO,KNDCD3LD9L,Kitsap,Bainbridge Island,53035090800,WA,POINT (-122.521 47.62759)
LYRIQ,1GYKPRRL8R,King,Issaquah,53033025006,WA,POINT (-122.03439 47.5301)
MODEL S,5YJSA1E6XM,King,Kirkland,53033022501,WA,POINT (-122.2066 47.67887)
MODEL Y,5YJYGDEF9M,Snohomish,Mukilteo,53061041301,WA,POINT (-122.29196 47.89908)
MODEL Y,7SAYGDEE2P,King,Seattle,53033001100,WA,POINT (-122.30253 47.72656)
IONIQ 6,KMHM54AC5P,Thurston,Olympia,53067010400,WA,POINT (-122.89165 47.03954)
MODEL S,5YJSA1CP1D,King,Maple Valley,53033032010,WA,POINT (-122.04526 47.39394)
ARIYA HATCHBACK,JN1DF0CD2P,Kitsap,Bremerton,53035080200,WA,POINT (-122.61136 47.5752)
MODEL Y,7SAYGDEE1T,King,Bellevue,53033023300,WA,POINT (-122.12056 47.61334)
I5,WBY43FK08S,King,Shoreline,53033020800,WA,POINT (-122.37238 47.74068)
SPORTAGE,KNDPZDDH7S,Kitsap,Bainbridge Island,53035090800,WA,POINT (-122.521 47.62759)
MUSTANG MACH-E,3FMTK1S5XP,Thurston,Tumwater,53067010801,WA,POINT (-122.89165 47.03954)
MODEL X,5YJXCBE28K,Clark,Vancouver,53011040809,WA,POINT (-122.64443 45.67871)
VOLT,1G1RC6S51G,Clark,Battle Ground,53011040407,WA,POINT (-122.5331 45.78092)
C-HR,JTMAAAAD7T,Cowlitz,Kelso,53015001100,WA,POINT (-122.89867 46.14424)
LEAF,1N4AZ0CP1D,Clark,Vancouver,53011040709,WA,POINT (-122.57722 45.64251)
MODEL Y,7SAYGDEE5T,King,Bellevue,53033023806,WA,POINT (-122.1872 47.61001)
RAV4 PRIME (PHEV),JTMEB3FV5R,King,Bellevue,53033023902,WA,POINT (-122.1872 47.61001)
MUSTANG MACH-E,3FMTK1R42S,King,Renton,53033031910,WA,POINT (-122.08747 47.4466)
BOLT EUV,1G1FY6S03N,King,Redmond,53033032323,WA,POINT (-122.13158 47.67858)
MUSTANG MACH-E,3FMTK2SU0N,King,Shoreline,53033020500,WA,POINT (-122.30304 47.75494)
LEAF,1N4AZ0CP6D,King,Seattle,53033006300,WA,POINT (-122.30207 47.64085)
MODEL 3,5YJ3E1EB2N,Kitsap,Port Orchard,53035092802,WA,POINT (-122.68516 47.50645)
BOLT EUV,1G1FY6S02P,King,Seattle,53033001000,WA,POINT (-122.30253 47.72656)
LEAF,1N4AZ0CP4D,King,Kirkland,53033021903,WA,POINT (-122.22901 47.72201)
BZ,JTMBCAEB3T,Cowlitz,Toutle,53015001800,WA,POINT (-122.73237 46.32447)
EQS-CLASS SUV,4JGDM2EB0P,King,Bellevue,53033023901,WA,POINT (-122.1872 47.61001)
R1S,7PDSGABA4P,King,Bellevue,53033023401,WA,POINT (-122.12056 47.61334)
R1S,7PDSGCBA4T,King,Bellevue,53033023300,WA,POINT (-122.11867 47.63131)
OCEAN,VCF1ZBU21P,Clark,Vancouver,53011041334,WA,POINT (-122.48723 45.63701)
I3,WBY1Z8C35H,King,Seattle,53033011902,WA,POINT (-122.25031 47.49481)
Q5 E,WA1E2AFY9L,King,Seattle,53033006400,WA,POINT (-122.30207 47.64085)
XC60,YV4BR0DL5N,Thurston,Olympia,53067011000,WA,POINT (-123.04078 46.94792)
MODEL Y,7SAYGDEE9P,King,Renton,53033025602,WA,POINT (-122.11589 47.50243)
Q6,WA134BGF8S,Snohomish,Bothell,53061051937,WA,POINT (-122.18384 47.8031)
I4,WBY43AW05R,King,Redmond,53033032323,WA,POINT (-122.13158 47.67858)
MODEL Y,5YJYGAEE9M,King,Bellevue,53033023805,WA,POINT (-122.1872 47.61001)
C40,YV4ED3GM3P,King,Mercer Island,53033024301,WA,POINT (-122.21238 47.57816)
EQUINOX,3GN7DLRR9R,Thurston,Olympia,53067011810,WA,POINT (-123.04078 46.94792)
LEAF,1N4AZ1CP8J,King,Kent,53033029702,WA,POINT (-122.19976 47.37483)
MODEL X,5YJXCDE23J,King,Federal Way,53033030311,WA,POINT (-122.36217 47.31011)
EV6,KNDC3DLC9P,King,Seattle,53033000102,WA,POINT (-122.30253 47.72656)
EV9,5XYADFS57T,King,Renton,53033025702,WA,POINT (-122.08747 47.4466)
VOLT,1G1RB6S56K,Cowlitz,Longview,53015000802,WA,POINT (-122.95058 46.14681)
LEAF,1N4BZ1CV2N,King,Bellevue,53033023701,WA,POINT (-122.1621 47.64441)
MODEL 3,5YJ3E1EA9P,King,Seattle,53033010401,WA,POINT (-122.28083 47.54693)
MODEL 3,5YJ3E1EB9K,King,Sammamish,53033032316,WA,POINT (-122.02054 47.60326)
MODEL X,7SAXCDE53N,King,Bellevue,53033024904,WA,POINT (-122.12096 47.55584)
BOLT EV,1G1FX6S02H,King,Seattle,53033012100,WA,POINT (-122.36322 47.49736)
MODEL Y,7SAYGDEE4S,King,Duvall,53033032402,WA,POINT (-121.98609 47.74068)
MODEL 3,5YJ3E1EA6K,King,Normandy Park,53033028600,WA,POINT (-122.34731 47.45207)
XC40,YV4ED3UR3N,King,Shoreline,53033020100,WA,POINT (-122.37238 47.74068)
PROLOGUE,3GPKHZRJXS,King,Seattle,53033000602,WA,POINT (-122.33364 47.73709)
MODEL 3,5YJ3E1EB9N,Jefferson,Brinnon,53031950702,WA,POINT (-122.89646 47.69838)
F-150,1FTVW3LK5S,King,Renton,53033025304,WA,POINT (-122.18839 47.51197)
WRANGLER,1C4JJXP69M,Clark,Vancouver,53011041008,WA,POINT (-122.64443 45.67871)
XC40,YV4ED3UR8N,King,Seattle,53033009500,WA,POINT (-122.30866 47.57874)
MODEL 3,5YJ3E1EB3N,King,Seattle,53033011902,WA,POINT (-122.25031 47.49481)
MODEL S,5YJSA1S13E,King,Bellevue,53033023403,WA,POINT (-122.11867 47.63131)
FUSION,3FA6P0PU4F,King,Kent,53033029507,WA,POINT (-122.19976 47.37483)
EQUINOX,3GN7DSRP2S,King,Shoreline,53033021100,WA,POINT (-122.30304 47.75494)
POLESTAR 2,LPSED3KA7N,King,Bellevue,53033023500,WA,POINT (-122.1621 47.64441)
MODEL S,5YJSA1E45F,Kitsap,Bainbridge Island,53035091002,WA,POINT (-122.521 47.62759)
MODEL Y,7SAYGDEE4R,King,Bellevue,53033024904,WA,POINT (-122.12096 47.55584)
EV6,KNDC3DLC3R,King,Bellevue,53033024001,WA,POINT (-122.1872 47.61001)
MODEL Y,7SAYGDEE7P,King,Newcastle,53033024703,WA,POINT (-122.18839 47.51197)
BZ4X,JTMABACA6R,Clark,Vancouver,53011041206,WA,POINT (-122.59219 45.62158)
LEAF,1N4AZ1CV7N,Snohomish,Everett,53061041814,WA,POINT (-122.18637 47.89251)
MODEL 3,5YJ3E1EA0S,King,Des Moines,53033030003,WA,POINT (-122.30615 47.38542)
500,3C3CFFGE4F,Yakima,Yakima,53077002801,WA,POINT (-120.60272 46.59656)
MODEL Y,7SAYGDEE1P,King,Bellevue,53033024002,WA,POINT (-122.1872 47.61001)
LEAF,1N4AZ1CP6K,King,Kirkland,53033022003,WA,POINT (-122.22901 47.72201)
ID.4,1V2JNPE84P,Snohomish,Bothell,53061051937,WA,POINT (-122.18384 47.8031)
MODEL 3,5YJ3E1EA6L,King,Redmond,53033032323,WA,POINT (-122.13158 47.67858)
BOLT EV,1G1FW6S04L,Kitsap,Bainbridge Island,53035090800,WA,POINT (-122.521 47.62759)
I3,WBY1Z2C50F,Kitsap,Bainbridge Island,53035091002,WA,POINT (-122.521 47.62759)
MODEL Y,7SAYGDEE5P,King,Medina,53033024200,WA,POINT (-122.23892 47.61613)
LEAF,1N4BZ0CP9G,King,Seattle,53033002000,WA,POINT (-122.31676 47.68156)
MODEL 3,5YJ3E1ECXP,Clark,Vancouver,53011040812,WA,POINT (-122.62731 45.71668)
IONIQ 5,KM8KN4AE2N,King,Seattle,53033012100,WA,POINT (-122.36322 47.49736)
BZ4X,JTMABACA1P,Clark,Vancouver,53011040713,WA,POINT (-122.55149 45.69345)
MODEL Y,5YJYGAEE0M,King,Bellevue,53033023807,WA,POINT (-122.1872 47.61001)
SPORTAGE,KNDPZDDH5S,King,Shoreline,53033020200,WA,POINT (-122.37238 47.74068)
I4,WBY83FB04R,King,Bellevue,53033023901,WA,POINT (-122.1872 47.61001)
LEAF,1N4BZ1CV4N,King,Seattle,53033002000,WA,POINT (-122.31676 47.68156)
CYBERTRUCK,7G2CEHED3R,King,Kent,53033029407,WA,POINT (-122.17743 47.41185)
F-150,1FT6W1EV6P,Thurston,Olympia,53067010100,WA,POINT (-122.89165 47.03954)
VOLT,1G1RA6S52H,King,Renton,53033025402,WA,POINT (-122.18839 47.51197)
BLAZER,3GNKDBRJ9R,King,Burien,53033028500,WA,POINT (-122.32472 47.44519)
MODEL Y,5YJYGAEE0M,Snohomish,Lynnwood,53061041703,WA,POINT (-122.27981 47.85727)
MODEL Y,7SAYGDED8T,Clark,Camas,53011040608,WA,POINT (-122.40177 45.58705)
MODEL Y,7SAYGDEE6R,Clark,Camas,53011040610,WA,POINT (-122.40177 45.58705)
BLAZER,3GNKDGRJ3S,Snohomish,Monroe,53061052203,WA,POINT (-121.98087 47.8526)
NIRO,KNDCE3LG6K,King,Auburn,53033029902,WA,POINT (-122.28802 47.30264)
MODEL Y,5YJYGDEF1M,King,Newcastle,53033025005,WA,POINT (-122.11589 47.50243)
RAV4 PRIME (PHEV),JTMFB3FV1R,King,Bellevue,53033023808,WA,POINT (-122.1872 47.61001)
MODEL Y,5YJYGDED2M,King,Burien,53033026700,WA,POINT (-122.36322 47.49736)
SPORTAGE,KNDPZDDH7S,Kitsap,Poulsbo,53035090502,WA,POINT (-122.64681 47.73689)
MODEL 3,5YJ3E1EA4P,King,Bellevue,53033023100,WA,POINT (-122.11867 47.63131)
IONIQ 9,7YAMWFS54T,King,Kirkland,53033022702,WA,POINT (-122.2066 47.67887)
MODEL Y,7SAYGDET3T,King,Redmond,53033032323,WA,POINT (-122.13158 47.67858)
BOLT EV,1G1FW6S07J,King,Shoreline,53033020302,WA,POINT (-122.33364 47.73709)
ZDX,4W5XHPRL4R,Clark,Vancouver,53011043100,WA,POINT (-122.59219 45.62158)
AVIATOR,5LMYJ8XY7P,King,Seattle,53033000202,WA,POINT (-122.30253 47.72656)
SPORTAGE,KNDPYDAH5P,King,Seattle,53033004800,WA,POINT (-122.35436 47.67596)
MODEL Y,7SAYGAEE8P,King,Kirkland,53033022203,WA,POINT (-122.22901 47.72201)
MODEL 3,5YJ3E1EA3M,King,Kent,53033029408,WA,POINT (-122.17743 47.41185)
MUSTANG MACH-E,3FMTK4SX8S,Thurston,Rainier,53067012530,WA,POINT (-122.68993 46.88897)
MODEL Y,7SAYGDEE5S,King,Bothell,53033022102,WA,POINT (-122.20563 47.76144)
X5,5UX43EU08R,Clark,Vancouver,53011041309,WA,POINT (-122.49212 45.60365)
IONIQ 5,KM8KNDAF1P,King,Kirkland,53033021905,WA,POINT (-122.22901 47.72201)
GRAND CHEROKEE,1C4RJYC67P,King,Redmond,53033032325,WA,POINT (-122.13158 47.67858)
MUSTANG MACH-E,3FMTK1S5XS,Clark,Vancouver,53011040713,WA,POINT (-122.55149 45.69345)
LEAF,1N4BZ0CP7H,King,Burien,53033026700,WA,POINT (-122.36322 47.49736)
LEAF,1N4BZ1BV9N,King,Bellevue,53033023701,WA,POINT (-122.1621 47.64441)
XC60,YV4H60RC8S,Kitsap,Olalla,53035092802,WA,POINT (-122.54729 47.42602)
MODEL Y,7SAYGAEE9R,King,Bellevue,53033023000,WA,POINT (-122.11867 47.63131)
EQUINOX,3GN7DSRR4S,King,Redmond,53033032323,WA,POINT (-122.13158 47.67858)
F-150,1FT6W1EV5P,King,Kirkland,53033022006,WA,POINT (-122.2066 47.67887)
BOLT EV,1G1FW6S06N,King,Renton,53033025702,WA,POINT (-122.08747 47.4466)
SPARK,KL8CL6S00E,Thurston,Olympia,53067011720,WA,POINT (-122.89165 47.03954)
MODEL X,7SAXCBE59P,Snohomish,Bothell,53061052007,WA,POINT (-122.20105 47.84423)
ARIYA HATCHBACK,JN1BF0BA0R,King,Seattle,53033000403,WA,POINT (-122.33364 47.73709)
Q8,WA15AAGE2R,King,Seattle,53033006900,WA,POINT (-122.36381 47.63046)
IX,WB523CF01P,King,Renton,53033025304,WA,POINT (-122.18839 47.51197)
MODEL S,5YJSA1H19E,Kitsap,Bainbridge Island,53035090902,WA,POINT (-122.521 47.62759)
ID.4,1V2WNPE87P,King,Seattle,53033010402,WA,POINT (-122.31449 47.53917)
MODEL 3,5YJ3E1EA8P,King,Kent,53033031800,WA,POINT (-122.10798 47.37124)
MODEL Y,7SAYGDEE5P,King,Bellevue,53033022901,WA,POINT (-122.11867 47.63131)
PRIUS PRIME (PHEV),JTDACACU5R,King,Seattle,53033005902,WA,POINT (-122.36381 47.63046)
GLC-CLASS,W1NKM5GB6S,King,Seattle,53033004703,WA,POINT (-122.38591 47.67597)
XC40,YV4ED3UMXP,King,Seattle,53033007002,WA,POINT (-122.36381 47.63046)
MODEL Y,7SAYGDED0T,Snohomish,Bothell,53061052005,WA,POINT (-122.20105 47.84423)
EV6,KNDC3DLCXP,Cowlitz,Kelso,53015000901,WA,POINT (-122.89867 46.14424)
MODEL 3,5YJ3E1EB1J,King,Bellevue,53033023401,WA,POINT (-122.12056 47.61334)
NIRO,KNDCC3LG8N,King,Seattle,53033001400,WA,POINT (-122.37238 47.74068)
MODEL 3,5YJ3E1EBXJ,King,Bellevue,53033023201,WA,POINT (-122.12056 47.61334)
RAV4 PRIME (PHEV),JTMEB3FV8R,King,Bellevue,53033024902,WA,POINT (-122.12096 47.55584)
MODEL Y,7SAYGDEEXP,King,Redmond,53033032325,WA,POINT (-122.13158 47.67858)
PACIFICA,2C4RC1L76N,King,Kirkland,53033022005,WA,POINT (-122.22901 47.72201)
MODEL 3,5YJ3E1EA1M,King,Seattle,53033000800,WA,POINT (-122.30253 47.72656)
EQUINOX,3GN7DLRP3S,Yakima,Yakima,53077001000,WA,POINT (-120.51904 46.59782)
I5,WBY43FK0XS,King,Seattle,53033009300,WA,POINT (-122.32741 47.58616)
EV6,KNDC3DLC8N,King,Bellevue,53033023603,WA,POINT (-122.12056 47.61334)
MODEL Y,7SAYGDEE7T,King,Redmond,53033032321,WA,POINT (-122.13158 47.67858)
MODEL Y,7SAYGAEE9P,King,Bellevue,53033025007,WA,POINT (-122.12096 47.55584)
MODEL 3,5YJ3E1EB5J,King,Mercer Island,53033024602,WA,POINT (-122.21238 47.57816)
MODEL Y,5YJYGDEEXM,King,Bellevue,53033022805,WA,POINT (-122.1621 47.64441)
C40,YV4ED3GM0P,King,Seattle,53033004703,WA,POINT (-122.38591 47.67597)
X5,5UXTA6C07N,King,Bellevue,53033023100,WA,POINT (-122.11867 47.63131)
MODEL X,5YJXCAE24H,Snohomish,Lake Stevens,53061052506,WA,POINT (-122.06402 48.01497)
XC90,YV4H60PM9T,Jefferson,Port Townsend,53031950502,WA,POINT (-122.77263 48.1212)
XC90,YV4BR0CL5M,Clark,Vancouver,53011040712,WA,POINT (-122.55149 45.69345)
MODEL Y,7SAYGDEE8N,King,Seattle,53033006400,WA,POINT (-122.30207 47.64085)
PROLOGUE,3GPKHXRJ2S,King,Auburn,53033030600,WA,POINT (-122.2229 47.307)
MODEL 3,5YJ3E1EB2J,King,Seattle,53033000601,WA,POINT (-122.30253 47.72656)
MODEL 3,5YJ3E1EA0M,King,Seattle,53033000201,WA,POINT (-122.30253 47.72656)
KONA,KM8K53AGXM,King,Bothell,53033022001,WA,POINT (-122.20563 47.76144)
RAV4 PRIME (PHEV),JTMAB3FV1N,King,Seattle,53033009200,WA,POINT (-122.32945 47.60357)
LEAF,1N4AZ0CP0D,King,Kent,53033029702,WA,POINT (-122.19976 47.37483)
MODEL 3,5YJ3E1EB7J,King,Shoreline,53033020500,WA,POINT (-122.30304 47.75494)
LYRIQ,1GYKPRRL1T,Cowlitz,Kalama,53015001602,WA,POINT (-122.84226 46.00813)
MODEL Y,7SAYGDEE3T,King,Seattle,53033006100,WA,POINT (-122.32427 47.63433)
MODEL Y,7SAYGDEE1P,King,Redmond,53033032321,WA,POINT (-122.13158 47.67858)
ID.4,WVGTMPE20N,King,Seattle,53033002000,WA,POINT (-122.31676 47.68156)
X5,5UX43EU09R,King,Kenmore,53033022102,WA,POINT (-122.24369 47.75892)
BOLT EV,1G1FW6S08J,Clark,Vancouver,53011040904,WA,POINT (-122.70303 45.70954)
MODEL 3,5YJ3E1EC9N,King,Redmond,53033032325,WA,POINT (-122.13158 47.67858)
I4,WBY43AW07R,King,Seattle,53033003500,WA,POINT (-122.35436 47.67596)
MODEL Y,7SAYGDET9T,Kitsap,Seabeck,53035092000,WA,POINT (-122.81585 47.64509)
MODEL 3,5YJ3E1EA7P,King,Seattle,53033007302,WA,POINT (-122.34223 47.61085)
EV6,KNDC3DLC8N,King,Bellevue,53033024904,WA,POINT (-122.12096 47.55584)
MODEL Y,7SAYGDEE8R,Kitsap,Bainbridge Island,53035090700,WA,POINT (-122.521 47.62759)
RAV4 PRIME (PHEV),JTMFB3FV1S,King,Seattle,53033004702,WA,POINT (-122.38591 47.67597)
LEAF,1N4AZ1CP2K,Kitsap,Bainbridge Island,53035091002,WA,POINT (-122.521 47.62759)
ESCAPE,1FMCU0E11S,Thurston,Olympia,53067010100,WA,POINT (-122.89165 47.03954)
HARDTOP,WMW13DJ06N,King,Lake Forest Park,53033020402,WA,POINT (-122.30304 47.75494)
Q5 E,WA1E2AFY3S,King,Seattle,53033006800,WA,POINT (-122.34845 47.63283)
R1S,7PDSGBBA1S,King,Maple Valley,53033032008,WA,POINT (-122.04526 47.39394)
WRANGLER,1C4RJXN67R,Cowlitz,Woodland,53015001503,WA,POINT (-122.74017 45.9094)
MODEL 3,5YJ3E1EB2K,King,Redmond,53033032323,WA,POINT (-122.13158 47.67858)
EQB-CLASS,W1N9M0KB1P,King,Kirkland,53033022603,WA,POINT (-122.2066 47.67887)
MODEL Y,7SAYGDEE0T,King,Issaquah,53033032221,WA,POINT (-122.01656 47.57118)
MODEL Y,7SAYGDEE6T,King,Sammamish,53033032215,WA,POINT (-122.01656 47.57118)
GLC-CLASS,W1NKM5GB7S,King,Issaquah,53033032103,WA,POINT (-122.03439 47.5301)
MODEL Y,7SAYGDEE4P,Clark,Vancouver,53011041329,WA,POINT (-122.49212 45.60365)
XC90,YV4BR0CL9M,Kitsap,Bainbridge Island,53035090700,WA,POINT (-122.521 47.62759)
EV6,KNDC4DLCXR,King,Kirkland,53033021904,WA,POINT (-122.22901 47.72201)
MODEL X,5YJXCAE24H,King,Bellevue,53033023100,WA,POINT (-122.11867 47.63131)
MODEL Y,7SAYGAEEXS,Clallam,Sequim,53009002001,WA,POINT (-123.10367 48.07965)
Q8,WA15AAGE7R,King,Kirkland,53033022603,WA,POINT (-122.2066 47.67887)
IONIQ 5,7YAKNDDC8S,King,Seattle,53033000300,WA,POINT (-122.33364 47.73709)
RAV4 PRIME (PHEV),JTMFB3FV9S,Thurston,Olympia,53067011901,WA,POINT (-123.04078 46.94792)
PRIUS PRIME (PHEV),JTDACACU9S,King,Seattle,53033012100,WA,POINT (-122.36322 47.49736)
MODEL 3,5YJ3E1EB8K,Jefferson,Port Townsend,53031950501,WA,POINT (-122.77263 48.1212)
MODEL Y,7SAYGDED4T,King,Bellevue,53033024704,WA,POINT (-122.12096 47.55584)
MODEL 3,5YJ3E1EB5N,King,Kirkland,53033022603,WA,POINT (-122.2066 47.67887)
Q5 E,WA1E2AFYXR,King,Seattle,53033001600,WA,POINT (-122.37238 47.74068)
EQE-CLASS SEDAN,W1KEG1CB0P,Clark,Vancouver,53011040703,WA,POINT (-122.57722 45.64251)
MODEL Y,7SAYGDEE4P,Clark,Battle Ground,53011040415,WA,POINT (-122.5331 45.78092)
LEAF,1N4BZ0CP1G,King,Kirkland,53033022203,WA,POINT (-122.22901 47.72201)
MODEL Y,7SAYGDEE7P,King,Bellevue,53033023300,WA,POINT (-122.11867 47.63131)
EV9,KNDAEFS58R,Kitsap,Silverdale,53035090400,WA,POINT (-122.69275 47.65171)
MODEL Y,7SAYGDEE5R,King,Issaquah,53033032220,WA,POINT (-122.01656 47.57118)
MODEL Y,7SAYGDED5T,King,Redmond,53033022803,WA,POINT (-122.13158 47.67858)
RAV4 PRIME (PHEV),JTM7ERAVXT,King,Des Moines,53033028700,WA,POINT (-122.30615 47.38542)
MODEL Y,5YJYGDEE9M,King,Renton,53033025304,WA,POINT (-122.18839 47.51197)
NX,JTJHKCFZ2R,King,Seattle,53033006500,WA,POINT (-122.30207 47.64085)
TRANSIT,1FTBW1YK5P,Thurston,Tumwater,53067010801,WA,POINT (-122.89165 47.03954)
MODEL 3,5YJ3E1EA0R,King,Kent,53033029507,WA,POINT (-122.19976 47.37483)
IONIQ 5,KM8KRDAF2P,Clark,Vancouver,53011040803,WA,POINT (-122.62731 45.71668)
SOUL,KNDJP3AEXG,Thurston,Olympia,53067010910,WA,POINT (-123.04078 46.94792)
MODEL Y,7SAYGDEE4P,King,Renton,53033025401,WA,POINT (-122.18839 47.51197)
ARIYA HATCHBACK,JN1DF0CD6P,Kitsap,Port Orchard,53035092901,WA,POINT (-122.68516 47.50645)
MODEL Y,7SAYGDEE4N,King,Mercer Island,53033024301,WA,POINT (-122.21238 47.57816)
WRANGLER,1C4RJXN62R,King,Bellevue,53033024002,WA,POINT (-122.1872 47.61001)
MODEL X,5YJXCDE29J,King,Bothell,53033021804,WA,POINT (-122.20563 47.76144)
MODEL S,5YJSA1DN0C,Thurston,Olympia,53067010600,WA,POINT (-122.92018 47.04575)
F-150,1FT6W1BM3S,King,Des Moines,53033028700,WA,POINT (-122.30615 47.38542)
ID.4,1V2CRPE8XR,King,Bellevue,53033024001,WA,POINT (-122.1872 47.61001)
VOLT,1G1RH6E48E,Clark,Camas,53011040609,WA,POINT (-122.40177 45.58705)
ID.4,WVGTMPE20M,Thurston,Olympia,53067010300,WA,POINT (-122.89165 47.03954)
MODEL Y,7SAYGDEDXT,King,Seattle,53033006701,WA,POINT (-122.34845 47.63283)
MODEL Y,7SAYGAEE8P,Clark,Vancouver,53011040908,WA,POINT (-122.70303 45.70954)
EV9,5XYAB5S19T,King,Seattle,53033001600,WA,POINT (-122.37238 47.74068)
MODEL 3,5YJ3E1EB7S,King,Burien,53033026802,WA,POINT (-122.36322 47.49736)
LEAF,1N4BZ1CP2K,Kitsap,Port Orchard,53035092300,WA,POINT (-122.63848 47.5414)
ID.4,1V2WNPE88P,King,Seattle,53033001600,WA,POINT (-122.37238 47.74068)
IONIQ 5,KM8KNDAFXP,Cowlitz,Kelso,53015001200,WA,POINT (-122.89867 46.14424)
R1S,7PDSGABL5P,Snohomish,Snohomish,53061052206,WA,POINT (-122.09305 47.91265)
MODEL 3,5YJ3E1EB5R,King,Kent,53033029603,WA,POINT (-122.19976 47.37483)
F-150,1FT6W5L70R,King,Burien,53033027600,WA,POINT (-122.34731 47.45207)
MODEL 3,5YJ3E1EC3L,Clark,Camas,53011041400,WA,POINT (-122.40177 45.58705)
MODEL Y,7SAYGDEE0T,King,Des Moines,53033028700,WA,POINT (-122.32472 47.44519)
MODEL Y,7SAYGDEE8T,King,Bellevue,53033023300,WA,POINT (-122.11867 47.63131)
MODEL Y,7SAYGDEE4R,Clark,Vancouver,53011040713,WA,POINT (-122.55149 45.69345)
C-MAX,1FADP5CU4D,Jefferson,Port Hadlock,53031950400,WA,POINT (-122.75878 48.03591)
MODEL 3,5YJ3E1EB5N,King,Kirkland,53033022006,WA,POINT (-122.2066 47.67887)
MODEL 3,5YJ3E1EA1K,King,Seattle,53033005600,WA,POINT (-122.40092 47.65908)
MODEL 3,5YJ3E1EB6J,King,Seattle,53033012100,WA,POINT (-122.36322 47.49736)
NIRO,KNDCS3LF7R,King,Shoreline,53033020500,WA,POINT (-122.30304 47.75494)
MODEL S,5YJSA1E23J,Clark,Vancouver,53011040907,WA,POINT (-122.70303 45.70954)
PROLOGUE,3GPKHXRJ5S,King,Des Moines,53033028700,WA,POINT (-122.30615 47.38542)
TAYCAN,WP0AD2Y13N,King,Bellevue,53033024001,WA,POINT (-122.1872 47.61001)
RAV4 PRIME (PHEV),JTMFB3FV2S,Clark,Vancouver,53011040812,WA,POINT (-122.62731 45.71668)
RX,JTJCJMGA4T,Cowlitz,Longview,53015000400,WA,POINT (-122.95058 46.14681)
EQUINOX,3GN7DSRR2S,Clark,Ridgefield,53011040305,WA,POINT (-122.74595 45.81539)
BOLT EV,1G1FY6S05L,King,Seattle,53033002600,WA,POINT (-122.31676 47.68156)
NX,JTJHKCFZ7S,King,Bellevue,53033024905,WA,POINT (-122.12096 47.55584)
MODEL 3,5YJ3E1EB2J,King,Kirkland,53033022300,WA,POINT (-122.22901 47.72201)
SORENTO,KNDRMDJH9S,Clark,Vancouver,53011040907,WA,POINT (-122.70303 45.70954)
330E,3MW39FS06R,King,Seattle,53033004401,WA,POINT (-122.31676 47.68156)
MODEL 3,5YJ3E1EA9J,King,Kirkland,53033022603,WA,POINT (-122.2066 47.67887)
WRANGLER,1C4RJXR62S,King,Renton,53033025704,WA,POINT (-122.08747 47.4466)
MODEL Y,7SAYGDED0P,King,Seattle,53033000102,WA,POINT (-122.30253 47.72656)
MODEL 3,5YJ3E1ECXP,King,Sammamish,53033032224,WA,POINT (-122.03539 47.61344)
R1S,7PDSGCBA5T,King,Bellevue,53033023807,WA,POINT (-122.1872 47.61001)
MUSTANG MACH-E,3FMTK3SU2S,King,Kirkland,53033022502,WA,POINT (-122.2066 47.67887)
X5,5UX43EU08S,King,Seattle,53033006300,WA,POINT (-122.30207 47.64085)
EV6,KNDC4DLC7P,King,Kirkland,53033022300,WA,POINT (-122.22901 47.72201)
XC60,YV4BR0DL0L,King,Seattle,53033008002,WA,POINT (-122.34468 47.61578)
PRIUS PRIME (PHEV),JTDKAMFP1N,Clark,Vancouver,53011041010,WA,POINT (-122.64443 45.67871)
EV6,KNDC3DLC7N,King,Kent,53033029405,WA,POINT (-122.17743 47.41185)
BOLT EUV,1G1FZ6S03P,Clark,Vancouver,53011041323,WA,POINT (-122.49212 45.60365)
BOLT EV,1G1FX6S0XH,King,Seattle,53033001000,WA,POINT (-122.30253 47.72656)
EV6,5XYC3DJC7S,King,Shoreline,53033020200,WA,POINT (-122.37238 47.74068)
ARIYA MPV,JN8CF0BF0S,King,Tukwila,53033026300,WA,POINT (-122.25031 47.49481)
LEAF,1N4CZ1CV1S,King,Bellevue,53033023201,WA,POINT (-122.12056 47.61334)
NIRO,KNDCE3LG6K,Snohomish,Bothell,53061052007,WA,POINT (-122.20105 47.84423)
R1S,7PDSGABAXP,King,Seattle,53033001600,WA,POINT (-122.37238 47.74068)
MODEL Y,7SAYGDEE9P,King,Bellevue,53033023808,WA,POINT (-122.1872 47.61001)
IONIQ 9,7YAMWFS52T,Cowlitz,Kelso,53015001200,WA,POINT (-122.89867 46.14424)
MODEL S,5YJSA1E2XG,King,Renton,53033025602,WA,POINT (-122.11589 47.50243)
RAV4 PRIME (PHEV),JTMFB3FV6M,King,Bellevue,53033023801,WA,POINT (-122.1872 47.61001)
IONIQ 5,KM8KRDDF8R,King,Seattle,53033012000,WA,POINT (-122.36322 47.49736)
PRIUS PRIME (PHEV),JTDACACU2R,Clark,Vancouver,53011040703,WA,POINT (-122.57722 45.64251)
LEAF,1N4AZ0CPXD,King,Renton,53033025500,WA,POINT (-122.18839 47.51197)
MODEL 3,5YJ3E1EA3P,King,Bellevue,53033024701,WA,POINT (-122.12096 47.55584)
500,3C3CFFGE5G,King,Burien,53033027600,WA,POINT (-122.34731 47.45207)
FUSION,3FA6P0SU1E,Jefferson,Port Ludlow,53031950302,WA,POINT (-122.68475 47.92989)
MODEL Y,7SAYGDEE1R,King,Kent,53033029405,WA,POINT (-122.17743 47.41185)
I3,WBY1Z4C58E,King,Renton,53033025806,WA,POINT (-122.19488 47.44034)
EV6,KNDC3DLC0N,King,Burien,53033026700,WA,POINT (-122.36322 47.49736)
C-MAX,1FADP5CU8E,Kitsap,Bainbridge Island,53035090700,WA,POINT (-122.521 47.62759)
IONIQ 5,KM8KNDDF8R,King,Seattle,53033009100,WA,POINT (-122.32945 47.60357)
BOLT EV,1G1FZ6S00M,King,Seattle,53033000800,WA,POINT (-122.30253 47.72656)
EV6,KNDC3DLC4P,King,Seattle,53033003302,WA,POINT (-122.38418 47.70044)
NIRO,KNDCC3LG9N,King,Seattle,53033000201,WA,POINT (-122.30253 47.72656)
X5,5UXKT0C54H,King,Seattle,53033000900,WA,POINT (-122.30253 47.72656)
BZ,JTMBCAEBXT,King,Bellevue,53033023801,WA,POINT (-122.1872 47.61001)
BOLT EUV,1G1FY6S04P,Island,Coupeville,53029971000,WA,POINT (-122.68558 48.21857)
FUSION,3FA6P0SU6K,King,Federal Way,53033030314,WA,POINT (-122.3303 47.30151)
MODEL 3,5YJ3E1EA0K,King,Issaquah,53033032104,WA,POINT (-122.03439 47.5301)
ID.4,1V2JNPE81P,King,Seattle,53033009400,WA,POINT (-122.30866 47.57874)
R1T,7FCTGAAA8N,King,Bellevue,53033023901,WA,POINT (-122.1872 47.61001)
MODEL 3,5YJ3E1EB1N,King,Sammamish,53033032217,WA,POINT (-122.03539 47.61344)
I3,WBY1Z8C32H,Clark,Vancouver,53011040811,WA,POINT (-122.62731 45.71668)
MODEL 3,5YJ3E1EA8S,King,Seattle,53033007001,WA,POINT (-122.36381 47.63046)
MODEL Y,7SAYGDEE2S,King,Seattle,53033007002,WA,POINT (-122.34845 47.63283)
LEAF,1N4AZ1BV3P,King,Seattle,53033003400,WA,POINT (-122.38591 47.67597)
WRANGLER,1C4JJXP61P,Clark,Vancouver,53011041333,WA,POINT (-122.55149 45.69345)
MODEL Y,7SAYGDED0R,King,Kirkland,53033022603,WA,POINT (-122.2066 47.67887)
XC60,YV4H60RM4T,King,Kirkland,53033022501,WA,POINT (-122.2066 47.67887)
LEAF,1N4AZ1CP8J,King,Bellevue,53033022901,WA,POINT (-122.11867 47.63131)
WRANGLER,1C4JJXP64M,Snohomish,Snohomish,53061052401,WA,POINT (-122.09305 47.91265)
PRIUS PRIME (PHEV),JTDACACU7P,Clark,Vancouver,53011041008,WA,POINT (-122.64443 45.67871)
MUSTANG MACH-E,3FMTK3SU8R,King,Kirkland,53033022401,WA,POINT (-122.2066 47.67887)
TAYCAN,WP0BA2Y12N,King,Renton,53033029309,WA,POINT (-122.19488 47.44034)
OPTIQ,3GYK3BMR1S,King,Renton,53033025201,WA,POINT (-122.18839 47.51197)
MODEL 3,5YJ3E1EA0L,King,Seattle,53033008900,WA,POINT (-122.30866 47.57874)
WRANGLER,1C4JJXN60P,Clark,Vancouver,53011040803,WA,POINT (-122.62731 45.71668)
MODEL Y,7SAYGDEE3N,King,Redmond,53033032330,WA,POINT (-122.13158 47.67858)
MODEL Y,7SAYGDEE8T,King,Seattle,53033008600,WA,POINT (-122.31009 47.60803)
IONIQ 5,KM8KNDDF5R,King,Renton,53033025302,WA,POINT (-122.20489 47.47532)
MODEL X,7SAXCBE54P,King,Seattle,53033007303,WA,POINT (-122.34845 47.63283)
EV9,5XYAEFS54T,King,Sammamish,53033032224,WA,POINT (-122.03539 47.61344)
MODEL Y,7SAYGDEE7T,King,Bellevue,53033023500,WA,POINT (-122.1621 47.64441)
R1S,7PDSGABA3R,King,Seattle,53033006500,WA,POINT (-122.30207 47.64085)
S6,WAU2EAGH3S,King,Seattle,53033001400,WA,POINT (-122.37238 47.74068)
X3,5UXTS1C01L,King,Seattle,53033008300,WA,POINT (-122.32945 47.60357)
MODEL Y,7SAYGDEE5P,King,Kirkland,53033022604,WA,POINT (-122.2066 47.67887)
GV70,5NMMCET12P,King,Seattle,53033002900,WA,POINT (-122.35436 47.67596)
MODEL 3,5YJ3E1EC9N,Snohomish,Mukilteo,53061042006,WA,POINT (-122.29196 47.89908)
MUSTANG MACH-E,3FMTK3SUXP,King,Seattle,53033001100,WA,POINT (-122.30253 47.72656)
LYRIQ,1GYKPWRK6R,King,Seattle,53033012000,WA,POINT (-122.36322 47.49736)
MODEL S,5YJSA1E22F,Kitsap,Silverdale,53035091302,WA,POINT (-122.69275 47.65171)
MODEL 3,5YJ3E1EA4R,Clark,Vancouver,53011042900,WA,POINT (-122.62934 45.63201)
KONA,KM8HE3A68R,King,Seattle,53033007001,WA,POINT (-122.36381 47.63046)
MODEL 3,5YJ3E1EA4R,King,Redmond,53033032323,WA,POINT (-122.13158 47.67858)
MODEL Y,7SAYGDEE8P,King,Bellevue,53033023801,WA,POINT (-122.1872 47.61001)
X5,5UX43EU04T,King,Bellevue,53033023702,WA,POINT (-122.1621 47.64441)
ID.4,1V2WSPE81R,King,Shoreline,53033020800,WA,POINT (-122.37238 47.74068)
MODEL Y,7SAYGDEE6P,King,Bothell,53033021804,WA,POINT (-122.20563 47.76144)
LEAF,1N4BZ0CP0H,King,Seattle,53033000700,WA,POINT (-122.30253 47.72656)
MODEL 3,5YJ3E1EB7R,Snohomish,Bothell,53061052009,WA,POINT (-122.20105 47.84423)
E-TRON,WA1LAAGE5K,King,Kirkland,53033022604,WA,POINT (-122.2066 47.67887)
MODEL Y,7SAYGDEE0R,King,Kirkland,53033021904,WA,POINT (-122.22901 47.72201)
BLAZER,3GNKDCRJ3R,Snohomish,Everett,53061041901,WA,POINT (-122.27557 47.88936)
MODEL 3,5YJ3E1EA6T,King,Seattle,53033008200,WA,POINT (-122.32945 47.60357)
KONA,KM8K23AG0P,King,Seattle,53033001400,WA,POINT (-122.37238 47.74068)
GV60,KMUKEDTB4P,King,Kirkland,53033021905,WA,POINT (-122.22901 47.72201)
MODEL Y,5YJYGDEE2M,Kitsap,Bainbridge Island,53035090800,WA,POINT (-122.521 47.62759)
MODEL 3,5YJ3E1EA4P,Kitsap,Bremerton,53035091500,WA,POINT (-122.61158 47.62691)
IONIQ 5,7YAKN4DA2T,King,Shoreline,53033020200,WA,POINT (-122.37238 47.74068)
MODEL Y,7SAYGDEE5P,King,Seattle,53033000500,WA,POINT (-122.37238 47.74068)
IONIQ 5,7YAKRDDC7T,Thurston,Olympia,53067012100,WA,POINT (-122.87741 47.05997)
MODEL 3,5YJ3E1ET7R,King,Kirkland,53033022401,WA,POINT (-122.2066 47.67887)
SPORTAGE,KNDPYDAH3P,King,Renton,53033025702,WA,POINT (-122.08747 47.4466)
CYBERTRUCK,7G2CEHEE8R,King,Bellevue,53033024901,WA,POINT (-122.12096 47.55584)
VISTIQ,1GYC3MML0T,King,Kirkland,53033022005,WA,POINT (-122.22901 47.72201)
MODEL Y,7SAYGDED5S,King,Federal Way,53033030310,WA,POINT (-122.36217 47.31011)
NIRO,KNDCE3LG7L,King,Shoreline,53033020700,WA,POINT (-122.33364 47.73709)
MODEL Y,7SAYGAEE9P,King,Sammamish,53033032216,WA,POINT (-122.02054 47.60326)
MODEL Y,7SAYGDEE5T,Thurston,Yelm,53067012422,WA,POINT (-122.60735 46.94239)
RAV4 PRIME (PHEV),JTMEB3FV3R,King,Seattle,53033000402,WA,POINT (-122.33364 47.73709)
BOLT EV,1G1FW6S04P,King,Kirkland,53033022003,WA,POINT (-122.22901 47.72201)
MODEL 3,5YJ3E1EB5J,King,Bothell,53033021804,WA,POINT (-122.20563 47.76144)
R1S,7PDSGABL4P,King,Bellevue,53033023901,WA,POINT (-122.1872 47.61001)
AIR,50EA1GBA3T,Kitsap,Silverdale,53035091302,WA,POINT (-122.69275 47.65171)
CX-90,JM3KKEHA6S,King,Seattle,53033005901,WA,POINT (-122.36381 47.63046)
I4,WBY33HD05S,Snohomish,Bothell,53061051922,WA,POINT (-122.18384 47.8031)
MODEL Y,7SAYGDEE7N,Jefferson,Port Hadlock,53031950501,WA,POINT (-122.75878 48.03591)
MODEL 3,5YJ3E1EB2K,King,Woodinville,53033021802,WA,POINT (-122.15545 47.75448)
MODEL 3,5YJ3E1EB4R,King,Bellevue,53033023807,WA,POINT (-122.1872 47.61001)
MODEL Y,5YJYGDEE4M,King,Bellevue,53033024800,WA,POINT (-122.12096 47.55584)
MODEL Y,7SAYGDED7R,Kitsap,Port Orchard,53035092901,WA,POINT (-122.68516 47.50645)
RAV4 PRIME (PHEV),JTMAB3FV9N,Clark,Vancouver,53011040703,WA,POINT (-122.57722 45.64251)
LEAF,1N4CZ1CV7S,King,Seattle,53033001400,WA,POINT (-122.37238 47.74068)
E-GOLF,WVWKP7AU5G,King,Seattle,53033006300,WA,POINT (-122.30207 47.64085)
I3,WBY1Z2C56E,King,Federal Way,53033030203,WA,POINT (-122.3303 47.30151)
IONIQ 5,7YAKNDDC0T,King,Sammamish,53033032217,WA,POINT (-122.02054 47.60326)
MODEL Y,7SAYGDEE5N,King,Tukwila,53033027300,WA,POINT (-122.29411 47.48924)
I4,WBY43HD01S,King,Bellevue,53033024800,WA,POINT (-122.12096 47.55584)
HARDTOP,WMW13DJ00R,King,Seattle,53033007002,WA,POINT (-122.34845 47.63283)
C40,YV4ED3GMXP,King,Seattle,53033001400,WA,POINT (-122.37238 47.74068)
POLESTAR 2,LPSED3KA3N,Clark,Vancouver,53011041330,WA,POINT (-122.55149 45.69345)
MODEL 3,5YJ3E1EB4L,Yakima,Sunnyside,53077002004,WA,POINT (-120.00976 46.32379)
LEAF,1N4AZ0CP8F,Thurston,Olympia,53067012610,WA,POINT (-122.80933 46.99531)
BLAZER,3GNKDCRJ9R,King,North Bend,53033032704,WA,POINT (-121.7831 47.49348)
R1T,7FCTGCAP7S,King,Bellevue,53033023901,WA,POINT (-122.1872 47.61001)
I4,WBY33HD02S,King,Bellevue,53033023702,WA,POINT (-122.1621 47.64441)
MODEL S,5YJSA1S26F,King,Bellevue,53033024001,WA,POINT (-122.1872 47.61001)
LYRIQ,1GYKPRRL8R,Clark,Camas,53011041400,WA,POINT (-122.40177 45.58705)
BOLT EV,1G1FZ6S09K,Jefferson,Port Ludlow,53031950301,WA,POINT (-122.68475 47.92989)
MODEL 3,5YJ3E1EA7R,King,Bellevue,53033023805,WA,POINT (-122.1872 47.61001)
MODEL Y,7SAYGDEE5T,King,Bellevue,53033024701,WA,POINT (-122.12096 47.55584)
MODEL 3,5YJ3E1EB0M,King,Renton,53033025101,WA,POINT (-122.11589 47.50243)
ID.4,WVGUNPE2XM,King,Renton,53033025101,WA,POINT (-122.11589 47.50243)
RAV4 PRIME (PHEV),JTMEB3FV8S,King,Duvall,53033032402,WA,POINT (-121.98609 47.74068)
MODEL Y,7SAYGDEE3T,King,Auburn,53033030503,WA,POINT (-122.2229 47.307)
X5,5UX43EU03S,King,Seattle,53033001500,WA,POINT (-122.38418 47.70044)
MUSTANG MACH-E,3FMTK3SU1S,Clark,Vancouver,53011042000,WA,POINT (-122.67156 45.63248)
MODEL 3,5YJ3E1EA4M,King,Bellevue,53033023202,WA,POINT (-122.11867 47.63131)
MODEL Y,7SAYGAEE2N,Clark,Vancouver,53011040709,WA,POINT (-122.57722 45.64251)
MODEL 3,5YJ3E1EAXR,King,Seattle,53033001800,WA,POINT (-122.35436 47.67596)
ARIYA HATCHBACK,JN1DF0CD3R,King,Seattle,53033005600,WA,POINT (-122.40092 47.65908)
WRANGLER,1C4JJXP64P,King,Kent,53033031708,WA,POINT (-122.10798 47.37124)
MODEL Y,7SAYGDED1T,King,Kent,53033029507,WA,POINT (-122.19976 47.37483)
MODEL Y,7SAYGDEE0N,King,Sammamish,53033032215,WA,POINT (-122.03539 47.61344)
MODEL Y,7SAYGDEE0N,King,Seattle,53033001400,WA,POINT (-122.33364 47.73709)
SPARK,KL8CL6S04F,King,Bellevue,53033023807,WA,POINT (-122.1872 47.61001)
MODEL 3,5YJ3E1EA8H,King,Shoreline,53033020800,WA,POINT (-122.37238 47.74068)
MODEL S,5YJSA1E5XR,Thurston,Olympia,53067012221,WA,POINT (-122.78598 47.08476)
Q5 E,WA1E2AFY0M,King,Issaquah,53033032221,WA,POINT (-122.01656 47.57118)
LEAF,1N4AZ0CP5G,Snohomish,Bothell,53061052107,WA,POINT (-122.20105 47.84423)
ID.4,1V2WSPE86R,King,Lake Forest Park,53033020402,WA,POINT (-122.30304 47.75494)
MODEL Y,7SAYGDEE6P,King,Renton,53033025201,WA,POINT (-122.18839 47.51197)
MODEL Y,5YJYGDEE5M,King,Seattle,53033001600,WA,POINT (-122.37238 47.74068)
MODEL 3,5YJ3E1EA3P,King,Kirkland,53033021905,WA,POINT (-122.22901 47.72201)
XC60,YV4H60RM9S,King,Seattle,53033000500,WA,POINT (-122.37238 47.74068)
LEAF,1N4AZ1CP3J,King,Woodinville,53033021802,WA,POINT (-122.15545 47.75448)
ID.4,1V2WSPE86S,King,Bellevue,53033024002,WA,POINT (-122.1872 47.61001)
ESCAPE,1FMCU0E11S,Thurston,Tumwater,53067010802,WA,POINT (-122.89165 47.03954)
IX,WB523CF06R,King,Bothell,53033021701,WA,POINT (-122.20563 47.76144)
MODEL X,7SAXCBE67N,Thurston,Olympia,53067011822,WA,POINT (-123.04078 46.94792)
WRANGLER,1C4JJXR60N,King,Covington,53033032005,WA,POINT (-122.10798 47.37124)
MODEL X,5YJXCDE28J,King,Bellevue,53033023902,WA,POINT (-122.1872 47.61001)
MODEL S,5YJSA1DNXD,King,Kent,53033029506,WA,POINT (-122.19976 47.37483)
LEAF,1N4AZ0CP1D,King,Shoreline,53033020500,WA,POINT (-122.30304 47.75494)
PRIUS PRIME (PHEV),JTDACACU5R,King,Seattle,53033000900,WA,POINT (-122.30253 47.72656)
MODEL 3,5YJ3E1EA4R,King,Federal Way,53033030310,WA,POINT (-122.36217 47.31011)
R1S,7PDSGCBPXS,King,Mercer Island,53033024301,WA,POINT (-122.21238 47.57816)
BOLT EV,1G1FZ6S06M,King,Bothell,53033021804,WA,POINT (-122.20563 47.76144)
MODEL 3,5YJ3E1EB0J,King,Bellevue,53033023403,WA,POINT (-122.11867 47.63131)
MODEL Y,7SAYGDEEXP,King,Newcastle,53033025005,WA,POINT (-122.11589 47.50243)
XC90,YV4BR0CK7M,King,Kirkland,53033022205,WA,POINT (-122.22901 47.72201)
MODEL 3,5YJ3E1EA9M,King,Redmond,53033032321,WA,POINT (-122.13158 47.67858)
MODEL Y,7SAYGDEE1S,King,Renton,53033025302,WA,POINT (-122.20489 47.47532)
TRANSIT,1FTBW9CK7P,King,Auburn,53033030501,WA,POINT (-122.28802 47.30264)
MODEL 3,5YJ3E1EB9S,King,Seattle,53033006400,WA,POINT (-122.30207 47.64085)
RAV4 PRIME (PHEV),JTMFB3FV2S,Kitsap,Port Orchard,53035092902,WA,POINT (-122.68516 47.50645)
MODEL 3,5YJ3E1EA4S,King,Seattle,53033006100,WA,POINT (-122.32427 47.63433)
EV9,5XYAEFS50T,King,Federal Way,53033030008,WA,POINT (-122.3303 47.30151)
MODEL S,5YJSA1E27F,King,North Bend,53033032704,WA,POINT (-121.7831 47.49348)
MODEL Y,7SAYGDEE4P,Cowlitz,Longview,53015000400,WA,POINT (-122.95058 46.14681)
MODEL 3,5YJ3E1ET1R,King,Tukwila,53033027300,WA,POINT (-122.29411 47.48924)
PRIUS PRIME (PHEV),JTDKAMFP2N,Cowlitz,Ariel,53015001501,WA,POINT (-122.53658 45.98974)
MODEL X,7SAXCBE67T,King,Pacific,53033030901,WA,POINT (-122.24692 47.26465)
MODEL Y,7SAYGDEE3T,King,Seattle,53033000500,WA,POINT (-122.37238 47.74068)
EQUINOX,3GN7DSRP0T,Clark,Battle Ground,53011040413,WA,POINT (-122.5331 45.78092)
MODEL 3,5YJ3E1EA7J,King,Bellevue,53033023801,WA,POINT (-122.1872 47.61001)
TRANSIT,1FTBW9CK9N,King,Kent,53033029403,WA,POINT (-122.17743 47.41185)
MODEL X,5YJXCBE26H,Clark,Vancouver,53011040803,WA,POINT (-122.62731 45.71668)
MODEL 3,5YJ3E1EA3K,King,Bellevue,53033023902,WA,POINT (-122.1872 47.61001)
POLESTAR 3,7SYEE3YB4S,King,Seattle,53033006000,WA,POINT (-122.34845 47.63283)
WRANGLER,1C4JJXR65P,Kitsap,Bremerton,53035092000,WA,POINT (-122.65223 47.57192)
MODEL Y,7SAYGDEE7T,Snohomish,Bothell,53061051922,WA,POINT (-122.18384 47.8031)
ID.4,1V2JSPE85S,Yakima,Yakima,53077001000,WA,POINT (-120.51904 46.59782)
MUSTANG MACH-E,3FMTK3SU4P,King,Redmond,53033032324,WA,POINT (-122.13158 47.67858)
MODEL Y,7SAYGDEE9T,King,Shoreline,53033020500,WA,POINT (-122.30304 47.75494)
LEAF,JN1AZ0CP3B,King,Kent,53033029508,WA,POINT (-122.19976 47.37483)
XC60,YV4BR0DM9M,Kitsap,Port Orchard,53035092902,WA,POINT (-122.68516 47.50645)
MODEL 3,5YJ3E1EA3M,King,Kent,53033029203,WA,POINT (-122.23741 47.3807)
MODEL 3,5YJ3E1EB2N,King,Kent,53033029603,WA,POINT (-122.19976 47.37483)
MODEL 3,5YJ3E1EA2R,King,Sammamish,53033032224,WA,POINT (-122.03539 47.61344)
IONIQ 6,KMHM34AC5P,King,Kirkland,53033021903,WA,POINT (-122.22901 47.72201)
GLE-CLASS,4JGFB4GB5S,King,Seattle,53033009600,WA,POINT (-122.41067 47.57894)
LEAF,1N4AZ0CP6D,King,Lake Forest Park,53033021500,WA,POINT (-122.30304 47.75494)
MODEL X,7SAXCBE53S,King,Kirkland,53033022502,WA,POINT (-122.2066 47.67887)
BOLT EV,1G1FW6S06N,Thurston,Olympia,53067010100,WA,POINT (-122.89165 47.03954)
GLC-CLASS,W1NKM5GB9S,King,Bellevue,53033023603,WA,POINT (-122.12056 47.61334)
MODEL Y,7SAYGDEF6S,Clark,Vancouver,53011041003,WA,POINT (-122.64695 45.65675)
BOLT EV,1G1FY6S07M,King,Seattle,53033008401,WA,POINT (-122.32945 47.60357)
LEAF,1N4AZ0CP1D,King,Seattle,53033008002,WA,POINT (-122.34468 47.61578)
MODEL 3,5YJ3E1EA3J,King,Kirkland,53033022402,WA,POINT (-122.2066 47.67887)
BOLT EV,1G1FZ6S03L,King,Issaquah,53033032103,WA,POINT (-122.03439 47.5301)
EQUINOX,3GN7DSRP3S,King,Seattle,53033002000,WA,POINT (-122.31676 47.68156)
IONIQ 5,KM8KRDDF2R,King,Seattle,53033011902,WA,POINT (-122.25031 47.49481)
EX30,YV4EK3ZL7S,King,Seattle,53033000500,WA,POINT (-122.37238 47.74068)
OPTIQ,3GYK3BM49T,King,Renton,53033026200,WA,POINT (-122.20489 47.47532)
PROLOGUE,3GPKHVRJ1T,King,Bellevue,53033024701,WA,POINT (-122.12096 47.55584)
POLESTAR 2,LPSED3KA3M,King,Seattle,53033001400,WA,POINT (-122.33364 47.73709)
R1S,7PDSGABP7T,King,Seattle,53033008401,WA,POINT (-122.34223 47.61085)
FUSION,3FA6P0SU5K,King,Auburn,53033030504,WA,POINT (-122.2229 47.307)
MODEL S,5YJSA1E27K,King,Shoreline,53033020900,WA,POINT (-122.33364 47.73709)
MODEL Y,7SAYGAEE8N,King,Seattle,53033000602,WA,POINT (-122.33364 47.73709)
MODEL S,5YJSA1E46L,Thurston,Olympia,53067011810,WA,POINT (-123.04078 46.94792)
SILVERADO,1GC10ZED4S,King,Renton,53033026004,WA,POINT (-122.20489 47.47532)
LYRIQ,1GYKPPRL8R,King,Renton,53033025805,WA,POINT (-122.19488 47.44034)
MODEL 3,5YJ3E1EA9M,King,Bellevue,53033023601,WA,POINT (-122.1621 47.64441)
MODEL Y,5YJYGDEE0M,Thurston,Olympia,53067010600,WA,POINT (-122.92018 47.04575)
MODEL Y,7SAYGDED7T,King,Seattle,53033011901,WA,POINT (-122.25031 47.49481)
CX-90,JM3KKEHA1R,King,Kirkland,53033022401,WA,POINT (-122.2066 47.67887)
MODEL Y,7SAYGAEE9R,King,Shoreline,53033020302,WA,POINT (-122.33364 47.73709)
F-150,1FT6W3L73R,King,Kent,53033031704,WA,POINT (-122.10798 47.37124)
LEAF,1N4AZ1CV8N,King,Kirkland,53033022402,WA,POINT (-122.2066 47.67887)
MODEL Y,7SAYGDEE7P,Clark,Vancouver,53011040709,WA,POINT (-122.57722 45.64251)
CAYENNE,WP1AE2AY8S,King,Redmond,53033032321,WA,POINT (-122.13158 47.67858)
BOLT EV,1G1FW6S03P,Cowlitz,Longview,53015000502,WA,POINT (-122.95058 46.14681)
MODEL 3,5YJ3E1EA0P,King,Beaux Arts,53033023901,WA,POINT (-122.1872 47.61001)
MODEL 3,5YJ3E1EA7P,King,Seattle,53033007101,WA,POINT (-122.34845 47.63283)
XC40,YV4ED3UR6M,King,Kirkland,53033022300,WA,POINT (-122.22901 47.72201)
MODEL 3,5YJ3E1EB7J,King,Seattle,53033006900,WA,POINT (-122.36381 47.63046)
MODEL Y,7SAYGDEE1T,Thurston,Olympia,53067010200,WA,POINT (-122.87741 47.05997)
BOLT EV,1G1FX6S07H,King,Seattle,53033000800,WA,POINT (-122.30253 47.72656)
IONIQ 5,7YAKRDDC8T,King,Seattle,53033000402,WA,POINT (-122.37238 47.74068)
MODEL X,5YJXCBE23K,King,Kirkland,53033022401,WA,POINT (-122.2066 47.67887)
OUTLANDER,JA4J24A5XK,King,Redmond,53033022803,WA,POINT (-122.13158 47.67858)
IONIQ 5,KM8KRDAF6P,Snohomish,Bothell,53061052107,WA,POINT (-122.20105 47.84423)
MODEL Y,7SAYGDEDXT,Clark,Vancouver,53011040803,WA,POINT (-122.62731 45.71668)
SOUL,KNDJX3AE7J,King,Sammamish,53033032316,WA,POINT (-122.02054 47.60326)
BOLT EUV,1G1FY6S05N,King,Shoreline,53033020800,WA,POINT (-122.37238 47.74068)
TRAILSEEKER,JTMBGAHC4T,King,Kirkland,53033022203,WA,POINT (-122.22901 47.72201)
MODEL 3,5YJ3E1EA5K,King,Seattle,53033008401,WA,POINT (-122.32945 47.60357)
MUSTANG MACH-E,3FMTK3SU7R,King,Seattle,53033005803,WA,POINT (-122.40092 47.65908)
MODEL S,5YJSA1E2XG,King,Seattle,53033001300,WA,POINT (-122.33364 47.73709)
IONIQ 5,7YAKMDDC0S,King,Redmond,53033032325,WA,POINT (-122.13158 47.67858)
MODEL Y,7SAYGDEF3R,King,Sammamish,53033032207,WA,POINT (-122.03539 47.61344)
BOLT EUV,1G1FY6S09P,King,Seattle,53033001202,WA,POINT (-122.30253 47.72656)
MODEL 3,5YJ3E1ET8R,King,Kirkland,53033022604,WA,POINT (-122.2066 47.67887)
RZ,JTJAAAABXR,Snohomish,Everett,53061041610,WA,POINT (-122.18637 47.89251)
MODEL Y,7SAYGDEE5R,King,Sammamish,53033032215,WA,POINT (-122.03539 47.61344)
BOLT,1G1FZ6EVXV,Kitsap,Bainbridge Island,53035090700,WA,POINT (-122.521 47.62759)
MODEL Y,7SAYGDEE3P,Kitsap,Bainbridge Island,53035091002,WA,POINT (-122.521 47.62759)
MODEL Y,7SAYGAEE6P,Clark,Vancouver,53011040713,WA,POINT (-122.55149 45.69345)
MODEL Y,5YJYGDEE3M,Clark,Vancouver,53011040713,WA,POINT (-122.55149 45.69345)
BOLT EV,1G1FZ6S03L,King,Seattle,53033001202,WA,POINT (-122.30253 47.72656)
MODEL 3,5YJ3E1EA0N,King,Seattle,53033005804,WA,POINT (-122.36381 47.63046)
MUSTANG MACH-E,3FMTK3SU9R,King,Kirkland,53033021904,WA,POINT (-122.22901 47.72201)
MODEL Y,7SAYGAEEXS,King,Bellevue,53033023403,WA,POINT (-122.11867 47.63131)
POLESTAR 2,YSMED3KA1P,Kitsap,Bremerton,53035080400,WA,POINT (-122.61136 47.5752)
MODEL 3,5YJ3E1EA1T,King,Redmond,53033022803,WA,POINT (-122.13158 47.67858)
MODEL 3,5YJ3E1EA3L,Clark,Vancouver,53011040908,WA,POINT (-122.70303 45.70954)
VOLT,1G1RE6E47E,King,Shoreline,53033020900,WA,POINT (-122.33364 47.73709)
PACIFICA,2C4RC1L74J,King,Shoreline,53033020500,WA,POINT (-122.30304 47.75494)
MODEL Y,7SAYGDEE9T,King,Sammamish,53033032213,WA,POINT (-122.03539 47.61344)
VOLT,1G1RD6S5XJ,King,Enumclaw,53033031302,WA,POINT (-121.99136 47.20433)
I4,WBY43AW0XR,King,Sammamish,53033032318,WA,POINT (-122.02054 47.60326)
ARIYA HATCHBACK,JN1BF0BA7P,King,Seattle,53033000402,WA,POINT (-122.37238 47.74068)
IONIQ 5,7YAKNDDC2S,Kitsap,Bainbridge Island,53035091002,WA,POINT (-122.521 47.62759)
MODEL 3,5YJ3E1EA6R,Clark,Vancouver,53011040910,WA,POINT (-122.70303 45.70954)
EQE-CLASS SEDAN,W1KEG2CB0R,King,Kirkland,53033021904,WA,POINT (-122.22901 47.72201)
MODEL Y,7SAYGDEFXR,Clark,Vancouver,53011040904,WA,POINT (-122.70303 45.70954)
BZ4X,JTMABACA6R,Snohomish,Lake Stevens,53061052607,WA,POINT (-122.06402 48.01497)
IONIQ 5,7YAKRDDC0S,King,Seattle,53033000300,WA,POINT (-122.33364 47.73709)
MODEL X,5YJXCAE2XK,King,Kirkland,53033022702,WA,POINT (-122.2066 47.67887)
LEAF,1N4BZ0CP8G,King,Maple Valley,53033031604,WA,POINT (-122.04526 47.39394)
WRANGLER,1C4RJXN62R,King,Auburn,53033031206,WA,POINT (-122.18263 47.31825)
XC40,YV4ED3UR2M,King,Seattle,53033008402,WA,POINT (-122.31009 47.60803)
I4,WBY33HD09S,King,Seattle,53033000102,WA,POINT (-122.30253 47.72656)
GV70,5NMMCET17R,King,Bellevue,53033023902,WA,POINT (-122.1872 47.61001)
R1S,7PDSGCBP8S,King,Normandy Park,53033028600,WA,POINT (-122.34731 47.45207)
I4,WBY43HD09T,King,Seattle,53033002200,WA,POINT (-122.30253 47.72656)
PACIFICA,2C4RC1S74M,King,Bothell,53033021804,WA,POINT (-122.20563 47.76144)
MODEL X,7SAXCBE69T,Clark,Ridgefield,53011040412,WA,POINT (-122.74595 45.81539)
MODEL 3,5YJ3E1EB8L,King,Bellevue,53033023100,WA,POINT (-122.11867 47.63131)
R1S,7PDSGBBA9S,King,Seattle,53033010401,WA,POINT (-122.31449 47.53917)
IONIQ 5,KM8KRDDFXR,King,Seattle,53033001100,WA,POINT (-122.30253 47.72656)
LEAF,1N4BZ1BV9M,King,Bothell,53033021804,WA,POINT (-122.20563 47.76144)
500,3C3CFFGE0E,Cowlitz,Kelso,53015001700,WA,POINT (-122.89867 46.14424)
ARIYA HATCHBACK,JN1BF0BA0R,King,Bellevue,53033024800,WA,POINT (-122.12096 47.55584)
MODEL 3,5YJ3E1EB2R,King,Redmond,53033022803,WA,POINT (-122.13158 47.67858)
CORSAIR,5LMTJ5DZXS,King,Issaquah,53033032103,WA,POINT (-122.03439 47.5301)
MODEL Y,7SAYGDEE1T,Clark,Vancouver,53011040714,WA,POINT (-122.57722 45.64251)
EQS-CLASS SEDAN,W1KCG2DB4P,King,Seattle,53033006400,WA,POINT (-122.30207 47.64085)
UNCHARTED,JTMAAAAE8T,King,Seattle,53033009600,WA,POINT (-122.41067 47.57894)
RAV4 PRIME (PHEV),JTM7ERAV6T,King,Seattle,53033000500,WA,POINT (-122.37238 47.74068)
KONA,KM8K53AG7L,Thurston,Olympia,53067011822,WA,POINT (-123.04078 46.94792)
MODEL 3,5YJ3E1EA6P,King,Bellevue,53033022805,WA,POINT (-122.1621 47.64441)
500,3C3CFFGE1G,Yakima,Yakima,53077000401,WA,POINT (-120.60272 46.59656)
RAV4 PRIME (PHEV),JTMCB3FV3M,King,Seattle,53033001100,WA,POINT (-122.30253 47.72656)
MODEL Y,5YJYGDEE7M,Yakima,Yakima,53077002801,WA,POINT (-120.60272 46.59656)
MODEL Y,7SAYGDED5T,King,Seattle,53033006701,WA,POINT (-122.34845 47.63283)
MODEL 3,5YJ3E1EA7P,King,Newcastle,53033024703,WA,POINT (-122.18839 47.51197)
MODEL Y,7SAYGDEE2N,King,Redmond,53033032323,WA,POINT (-122.13158 47.67858)
MODEL S,5YJSA1E14G,King,Mercer Island,53033024302,WA,POINT (-122.21238 47.57816)
IONIQ 5,KM8KRDDF3R,Clark,Vancouver,53011042100,WA,POINT (-122.67156 45.63248)
MODEL Y,7SAYGDEE8P,King,Sammamish,53033032225,WA,POINT (-122.02054 47.60326)
MODEL Y,7SAYGDEE0P,King,Kirkland,53033022604,WA,POINT (-122.2066 47.67887)
MODEL Y,7SAYGDED2T,King,Bellevue,53033024002,WA,POINT (-122.1872 47.61001)
MODEL Y,5YJYGDEE6M,King,Bellevue,53033023201,WA,POINT (-122.12056 47.61334)
ID.4,WVGUNPE21M,King,Seattle,53033001201,WA,POINT (-122.30253 47.72656)
BZ,JTMBDAFBXT,Thurston,Olympia,53067012001,WA,POINT (-122.92018 47.04575)
MODEL Y,7SAYGDEF1P,Snohomish,Lynnwood,53061051928,WA,POINT (-122.27734 47.83785)
MUSTANG MACH-E,3FMTK1S54S,Clark,Vancouver,53011041206,WA,POINT (-122.59219 45.62158)
ESCAPE,1FMCU0LZ5M,King,Seattle,53033000300,WA,POINT (-122.33364 47.73709)
MODEL Y,5YJYGAEE1M,King,Redmond,53033032321,WA,POINT (-122.13158 47.67858)
VOLT,1G1RA6S52J,King,Renton,53033025804,WA,POINT (-122.08747 47.4466)
MODEL S,5YJSA1E27L,King,Redmond,53033032321,WA,POINT (-122.13158 47.67858)
MUSTANG MACH-E,3FMTK4SX9R,King,Federal Way,53033030308,WA,POINT (-122.36217 47.31011)
MODEL 3,5YJ3E1EAXK,King,Bellevue,53033023902,WA,POINT (-122.1872 47.61001)
X5,5UX43EU07R,Clark,Vancouver,53011040907,WA,POINT (-122.70303 45.70954)
XC60,YV4H60DP5P,King,Burien,53033026700,WA,POINT (-122.36322 47.49736)
MODEL Y,7SAYGDEE9T,King,Renton,53033025302,WA,POINT (-122.18839 47.51197)
MODEL Y,5YJYGDEE2M,King,Bellevue,53033022805,WA,POINT (-122.1621 47.64441)
PROLOGUE,3GPKHXRJ4S,King,Shoreline,53033020600,WA,POINT (-122.30304 47.75494)
PROLOGUE,3GPKHXRJ6R,Kitsap,Silverdale,53035091206,WA,POINT (-122.69275 47.65171)
ID.4,1V2WNPE80P,King,Seattle,53033011902,WA,POINT (-122.25031 47.49481)
MODEL 3,5YJ3E1EB2N,King,Kent,53033031708,WA,POINT (-122.10798 47.37124)
MODEL 3,5YJ3E1EB3K,Snohomish,Bothell,53061051922,WA,POINT (-122.18384 47.8031)
CORSAIR,5LMTJ5DZ9S,Thurston,Yelm,53067012412,WA,POINT (-122.60735 46.94239)
LEAF,1N4BZ1BV0M,King,Redmond,53033032321,WA,POINT (-122.13158 47.67858)
R1T,7FCTGBAP6T,Thurston,Olympia,53067011901,WA,POINT (-123.04078 46.94792)
MODEL 3,5YJ3E1EB1S,King,Kirkland,53033022003,WA,POINT (-122.22901 47.72201)
R1S,7PDSGBBA1S,King,Seattle,53033005804,WA,POINT (-122.36381 47.63046)
BOLT EV,1G1FZ6S07L,King,Seattle,53033002200,WA,POINT (-122.30253 47.72656)
KONA,KM8HE3A60S,King,Seattle,53033008800,WA,POINT (-122.31009 47.60803)
MODEL X,5YJXCBE21H,King,Kirkland,53033021903,WA,POINT (-122.22901 47.72201)
MODEL Y,7SAYGAEE5P,King,Seattle,53033001600,WA,POINT (-122.38418 47.70044)
MODEL Y,7SAYGDED8S,King,Renton,53033025805,WA,POINT (-122.19488 47.44034)
MODEL Y,7SAYGDEE0T,King,Kent,53033029603,WA,POINT (-122.19976 47.37483)
NIRO,KNDCM3LD1K,Kitsap,Poulsbo,53035090501,WA,POINT (-122.64681 47.73689)
MODEL Y,7SAYGDEF8P,King,Sammamish,53033032225,WA,POINT (-122.02054 47.60326)
MODEL 3,5YJ3E1EB6J,King,Medina,53033024200,WA,POINT (-122.23892 47.61613)
MODEL Y,7SAYGDEE5T,King,Bellevue,53033024001,WA,POINT (-122.1872 47.61001)
LEAF,1N4AZ0CP9D,King,Sammamish,53033032316,WA,POINT (-122.02054 47.60326)
MODEL X,7SAXCAE56R,King,Sammamish,53033032317,WA,POINT (-122.02054 47.60326)
CLARITY,JHMZC5F15J,Clark,Vancouver,53011040812,WA,POINT (-122.62731 45.71668)
SOLTERRA,JTMABABA8R,King,Issaquah,53033032221,WA,POINT (-122.01656 47.57118)
MODEL Y,7SAYGDEE1T,King,Bothell,53033022001,WA,POINT (-122.20563 47.76144)
MODEL Y,5YJYGDEE5M,King,Seattle,53033001400,WA,POINT (-122.33364 47.73709)
330E,WBA8E1C58J,King,Renton,53033025304,WA,POINT (-122.18839 47.51197)
NIRO,KNDCT3L18P,King,Renton,53033025304,WA,POINT (-122.18839 47.51197)
MODEL Y,7SAYGDED7S,King,Bothell,53033022001,WA,POINT (-122.20563 47.76144)
BOLT EV,1G1FW6S02H,Clark,Washougal,53011040510,WA,POINT (-122.35341 45.57923)
R1S,7PDSGBBA6P,King,Bellevue,53033024001,WA,POINT (-122.1872 47.61001)
XC40,YV4ED3UB8N,King,Seattle,53033000601,WA,POINT (-122.33364 47.73709)
CLARITY,JHMZC5F30J,Clark,Vancouver,53011040908,WA,POINT (-122.70303 45.70954)
MODEL Y,7SAYGDEE7P,King,Sammamish,53033032318,WA,POINT (-122.02054 47.60326)
I4,WBY33AW05P,King,Bellevue,53033023807,WA,POINT (-122.1872 47.61001)
SORENTO,KNDRMDJH7S,King,Seattle,53033001100,WA,POINT (-122.30253 47.72656)
PACIFICA,2C4RC1N7XL,King,Renton,53033025201,WA,POINT (-122.18839 47.51197)
RANGE ROVER SPORT,SAL119E41P,King,Kirkland,53033022603,WA,POINT (-122.2066 47.67887)
MODEL S,5YJSA1E15G,Kitsap,Bremerton,53035080700,WA,POINT (-122.65223 47.57192)
PRIUS,JTDKN3DP9E,Clark,Vancouver,53011041313,WA,POINT (-122.55149 45.69345)
EQE-CLASS SUV,4JGGM1CB3R,King,Seattle,53033007303,WA,POINT (-122.34845 47.63283)
MODEL 3,5YJ3E1EA1P,Clark,Vancouver,53011040709,WA,POINT (-122.57722 45.64251)
MODEL 3,5YJ3E1EBXS,Kitsap,Poulsbo,53035090202,WA,POINT (-122.64681 47.73689)
XC60,YV4H60DL1R,Kitsap,Bainbridge Island,53035090800,WA,POINT (-122.521 47.62759)
MODEL Y,7SAYGAEE3P,Thurston,Tumwater,53067010910,WA,POINT (-123.04078 46.94792)
MODEL X,7SAXCAE50T,King,Federal Way,53033030204,WA,POINT (-122.3303 47.30151)
WRANGLER,1C4RJXR68R,King,Kirkland,53033021903,WA,POINT (-122.22901 47.72201)
NIRO,KNDCE3LG2N,King,Bellevue,53033023801,WA,POINT (-122.1872 47.61001)
EX90,7JDE23VL3S,King,Seattle,53033007902,WA,POINT (-122.31009 47.60803)
Q8,WA16AAGEXR,King,Bellevue,53033023902,WA,POINT (-122.1872 47.61001)
SILVERADO,1GC10VEL2R,King,Burien,53033027400,WA,POINT (-122.29411 47.48924)
NIRO,KNDCE3LG8K,King,Seattle,53033003302,WA,POINT (-122.38418 47.70044)
MODEL Y,7SAYGDEE9P,King,Seattle,53033001202,WA,POINT (-122.30253 47.72656)
MODEL Y,7SAYGDEE3P,King,Kenmore,53033021600,WA,POINT (-122.24369 47.75892)
EX30,YV4EK3ZK2S,King,Shoreline,53033020800,WA,POINT (-122.33364 47.73709)
ARIYA HATCHBACK,JN1BF0BA7R,King,Renton,53033025304,WA,POINT (-122.18839 47.51197)
EX90,7JDEV3KK6S,Kitsap,Bainbridge Island,53035091002,WA,POINT (-122.521 47.62759)
SOLTERRA,JTMABABA0R,Thurston,Rochester,53067012720,WA,POINT (-123.08743 46.82175)
SORENTO,KNDRMDLH8P,King,Shoreline,53033021000,WA,POINT (-122.33364 47.73709)
MODEL 3,5YJ3E1EBXJ,Clark,Vancouver,53011040703,WA,POINT (-122.57722 45.64251)
EV6,KNDC3DLC0R,King,Seattle,53033011901,WA,POINT (-122.25031 47.49481)
MODEL S,5YJSA1CG6D,Snohomish,Snohomish,53061052112,WA,POINT (-122.1389 47.87115)
RAV4,2T3YL4DV7D,King,Seattle,53033000500,WA,POINT (-122.37238 47.74068)
MODEL Y,7SAYGDEE9T,King,Bellevue,53033023902,WA,POINT (-122.1872 47.61001)
C-MAX,1FADP5CU4G,Kitsap,Port Orchard,53035092600,WA,POINT (-122.63848 47.5414)
BOLT EV,1G1FW6S03H,Thurston,Olympia,53067010600,WA,POINT (-122.92018 47.04575)
EV9,KNDAEFS56R,King,Shoreline,53033020800,WA,POINT (-122.37238 47.74068)
SOUL,KNDJP3AE7H,Clark,Vancouver,53011040412,WA,POINT (-122.62731 45.71668)
R1S,7PDSGBBA4S,King,Redmond,53033032321,WA,POINT (-122.13158 47.67858)
MODEL Y,7SAYGDEE4P,King,Seattle,53033006703,WA,POINT (-122.34845 47.63283)
NX,JTJHKCFZ6T,King,Seattle,53033004600,WA,POINT (-122.35436 47.67596)
BZ,JTMBCAEB9T,King,Shoreline,53033021000,WA,POINT (-122.33364 47.73709)
LEAF,1N4AZ1CV7N,King,Shoreline,53033020800,WA,POINT (-122.37238 47.74068)
ARIYA MPV,JN8DF0BF6S,Jefferson,Port Townsend,53031950604,WA,POINT (-122.77263 48.1212)
MODEL Y,7SAYGDEE9T,King,Bellevue,53033023201,WA,POINT (-122.12056 47.61334)
MODEL Y,5YJYGDEE0M,Snohomish,Everett,53061041703,WA,POINT (-122.18637 47.89251)
POLESTAR 2,YSMET3KA1P,King,Renton,53033025602,WA,POINT (-122.11589 47.50243)
XC60,YV4BR0DL3M,King,Kirkland,53033022501,WA,POINT (-122.2066 47.67887)
MODEL Y,7SAYGDEE6T,Thurston,Olympia,53067012331,WA,POINT (-122.80933 46.99531)
MUSTANG MACH-E,3FMTK3SU0R,Kitsap,Silverdale,53035091205,WA,POINT (-122.69275 47.65171)
ESCAPE,1FMCU0E14P,Kitsap,Port Orchard,53035092801,WA,POINT (-122.68516 47.50645)
MODEL 3,5YJ3E1EA4S,King,Seattle,53033007203,WA,POINT (-122.34845 47.63283)
FUSION,3FA6P0SU1F,King,Auburn,53033031102,WA,POINT (-122.18263 47.31825)
MODEL S,5YJSA1H19F,King,Bellevue,53033022805,WA,POINT (-122.1621 47.64441)
EV9,5XYAFFS56T,King,Bellevue,53033023202,WA,POINT (-122.12056 47.61334)
MODEL 3,5YJ3E1EB8K,King,Shoreline,53033020500,WA,POINT (-122.30304 47.75494)
Q4,WA1L2BFZ8P,Kitsap,Bainbridge Island,53035091002,WA,POINT (-122.521 47.62759)
VOLT,1G1RC6S56H,Clark,La Center,53011040203,WA,POINT (-122.67248 45.86156)
F-150,1FTVW1EL5P,Thurston,Olympia,53067011821,WA,POINT (-122.89165 47.03954)
MODEL 3,5YJ3E1EB7N,King,Redmond,53033022803,WA,POINT (-122.13158 47.67858)
MODEL 3,5YJ3E1EB2R,King,Bellevue,53033022805,WA,POINT (-122.1621 47.64441)
R1T,7FCTGAAA2P,King,Maple Valley,53033032008,WA,POINT (-122.04526 47.39394)
EQE-CLASS SUV,4JGGM1CB2R,King,Seattle,53033006000,WA,POINT (-122.34845 47.63283)
X5,5UXTA6C0XN,King,Seattle,53033000900,WA,POINT (-122.30253 47.72656)
PRIUS,JTDKN3DP1D,King,Seattle,53033008402,WA,POINT (-122.31009 47.60803)
V60,YV1BK0EP7L,Clark,Vancouver,53011041317,WA,POINT (-122.48723 45.63701)
MODEL Y,5YJYGDEEXM,King,Normandy Park,53033028600,WA,POINT (-122.34731 47.45207)
X5,5UX43EU04S,King,Kirkland,53033022501,WA,POINT (-122.2066 47.67887)
EQS-CLASS SUV,4JGDM4EB9P,King,Redmond,53033032330,WA,POINT (-122.13158 47.67858)
MODEL Y,7SAYGDEE3T,King,Renton,53033029308,WA,POINT (-122.19488 47.44034)
I3,WBY1Z4C58E,King,Seattle,53033006400,WA,POINT (-122.30207 47.64085)
PRIUS PRIME (PHEV),JTDACACUXR,King,Seattle,53033001202,WA,POINT (-122.30253 47.72656)
LEAF,1N4AZ0CP7D,Thurston,Olympia,53067010200,WA,POINT (-122.87741 47.05997)
BZ,JTMBDAFB0T,Cowlitz,Kelso,53015001100,WA,POINT (-122.89867 46.14424)
MODEL Y,7SAYGAEE7R,King,Kent,53033029408,WA,POINT (-122.17743 47.41185)
IONIQ 5,7YAKNDDC8T,King,Bellevue,53033023701,WA,POINT (-122.1621 47.64441)
IX,WB533CF05P,King,Bellevue,53033024905,WA,POINT (-122.12096 47.55584)
R1S,7PDSGBBA1S,King,Redmond,53033032325,WA,POINT (-122.13158 47.67858)
NIRO,KNDCT3L18S,King,Kirkland,53033022006,WA,POINT (-122.2066 47.67887)
ID.4,1V2WNPE84P,Clark,Vancouver,53011041003,WA,POINT (-122.64695 45.65675)
MODEL 3,5YJ3E1EB2R,King,Shoreline,53033021000,WA,POINT (-122.30304 47.75494)
MODEL Y,7SAYGDEE7P,King,Bellevue,53033024001,WA,POINT (-122.1872 47.61001)
CROSSTREK,JF2GTDNC4K,King,Seattle,53033007301,WA,POINT (-122.34845 47.63283)
F-150,1FT6W1EV7P,Clark,Vancouver,53011041313,WA,POINT (-122.55149 45.69345)
R1S,7PDSGCBPXS,King,Redmond,53033032321,WA,POINT (-122.13158 47.67858)
MODEL Y,5YJYGAEE4M,King,Kirkland,53033022005,WA,POINT (-122.22901 47.72201)
IONIQ 5,7YAKMDDCXS,King,Kirkland,53033022603,WA,POINT (-122.2066 47.67887)
MODEL 3,5YJ3E1ET4R,King,Sammamish,53033032215,WA,POINT (-122.03539 47.61344)
MODEL Y,7SAYGDEEXT,King,Sammamish,53033032318,WA,POINT (-122.02054 47.60326)
I4,WBY73AW06N,King,Newcastle,53033025005,WA,POINT (-122.11589 47.50243)
LEAF,1N4AZ1CP3J,Kitsap,Port Orchard,53035092901,WA,POINT (-122.68516 47.50645)
EQB-CLASS,W1N9M0KB7S,King,Shoreline,53033020200,WA,POINT (-122.37238 47.74068)
MODEL Y,7SAYGDEE0P,King,Maple Valley,53033032011,WA,POINT (-122.04526 47.39394)
I4,WBY43AW08R,King,Seattle,53033008101,WA,POINT (-122.34223 47.61085)
MODEL 3,5YJ3E1EA1P,King,Bellevue,53033023805,WA,POINT (-122.1872 47.61001)
MODEL 3,5YJ3E1EB9J,Kitsap,Bainbridge Island,53035090700,WA,POINT (-122.521 47.62759)
MODEL Y,7SAYGDEF0P,King,Newcastle,53033024703,WA,POINT (-122.18839 47.51197)
TAYCAN,WP0AD2Y12N,Clark,Camas,53011040608,WA,POINT (-122.40177 45.58705)
E-TRON,WA1LAAGE5N,King,Bellevue,53033023500,WA,POINT (-122.1621 47.64441)
MODEL 3,5YJ3E1EB2N,King,Renton,53033025702,WA,POINT (-122.08747 47.4466)
MODEL 3,5YJ3E1EA0R,King,Bellevue,53033025001,WA,POINT (-122.12096 47.55584)
R1S,7PDSGABA9P,King,Bellevue,53033023701,WA,POINT (-122.1621 47.64441)
MODEL S,5YJSA1E2XG,King,Bellevue,53033023201,WA,POINT (-122.12056 47.61334)
MODEL 3,5YJ3E1EA2R,Clark,Vancouver,53011041322,WA,POINT (-122.49212 45.60365)
PACIFICA,2C4RC1S79P,Thurston,Olympia,53067011100,WA,POINT (-122.92018 47.04575)
MODEL Y,7SAYGDEE6R,King,Shoreline,53033021000,WA,POINT (-122.33364 47.73709)
NIRO,KNDCR3L15S,Clark,Vancouver,53011040904,WA,POINT (-122.70303 45.70954)
MODEL 3,5YJ3E1EA7K,King,Issaquah,53033032221,WA,POINT (-122.01656 47.57118)
WRANGLER,1C4RJXR67R,King,Kirkland,53033022006,WA,POINT (-122.22901 47.72201)
TAYCAN,WP0AB2Y13M,King,Bellevue,53033023805,WA,POINT (-122.1872 47.61001)
MODEL Y,7SAYGDEE7S,Clark,Yacolt,53011040102,WA,POINT (-122.40908 45.86679)
IONIQ 5,KM8KN4DE9R,King,Burien,53033027600,WA,POINT (-122.34731 47.45207)
MODEL Y,7SAYGDEE1T,Clark,Vancouver,53011041206,WA,POINT (-122.59219 45.62158)
MACAN,WP1AA2XA5T,King,Bellevue,53033023702,WA,POINT (-122.1621 47.64441)
R1T,7FCTGBAA7S,King,Covington,53033031710,WA,POINT (-122.10798 47.37124)
IONIQ 5,7YAKNDDCXS,King,Seattle,53033002200,WA,POINT (-122.30253 47.72656)
XC60,YV4BR0DM2L,King,Auburn,53033029602,WA,POINT (-122.18263 47.31825)
R1T,7FCTGAAA1P,Clark,Vancouver,53011040910,WA,POINT (-122.70303 45.70954)
MODEL 3,5YJ3E1EB7J,King,Kirkland,53033022501,WA,POINT (-122.2066 47.67887)
WRANGLER,1C4JJXP6XN,Thurston,Yelm,53067012421,WA,POINT (-122.60735 46.94239)
R1T,7FCTGAAA6N,King,Seattle,53033012100,WA,POINT (-122.36322 47.49736)
SILVERADO,1GC10UED6R,Thurston,Olympia,53067010100,WA,POINT (-122.89165 47.03954)
MODEL 3,5YJ3E1EA1L,King,Sammamish,53033032216,WA,POINT (-122.02054 47.60326)
IONIQ 5,7YAKNDDCXS,King,Bellevue,53033023807,WA,POINT (-122.1872 47.61001)
EV9,KNDAEFS58R,Kitsap,Bainbridge Island,53035090800,WA,POINT (-122.521 47.62759)
MODEL Y,5YJYGDEE2M,King,Kirkland,53033022604,WA,POINT (-122.2066 47.67887)
MODEL Y,7SAYGDEE8T,King,Kirkland,53033022603,WA,POINT (-122.2066 47.67887)
MODEL 3,5YJ3E1EA6R,King,Newcastle,53033025005,WA,POINT (-122.11589 47.50243)
MODEL Y,7SAYGDEE0P,Snohomish,Bothell,53061051927,WA,POINT (-122.20105 47.84423)
EV6,KNDC4DLC6P,King,Kirkland,53033022003,WA,POINT (-122.22901 47.72201)
BOLT EV,1G1FX6S09H,King,Seattle,53033012000,WA,POINT (-122.36322 47.49736)
MODEL Y,7SAYGDEE0R,King,Kent,53033029306,WA,POINT (-122.17743 47.41185)
MODEL S,5YJSA1CN9D,King,Seattle,53033006200,WA,POINT (-122.30207 47.64085)
NIRO,KNDCT3L10R,King,Seattle,53033001400,WA,POINT (-122.37238 47.74068)
MODEL 3,5YJ3E1EB9P,Kitsap,Bainbridge Island,53035090700,WA,POINT (-122.521 47.62759)
MODEL Y,7SAYGDEEXR,Thurston,Olympia,53067010100,WA,POINT (-122.89165 47.03954)
MODEL 3,5YJ3E1EB4L,King,Kirkland,53033022702,WA,POINT (-122.2066 47.67887)
E-TRON,WA1VAAGE9K,King,Kirkland,53033022006,WA,POINT (-122.22901 47.72201)
EQUINOX,3GN7DNRR4T,Snohomish,Mill Creek,53061052004,WA,POINT (-122.20105 47.84423)
MODEL Y,7SAYGDEE0N,King,Redmond,53033032323,WA,POINT (-122.13158 47.67858)
MODEL Y,7SAYGDEE3P,Clark,Ridgefield,53011040905,WA,POINT (-122.74595 45.81539)
MODEL X,5YJXCBE46G,King,Kent,53033029405,WA,POINT (-122.17743 47.41185)
MACAN,WP1AA2XA6R,King,Kirkland,53033022604,WA,POINT (-122.2066 47.67887)
MODEL Y,7SAYGDEEXT,Kitsap,Silverdale,53035091205,WA,POINT (-122.69275 47.65171)
MODEL Y,7SAYGDEE8P,King,Bellevue,53033024001,WA,POINT (-122.1872 47.61001)
LEAF,1N4BZ1CP7L,King,Seattle,53033005000,WA,POINT (-122.35436 47.67596)
IONIQ 5,KM8KRDAF3N,King,Seattle,53033008300,WA,POINT (-122.34223 47.61085)
LEAF,1N4AZ0CP7F,Clark,Vancouver,53011040803,WA,POINT (-122.62731 45.71668)
EQS-CLASS SEDAN,W1KCG2DB3N,King,Bellevue,53033023100,WA,POINT (-122.11867 47.63131)
MODEL 3,5YJ3E1EA4J,King,Seattle,53033006200,WA,POINT (-122.30207 47.64085)
MODEL 3,5YJ3E1EA5P,King,Kent,53033029407,WA,POINT (-122.17743 47.41185)
IONIQ 6,KMHM34AC4S,King,Kirkland,53033021904,WA,POINT (-122.22901 47.72201)
I3,WBY1Z4C56G,Clark,Battle Ground,53011040416,WA,POINT (-122.5331 45.78092)
MODEL 3,5YJ3E1EC5M,Clark,Battle Ground,53011040407,WA,POINT (-122.5331 45.78092)
MODEL S,5YJSA1E21G,King,Mercer Island,53033024302,WA,POINT (-122.21238 47.57816)
KONA,KM8HE3A62R,King,Seattle,53033009500,WA,POINT (-122.30866 47.57874)
EV6,KNDC3DLC1N,King,Kirkland,53033022701,WA,POINT (-122.2066 47.67887)
EX40,YV4ER3HLXS,Clark,Battle Ground,53011040408,WA,POINT (-122.5331 45.78092)
X5,5UX43EU02S,Yakima,Yakima,53077000800,WA,POINT (-120.51904 46.59782)
MODEL Y,7SAYGDEE6T,Snohomish,Bothell,53061052107,WA,POINT (-122.20105 47.84423)
MODEL Y,7SAYGDEEXT,King,Bellevue,53033022805,WA,POINT (-122.1621 47.64441)
MODEL Y,7SAYGDEE3T,King,Seattle,53033005902,WA,POINT (-122.36381 47.63046)
MODEL Y,7SAYGDEE0P,Clark,Camas,53011040609,WA,POINT (-122.40177 45.58705)
MODEL Y,7SAYGDEE2N,King,Renton,53033029309,WA,POINT (-122.19488 47.44034)
MUSTANG MACH-E,3FMTK4SX3P,King,Auburn,53033031207,WA,POINT (-122.18263 47.31825)
TRANSIT,1FTBW9CK0N,Snohomish,Arlington,53061052803,WA,POINT (-122.1264 48.19471)
R1T,7FCTGBAA4S,Kitsap,Poulsbo,53035091100,WA,POINT (-122.64681 47.73689)
MODEL Y,7SAYGDEE8T,Thurston,Tumwater,53067010910,WA,POINT (-123.04078 46.94792)
MODEL Y,7SAYGDEE9P,King,Seattle,53033012100,WA,POINT (-122.36322 47.49736)
MODEL 3,5YJ3E1ECXN,King,Redmond,53033032321,WA,POINT (-122.13158 47.67858)
MODEL Y,7SAYGDEE2P,Clark,La Center,53011040201,WA,POINT (-122.67248 45.86156)
MODEL 3,5YJ3E1EB6M,King,Bellevue,53033024001,WA,POINT (-122.1872 47.61001)
BOLT EV,1G1FX6S09H,King,Kirkland,53033021903,WA,POINT (-122.22901 47.72201)
VISTIQ,1GYC3NML4T,King,Woodinville,53033021906,WA,POINT (-122.15545 47.75448)
LEAF,1N4AZ0CP2F,King,Seattle,53033000500,WA,POINT (-122.37238 47.74068)
LEAF,1N4AZ0CPXG,King,Burien,53033028500,WA,POINT (-122.32472 47.44519)
VOLT,1G1RC6S52J,King,Seattle,53033001400,WA,POINT (-122.37238 47.74068)
MODEL Y,7SAYGDEDXP,King,Seattle,53033010101,WA,POINT (-122.31449 47.53917)
WRANGLER,1C4RJXN63S,Clark,Vancouver,53011040908,WA,POINT (-122.70303 45.70954)
OUTLANDER,JA4T5VA98P,King,Federal Way,53033030305,WA,POINT (-122.36217 47.31011)
LEAF,1N4AZ0CP6F,King,Kirkland,53033022501,WA,POINT (-122.2066 47.67887)
MODEL Y,7SAYGDEEXT,King,Kirkland,53033022005,WA,POINT (-122.22901 47.72201)
WRANGLER,1C4RJXN68R,King,Bellevue,53033023300,WA,POINT (-122.12056 47.61334)
BZ4X,JTMABACA5P,King,Des Moines,53033028901,WA,POINT (-122.30615 47.38542)
ID.4,1V2WNPE82P,King,Redmond,53033032324,WA,POINT (-122.13158 47.67858)
WRANGLER,1C4JJXR6XM,Clark,Brush Prairie,53011040505,WA,POINT (-122.54578 45.73473)
MODEL Y,7SAYGDED4T,King,Bellevue,53033023300,WA,POINT (-122.12056 47.61334)
MODEL Y,7SAYGDEE1R,King,Redmond,53033032324,WA,POINT (-122.13158 47.67858)
MUSTANG MACH-E,3FMTK3SU4N,Cowlitz,Longview,53015000801,WA,POINT (-122.95058 46.14681)
ID.4,1V2JSPE84T,King,Seattle,53033006400,WA,POINT (-122.30207 47.64085)
MODEL 3,5YJ3E1EA0T,King,Seattle,53033007203,WA,POINT (-122.34845 47.63283)
Q6,WA124BGF6S,King,Shoreline,53033020800,WA,POINT (-122.37238 47.74068)
Q4,WA1L2BFZ9R,King,Seattle,53033001400,WA,POINT (-122.37238 47.74068)
IX,WB523CF0XR,King,Sammamish,53033032224,WA,POINT (-122.03539 47.61344)
LEAF,1N4AZ1CP8J,King,Kenmore,53033021600,WA,POINT (-122.24369 47.75892)
MODEL Y,7SAYGDEE6N,King,Kirkland,53033022603,WA,POINT (-122.2066 47.67887)
RANGE ROVER SPORT,SALWV2RY2L,King,Seattle,53033009500,WA,POINT (-122.30866 47.57874)
IONIQ 5,KM8KRDDF6R,King,Seattle,53033008800,WA,POINT (-122.31009 47.60803)
HARDTOP,WMW13DJ0XR,King,Kirkland,53033022003,WA,POINT (-122.22901 47.72201)
EQUINOX,3GN7DNRPXT,Kitsap,Bremerton,53035091600,WA,POINT (-122.61158 47.62691)
MODEL Y,7SAYGDEF0N,King,Bellevue,53033024905,WA,POINT (-122.12096 47.55584)
R1T,7FCTGAAL3N,King,Seattle,53033005600,WA,POINT (-122.40092 47.65908)
X5,5UXTA6C08P,King,Seattle,53033001600,WA,POINT (-122.37238 47.74068)
PRIUS PRIME (PHEV),JTDKARFP4H,Jefferson,Port Ludlow,53031950302,WA,POINT (-122.68475 47.92989)
BZ4X,JTMABACA8P,Clark,Vancouver,53011040811,WA,POINT (-122.62731 45.71668)
MODEL Y,7SAYGDEE1S,King,Sammamish,53033032215,WA,POINT (-122.03539 47.61344)
MODEL S,5YJSA1E52M,Clark,Ridgefield,53011040303,WA,POINT (-122.74595 45.81539)
IONIQ 5,KM8KNDAF9P,King,Seattle,53033007600,WA,POINT (-122.30207 47.64085)
MODEL 3,5YJ3E1EB3K,King,Seattle,53033007302,WA,POINT (-122.34223 47.61085)
MODEL Y,7SAYGDED0T,King,Kent,53033029403,WA,POINT (-122.17743 47.41185)
MODEL X,7SAXCAE57P,King,Mercer Island,53033024302,WA,POINT (-122.21238 47.57816)
MODEL 3,5YJ3E1EB9L,King,Bellevue,53033023000,WA,POINT (-122.11867 47.63131)
MODEL Y,7SAYGDEEXT,King,Seattle,53033011902,WA,POINT (-122.25031 47.49481)
FORTWO ELECTRIC DRIVE,WMEEJ9AA6F,King,Des Moines,53033028902,WA,POINT (-122.30615 47.38542)
LEAF,1N4BZ0CP6H,Snohomish,Bothell,53061051922,WA,POINT (-122.20105 47.84423)
MODEL 3,5YJ3E1EA3P,King,Issaquah,53033032221,WA,POINT (-122.01656 47.57118)
EV6,KNDC3DLC6R,King,Bothell,53033021802,WA,POINT (-122.20563 47.76144)
VOLT,1G1RA6S59J,Clark,Vancouver,53011041010,WA,POINT (-122.64443 45.67871)
XC60,YV4BR0DK3K,King,Seattle,53033007800,WA,POINT (-122.30207 47.64085)
RAV4 PRIME (PHEV),JTM7ERAV9T,Yakima,Yakima,53077001100,WA,POINT (-120.60272 46.59656)
SOLTERRA,JTMBDAFC4T,Clark,Vancouver,53011042000,WA,POINT (-122.64695 45.65675)
MODEL Y,5YJYGDEE2M,King,Bothell,53033021804,WA,POINT (-122.20563 47.76144)
MODEL Y,7SAYGDEE2T,King,Bellevue,53033023701,WA,POINT (-122.1621 47.64441)
LEAF,1N4AZ1CP1J,Clark,Vancouver,53011040907,WA,POINT (-122.70303 45.70954)
X5,5UXTA6C0XN,King,Bellevue,53033023806,WA,POINT (-122.1872 47.61001)
X5,5UX43EU00S,King,Bellevue,53033023300,WA,POINT (-122.12056 47.61334)
MODEL Y,7SAYGDEE9T,Cowlitz,Kelso,53015001700,WA,POINT (-122.89867 46.14424)
MUSTANG MACH-E,3FMTK2SUXN,Kitsap,Seabeck,53035092000,WA,POINT (-122.81585 47.64509)
X5,5UX43EU04T,King,Bellevue,53033023702,WA,POINT (-122.1621 47.64441)
XC60,YV4H60DM2R,King,Seattle,53033001600,WA,POINT (-122.37238 47.74068)
MODEL 3,5YJ3E1EA3M,Clark,Vancouver,53011041312,WA,POINT (-122.55149 45.69345)
MODEL 3,5YJ3E1EB2J,King,Bellevue,53033023603,WA,POINT (-122.12056 47.61334)
IONIQ 5,KM8KNDAF7P,King,Seattle,53033001400,WA,POINT (-122.37238 47.74068)
MODEL Y,7SAYGDEE0R,Clark,Vancouver,53011040712,WA,POINT (-122.55149 45.69345)
CYBERTRUCK,7G2CEHEEXR,King,Bellevue,53033024001,WA,POINT (-122.1872 47.61001)
MODEL 3,5YJ3E1EA8S,Snohomish,Lake Stevens,53061052607,WA,POINT (-122.06402 48.01497)
MODEL Y,7SAYGDEE8T,King,Tukwila,53033026200,WA,POINT (-122.25031 47.49481)
LYRIQ,1GYKPWRL1R,King,Renton,53033029308,WA,POINT (-122.19488 47.44034)
PRIUS,JTDKN3DP9C,Thurston,Olympia,53067010300,WA,POINT (-122.89165 47.03954)
MODEL Y,7SAYGDEE0T,King,Bothell,53033022001,WA,POINT (-122.20563 47.76144)
MODEL Y,7SAYGDED7T,King,Bellevue,53033024904,WA,POINT (-122.12096 47.55584)
MODEL X,7SAXCBE50T,King,Kirkland,53033022401,WA,POINT (-122.2066 47.67887)
A3,WAUUPBFF9G,King,Kirkland,53033022603,WA,POINT (-122.2066 47.67887)
EV9,KNDAEFS56R,Clark,Vancouver,53011040907,WA,POINT (-122.70303 45.70954)
MODEL Y,7SAYGDEE3P,King,Seattle,53033009500,WA,POINT (-122.30866 47.57874)
R1T,7FCTGBAA1R,King,Kenmore,53033022102,WA,POINT (-122.24369 47.75892)
CX-90,JM3KKEHA3R,Yakima,Selah,53077003004,WA,POINT (-120.53145 46.65405)
EX90,7JDE23KL9S,King,Redmond,53033032324,WA,POINT (-122.13158 47.67858)
MODEL Y,7SAYGDEE2S,Clark,Vancouver,53011041319,WA,POINT (-122.48723 45.63701)
FUSION,3FA6P0SU0D,Thurston,Rochester,53067012730,WA,POINT (-123.08743 46.82175)
ESCAPE,1FMCU0EZ5N,King,Renton,53033029309,WA,POINT (-122.19488 47.44034)
EV6,KNDC3DLC9N,Clark,Camas,53011040609,WA,POINT (-122.40177 45.58705)
WRANGLER,1C4RJXU62R,King,Bothell,53033021804,WA,POINT (-122.20563 47.76144)
CX-90,JM3KKEHA3R,King,Seattle,53033001202,WA,POINT (-122.30253 47.72656)
IONIQ 5,7YAKRDDCXT,Snohomish,Mill Creek,53061052008,WA,POINT (-122.20105 47.84423)
MODEL Y,5YJYGDEE5M,King,Redmond,53033032323,WA,POINT (-122.13158 47.67858)
TUCSON,KM8JFDD27R,King,Seattle,53033001600,WA,POINT (-122.37238 47.74068)
MODEL Y,7SAYGDEE9P,King,Seattle,53033000101,WA,POINT (-122.30253 47.72656)
EV9,5XYAFFS53T,King,Bellevue,53033023202,WA,POINT (-122.12056 47.61334)
MODEL Y,7SAYGDED4T,Kitsap,Bremerton,53035080900,WA,POINT (-122.65223 47.57192)
TONALE,ZASPATDW5R,King,Seattle,53033004800,WA,POINT (-122.35436 47.67596)
Q4,WA1L2BFZ0P,King,Seattle,53033010402,WA,POINT (-122.31449 47.53917)
TRANSIT,1FTBW3XK6P,Cowlitz,Longview,53015002100,WA,POINT (-122.95058 46.14681)
MODEL Y,7SAYGDEE5T,King,Renton,53033025704,WA,POINT (-122.20489 47.47532)
LEAF,1N4AZ0CP4D,King,Federal Way,53033030008,WA,POINT (-122.3303 47.30151)
ID. BUZZ,WVGNYVEB5S,King,Bothell,53033022001,WA,POINT (-122.20563 47.76144)
CX-90,JM3KKDHA6R,King,Clyde Hill,53033024100,WA,POINT (-122.1872 47.61001)
MODEL Y,5YJYGAEE3M,King,Seattle,53033006500,WA,POINT (-122.32427 47.63433)
TAYCAN,WP0BA2Y16M,King,Kirkland,53033022203,WA,POINT (-122.22901 47.72201)
PRIUS,JTDKN3DP4E,Clark,Vancouver,53011041330,WA,POINT (-122.55149 45.69345)
ESCAPE,1FMCU0EZ8N,Clark,Vancouver,53011041317,WA,POINT (-122.48723 45.63701)
PANAMERA,WP0AE2YA3S,King,Bellevue,53033023702,WA,POINT (-122.1621 47.64441)
MODEL 3,5YJ3E1EB4J,King,Seattle,53033003000,WA,POINT (-122.38418 47.70044)
LEAF,1N4AZ1CP9K,Kitsap,Bainbridge Island,53035090902,WA,POINT (-122.521 47.62759)
LEAF,1N4BZ1DP1L,King,Sammamish,53033032225,WA,POINT (-122.02054 47.60326)
MODEL 3,5YJ3E1EC3P,King,Sammamish,53033032316,WA,POINT (-122.02054 47.60326)
PRIUS PRIME (PHEV),JTDKARFPXH,King,Bothell,53033021804,WA,POINT (-122.20563 47.76144)
MODEL Y,7SAYGDEEXN,King,Seattle,53033003601,WA,POINT (-122.31676 47.68156)
500,3C3CFFGE9E,King,Kirkland,53033022003,WA,POINT (-122.22901 47.72201)
MODEL 3,5YJ3E1EB2S,King,Kent,53033029403,WA,POINT (-122.17743 47.41185)
MODEL Y,7SAYGDEFXR,King,Kent,53033029306,WA,POINT (-122.17743 47.41185)
XC60,YV4H60RM2T,Clark,Vancouver,53011040908,WA,POINT (-122.70303 45.70954)
BOLT EV,1G1FZ6S05K,King,Shoreline,53033020800,WA,POINT (-122.37238 47.74068)
MODEL Y,7SAYGDEE8P,King,Issaquah,53033032104,WA,POINT (-122.03439 47.5301)
MODEL 3,5YJ3E1EAXR,King,Issaquah,53033032221,WA,POINT (-122.01656 47.57118)
SPORTAGE,KNDPYDAH1P,Snohomish,Lake Stevens,53061052607,WA,POINT (-122.06402 48.01497)
IONIQ 6,KMHM54AC1P,Clark,Vancouver,53011040904,WA,POINT (-122.70303 45.70954)
MODEL Y,7SAYGDEE9P,King,Seattle,53033004800,WA,POINT (-122.38591 47.67597)
ID.4,WVGJNPE23M,Snohomish,Everett,53061041606,WA,POINT (-122.18637 47.89251)
PROLOGUE,3GPKHXRJ7R,Snohomish,Snohomish,53061052502,WA,POINT (-122.09305 47.91265)
BZ4X,JTMABACA6S,King,Kirkland,53033022203,WA,POINT (-122.22901 47.72201)
MODEL Y,7SAYGDEE9T,King,Newcastle,53033024703,WA,POINT (-122.18839 47.51197)
MODEL S,5YJSA1H18E,King,North Bend,53033032705,WA,POINT (-121.7831 47.49348)
MODEL Y,7SAYGAEE6S,King,Tukwila,53033026200,WA,POINT (-122.29411 47.48924)
PRIUS PRIME (PHEV),JTDKAMFP8M,King,Kirkland,53033022501,WA,POINT (-122.2066 47.67887)
MODEL S,5YJSA1H12E,King,Newcastle,53033024703,WA,POINT (-122.18839 47.51197)
MODEL 3,5YJ3E1EB6J,Clark,Vancouver,53011041321,WA,POINT (-122.48723 45.63701)
LEAF,1N4BZ1BV7M,King,Maple Valley,53033032010,WA,POINT (-122.04526 47.39394)
BOLT EV,1G1FZ6S03K,King,Sammamish,53033032217,WA,POINT (-122.02054 47.60326)
LEAF,1N4BZ1DV2N,King,Kent,53033029602,WA,POINT (-122.19976 47.37483)
GRAND CHEROKEE,1C4RJYE60N,King,Burien,53033027400,WA,POINT (-122.29411 47.48924)
MODEL Y,7SAYGDEE2R,King,Issaquah,53033032220,WA,POINT (-122.01656 47.57118)
MODEL Y,5YJYGDEE9M,King,Bellevue,53033024902,WA,POINT (-122.12096 47.55584)
MODEL Y,7SAYGAEE4N,King,Renton,53033025304,WA,POINT (-122.18839 47.51197)
MODEL Y,7SAYGDEEXP,King,Bellevue,53033023805,WA,POINT (-122.1872 47.61001)
BOLT EUV,1G1FY6S06N,Clark,Vancouver,53011040910,WA,POINT (-122.70303 45.70954)
MODEL Y,7SAYGDEF9P,King,Seattle,53033001400,WA,POINT (-122.37238 47.74068)
GLE-CLASS,4JGDA6DB6H,King,Lake Forest Park,53033021300,WA,POINT (-122.30304 47.75494)
MODEL Y,7SAYGAEE3R,Clark,Ridgefield,53011040412,WA,POINT (-122.74595 45.81539)
MODEL Y,7SAYGDEE9P,Yakima,Yakima,53077001503,WA,POINT (-120.50729 46.60464)
LEAF,1N4AZ1CV4N,King,Kenmore,53033022101,WA,POINT (-122.24369 47.75892)
MODEL Y,5YJYGDEF6M,King,Seattle,53033007002,WA,POINT (-122.34845 47.63283)
R1S,7PDSGABA8P,King,Bothell,53033022001,WA,POINT (-122.20563 47.76144)
RAV4 PRIME (PHEV),JTMAB3FV8N,King,Seattle,53033001600,WA,POINT (-122.37238 47.74068)
MODEL Y,7SAYGDEE2T,Clark,Vancouver,53011040714,WA,POINT (-122.55149 45.69345)
PROLOGUE,3GPKHXRJ1S,King,Auburn,53033030802,WA,POINT (-122.2229 47.307)
MODEL Y,7SAYGDEE6T,King,Seattle,53033009100,WA,POINT (-122.32945 47.60357)
LEAF,1N4AZ0CP6F,King,Seattle,53033012100,WA,POINT (-122.36322 47.49736)
ID.4,1V2JNPE83P,Clark,Vancouver,53011040907,WA,POINT (-122.70303 45.70954)
MODEL Y,7SAYGDED1P,King,Bellevue,53033023603,WA,POINT (-122.1621 47.64441)
MODEL Y,7SAYGDEF0N,Snohomish,Edmonds,53061050600,WA,POINT (-122.37695 47.81113)
MODEL Y,7SAYGDEE5R,King,Renton,53033025804,WA,POINT (-122.08747 47.4466)
TUCSON,KM8JFDD27R,King,Bellevue,53033024001,WA,POINT (-122.1872 47.61001)
MODEL Y,7SAYGDEE2P,King,Sammamish,53033032318,WA,POINT (-122.02054 47.60326)
X5,5UXKT0C50G,King,Renton,53033029308,WA,POINT (-122.19488 47.44034)
I3,WBY7Z2C58J,King,Seattle,53033010002,WA,POINT (-122.30866 47.57874)
MODEL 3,5YJ3E1EA1N,King,Seattle,53033007303,WA,POINT (-122.34845 47.63283)
MODEL Y,7SAYGDEE2R,King,Kirkland,53033022603,WA,POINT (-122.2066 47.67887)
EQE-CLASS SUV,4JGGM1CB5P,King,Kirkland,53033022501,WA,POINT (-122.2066 47.67887)
MODEL Y,5YJYGDEE0M,King,Shoreline,53033021100,WA,POINT (-122.30304 47.75494)
MODEL 3,5YJ3E1EB8T,King,Issaquah,53033032220,WA,POINT (-122.01656 47.57118)
COUNTRYMAN,WMZ53GA07S,King,Seattle,53033001600,WA,POINT (-122.37238 47.74068)
C-MAX,1FADP5CU8E,King,Bothell,53033021804,WA,POINT (-122.20563 47.76144)
MODEL 3,5YJ3E1EC4N,Clark,Vancouver,53011040907,WA,POINT (-122.70303 45.70954)
ID.4,1V2WNPE83P,Kitsap,Bainbridge Island,53035090800,WA,POINT (-122.521 47.62759)
MODEL Y,7SAYGDEE7T,King,Bellevue,53033023801,WA,POINT (-122.1872 47.61001)
R1T,7FCTGAAA7N,King,Seattle,53033008800,WA,POINT (-122.31009 47.60803)
PACIFICA,2C4RC1N75M,King,Sammamish,53033032215,WA,POINT (-122.03539 47.61344)
MODEL 3,5YJ3E1EAXR,Snohomish,Bothell,53061052107,WA,POINT (-122.20105 47.84423)
X5,5UX43EU06R,King,Bellevue,53033025007,WA,POINT (-122.12096 47.55584)
MODEL Y,7SAYGDEE3T,King,Bellevue,53033023806,WA,POINT (-122.1872 47.61001)
R1S,7PDSGBBA1S,King,Kirkland,53033022501,WA,POINT (-122.2066 47.67887)
MODEL Y,7SAYGDED8T,King,Kirkland,53033022703,WA,POINT (-122.2066 47.67887)
R1S,7PDSGABL4R,King,Seattle,53033006800,WA,POINT (-122.34845 47.63283)
ID.4,1V25MPE87R,King,Seattle,53033001202,WA,POINT (-122.30253 47.72656)
VOLT,1G1RB6S58J,Clark,Vancouver,53011041337,WA,POINT (-122.48723 45.63701)
MODEL 3,5YJ3E1EB4S,Clark,Battle Ground,53011040203,WA,POINT (-122.5331 45.78092)
IONIQ 5,KM8KNDAF6P,King,Renton,53033029309,WA,POINT (-122.19488 47.44034)
MODEL Y,5YJYGAEE0M,King,Seattle,53033006900,WA,POINT (-122.36381 47.63046)
MODEL Y,7SAYGDEE3T,King,Renton,53033025304,WA,POINT (-122.18839 47.51197)
AIR,50EA1TEA7P,King,Seattle,53033000602,WA,POINT (-122.33364 47.73709)
F-150,1FTVW1EL8P,Clark,Vancouver,53011040908,WA,POINT (-122.70303 45.70954)
TX,5TDACAC60T,Snohomish,Bothell,53061051927,WA,POINT (-122.20105 47.84423)
MODEL Y,7SAYGDEE5T,King,Seattle,53033003301,WA,POINT (-122.38591 47.67597)
MODEL Y,7SAYGDED7T,Clark,Vancouver,53011040803,WA,POINT (-122.62731 45.71668)
NX,JTJHKCFZ3R,King,Seattle,53033004901,WA,POINT (-122.35436 47.67596)
MODEL Y,7SAYGDEE0P,Clark,Vancouver,53011040910,WA,POINT (-122.70303 45.70954)
PRIUS,JTDKN3DP8C,Clark,Vancouver,53011041110,WA,POINT (-122.62934 45.63201)
SOLTERRA,JTMABABA5P,Clark,Camas,53011040605,WA,POINT (-122.40177 45.58705)
ID.4,1V2DNPE88P,Cowlitz,Kelso,53015000901,WA,POINT (-122.89867 46.14424)
MODEL Y,5YJYGDEE7M,King,Bellevue,53033024001,WA,POINT (-122.1872 47.61001)
MODEL Y,7SAYGDEF2P,King,Seattle,53033001800,WA,POINT (-122.35436 47.67596)
MODEL Y,7SAYGAEE0S,Thurston,Olympia,53067010400,WA,POINT (-122.89165 47.03954)
I4,WBY43AW05R,King,Woodinville,53033021802,WA,POINT (-122.15545 47.75448)
MODEL Y,5YJYGDEE2L,King,Kirkland,53033022006,WA,POINT (-122.22901 47.72201)
F-150,1FT6W1BM1S,King,Redmond,53033032313,WA,POINT (-122.03287 47.68555)
MODEL Y,7SAYGDEE2T,King,Bellevue,53033024904,WA,POINT (-122.12096 47.55584)
MODEL 3,5YJ3E1EA9R,King,Redmond,53033032323,WA,POINT (-122.13158 47.67858)
MODEL Y,5YJYGDEE0M,King,Seattle,53033000900,WA,POINT (-122.30253 47.72656)
MODEL Y,7SAYGDEF7N,Kitsap,Bainbridge Island,53035090800,WA,POINT (-122.521 47.62759)
POLESTAR 3,7SYEE3YB1S,King,Sammamish,53033032224,WA,POINT (-122.03539 47.61344)
NX,JTJHKCFZ9N,Clark,Vancouver,53011040712,WA,POINT (-122.55149 45.69345)
MUSTANG MACH-E,3FMTK3SU5R,King,Snoqualmie,53033032605,WA,POINT (-121.82432 47.52716)
BOLT EUV,1G1FZ6S07N,Kitsap,Bremerton,53035080101,WA,POINT (-122.61136 47.5752)
MODEL X,7SAXCBE63N,Clark,Vancouver,53011040713,WA,POINT (-122.55149 45.69345)
Q4,WA1BCBFZ5P,King,Renton,53033024704,WA,POINT (-122.18839 47.51197)
EV9,KNDAA5S2XR,King,Seattle,53033002000,WA,POINT (-122.31676 47.68156)
CAYENNE,WP1AN2AY0S,King,Seattle,53033009600,WA,POINT (-122.41067 47.57894)
I3,WBY1Z4C58F,King,Burien,53033026700,WA,POINT (-122.36322 47.49736)
R1T,7FCTGAAA6N,King,Bothell,53033021804,WA,POINT (-122.20563 47.76144)
CLARITY,JHMZC5F38J,King,Kirkland,53033022603,WA,POINT (-122.2066 47.67887)
MODEL Y,7SAYGDEE7N,King,Seattle,53033006600,WA,POINT (-122.32427 47.63433)
VOLT,1G1RA6S50H,King,Shoreline,53033020900,WA,POINT (-122.33364 47.73709)
XC40,YV4ED3UR9M,King,Seattle,53033000601,WA,POINT (-122.33364 47.73709)
POLESTAR 2,LPSED3KA4M,Clark,Vancouver,53011040703,WA,POINT (-122.57722 45.64251)
MODEL Y,5YJYGDEE9M,Snohomish,Bothell,53061052007,WA,POINT (-122.20105 47.84423)
MODEL 3,5YJ3E1EA6N,King,Kirkland,53033022401,WA,POINT (-122.2066 47.67887)
MODEL Y,7SAYGAEE4R,King,Sammamish,53033032224,WA,POINT (-122.03539 47.61344)
MODEL Y,7SAYGDEE9S,King,Kent,53033029403,WA,POINT (-122.17743 47.41185)
MODEL S,5YJSA1E25L,King,Seattle,53033000500,WA,POINT (-122.37238 47.74068)
MODEL Y,5YJYGDEE2M,King,Bellevue,53033023901,WA,POINT (-122.1872 47.61001)
PACIFICA,2C4RC1N72K,Clark,Vancouver,53011040803,WA,POINT (-122.62731 45.71668)
XC60,YV4BR0DM6M,King,Seattle,53033001600,WA,POINT (-122.38418 47.70044)
ID.4,WVGTMPE26M,King,Kent,53033029405,WA,POINT (-122.17743 47.41185)
MODEL Y,7SAYGDEE3T,King,Seattle,53033001202,WA,POINT (-122.30253 47.72656)
MODEL Y,7SAYGAEE5P,King,Kent,53033029207,WA,POINT (-122.17743 47.41185)
MODEL 3,5YJ3E1EA9J,King,Redmond,53033022606,WA,POINT (-122.13158 47.67858)
MODEL Y,7SAYGDEE6T,King,Kenmore,53033021702,WA,POINT (-122.24369 47.75892)
MODEL 3,5YJ3E1EB5N,King,Medina,53033024200,WA,POINT (-122.23892 47.61613)
Q6,WA124BGF1S,King,Seattle,53033009600,WA,POINT (-122.41067 47.57894)
HARDTOP,WMW13DJ06N,Kitsap,Bainbridge Island,53035090700,WA,POINT (-122.521 47.62759)
XC40,YV4EH3HL8R,Kitsap,Bainbridge Island,53035090800,WA,POINT (-122.521 47.62759)
MODEL 3,5YJ3E1EB7K,King,Bellevue,53033023807,WA,POINT (-122.1872 47.61001)
MODEL 3,5YJ3E1EC2N,King,Redmond,53033022803,WA,POINT (-122.13158 47.67858)
MODEL 3,5YJ3E1EB0K,King,Seattle,53033000900,WA,POINT (-122.30253 47.72656)
MODEL Y,7SAYGDEEXP,King,Redmond,53033032323,WA,POINT (-122.13158 47.67858)
MODEL Y,7SAYGDEE4P,King,Renton,53033029308,WA,POINT (-122.19488 47.44034)
MODEL Y,7SAYGDEE2T,King,Bellevue,53033023100,WA,POINT (-122.11867 47.63131)
MODEL 3,5YJ3E1EBXN,King,Redmond,53033032323,WA,POINT (-122.13158 47.67858)
Q5,WA1E2AFY8N,King,Bothell,53033021804,WA,POINT (-122.20563 47.76144)
I3,WBY1Z4C50E,King,Sammamish,53033032217,WA,POINT (-122.02054 47.60326)
CLARITY,JHMZC5F3XJ,King,Duvall,53033032401,WA,POINT (-121.98609 47.74068)
MODEL Y,7SAYGDEE0R,King,Bothell,53033021804,WA,POINT (-122.20563 47.76144)
330E,WBA8E1C58J,King,Burien,53033028600,WA,POINT (-122.34731 47.45207)
EV6,KNDC3DLC1N,King,Maple Valley,53033032010,WA,POINT (-122.04526 47.39394)
GRAND CHEROKEE,1C4RJYB67R,Snohomish,Everett,53061040200,WA,POINT (-122.20596 47.97659)
MODEL Y,5YJYGDED4M,King,Seattle,53033000402,WA,POINT (-122.33364 47.73709)
I3,WBY8P6C58K,King,Seattle,53033009701,WA,POINT (-122.41067 47.57894)
IONIQ 5,KM8KRDDF1R,King,Seattle,53033011902,WA,POINT (-122.25031 47.49481)
LEAF,1N4AZ1BV7R,Clark,Camas,53011041400,WA,POINT (-122.40177 45.58705)
EV6,KNDC3DLC7R,King,Bothell,53033022001,WA,POINT (-122.20563 47.76144)
LEAF,1N4AZ0CP3E,King,Sammamish,53033032216,WA,POINT (-122.02054 47.60326)
MODEL S,5YJSA1E59N,King,Redmond,53033032330,WA,POINT (-122.13158 47.67858)
XC60,YV4H60DX1P,King,Bothell,53033021804,WA,POINT (-122.20563 47.76144)
MODEL Y,7SAYGDEE5T,King,Seattle,53033006500,WA,POINT (-122.32427 47.63433)
BOLT EV,1G1FY6S04L,King,Seattle,53033001202,WA,POINT (-122.30253 47.72656)
MODEL 3,5YJ3E1EA9J,King,Kirkland,53033022003,WA,POINT (-122.22901 47.72201)
MUSTANG MACH-E,3FMTK3S56S,Clark,Brush Prairie,53011040715,WA,POINT (-122.54578 45.73473)
X5,5UX43EU02T,King,Seattle,53033009300,WA,POINT (-122.32741 47.58616)
MUSTANG MACH-E,3FMTK3SU7S,King,Normandy Park,53033028600,WA,POINT (-122.34731 47.45207)
X3,5UXTS1C00M,King,Seattle,53033006100,WA,POINT (-122.32427 47.63433)
MODEL Y,7SAYGDEE5T,King,Issaquah,53033025007,WA,POINT (-122.03439 47.5301)
MUSTANG MACH-E,3FMTK3SU7R,King,Kirkland,53033022003,WA,POINT (-122.22901 47.72201)
PRIUS PRIME (PHEV),JTDACACU2S,Kitsap,Suquamish,53035940100,WA,POINT (-122.55242 47.73162)
MODEL Y,5YJYGDEF9M,King,Seattle,53033008800,WA,POINT (-122.31009 47.60803)
MODEL Y,7SAYGDEE9P,Kitsap,Poulsbo,53035090501,WA,POINT (-122.64681 47.73689)
MODEL Y,7SAYGDEE7T,Clark,Battle Ground,53011040203,WA,POINT (-122.5331 45.78092)
IX,WB523CF09R,Clark,Vancouver,53011040803,WA,POINT (-122.62731 45.71668)
MODEL 3,5YJ3E1ET8R,King,Bellevue,53033023801,WA,POINT (-122.1872 47.61001)
MODEL S,5YJSA1E27G,Kitsap,Bremerton,53035080300,WA,POINT (-122.61136 47.5752)
POLESTAR 3,7SYEA3YB6S,King,Seattle,53033006400,WA,POINT (-122.30207 47.64085)
MODEL Y,7SAYGDEE4P,King,Redmond,53033022902,WA,POINT (-122.13158 47.67858)
EQUINOX,3GN7DNRP3R,King,Redmond,53033032325,WA,POINT (-122.13158 47.67858)
F-150,1FT6W5L70R,King,Issaquah,53033032102,WA,POINT (-122.03439 47.5301)
MODEL Y,7SAYGAEE2S,King,Seattle,53033004800,WA,POINT (-122.38591 47.67597)
IX,WB523CF05P,King,Seattle,53033007800,WA,POINT (-122.30207 47.64085)
MODEL 3,5YJ3E1EB8P,Clark,Battle Ground,53011040408,WA,POINT (-122.5331 45.78092)
MODEL Y,7SAYGDEE4P,King,Redmond,53033032325,WA,POINT (-122.13158 47.67858)
MODEL Y,5YJYGDEF3L,King,Shoreline,53033020200,WA,POINT (-122.37238 47.74068)
MODEL Y,7SAYGDEE7T,King,Seattle,53033000700,WA,POINT (-122.30253 47.72656)
MODEL Y,7SAYGDEE3P,King,Kirkland,53033021903,WA,POINT (-122.22901 47.72201)
MUSTANG MACH-E,3FMTK3SU4R,King,Bothell,53033021804,WA,POINT (-122.20563 47.76144)
X5,5UX43EU0XT,King,Seattle,53033009300,WA,POINT (-122.32741 47.58616)
MODEL Y,7SAYGDEE5P,Clark,Vancouver,53011041003,WA,POINT (-122.67156 45.63248)
RZ,JTJBDADB1T,King,Shoreline,53033020200,WA,POINT (-122.37238 47.74068)
SOLTERRA,JTMABABA8R,King,Seattle,53033002900,WA,POINT (-122.38418 47.70044)
MODEL X,5YJXCDE2XM,King,Issaquah,53033032219,WA,POINT (-122.01656 47.57118)
MODEL Y,7SAYGDEE9P,King,Federal Way,53033030101,WA,POINT (-122.36217 47.31011)
MODEL Y,7SAYGDEE4T,King,Kirkland,53033022204,WA,POINT (-122.22901 47.72201)
F-150,1FT6W5L74R,King,Kent,53033029508,WA,POINT (-122.19976 47.37483)
EQS-CLASS SUV,4JGDM2EB7P,King,Redmond,53033032321,WA,POINT (-122.13158 47.67858)
R1S,7PDSGFBA9T,King,Kirkland,53033022702,WA,POINT (-122.2066 47.67887)
LEAF,JN1AZ0CP8C,Clark,Ridgefield,53011040905,WA,POINT (-122.74595 45.81539)
MODEL Y,7SAYGDEF5N,Clark,Vancouver,53011042800,WA,POINT (-122.62934 45.63201)
MODEL Y,7SAYGDEE9T,Yakima,Yakima,53077000301,WA,POINT (-120.51904 46.59782)
MODEL 3,5YJ3E1EA1P,King,Issaquah,53033032104,WA,POINT (-122.03439 47.5301)
MODEL 3,5YJ3E1EB8J,King,Kent,53033029306,WA,POINT (-122.17743 47.41185)
MODEL Y,7SAYGDEE7T,King,Kirkland,53033022604,WA,POINT (-122.2066 47.67887)
I4,WBY73AW05P,King,Bellevue,53033024001,WA,POINT (-122.1872 47.61001)
LEAF,1N4BZ1CP2K,King,Seattle,53033006400,WA,POINT (-122.30207 47.64085)
MODEL Y,7SAYGDEE7P,King,Seattle,53033001202,WA,POINT (-122.30253 47.72656)
EQE-CLASS SEDAN,W1KEG1CB2P,King,Burien,53033027902,WA,POINT (-122.34731 47.45207)
MODEL Y,7SAYGDEE5T,King,Seattle,53033003500,WA,POINT (-122.35436 47.67596)
FUSION,3FA6P0PU6H,King,Maple Valley,53033032008,WA,POINT (-122.04526 47.39394)
MODEL Y,7SAYGDED5T,King,Renton,53033025702,WA,POINT (-122.08747 47.4466)
BOLT EUV,1G1FZ6S08N,Thurston,Yelm,53067012412,WA,POINT (-122.60735 46.94239)
MODEL 3,5YJ3E1EB4M,Cowlitz,Kelso,53015001700,WA,POINT (-122.89867 46.14424)
EV6,KNDC3DLC4R,King,Shoreline,53033020700,WA,POINT (-122.33364 47.73709)
MODEL 3,5YJ3E1EB3L,Kitsap,Bainbridge Island,53035090700,WA,POINT (-122.521 47.62759)
MODEL Y,7SAYGDEE3P,King,Sammamish,53033032218,WA,POINT (-122.03539 47.61344)
R1T,7FCTGBAA0P,King,Newcastle,53033025001,WA,POINT (-122.18839 47.51197)
C-MAX,1FADP5CU3D,King,Seatac,53033028403,WA,POINT (-122.27979 47.44952)
I5,WBY43FK0XS,King,Seattle,53033009300,WA,POINT (-122.32741 47.58616)
MODEL 3,5YJ3E1EA9N,King,Seattle,53033006100,WA,POINT (-122.32427 47.63433)
MODEL Y,7SAYGDEF1P,King,Federal Way,53033030308,WA,POINT (-122.36217 47.31011)
MODEL Y,7SAYGDEF2P,Snohomish,Mukilteo,53061042001,WA,POINT (-122.29196 47.89908)
LEAF,1N4BZ1BP3L,King,Seattle,53033004600,WA,POINT (-122.35436 47.67596)
MODEL 3,5YJ3E1EB8S,Yakima,Yakima,53077002804,WA,POINT (-120.60272 46.59656)
RANGE ROVER,SALKP9F48S,King,Bellevue,53033024002,WA,POINT (-122.1872 47.61001)
FUSION,3FA6P0SU7H,King,Seattle,53033001100,WA,POINT (-122.30253 47.72656)
XC60,YV4H60DL7N,King,Seattle,53033012100,WA,POINT (-122.36322 47.49736)
MODEL Y,7SAYGDEE3T,Snohomish,Lynnwood,53061051922,WA,POINT (-122.29245 47.82557)
SOLTERRA,JTMABABA2P,King,Kirkland,53033022006,WA,POINT (-122.2066 47.67887)
BOLT EV,1G1FX6S09P,Clark,Vancouver,53011041325,WA,POINT (-122.49212 45.60365)
MODEL Y,7SAYGDEE6P,Jefferson,Port Townsend,53031950501,WA,POINT (-122.77263 48.1212)
S60,7JRH60FZ3N,King,Kirkland,53033022006,WA,POINT (-122.2066 47.67887)
IONIQ 5,7YAKR4DA0T,King,Seattle,53033012000,WA,POINT (-122.36322 47.49736)
LEAF,1N4AZ0CP2F,King,Shoreline,53033021300,WA,POINT (-122.30304 47.75494)
MODEL Y,7SAYGDEEXP,King,North Bend,53033032704,WA,POINT (-121.7831 47.49348)
F-150,1FTVW1BK7R,Thurston,Tumwater,53067010801,WA,POINT (-122.89165 47.03954)
NIRO,KNDCE3LG0K,King,Seattle,53033008800,WA,POINT (-122.31009 47.60803)
MODEL 3,5YJ3E1EC0P,King,Bellevue,53033023807,WA,POINT (-122.1872 47.61001)
CAYENNE,WP1BE2AY4S,King,Bellevue,53033024002,WA,POINT (-122.1872 47.61001)
LYRIQ,1GYKPTRL0R,King,Bellevue,53033023901,WA,POINT (-122.1872 47.61001)
ID.4,1V2WNPE86P,King,Shoreline,53033020100,WA,POINT (-122.37238 47.74068)
MODEL 3,5YJ3E1EB8R,King,Bellevue,53033024704,WA,POINT (-122.12096 47.55584)
MODEL Y,7SAYGDEE0S,King,Renton,53033025304,WA,POINT (-122.18839 47.51197)
MODEL 3,5YJ3E1EA9K,King,Bellevue,53033023806,WA,POINT (-122.1872 47.61001)
IONIQ 9,7YAMYFS50T,King,Bellevue,53033023500,WA,POINT (-122.1621 47.64441)
MODEL 3,5YJ3E1EB2J,King,Seattle,53033008700,WA,POINT (-122.31009 47.60803)
EV9,5XYAFFS53S,King,Renton,53033025304,WA,POINT (-122.18839 47.51197)
ARIYA MPV,JN8AF0BE7S,King,Federal Way,53033030201,WA,POINT (-122.36217 47.31011)
CYBERTRUCK,7G2CEHED8S,Kitsap,Bainbridge Island,53035090700,WA,POINT (-122.521 47.62759)
I-MIEV,JA3215H1XC,King,Seattle,53033001300,WA,POINT (-122.33364 47.73709)
MODEL Y,5YJYGDEE1M,King,Kirkland,53033022300,WA,POINT (-122.22901 47.72201)
X3,5UXTS1C00L,Snohomish,Arlington,53061053505,WA,POINT (-122.1264 48.19471)
PANAMERA,WP0AE2A76J,King,Bellevue,53033024001,WA,POINT (-122.1872 47.61001)
MODEL Y,7SAYGDEE0T,King,Kirkland,53033022702,WA,POINT (-122.2066 47.67887)
VOLT,1G1RB6E40D,Yakima,Yakima,53077000800,WA,POINT (-120.60272 46.59656)
MODEL Y,7SAYGAEEXR,Clark,Vancouver,53011040706,WA,POINT (-122.55149 45.69345)
GRAND CHEROKEE,1C4RJYB61R,King,Renton,53033025805,WA,POINT (-122.19488 47.44034)
MODEL S,5YJSA1E27J,King,Kirkland,53033022402,WA,POINT (-122.2066 47.67887)
BOLT EUV,1G1FY6S00P,Clark,Vancouver,53011040709,WA,POINT (-122.57722 45.64251)
BOLT EUV,1G1FZ6S05P,King,Sammamish,53033032217,WA,POINT (-122.02054 47.60326)
TRANSIT,1FTBW9CK8P,Clark,Vancouver,53011040403,WA,POINT (-122.62731 45.71668)
MODEL Y,7SAYGDEF8N,Thurston,Yelm,53067012531,WA,POINT (-122.60735 46.94239)
R1T,7FCTGAAA3P,Kitsap,Bainbridge Island,53035090700,WA,POINT (-122.521 47.62759)
IONIQ 5,KM8KRDDF7R,King,Seattle,53033001000,WA,POINT (-122.30253 47.72656)
I5,WBY13HG06S,King,Seattle,53033006300,WA,POINT (-122.30207 47.64085)
LEAF,1N4AZ1CV6N,King,Shoreline,53033021000,WA,POINT (-122.33364 47.73709)
MODEL X,5YJXCDE25L,King,Shoreline,53033020200,WA,POINT (-122.37238 47.74068)
C-MAX,1FADP5CU3F,King,Seattle,53033010800,WA,POINT (-122.35163 47.54287)
XC90,YV4H60CE2R,King,Kirkland,53033022604,WA,POINT (-122.2066 47.67887)
MODEL 3,5YJ3E1EB2N,King,Bellevue,53033023808,WA,POINT (-122.1872 47.61001)
MODEL Y,7SAYGAEE1N,King,Kirkland,53033022501,WA,POINT (-122.2066 47.67887)
MODEL Y,7SAYGDEE1T,King,Kirkland,53033022003,WA,POINT (-122.22901 47.72201)
TAYCAN,WP0BB2Y13M,Kitsap,Seabeck,53035091301,WA,POINT (-122.81585 47.64509)
MODEL 3,5YJ3E1EA4L,Snohomish,Mill Creek,53061052008,WA,POINT (-122.20105 47.84423)
RAV4 PRIME (PHEV),JTMFB3FV9S,King,Redmond,53033022606,WA,POINT (-122.13158 47.67858)
R1T,7FCTGAAL7N,King,Kirkland,53033022401,WA,POINT (-122.2066 47.67887)
LEAF,1N4AZ1BV3P,Kitsap,Kingston,53035090102,WA,POINT (-122.4977 47.79802)
MODEL Y,7SAYGDEE1P,Snohomish,Bothell,53061052009,WA,POINT (-122.20105 47.84423)
MODEL Y,7SAYGDEE9T,King,Kirkland,53033022205,WA,POINT (-122.22901 47.72201)
RAV4 PRIME (PHEV),JTMFB3FV8M,Yakima,Yakima,53077000800,WA,POINT (-120.51904 46.59782)
MODEL Y,7SAYGDEE8T,King,Auburn,53033029602,WA,POINT (-122.18263 47.31825)
BOLT EV,1G1FX6S04J,King,Shoreline,53033021300,WA,POINT (-122.30304 47.75494)
MODEL Y,7SAYGDEE4R,Jefferson,Brinnon,53031950702,WA,POINT (-122.89646 47.69838)
MODEL Y,7SAYGDEE4P,King,Redmond,53033032325,WA,POINT (-122.13158 47.67858)
MODEL Y,7SAYGDEE9S,King,Redmond,53033032323,WA,POINT (-122.13158 47.67858)
RZ,JTJABABB9S,Kitsap,Poulsbo,53035091100,WA,POINT (-122.64681 47.73689)
PRIUS PRIME (PHEV),JTDACACU6R,King,Seattle,53033001100,WA,POINT (-122.30253 47.72656)
SOLTERRA,JTMBEAGC4T,Clark,Vancouver,53011040907,WA,POINT (-122.70303 45.70954)
EX30,YV4EK3ZL6T,King,Bellevue,53033023902,WA,POINT (-122.1872 47.61001)
I4,WBY43AW06P,King,Kent,53033031800,WA,POINT (-122.10798 47.37124)
I4,WBY43AW06R,King,Seattle,53033007600,WA,POINT (-122.30207 47.64085)
XC90,YV4H60CE8R,King,Kirkland,53033022203,WA,POINT (-122.22901 47.72201)
LEAF,1N4BZ0CP3H,King,Seattle,53033001900,WA,POINT (-122.31676 47.68156)
BZ4X,JTMABACA4R,Snohomish,Bothell,53061052107,WA,POINT (-122.20105 47.84423)
SOLTERRA,JTMABABA4P,King,Renton,53033025101,WA,POINT (-122.11589 47.50243)
MODEL Y,5YJYGAEE0M,King,Renton,53033029308,WA,POINT (-122.19488 47.44034)
MODEL Y,7SAYGDEE1T,King,Sammamish,53033032224,WA,POINT (-122.03539 47.61344)
CROSSTREK,JF2GTDNC8K,King,Seattle,53033007501,WA,POINT (-122.32427 47.63433)
IX,WB523CF03P,Yakima,Selah,53077003200,WA,POINT (-120.53145 46.65405)
MODEL Y,7SAYGDEF3N,King,Auburn,53033031208,WA,POINT (-122.18263 47.31825)
MODEL 3,5YJ3E1EB7M,King,Seattle,53033001202,WA,POINT (-122.30253 47.72656)
BOLT EV,1G1FW6S06P,King,Seattle,53033001000,WA,POINT (-122.30253 47.72656)
XC90,YV4H60PG8S,Snohomish,Snohomish,53061052206,WA,POINT (-122.09305 47.91265)
I5,WBY33HG01T,King,Seattle,53033001400,WA,POINT (-122.33364 47.73709)
MODEL Y,7SAYGDED4T,King,Federal Way,53033030403,WA,POINT (-122.3303 47.30151)
MODEL Y,5YJYGDEFXL,King,Kirkland,53033022402,WA,POINT (-122.2066 47.67887)
MODEL Y,7SAYGDEE0T,Clark,Vancouver,53011041335,WA,POINT (-122.48723 45.63701)
MODEL Y,7SAYGDEE8T,King,Bellevue,53033024800,WA,POINT (-122.12096 47.55584)
CLARITY,JHMZC5F36J,King,Seattle,53033006800,WA,POINT (-122.36381 47.63046)
A3,WAUUPBFF3H,Thurston,Lacey,53067012226,WA,POINT (-122.78598 47.08476)
BOLT EV,1G1FX6S07N,King,Redmond,53033032321,WA,POINT (-122.13158 47.67858)
IONIQ 5,7YAKNDDC1T,Cowlitz,Kalama,53015001602,WA,POINT (-122.84226 46.00813)
MODEL 3,5YJ3E1EA1P,King,Woodinville,53033021906,WA,POINT (-122.15545 47.75448)
F-150,1FT6W3L74S,Thurston,Olympia,53067010100,WA,POINT (-122.89165 47.03954)
MODEL 3,5YJ3E1EB8J,King,Woodinville,53033032320,WA,POINT (-122.15545 47.75448)
LEAF,1N4AZ1CP7J,King,Beaux Arts,53033024001,WA,POINT (-122.1872 47.61001)
MODEL Y,5YJYGDEF0M,Clark,Vancouver,53011041320,WA,POINT (-122.48723 45.63701)
LEAF,1N4AZ0CP1E,King,Seattle,53033000102,WA,POINT (-122.30253 47.72656)
LEAF,1N4AZ0CP6F,King,Kirkland,53033021904,WA,POINT (-122.22901 47.72201)
R1S,7PDSGABL5P,King,Seattle,53033006703,WA,POINT (-122.34845 47.63283)
MODEL 3,5YJ3E1EA2J,King,Kent,53033029203,WA,POINT (-122.23741 47.3807)
MODEL Y,7SAYGDEFXP,King,Tukwila,53033026300,WA,POINT (-122.25031 47.49481)
MODEL Y,7SAYGAEE4P,King,Redmond,53033022802,WA,POINT (-122.13158 47.67858)
EQUINOX,3GN7DSRP0T,Kitsap,Olalla,53035092802,WA,POINT (-122.54729 47.42602)
MODEL Y,7SAYGDEE4P,Snohomish,Bothell,53061052009,WA,POINT (-122.20105 47.84423)
POLESTAR 2,YSMET3KA4P,King,Seattle,53033001202,WA,POINT (-122.30253 47.72656)
MODEL Y,5YJYGDEE6L,King,Bellevue,53033023500,WA,POINT (-122.1621 47.64441)
OUTLANDER,JA4T5VA9XR,Kitsap,Bainbridge Island,53035091002,WA,POINT (-122.521 47.62759)
MODEL Y,7SAYGDEE2N,King,Seattle,53033000601,WA,POINT (-122.33364 47.73709)
LEAF,1N4AZ0CP3D,King,Seattle,53033000402,WA,POINT (-122.33364 47.73709)
X5,5UXTA6C01N,King,Seattle,53033006900,WA,POINT (-122.36381 47.63046)
XC40,YV4ED3UB8N,King,Seattle,53033007700,WA,POINT (-122.31009 47.60803)
EQB-CLASS,W1N9M0CBXR,Clark,Camas,53011040605,WA,POINT (-122.40177 45.58705)
LEAF,1N4CZ1CVXS,King,Seattle,53033002200,WA,POINT (-122.30253 47.72656)
MODEL 3,5YJ3E1EA1T,King,Renton,53033025101,WA,POINT (-122.11589 47.50243)
CLARITY,JHMZC5F12J,King,Bellevue,53033024001,WA,POINT (-122.1872 47.61001)
EV6,KNDC34LA3R,King,Seattle,53033006900,WA,POINT (-122.36381 47.63046)
MODEL Y,7SAYGDEE6R,King,Bellevue,53033023701,WA,POINT (-122.1621 47.64441)
MODEL Y,7SAYGDEE0R,King,Issaquah,53033032104,WA,POINT (-122.03439 47.5301)
NIRO,KNDCE3LG5K,King,Seattle,53033000602,WA,POINT (-122.33364 47.73709)
MODEL Y,7SAYGDEE5P,King,Bellevue,53033023000,WA,POINT (-122.11867 47.63131)
MODEL 3,5YJ3E1EA8S,King,Seattle,53033000800,WA,POINT (-122.30253 47.72656)
I5,WBY43FK02R,King,Seattle,53033008600,WA,POINT (-122.31009 47.60803)
MODEL 3,5YJ3E1EA3L,King,Seattle,53033000102,WA,POINT (-122.30253 47.72656)
I4,WBY43AW06R,King,Seattle,53033007302,WA,POINT (-122.34223 47.61085)
ID.4,WVGKMPE29N,Clark,Vancouver,53011040910,WA,POINT (-122.70303 45.70954)
MODEL Y,7SAYGDEE9P,King,Des Moines,53033029003,WA,POINT (-122.30615 47.38542)
MODEL 3,5YJ3E1EA1R,King,Redmond,53033032331,WA,POINT (-122.13158 47.67858)
BOLT EUV,1G1FY6S02P,Thurston,Yelm,53067012412,WA,POINT (-122.60735 46.94239)
MODEL Y,7SAYGAEE6N,King,Seattle,53033009400,WA,POINT (-122.30866 47.57874)
R1S,7PDSGABA9P,Clark,Camas,53011040608,WA,POINT (-122.40177 45.58705)
MODEL 3,5YJ3E1ETXR,King,Woodinville,53033032319,WA,POINT (-122.15545 47.75448)
PRIUS PRIME (PHEV),JTDKARFP1K,King,Burien,53033027600,WA,POINT (-122.36322 47.49736)
MODEL Y,7SAYGDEE6P,Clark,Vancouver,53011041334,WA,POINT (-122.55149 45.69345)
MODEL Y,7SAYGDEE1T,King,Kirkland,53033022005,WA,POINT (-122.22901 47.72201)
IONIQ 5,7YAKMDDC5S,King,Seattle,53033008300,WA,POINT (-122.34223 47.61085)
MODEL Y,7SAYGDEE1P,King,Bellevue,53033023902,WA,POINT (-122.1872 47.61001)
IONIQ 6,KMHM34AC1R,Clark,Vancouver,53011040812,WA,POINT (-122.62731 45.71668)
RAV4 PRIME (PHEV),JTMEB3FV1R,King,Kenmore,53033021702,WA,POINT (-122.24369 47.75892)
MODEL 3,5YJ3E1EA6J,King,Enumclaw,53033031502,WA,POINT (-121.99136 47.20433)
GRAND CHEROKEE,1C4RJYB68P,King,Kent,53033029603,WA,POINT (-122.19976 47.37483)
MUSTANG MACH-E,3FMTK3SU3R,King,Woodinville,53033032320,WA,POINT (-122.15545 47.75448)
LEAF,1N4BZ0CP7G,Thurston,Olympia,53067012332,WA,POINT (-122.80933 46.99531)
F-150,1FT6W1EV1P,Thurston,Olympia,53067010100,WA,POINT (-122.89165 47.03954)
PROLOGUE,3GPKHXRJ8R,Thurston,Rainier,53067012530,WA,POINT (-122.68993 46.88897)
XC40,YV4ED3UR9N,King,Redmond,53033032323,WA,POINT (-122.13158 47.67858)
MODEL 3,5YJ3E1EBXP,King,Seattle,53033002200,WA,POINT (-122.30253 47.72656)
XC60,YV4H60RD5S,King,Bellevue,53033024905,WA,POINT (-122.12096 47.55584)
I4,WBY43HD0XS,King,Bellevue,53033023801,WA,POINT (-122.1872 47.61001)
C-MAX,1FADP5CU6E,King,Bellevue,53033024904,WA,POINT (-122.12096 47.55584)
MODEL 3,5YJ3E1EB4N,King,Seattle,53033008401,WA,POINT (-122.32945 47.60357)
MODEL 3,5YJ3E1EB6P,Island,Oak Harbor,53029970500,WA,POINT (-122.64682 48.29077)
MODEL 3,5YJ3E1EA9J,King,Kirkland,53033022603,WA,POINT (-122.2066 47.67887)
MODEL Y,5YJYGDEE7L,King,Renton,53033029308,WA,POINT (-122.19488 47.44034)
MODEL Y,7SAYGDEE2R,King,Kent,53033029307,WA,POINT (-122.17743 47.41185)
I8,WBY2Z2C57F,King,Renton,53033025304,WA,POINT (-122.18839 47.51197)
BZ4X,JTMAAAAA9S,King,Renton,53033029308,WA,POINT (-122.19488 47.44034)
BZ4X,JTMABACA5R,King,Renton,53033025101,WA,POINT (-122.11589 47.50243)
A3,WAUUPBFF9H,King,Seattle,53033012100,WA,POINT (-122.36322 47.49736)
MUSTANG MACH-E,3FMTK1SS0P,King,Redmond,53033032323,WA,POINT (-122.13158 47.67858)
R1S,7PDSGABA1R,Snohomish,Lynnwood,53061051804,WA,POINT (-122.27981 47.85727)
MUSTANG MACH-E,3FMTK4SXXR,Snohomish,Marysville,53061052808,WA,POINT (-122.17138 48.10433)
ARIYA HATCHBACK,JN1CF0BB2P,King,Redmond,53033022606,WA,POINT (-122.13158 47.67858)
LEAF,1N4AZ0CPXG,King,Seattle,53033000300,WA,POINT (-122.30253 47.72656)
MODEL 3,5YJ3E1EB5N,King,Seattle,53033007301,WA,POINT (-122.34845 47.63283)
MODEL 3,5YJ3E1ET0R,King,Seattle,53033006000,WA,POINT (-122.36381 47.63046)
MODEL 3,5YJ3E1EA0S,King,Kirkland,53033022702,WA,POINT (-122.2066 47.67887)
SORENTO,KNDRMDLHXP,King,Tukwila,53033027200,WA,POINT (-122.29411 47.48924)
MODEL Y,5YJYGAEEXM,King,Bellevue,53033023603,WA,POINT (-122.12056 47.61334)
LEAF,1N4AZ0CP5F,King,Lake Forest Park,53033021400,WA,POINT (-122.30304 47.75494)
MODEL Y,7SAYGDEE5N,King,Burien,53033028500,WA,POINT (-122.32472 47.44519)
MODEL Y,7SAYGDET2T,Clark,Vancouver,53011040714,WA,POINT (-122.55149 45.69345)
MODEL Y,7SAYGAEE2P,King,Shoreline,53033021300,WA,POINT (-122.30304 47.75494)
IONIQ 5,7YAKNDDC9S,King,Seattle,53033001600,WA,POINT (-122.37238 47.74068)
RANGE ROVER SPORT,SAL119F40S,Kitsap,Bainbridge Island,53035090800,WA,POINT (-122.521 47.62759)
NIRO,KNDCD3LD1N,Clark,Vancouver,53011041206,WA,POINT (-122.59219 45.62158)
MODEL Y,7SAYGDEE8N,King,Seattle,53033007800,WA,POINT (-122.31009 47.60803)
CLARITY,JHMZC5F19J,King,Shoreline,53033020700,WA,POINT (-122.33364 47.73709)
MODEL Y,7SAYGDEEXT,King,Sammamish,53033032317,WA,POINT (-122.02054 47.60326)
LEAF,1N4BZ1CP8K,King,Kirkland,53033022702,WA,POINT (-122.2066 47.67887)
MODEL 3,5YJ3E1EB0N,Snohomish,Lake Stevens,53061052607,WA,POINT (-122.06402 48.01497)
330E,3MW39FS08P,Clark,Vancouver,53011041208,WA,POINT (-122.59219 45.62158)
BZ,JTMBDAFB5T,King,Kent,53033029408,WA,POINT (-122.17743 47.41185)
R1T,7FCTGBAA0P,King,Redmond,53033032330,WA,POINT (-122.13158 47.67858)
IX,WB523CF03R,King,Redmond,53033032321,WA,POINT (-122.13158 47.67858)
PRIUS PRIME (PHEV),JTDACACU2R,King,Seattle,53033009600,WA,POINT (-122.41067 47.57894)
MODEL Y,7SAYGDED3R,King,Renton,53033025806,WA,POINT (-122.19488 47.44034)
EV6,5XYC3DJC4S,Clark,Vancouver,53011040713,WA,POINT (-122.55149 45.69345)
BZ4X,JTMABACA5R,Kitsap,Seabeck,53035091301,WA,POINT (-122.81585 47.64509)
EV9,KNDAEFS55R,King,Bothell,53033021804,WA,POINT (-122.20563 47.76144)
MODEL Y,7SAYGDEE9T,Cowlitz,Kalama,53015001602,WA,POINT (-122.84226 46.00813)
MODEL S,5YJSA1E22G,King,Seattle,53033006900,WA,POINT (-122.36381 47.63046)
PROLOGUE,3GPKHZRJ3S,King,Kent,53033029508,WA,POINT (-122.19976 47.37483)
SOLTERRA,JTMABABA7R,King,Bellevue,53033023300,WA,POINT (-122.11867 47.63131)
MODEL 3,5YJ3E1EA3K,Kitsap,Bainbridge Island,53035090700,WA,POINT (-122.521 47.62759)
RAV4 PRIME (PHEV),JTMAB3FV1R,King,Seattle,53033002600,WA,POINT (-122.31676 47.68156)
MODEL Y,7SAYGDEF8P,King,Shoreline,53033020200,WA,POINT (-122.33364 47.73709)
ID.4,WVGRMPE28M,King,Seattle,53033006600,WA,POINT (-122.32427 47.63433)
BOLT EUV,1G1FY6S08P,King,Seattle,53033006400,WA,POINT (-122.30207 47.64085)
E-TRON,WA1VABGE1K,Clark,Vancouver,53011040907,WA,POINT (-122.70303 45.70954)
LEAF,1N4AZ1CV7M,King,Seattle,53033000402,WA,POINT (-122.33364 47.73709)
PRIUS PRIME (PHEV),JTDKARFPXJ,King,Seattle,53033008002,WA,POINT (-122.34468 47.61578)
ID.4,1V2DSPE85R,King,Bellevue,53033024905,WA,POINT (-122.12096 47.55584)
MODEL 3,5YJ3E1EA6T,Clark,Vancouver,53011041007,WA,POINT (-122.64443 45.67871)
MODEL Y,7SAYGDEEXT,Clark,Camas,53011040605,WA,POINT (-122.40177 45.58705)
LEAF,1N4BZ1CP9K,King,Kent,53033029505,WA,POINT (-122.19976 47.37483)
MODEL Y,7SAYGDEE8R,King,Auburn,53033029602,WA,POINT (-122.18263 47.31825)
MODEL X,7SAXCBE62N,King,Seattle,53033005803,WA,POINT (-122.40092 47.65908)
MODEL Y,7SAYGDEE6R,King,Shoreline,53033021000,WA,POINT (-122.33364 47.73709)
WRANGLER,1C4JJXR61M,Snohomish,Lake Stevens,53061052607,WA,POINT (-122.06402 48.01497)
MODEL S,5YJSA1E54P,King,Bellevue,53033024902,WA,POINT (-122.12096 47.55584)
MODEL X,7SAXCDE57T,King,Bellevue,53033023403,WA,POINT (-122.11867 47.63131)
MUSTANG MACH-E,3FMTK4SE5P,Snohomish,Lake Stevens,53061053505,WA,POINT (-122.06402 48.01497)
LEAF,1N4AZ1BV7P,Snohomish,Everett,53061041701,WA,POINT (-122.18637 47.89251)
LEAF,1N4AZ1CP0J,King,Redmond,53033032330,WA,POINT (-122.13158 47.67858)
MODEL Y,5YJYGDEF8L,King,Des Moines,53033029003,WA,POINT (-122.30615 47.38542)
ARIYA MPV,JN8DF0BF8S,King,Renton,53033025304,WA,POINT (-122.18839 47.51197)
I4,WBY43AW02P,King,Seattle,53033001600,WA,POINT (-122.37238 47.74068)
MODEL Y,7SAYGAEE4N,Snohomish,Bothell,53061052107,WA,POINT (-122.20105 47.84423)
SPORTAGE,KNDPZDDH5R,King,Seattle,53033001400,WA,POINT (-122.33364 47.73709)
X5,5UX43EU0XT,King,Seattle,53033006600,WA,POINT (-122.32427 47.63433)
MODEL 3,5YJ3E1EA1M,King,Auburn,53033031206,WA,POINT (-122.18263 47.31825)
MODEL Y,7SAYGDEE4T,King,Bellevue,53033023604,WA,POINT (-122.1621 47.64441)
NX,JTJHKCFZ5R,Clark,Battle Ground,53011040407,WA,POINT (-122.5331 45.78092)
GRAND CHEROKEE,1C4RJYE67N,King,Kirkland,53033022603,WA,POINT (-122.2066 47.67887)
MODEL 3,5YJ3E1EA1J,Clark,Ridgefield,53011040412,WA,POINT (-122.74595 45.81539)
MODEL 3,5YJ3E1EB2S,Clark,Vancouver,53011040713,WA,POINT (-122.55149 45.69345)
LEAF,1N4AZ1BV9N,King,Bellevue,53033023701,WA,POINT (-122.1621 47.64441)
R1T,7FCTGAAA4P,King,North Bend,53033032704,WA,POINT (-121.7831 47.49348)
MODEL S,5YJSA1E25H,King,Seattle,53033006703,WA,POINT (-122.34845 47.63283)
ID.4,1V2WNPE86P,King,Renton,53033025304,WA,POINT (-122.18839 47.51197)
MODEL 3,5YJ3E1EA6K,King,Bellevue,53033023902,WA,POINT (-122.12096 47.55584)
MODEL 3,5YJ3E1EAXT,King,Seattle,53033003601,WA,POINT (-122.35436 47.67596)
WRANGLER,1C4RJXR60R,King,Covington,53033032005,WA,POINT (-122.10798 47.37124)
XC40,YV4ER3XM6R,King,Shoreline,53033020500,WA,POINT (-122.30304 47.75494)
XC40,YV4ED3UR8M,King,Bothell,53033022001,WA,POINT (-122.20563 47.76144)
IONIQ 5,7YAKNDDCXS,King,Seattle,53033002900,WA,POINT (-122.35436 47.67596)
LEAF,1N4BZ0CPXG,Clark,Vancouver,53011041104,WA,POINT (-122.57722 45.64251)
MODEL X,7SAXCBE6XT,King,Bellevue,53033023902,WA,POINT (-122.12096 47.55584)
BOLT,1G1FZ6EV7V,Thurston,Olympia,53067011821,WA,POINT (-123.04078 46.94792)
PRIUS PRIME (PHEV),JTDACACU2R,King,Kirkland,53033022005,WA,POINT (-122.22901 47.72201)
R1T,7FCTGAAAXP,King,Bothell,53033021804,WA,POINT (-122.20563 47.76144)
MODEL 3,5YJ3E1EB5J,King,Seattle,53033009100,WA,POINT (-122.32945 47.60357)
MODEL Y,7SAYGDEF3N,King,Bellevue,53033023901,WA,POINT (-122.1872 47.61001)
MODEL Y,7SAYGDEE4R,King,Seattle,53033001600,WA,POINT (-122.37238 47.74068)
ID.4,WVGGNPE27N,King,Kirkland,53033022201,WA,POINT (-122.22901 47.72201)
MODEL Y,7SAYGDEE9P,King,Bellevue,53033024704,WA,POINT (-122.12096 47.55584)
MUSTANG MACH-E,3FMTK3SU1S,King,Seattle,53033006701,WA,POINT (-122.34845 47.63283)
SORENTO,KNDRJDLH0N,King,Shoreline,53033020600,WA,POINT (-122.33364 47.73709)
I4,WBY83FB02R,Thurston,Tumwater,53067010910,WA,POINT (-123.04078 46.94792)
MODEL S,5YJSA1E20J,Clark,Brush Prairie,53011040505,WA,POINT (-122.54578 45.73473)
MODEL Y,7SAYGDEE9T,King,Bellevue,53033023805,WA,POINT (-122.1872 47.61001)
F-150,1FT6W7L70R,King,Pacific,53033030901,WA,POINT (-122.24692 47.26465)
LEAF,1N4CZ1CV5S,King,Des Moines,53033029001,WA,POINT (-122.30615 47.38542)
MODEL 3,5YJ3E1EA9R,King,Seattle,53033009400,WA,POINT (-122.30866 47.57874)
IONIQ 5,KM8KRDDF3R,Yakima,Selah,53077003200,WA,POINT (-120.53145 46.65405)
MODEL Y,7SAYGDEE0T,King,Seattle,53033011901,WA,POINT (-122.25031 47.49481)
MODEL Y,7SAYGDED9T,King,Renton,53033025304,WA,POINT (-122.18839 47.51197)
MODEL 3,5YJ3E1ET7T,King,Bellevue,53033023202,WA,POINT (-122.11867 47.63131)
A3,WAUUPBFF2H,Thurston,Olympia,53067011500,WA,POINT (-122.78598 47.08476)
MODEL 3,5YJ3E1EB7M,Cowlitz,Kalama,53015001602,WA,POINT (-122.84226 46.00813)
MODEL 3,5YJ3E1ET5S,King,Seattle,53033008401,WA,POINT (-122.34223 47.61085)
MODEL 3,5YJ3E1EA4M,King,Bellevue,53033023701,WA,POINT (-122.1621 47.64441)
MODEL 3,5YJ3E1EA2S,King,Kirkland,53033022006,WA,POINT (-122.22901 47.72201)
MODEL 3,5YJ3E1EA0T,King,Bellevue,53033023201,WA,POINT (-122.12056 47.61334)
MODEL Y,7SAYGDEE6T,King,Kent,53033029603,WA,POINT (-122.19976 47.37483)
IONIQ 5,KM8KRDDF7R,King,Seattle,53033003202,WA,POINT (-122.38591 47.67597)
F-150,1FTVW1EV8P,King,Sammamish,53033032213,WA,POINT (-122.03539 47.61344)
MODEL Y,5YJYGDEE7M,Clark,Ridgefield,53011040412,WA,POINT (-122.74595 45.81539)
ZDX,4W5KHNRL1R,Snohomish,Bothell,53061051927,WA,POINT (-122.20105 47.84423)
MODEL 3,5YJ3E1EA6K,King,Auburn,53033029602,WA,POINT (-122.18263 47.31825)
PROLOGUE,3GPKHXRJ2S,Clark,Vancouver,53011040908,WA,POINT (-122.70303 45.70954)
LEAF,1N4CZ1CV3S,King,Seattle,53033000300,WA,POINT (-122.33364 47.73709)
EV9,5XYAFFS5XS,Snohomish,Mill Creek,53061052008,WA,POINT (-122.20105 47.84423)
EQUINOX,3GN7DLRR8R,King,Seattle,53033000800,WA,POINT (-122.30253 47.72656)
XC60,YV4BR0DL9N,King,Kirkland,53033022702,WA,POINT (-122.2066 47.67887)
MODEL Y,7SAYGDEE2R,King,Kirkland,53033022603,WA,POINT (-122.2066 47.67887)
GV70,5NMMCET14S,King,Bothell,53033021702,WA,POINT (-122.20563 47.76144)
TAYCAN,WP0AA2Y11S,King,Seattle,53033001300,WA,POINT (-122.33364 47.73709)
MODEL X,7SAXCDE56N,Clark,Vancouver,53011040812,WA,POINT (-122.62731 45.71668)
CX-90,JM3KKEHA3R,Clark,Vancouver,53011040908,WA,POINT (-122.70303 45.70954)
MODEL Y,7SAYGDEE4N,King,Seattle,53033008800,WA,POINT (-122.31009 47.60803)
S60,7JRH60FL0P,King,Seattle,53033006300,WA,POINT (-122.30207 47.64085)
EX30,YV4EK3ZL6T,Kitsap,Bainbridge Island,53035090700,WA,POINT (-122.521 47.62759)
BOLT EV,1G1FZ6S04K,King,Bellevue,53033023701,WA,POINT (-122.1621 47.64441)
LEAF,1N4AZ0CP8D,King,Redmond,53033022902,WA,POINT (-122.13158 47.67858)
MODEL Y,7SAYGAEE4S,King,Kirkland,53033022005,WA,POINT (-122.22901 47.72201)
ID.4,1V2WNPE81P,King,Kirkland,53033022702,WA,POINT (-122.2066 47.67887)
E-TRON,WA1VAAGE4M,King,Kirkland,53033022300,WA,POINT (-122.22901 47.72201)
BOLT EV,1G1FX6S08H,King,Kirkland,53033022501,WA,POINT (-122.2066 47.67887)
MODEL 3,5YJ3E1EA6P,King,Kirkland,53033022003,WA,POINT (-122.22901 47.72201)
GRAND CHEROKEE,1C4RJYB69N,King,Kirkland,53033021904,WA,POINT (-122.22901 47.72201)
X5,5UX43EU0XT,King,Bellevue,53033023702,WA,POINT (-122.1621 47.64441)
ARIYA MPV,JN8DF0BFXS,King,Seattle,53033011902,WA,POINT (-122.25031 47.49481)
RAV4 PRIME (PHEV),JTMEB3FV8S,King,Seattle,53033005801,WA,POINT (-122.40092 47.65908)
MODEL 3,5YJ3E1EAXJ,Clark,Camas,53011040608,WA,POINT (-122.40177 45.58705)
MODEL S,5YJSA1E56R,Snohomish,Arlington,53061053505,WA,POINT (-122.1264 48.19471)
MUSTANG MACH-E,3FMTK3SU0S,King,Sammamish,53033032217,WA,POINT (-122.02054 47.60326)
MODEL Y,5YJYGAEE3M,King,Kirkland,53033022003,WA,POINT (-122.22901 47.72201)
BOLT EUV,1G1FZ6S09P,King,Bellevue,53033023300,WA,POINT (-122.11867 47.63131)
PACIFICA,2C4RC1N70L,King,Kirkland,53033022204,WA,POINT (-122.22901 47.72201)
EV9,5XYAEFS50T,King,Maple Valley,53033032006,WA,POINT (-122.04526 47.39394)
RAV4 PRIME (PHEV),JTMAB3FV4P,King,Seattle,53033002200,WA,POINT (-122.30253 47.72656)
ID.4,WVGUNPE22M,King,Seattle,53033007800,WA,POINT (-122.30207 47.64085)
OCEAN,VCF1ZBU25P,King,Seattle,53033001400,WA,POINT (-122.37238 47.74068)
MODEL Y,7SAYGDEE3R,King,Auburn,53033029902,WA,POINT (-122.28802 47.30264)
SORENTO,KNDRMDLH8N,Yakima,Yakima,53077002900,WA,POINT (-120.60272 46.59656)
MODEL 3,5YJ3E1EA2S,King,Seattle,53033008600,WA,POINT (-122.31009 47.60803)
Q5 E,WA1E2AFY0S,King,Seattle,53033006900,WA,POINT (-122.36381 47.63046)
SOLTERRA,JTMABABA6P,King,Kent,53033029305,WA,POINT (-122.17743 47.41185)
VOLT,1G1RA6E47D,Clark,Vancouver,53011041319,WA,POINT (-122.48723 45.63701)
MODEL Y,5YJYGDEEXM,King,North Bend,53033032704,WA,POINT (-121.7831 47.49348)
E-TRON,WA1VABGEXK,King,Sammamish,53033032317,WA,POINT (-122.02054 47.60326)
MODEL 3,5YJ3E1EA5P,Cowlitz,Castle Rock,53015002001,WA,POINT (-122.90724 46.27509)
LEAF,1N4AZ1BV7P,Kitsap,Bainbridge Island,53035090700,WA,POINT (-122.521 47.62759)
MODEL Y,7SAYGDED1T,King,Kirkland,53033022003,WA,POINT (-122.22901 47.72201)
LEAF,1N4BZ0CP8H,King,Seattle,53033009600,WA,POINT (-122.41067 47.57894)
LEAF,1N4CZ1CV5R,King,Duvall,53033032401,WA,POINT (-121.98609 47.74068)
MODEL 3,5YJ3E1EA2N,King,Kirkland,53033022501,WA,POINT (-122.2066 47.67887)
XC60,YV4BR0DK0M,King,Seattle,53033001400,WA,POINT (-122.37238 47.74068)
MUSTANG MACH-E,3FMTK3SU3R,King,Renton,53033026200,WA,POINT (-122.20489 47.47532)
BOLT EUV,1G1FZ6S08P,King,Kirkland,53033022603,WA,POINT (-122.2066 47.67887)
MODEL Y,7SAYGDED1T,King,Bellevue,53033024901,WA,POINT (-122.12096 47.55584)
MODEL Y,7SAYGDEF0R,King,Seattle,53033001600,WA,POINT (-122.38418 47.70044)
R1T,7FCTGAAA1P,Kitsap,Poulsbo,53035090202,WA,POINT (-122.64681 47.73689)
BZ,JTMBDAFB6T,Cowlitz,Kelso,53015001100,WA,POINT (-122.89867 46.14424)
MODEL Y,7SAYGDEEXP,King,Seattle,53033008102,WA,POINT (-122.32945 47.60357)
MUSTANG MACH-E,3FMTK3SU1P,King,Seattle,53033011902,WA,POINT (-122.25031 47.49481)
MODEL Y,7SAYGDEE4N,King,Redmond,53033032324,WA,POINT (-122.13158 47.67858)
MODEL X,7SAXCAE58P,King,Normandy Park,53033028600,WA,POINT (-122.34731 47.45207)
BOLT EV,1G1FX6S01N,King,Des Moines,53033028700,WA,POINT (-122.30615 47.38542)
PROLOGUE,3GPKHZRJ5R,Clark,Vancouver,53011041337,WA,POINT (-122.48723 45.63701)
EV9,5XYAEFS55T,King,Renton,53033025702,WA,POINT (-122.08747 47.4466)
EV9,5XYAFFS52T,King,Bellevue,53033023807,WA,POINT (-122.1872 47.61001)
MODEL Y,7SAYGDEE9T,Snohomish,Lynnwood,53061041812,WA,POINT (-122.27981 47.85727)
MODEL Y,7SAYGDED0T,King,Shoreline,53033020500,WA,POINT (-122.30304 47.75494)
MODEL Y,7SAYGDEE9R,King,Kent,53033029306,WA,POINT (-122.17743 47.41185)
MODEL 3,5YJ3E1EB0M,King,Shoreline,53033020302,WA,POINT (-122.30304 47.75494)
MODEL Y,7SAYGDEDXT,King,Kirkland,53033022402,WA,POINT (-122.2066 47.67887)
MODEL Y,5YJYGDEE8L,Clark,Ridgefield,53011040412,WA,POINT (-122.74595 45.81539)
MODEL 3,5YJ3E1EB6R,King,Burien,53033027500,WA,POINT (-122.34731 47.45207)
IONIQ 5,KM8KRDAF3N,King,Bellevue,53033023603,WA,POINT (-122.12056 47.61334)
MODEL S,5YJSA1E22K,King,Seattle,53033006500,WA,POINT (-122.30207 47.64085)
ESCAPE,1FMCU0E12R,Kitsap,Port Orchard,53035092600,WA,POINT (-122.63848 47.5414)
MUSTANG MACH-E,3FMTK3SU6S,Yakima,Zillah,53077002201,WA,POINT (-120.26226 46.40199)
MODEL 3,5YJ3E1EA7S,King,Renton,53033029309,WA,POINT (-122.19488 47.44034)
MUSTANG MACH-E,3FMTK3SU5S,King,Auburn,53033031208,WA,POINT (-122.18263 47.31825)
C-MAX,1FADP5CU2F,King,Renton,53033029308,WA,POINT (-122.19488 47.44034)
C-MAX,1FADP5CU3G,King,Issaquah,53033025006,WA,POINT (-122.03439 47.5301)
GLE-CLASS,4JGFB4GB3S,King,Seattle,53033001202,WA,POINT (-122.30253 47.72656)
XC60,YV4BR0DM7N,King,Redmond,53033032324,WA,POINT (-122.13158 47.67858)
R1S,7PDSGCBP6S,King,Sammamish,53033032216,WA,POINT (-122.02054 47.60326)
MODEL Y,7SAYGAEE1T,Thurston,Yelm,53067012412,WA,POINT (-122.60735 46.94239)
MODEL 3,5YJ3E1EB8N,King,Kent,53033031708,WA,POINT (-122.10798 47.37124)
MODEL X,7SAXCBE64N,King,Redmond,53033022902,WA,POINT (-122.13158 47.67858)
MODEL Y,7SAYGDEF7N,King,Kirkland,53033022402,WA,POINT (-122.2066 47.67887)
X5,5UXTA6C08M,King,Seattle,53033006300,WA,POINT (-122.30207 47.64085)
MODEL Y,7SAYGDEE1P,Snohomish,Bothell,53061052107,WA,POINT (-122.20105 47.84423)
MODEL Y,7SAYGDEE6T,King,Renton,53033025601,WA,POINT (-122.18839 47.51197)
NIRO,KNDCC3LG4M,Clark,Vancouver,53011040703,WA,POINT (-122.57722 45.64251)
PRIUS PRIME (PHEV),JTDKARFPXJ,Snohomish,Snohomish,53061041610,WA,POINT (-122.1389 47.87115)
COUNTRYMAN,WMZ23BS0XP,King,Kirkland,53033022201,WA,POINT (-122.22901 47.72201)
E-GOLF,WVWPR7AU6K,Clark,Vancouver,53011041900,WA,POINT (-122.67156 45.63248)
C40,YV4ED3GL4P,King,Redmond,53033032325,WA,POINT (-122.13158 47.67858)
MODEL Y,7SAYGDEE4P,Thurston,Tenino,53067012610,WA,POINT (-122.85135 46.85752)
MUSTANG MACH-E,3FMTK3S56S,Kitsap,Bainbridge Island,53035091002,WA,POINT (-122.521 47.62759)
MODEL Y,7SAYGDEE4R,King,Auburn,53033031208,WA,POINT (-122.18263 47.31825)
MODEL Y,7SAYGDED9R,King,Redmond,53033032323,WA,POINT (-122.13158 47.67858)
CLARITY,JHMZC5F36L,Jefferson,Port Townsend,53031950604,WA,POINT (-122.77263 48.1212)
MODEL Y,7SAYGDEE0P,Clark,Vancouver,53011041310,WA,POINT (-122.49212 45.60365)
KONA,KM8K23AG9P,King,Seattle,53033000800,WA,POINT (-122.30253 47.72656)
MODEL 3,5YJ3E1EB1N,King,Auburn,53033029902,WA,POINT (-122.28802 47.30264)
ID.4,1V25MPE84R,King,Seattle,53033001400,WA,POINT (-122.37238 47.74068)
MODEL Y,7SAYGAEEXN,King,Seattle,53033008900,WA,POINT (-122.30866 47.57874)
MODEL Y,5YJYGAEE2M,King,Bellevue,53033023604,WA,POINT (-122.12056 47.61334)
R1S,7PDSGABA1P,King,Seattle,53033002200,WA,POINT (-122.30253 47.72656)
WRANGLER,1C4JJXP64M,Kitsap,Poulsbo,53035940100,WA,POINT (-122.64681 47.73689)
XC40,YV4ED3UB4N,King,Renton,53033025704,WA,POINT (-122.20489 47.47532)
WRANGLER,1C4JJXR60N,Clark,Camas,53011040608,WA,POINT (-122.40177 45.58705)
MODEL X,5YJXCAE48G,King,Shoreline,53033020302,WA,POINT (-122.33364 47.73709)
Q5 E,WA1F2AFYXR,Clark,Vancouver,53011040709,WA,POINT (-122.57722 45.64251)
MUSTANG MACH-E,3FMTK3SU8R,King,Issaquah,53033032220,WA,POINT (-122.01656 47.57118)
MODEL X,5YJXCAE48G,King,Seattle,53033010900,WA,POINT (-122.31449 47.53917)
MODEL Y,7SAYGDEE4T,Snohomish,Bothell,53061051933,WA,POINT (-122.20105 47.84423)
MODEL Y,7SAYGDEE1S,Clark,Camas,53011041500,WA,POINT (-122.40177 45.58705)
MODEL Y,5YJYGDEE1M,King,Kirkland,53033022603,WA,POINT (-122.2066 47.67887)
RZ,JTJBCACB0T,King,Auburn,53033030504,WA,POINT (-122.2229 47.307)
MODEL Y,7SAYGDEE0S,King,Bothell,53033021804,WA,POINT (-122.20563 47.76144)
MODEL Y,7SAYGAEE7N,Kitsap,Silverdale,53035091205,WA,POINT (-122.69275 47.65171)
MODEL Y,7SAYGDEE3N,Kitsap,Bainbridge Island,53035090902,WA,POINT (-122.521 47.62759)
MODEL 3,5YJ3E1EA1T,King,Bellevue,53033023300,WA,POINT (-122.12056 47.61334)
MODEL 3,5YJ3E1EC1P,King,Seattle,53033007503,WA,POINT (-122.31009 47.60803)
MODEL 3,5YJ3E1EB1P,Kitsap,Bainbridge Island,53035090902,WA,POINT (-122.521 47.62759)
RAV4 PRIME (PHEV),JTMEB3FV4R,Thurston,Tumwater,53067010910,WA,POINT (-123.04078 46.94792)
MODEL X,7SAXCBE51R,King,Bellevue,53033024002,WA,POINT (-122.1872 47.61001)
XC60,YV4H60RC1T,King,Bellevue,53033023902,WA,POINT (-122.1872 47.61001)
MODEL 3,5YJ3E1EB4K,Clark,Ridgefield,53011040304,WA,POINT (-122.74595 45.81539)
XC60,YV4H60DW3P,King,Seattle,53033004600,WA,POINT (-122.35436 47.67596)
AIR,50EA1PFA6P,Snohomish,Lynnwood,53061041812,WA,POINT (-122.27981 47.85727)
MODEL Y,7SAYGDEE8P,King,Shoreline,53033020700,WA,POINT (-122.33364 47.73709)
MODEL 3,5YJ3E1EA5J,King,Renton,53033025704,WA,POINT (-122.19488 47.44034)
MODEL Y,7SAYGDED3P,Clark,Vancouver,53011040713,WA,POINT (-122.55149 45.69345)
E-TRON,WA1VAAGEXM,King,Kirkland,53033022201,WA,POINT (-122.22901 47.72201)
VOLT,1G1RB6S51H,King,Kirkland,53033021903,WA,POINT (-122.22901 47.72201)
MUSTANG MACH-E,3FMTK4SE8M,King,Bothell,53033021804,WA,POINT (-122.20563 47.76144)
MODEL 3,5YJ3E1EB1M,Clark,Vancouver,53011040908,WA,POINT (-122.70303 45.70954)
IONIQ 5,7YAKMDDC7S,Snohomish,Lynnwood,53061042004,WA,POINT (-122.27981 47.85727)
MODEL 3,5YJ3E1EBXT,Clark,Ridgefield,53011040403,WA,POINT (-122.74595 45.81539)
CX-90,JM3KKBHA3S,King,Burien,53033026700,WA,POINT (-122.36322 47.49736)
OPTIQ,3GYK3BM41T,King,Redmond,53033032313,WA,POINT (-122.13158 47.67858)
ID.4,WVGTMPE27N,King,Kirkland,53033022003,WA,POINT (-122.22901 47.72201)
MODEL 3,5YJ3E1EA4K,Snohomish,Snohomish,53061052008,WA,POINT (-122.1389 47.87115)
SPARK,KL8CK6S00G,Yakima,Yakima,53077002803,WA,POINT (-120.71847 46.55029)
ESCAPE,1FMCU0LZ8M,King,Normandy Park,53033028600,WA,POINT (-122.34731 47.45207)
BOLT EUV,1G1FZ6S00P,Clark,Ridgefield,53011040305,WA,POINT (-122.74595 45.81539)
RANGE ROVER SPORT,SAL119F43S,Jefferson,Port Townsend,53031950604,WA,POINT (-122.77263 48.1212)
GRAND CHEROKEE,1C4RJYB68P,Kitsap,Bainbridge Island,53035090800,WA,POINT (-122.521 47.62759)
MODEL Y,7SAYGDEE4T,Jefferson,Port Townsend,53031950604,WA,POINT (-122.77263 48.1212)
BOLT EV,1G1FW6S02P,Jefferson,Port Townsend,53031950604,WA,POINT (-122.77263 48.1212)
EQS-CLASS SUV,4JGDM4EB2P,King,Kent,53033031704,WA,POINT (-122.10798 47.37124)
XC90,YV4H60CAXP,King,Federal Way,53033030101,WA,POINT (-122.36217 47.31011)
MODEL Y,7SAYGDEE0T,King,Kent,53033031708,WA,POINT (-122.10798 47.37124)
MUSTANG MACH-E,3FMTK3SU6S,King,Federal Way,53033030310,WA,POINT (-122.36217 47.31011)
MODEL 3,5YJ3E1EAXT,King,Redmond,53033032323,WA,POINT (-122.13158 47.67858)
MODEL X,5YJXCAE24H,King,North Bend,53033032704,WA,POINT (-121.7831 47.49348)
MODEL S,5YJSA1E21J,King,Redmond,53033032323,WA,POINT (-122.13158 47.67858)
VOLT,1G1RD6S53H,King,Covington,53033032005,WA,POINT (-122.10798 47.37124)
MODEL 3,5YJ3E1EC6M,King,Duvall,53033032402,WA,POINT (-121.98609 47.74068)
MODEL X,5YJXCDE28H,King,Kirkland,53033022203,WA,POINT (-122.22901 47.72201)
MODEL Y,7SAYGDEE3T,King,Bellevue,53033024901,WA,POINT (-122.12096 47.55584)
MODEL Y,5YJYGDEE6M,King,Newcastle,53033024703,WA,POINT (-122.18839 47.51197)
MODEL Y,7SAYGDEE3T,King,Bellevue,53033025001,WA,POINT (-122.12096 47.55584)
X5,5UXTA6C01N,King,Bellevue,53033024001,WA,POINT (-122.1872 47.61001)
I3,WBY1Z8C31H,Kitsap,Bainbridge Island,53035090700,WA,POINT (-122.521 47.62759)
XM,5YM33CS09T,Thurston,Lacey,53067011410,WA,POINT (-122.82324 47.04437)
GV60,KMUKEDSB0R,Clark,Vancouver,53011040713,WA,POINT (-122.55149 45.69345)
MODEL Y,7SAYGDEE5R,King,Sammamish,53033032225,WA,POINT (-122.02054 47.60326)
MODEL Y,7SAYGDEE1P,King,Kent,53033031707,WA,POINT (-122.10798 47.37124)
MUSTANG MACH-E,3FMTK3SU5R,King,Redmond,53033032324,WA,POINT (-122.13158 47.67858)
VOLT,1G1RC6S56H,King,Seattle,53033001100,WA,POINT (-122.30253 47.72656)
SORENTO,KNDRMDJH5S,King,Shoreline,53033020200,WA,POINT (-122.37238 47.74068)
MACAN,WP1AA2XA7R,King,Kirkland,53033022604,WA,POINT (-122.2066 47.67887)
MODEL 3,5YJ3E1EA1P,Clark,Vancouver,53011040713,WA,POINT (-122.55149 45.69345)
IONIQ 5,KM8KMDAF4P,King,Renton,53033025500,WA,POINT (-122.18839 47.51197)
MODEL 3,5YJ3E1EA7P,King,Shoreline,53033020500,WA,POINT (-122.30304 47.75494)
MODEL Y,7SAYGDED3R,King,Auburn,53033031208,WA,POINT (-122.18263 47.31825)
KONA,KM8K33AG7P,King,Kirkland,53033022501,WA,POINT (-122.2066 47.67887)
MODEL 3,5YJ3E1ET9R,King,Auburn,53033029602,WA,POINT (-122.18263 47.31825)
R1S,7PDSGCBA2T,Clark,Vancouver,53011040905,WA,POINT (-122.70303 45.70954)
VOLT,1G1RC6S5XK,Clark,La Center,53011040203,WA,POINT (-122.67248 45.86156)
A3,WAUTPBFF5J,King,Bellevue,53033023902,WA,POINT (-122.1872 47.61001)
TAYCAN,WP0AA2Y18N,King,Bellevue,53033024901,WA,POINT (-122.12096 47.55584)
PROLOGUE,3GPKHZRJXS,King,Bellevue,53033023100,WA,POINT (-122.11867 47.63131)
PROLOGUE,3GPKHXRJ8R,Snohomish,Everett,53061041609,WA,POINT (-122.18637 47.89251)
MODEL Y,7SAYGDEE0T,King,Bellevue,53033023401,WA,POINT (-122.12056 47.61334)
EQUINOX,3GN7DPRR6R,Yakima,Moxee,53077001702,WA,POINT (-120.39197 46.55621)
IONIQ 5,7YAKNDDC6T,King,Shoreline,53033020200,WA,POINT (-122.33364 47.73709)
X5,5UXTA6C09N,King,Renton,53033025602,WA,POINT (-122.11589 47.50243)
XC90,YV4H600A0P,Clark,Camas,53011040610,WA,POINT (-122.40177 45.58705)
MODEL Y,7SAYGDEE5N,King,Bellevue,53033024001,WA,POINT (-122.1872 47.61001)
PROLOGUE,3GPKHXRJXR,King,Maple Valley,53033032010,WA,POINT (-122.04526 47.39394)
MODEL X,5YJXCBE25L,King,Bellevue,53033023403,WA,POINT (-122.11867 47.63131)
I4,WBY43HD09S,Kitsap,Bainbridge Island,53035090700,WA,POINT (-122.521 47.62759)
BOLT EUV,1G1FZ6S06P,King,Seattle,53033000900,WA,POINT (-122.30253 47.72656)
A3,WAUUPBFFXH,King,Seattle,53033002000,WA,POINT (-122.31676 47.68156)
HARDTOP,WMW13DJ04N,King,Seattle,53033000601,WA,POINT (-122.30253 47.72656)
MODEL 3,5YJ3E1EB1N,King,Kent,53033031800,WA,POINT (-122.10798 47.37124)
MODEL 3,5YJ3E1EA8S,King,Seattle,53033002200,WA,POINT (-122.30253 47.72656)
MODEL Y,7SAYGDEE0T,Clark,Camas,53011041400,WA,POINT (-122.40177 45.58705)
BOLT EUV,1G1FY6S08P,King,Seattle,53033007101,WA,POINT (-122.34845 47.63283)
MODEL Y,7SAYGDEEXT,King,Bellevue,53033024905,WA,POINT (-122.12096 47.55584)
POLESTAR 2,YSMED3KA5P,King,Sammamish,53033032217,WA,POINT (-122.02054 47.60326)
BOLT EV,1G1FZ6S0XL,King,Seattle,53033006500,WA,POINT (-122.32427 47.63433)
PACIFICA,2C4RC1L76J,King,Bellevue,53033023603,WA,POINT (-122.12056 47.61334)
SILVERADO,1GC10UED2R,Clark,Vancouver,53011041335,WA,POINT (-122.55149 45.69345)
MODEL 3,5YJ3E1EA4J,King,Kent,53033029604,WA,POINT (-122.19976 47.37483)
MODEL X,7SAXCBE51N,Snohomish,Lake Stevens,53061052506,WA,POINT (-122.06402 48.01497)
MODEL 3,5YJ3E1EB4L,King,Bellevue,53033024001,WA,POINT (-122.1872 47.61001)
X5,5UXTA6C06N,King,Kirkland,53033021904,WA,POINT (-122.22901 47.72201)
MODEL 3,5YJ3E1EA4M,King,Kirkland,53033022006,WA,POINT (-122.22901 47.72201)
MODEL Y,7SAYGDEEXT,King,Redmond,53033022803,WA,POINT (-122.13158 47.67858)
F-150,1FT6W3LU1S,King,Seattle,53033007002,WA,POINT (-122.34845 47.63283)
Q4,WA1K2BFZ6P,King,Seattle,53033012100,WA,POINT (-122.36322 47.49736)
I4,WBY73AW05R,King,Seattle,53033001600,WA,POINT (-122.37238 47.74068)
PROLOGUE,3GPKHXRJ4S,Clark,Vancouver,53011040709,WA,POINT (-122.57722 45.64251)
F-150,1FT6W1EV7P,Kitsap,Silverdale,53035091302,WA,POINT (-122.69275 47.65171)
MODEL Y,5YJYGAEE4M,King,Seattle,53033006400,WA,POINT (-122.30207 47.64085)
VOLT,1G1RD6E4XE,King,Woodinville,53033021906,WA,POINT (-122.15545 47.75448)
MODEL Y,5YJYGDEE7M,King,Redmond,53033022803,WA,POINT (-122.13158 47.67858)
MODEL S,5YJSA1E2XK,King,Kirkland,53033022401,WA,POINT (-122.2066 47.67887)
MODEL 3,5YJ3E1EA9P,Kitsap,Bainbridge Island,53035090700,WA,POINT (-122.521 47.62759)
CORSAIR,5LMTJ5DZ3S,King,Issaquah,53033032103,WA,POINT (-122.03439 47.5301)
MODEL Y,7SAYGDEE9P,King,Kirkland,53033022603,WA,POINT (-122.2066 47.67887)
MODEL Y,7SAYGDEE1R,King,Kirkland,53033022501,WA,POINT (-122.2066 47.67887)
TAYCAN,WP0AA2Y19N,Clark,Camas,53011040610,WA,POINT (-122.40177 45.58705)
R2,7PD2EAAB7V,King,Woodinville,53033032319,WA,POINT (-122.15545 47.75448)
ESCAPE,1FMCU0LZ2N,Thurston,Tenino,53067012610,WA,POINT (-122.85135 46.85752)
X5,5UXKT0C59H,King,Seattle,53033012100,WA,POINT (-122.36322 47.49736)
ZDX,4W5KHNRL9R,King,Sammamish,53033032215,WA,POINT (-122.03539 47.61344)
IONIQ 5,7YAKNDDC8T,King,Seattle,53033001300,WA,POINT (-122.33364 47.73709)
MODEL Y,7SAYGDEE1P,King,Sammamish,53033032316,WA,POINT (-122.02054 47.60326)
MODEL 3,5YJ3E1EAXN,King,Seattle,53033003000,WA,POINT (-122.38418 47.70044)
MODEL Y,7SAYGDEE5R,King,Kent,53033029306,WA,POINT (-122.17743 47.41185)
BLAZER,3GNKDCRJ7R,Clark,Ridgefield,53011040303,WA,POINT (-122.74595 45.81539)
MODEL Y,7SAYGDEE6R,Clark,Camas,53011040609,WA,POINT (-122.40177 45.58705)
MODEL 3,5YJ3E1EA8K,King,Algona,53033030901,WA,POINT (-122.28802 47.30264)
CLARITY,JHMZC5F15K,Snohomish,Bothell,53061051921,WA,POINT (-122.20105 47.84423)
MODEL 3,5YJ3E1EB2L,King,Seattle,53033008401,WA,POINT (-122.34223 47.61085)
PACIFICA,2C4RC1N79H,King,Seattle,53033000900,WA,POINT (-122.30253 47.72656)
MUSTANG MACH-E,3FMTK3SU9M,King,Seattle,53033007600,WA,POINT (-122.30207 47.64085)
MODEL 3,5YJ3E1EA3N,King,Covington,53033032007,WA,POINT (-122.10798 47.37124)
MODEL 3,5YJ3E1EC6P,Clark,Vancouver,53011041337,WA,POINT (-122.48723 45.63701)
EQUINOX,3GN7DMRR9T,Kitsap,Port Orchard,53035092901,WA,POINT (-122.68516 47.50645)
EQE-CLASS SEDAN,W1KEG1CB0R,King,Woodinville,53033021802,WA,POINT (-122.15545 47.75448)
MODEL Y,7SAYGAEE1P,King,Sammamish,53033032224,WA,POINT (-122.03539 47.61344)
MODEL 3,5YJ3E1EA1S,Clark,Vancouver,53011041800,WA,POINT (-122.64695 45.65675)
PRIUS PRIME (PHEV),JTDACACU4T,Clark,Vancouver,53011041312,WA,POINT (-122.55149 45.69345)
I4,WBY43AW00P,King,Bellevue,53033024904,WA,POINT (-122.12096 47.55584)
I4,WBY43AW03R,King,Redmond,53033032321,WA,POINT (-122.13158 47.67858)
MODEL Y,7SAYGDEE3R,King,Sammamish,53033032223,WA,POINT (-122.01656 47.57118)
MODEL Y,7SAYGDEF6R,Snohomish,Bothell,53061052107,WA,POINT (-122.20105 47.84423)
MODEL 3,5YJ3E1EA8T,Jefferson,Port Ludlow,53031950301,WA,POINT (-122.68475 47.92989)
BZ4X,JTMABACA5S,Snohomish,Marysville,53061940002,WA,POINT (-122.17138 48.10433)
S60,7JRBR0FL8K,King,Seattle,53033001202,WA,POINT (-122.30253 47.72656)
LEAF,1N4CZ1CV1S,King,Issaquah,53033025006,WA,POINT (-122.03439 47.5301)
MODEL 3,5YJ3E1EB5J,King,Kent,53033029407,WA,POINT (-122.17743 47.41185)
MODEL Y,7SAYGDEEXP,Thurston,Tumwater,53067010910,WA,POINT (-123.04078 46.94792)
MODEL Y,5YJYGDEF7M,Clark,Vancouver,53011041317,WA,POINT (-122.48723 45.63701)
PRIUS PRIME (PHEV),JTDKARFP6H,King,Kenmore,53033021701,WA,POINT (-122.24369 47.75892)
MODEL 3,5YJ3E1EA8P,King,Burien,53033027100,WA,POINT (-122.29411 47.48924)
MODEL 3,5YJ3E1EB3J,King,Sammamish,53033032317,WA,POINT (-122.02054 47.60326)
PRIUS PRIME (PHEV),JTDKARFP0J,King,Seattle,53033007501,WA,POINT (-122.32427 47.63433)
PROLOGUE,3GPKHXRJ3T,Snohomish,Lake Stevens,53061052605,WA,POINT (-122.06402 48.01497)
FOCUS,1FADP3R41F,Clark,Vancouver,53011040904,WA,POINT (-122.70303 45.70954)
NIRO,KNDCT3L18P,King,Sammamish,53033032317,WA,POINT (-122.02054 47.60326)
BOLT EV,1G1FY6S01L,Kitsap,Bainbridge Island,53035090700,WA,POINT (-122.521 47.62759)
PACIFICA,2C4RC1L70P,Jefferson,Brinnon,53031950702,WA,POINT (-122.89646 47.69838)
IONIQ 5,KM8KRDAFXP,Kitsap,Silverdale,53035091302,WA,POINT (-122.69275 47.65171)
MODEL Y,7SAYGDEE8P,Clark,Vancouver,53011041310,WA,POINT (-122.49212 45.60365)
MODEL Y,7SAYGDEE8P,King,Bellevue,53033025001,WA,POINT (-122.12096 47.55584)
IX,WB553CF05T,King,Seattle,53033003400,WA,POINT (-122.38591 47.67597)
NIRO,KNDCR3L10P,King,Tukwila,53033027200,WA,POINT (-122.29411 47.48924)
MODEL 3,5YJ3E1EC8N,King,Bellevue,53033022805,WA,POINT (-122.1621 47.64441)
MODEL Y,7SAYGDEE3S,King,Kirkland,53033022402,WA,POINT (-122.2066 47.67887)
BOLT EV,1G1FY6S0XL,King,Sammamish,53033032215,WA,POINT (-122.03539 47.61344)
MODEL 3,5YJ3E1EB9M,King,Seattle,53033000700,WA,POINT (-122.30253 47.72656)
MODEL Y,7SAYGDEE6T,King,Bellevue,53033023401,WA,POINT (-122.12056 47.61334)
MODEL S,5YJSA1CG6D,King,Bellevue,53033023902,WA,POINT (-122.1872 47.61001)
MODEL 3,5YJ3E1EB2P,King,Lake Forest Park,53033021300,WA,POINT (-122.30304 47.75494)
RAV4 PRIME (PHEV),JTMAB3FV4M,Kitsap,Port Orchard,53035092902,WA,POINT (-122.68516 47.50645)
MUSTANG MACH-E,3FMTK1R46P,King,Kirkland,53033022006,WA,POINT (-122.22901 47.72201)
SPORTAGE,KNDPYDDH1R,Yakima,Yakima,53077000800,WA,POINT (-120.51904 46.59782)
MODEL Y,7SAYGDED8S,King,Woodinville,53033032319,WA,POINT (-122.15545 47.75448)
NIRO,KNDCC3LG4N,King,Mercer Island,53033024302,WA,POINT (-122.21238 47.57816)
MODEL Y,7SAYGDEF4P,Clark,Vancouver,53011040412,WA,POINT (-122.62731 45.71668)
ID.4,1V2FMPE86P,King,Seattle,53033011902,WA,POINT (-122.25031 47.49481)
MODEL 3,5YJ3E1EA0L,King,Bellevue,53033024002,WA,POINT (-122.1872 47.61001)
330E,3MW5P9J09N,King,Issaquah,53033032103,WA,POINT (-122.03439 47.5301)
EV9,5XYAFFS51T,King,Kent,53033029702,WA,POINT (-122.19976 47.37483)
NIRO,KNDCC3LG9K,King,Bothell,53033021802,WA,POINT (-122.20563 47.76144)
XM,5YM23CS08R,King,Sammamish,53033032318,WA,POINT (-122.02054 47.60326)
GLC-CLASS,W1NKM5GB8S,King,Kent,53033029403,WA,POINT (-122.17743 47.41185)
MODEL Y,7SAYGDEE6T,King,Renton,53033025304,WA,POINT (-122.18839 47.51197)
LEAF,1N4AZ0CP8E,Thurston,Olympia,53067012100,WA,POINT (-122.87741 47.05997)
OUTLANDER,JA4T5VA98S,King,Kent,53033029701,WA,POINT (-122.19976 47.37483)
MODEL Y,7SAYGDEE3P,King,Redmond,53033032324,WA,POINT (-122.13158 47.67858)
MODEL 3,5YJ3E1ECXP,Island,Camano Island,53029971600,WA,POINT (-122.40049 48.23986)
MODEL Y,5YJYGDEE9M,King,Bellevue,53033023403,WA,POINT (-122.11867 47.63131)
MODEL Y,7SAYGDEE7P,King,Renton,53033025304,WA,POINT (-122.18839 47.51197)
MODEL 3,5YJ3E1EA3R,Clark,Vancouver,53011040713,WA,POINT (-122.55149 45.69345)
ID.4,1V2GNPE89P,King,Renton,53033025304,WA,POINT (-122.18839 47.51197)
MODEL Y,7SAYGDET7T,King,Redmond,53033032321,WA,POINT (-122.13158 47.67858)
XC90,YV4BR00L5M,Kitsap,Bainbridge Island,53035090700,WA,POINT (-122.521 47.62759)
MODEL 3,5YJ3E1EA0P,King,Bothell,53033021804,WA,POINT (-122.20563 47.76144)
NIRO,KNDCC3LD5J,King,Bellevue,53033023000,WA,POINT (-122.11867 47.63131)
MODEL 3,5YJ3E1EA4L,Clark,Vancouver,53011041337,WA,POINT (-122.48723 45.63701)
PACIFICA,2C4RC1L76N,Clark,Vancouver,53011040811,WA,POINT (-122.62731 45.71668)
MODEL Y,7SAYGDEE9N,King,Seattle,53033006300,WA,POINT (-122.30207 47.64085)
MODEL Y,7SAYGDEEXT,Snohomish,Everett,53061041701,WA,POINT (-122.18637 47.89251)
MODEL Y,7SAYGDEE4P,King,Bellevue,53033024001,WA,POINT (-122.1872 47.61001)
MUSTANG MACH-E,3FMTK3SU6R,King,Seattle,53033009500,WA,POINT (-122.30866 47.57874)
PRIUS PRIME (PHEV),JTDKARFP7H,King,Seattle,53033000402,WA,POINT (-122.33364 47.73709)
MODEL 3,5YJ3E1ECXM,King,Bellevue,53033023701,WA,POINT (-122.1621 47.64441)
GLC-CLASS,W1NKM5GB4S,Jefferson,Port Townsend,53031950604,WA,POINT (-122.77263 48.1212)
IONIQ 5,KM8KRDDF6R,Kitsap,Bainbridge Island,53035091002,WA,POINT (-122.521 47.62759)
R1S,7PDSGFBA5T,King,Kirkland,53033022702,WA,POINT (-122.2066 47.67887)
IONIQ 5,KM8KR4DE1R,King,Seattle,53033007001,WA,POINT (-122.36381 47.63046)
NX,JTJHKCFZ8T,King,Shoreline,53033020700,WA,POINT (-122.33364 47.73709)
MODEL 3,5YJ3E1EB5J,King,Bellevue,53033023000,WA,POINT (-122.11867 47.63131)
LEAF,1N4AZ0CP4E,King,Seattle,53033009300,WA,POINT (-122.30866 47.57874)
MODEL 3,5YJ3E1EA6L,King,Kent,53033029405,WA,POINT (-122.17743 47.41185)
WRANGLER,1C4JJXP68N,Thurston,Rainier,53067012530,WA,POINT (-122.68993 46.88897)
MODEL Y,7SAYGDEF5N,King,Sammamish,53033032217,WA,POINT (-122.03539 47.61344)
CX-90,JM3KKEHA5S,King,Kent,53033029407,WA,POINT (-122.17743 47.41185)
MODEL Y,7SAYGDEE9N,King,Renton,53033025601,WA,POINT (-122.18839 47.51197)
PACIFICA,2C4RC1L73J,King,Kirkland,53033022300,WA,POINT (-122.22901 47.72201)
X5,5UX43EU04R,Kitsap,Poulsbo,53035090502,WA,POINT (-122.64681 47.73689)
MUSTANG MACH-E,3FMTK3SU7M,King,Bellevue,53033025008,WA,POINT (-122.12096 47.55584)
LEAF,1N4AZ0CPXD,King,Renton,53033029308,WA,POINT (-122.19488 47.44034)
MODEL Y,5YJYGDEFXL,King,Issaquah,53033032220,WA,POINT (-122.01656 47.57118)
MODEL Y,7SAYGDEE7R,King,Kirkland,53033022501,WA,POINT (-122.2066 47.67887)
EV6,5XYC3DJC8S,King,Seattle,53033012100,WA,POINT (-122.36322 47.49736)
MODEL Y,7SAYGDEE7T,King,Redmond,53033032323,WA,POINT (-122.13158 47.67858)
MODEL Y,7SAYGDEE9T,Snohomish,Mill Creek,53061052008,WA,POINT (-122.20105 47.84423)
MODEL Y,5YJYGDEE7M,King,Seattle,53033000101,WA,POINT (-122.30253 47.72656)
MODEL 3,5YJ3E1EA0J,Snohomish,Lake Stevens,53061052605,WA,POINT (-122.06402 48.01497)
I3,WBY1Z2C55E,King,Seattle,53033010002,WA,POINT (-122.30866 47.57874)
MODEL Y,7SAYGDEEXT,King,Seatac,53033028300,WA,POINT (-122.27979 47.44952)
ID.4,1V2BMPE88R,Clark,Vancouver,53011042500,WA,POINT (-122.64695 45.65675)
MODEL 3,5YJ3E1EA4M,Island,Oak Harbor,53029970602,WA,POINT (-122.64682 48.29077)
RAV4 PRIME (PHEV),JTMCB3FV6R,King,Kirkland,53033022300,WA,POINT (-122.22901 47.72201)
MODEL X,5YJXCBE20J,King,Bellevue,53033024002,WA,POINT (-122.1872 47.61001)
LEAF,1N4AZ1CV3N,King,Bellevue,53033023202,WA,POINT (-122.11867 47.63131)
MODEL Y,7SAYGDEE9T,Clark,Vancouver,53011040709,WA,POINT (-122.57722 45.64251)
MODEL Y,7SAYGDEE2P,King,Renton,53033025806,WA,POINT (-122.19488 47.44034)
OUTLANDER,JA4T5UA95P,King,Seattle,53033009600,WA,POINT (-122.41067 47.57894)
MODEL Y,7SAYGDEE8T,King,Tukwila,53033028300,WA,POINT (-122.27979 47.44952)
RAV4 PRIME (PHEV),JTMFB3FV5S,Snohomish,Lake Stevens,53061052607,WA,POINT (-122.06402 48.01497)
MODEL Y,7SAYGDEE7T,Clark,Vancouver,53011040714,WA,POINT (-122.55149 45.69345)
LEAF,1N4AZ1CP6K,King,Issaquah,53033032221,WA,POINT (-122.01656 47.57118)
MODEL Y,7SAYGDEE7P,King,Seattle,53033005600,WA,POINT (-122.40092 47.65908)
WRANGLER,1C4RJXN64R,Kitsap,Port Orchard,53035092400,WA,POINT (-122.63848 47.5414)
Q4,WA14UBFZ6S,King,Kirkland,53033022203,WA,POINT (-122.22901 47.72201)
CYBERTRUCK,7G2CEHED1R,Snohomish,Monroe,53061052204,WA,POINT (-121.98087 47.8526)
WRANGLER,1C4RJXR64R,King,Sammamish,53033032316,WA,POINT (-122.02054 47.60326)
OUTLANDER,JA4T5WA91S,King,Kirkland,53033022603,WA,POINT (-122.2066 47.67887)
MODEL X,5YJXCDE27L,King,Bellevue,53033024001,WA,POINT (-122.1872 47.61001)
MODEL 3,5YJ3E1EA9J,King,Kirkland,53033022703,WA,POINT (-122.2066 47.67887)
IONIQ 5,KM8KRDAF6P,King,Kent,53033029504,WA,POINT (-122.19976 47.37483)
500,3C3CFFGE5D,King,Seattle,53033000700,WA,POINT (-122.30253 47.72656)
POLESTAR 2,YSMFD3KA0R,Clark,Washougal,53011040510,WA,POINT (-122.35341 45.57923)
IONIQ 5,KM8KNDDF1R,Jefferson,Port Townsend,53031950502,WA,POINT (-122.77263 48.1212)
OUTLANDER,JA4J24A53L,Clark,Battle Ground,53011040505,WA,POINT (-122.5331 45.78092)
MODEL S,5YJSA1E53N,King,Seattle,53033007406,WA,POINT (-122.32427 47.63433)
MODEL X,7SAXCBE60P,Clark,Camas,53011041325,WA,POINT (-122.40177 45.58705)
MODEL 3,5YJ3E1EA4T,King,Kent,53033029306,WA,POINT (-122.17743 47.41185)
MODEL Y,5YJYGDEE3M,King,Sammamish,53033032207,WA,POINT (-122.03539 47.61344)
MODEL Y,7SAYGDED1T,King,Bellevue,53033022805,WA,POINT (-122.1621 47.64441)
MODEL 3,5YJ3E1EB6J,Clark,Brush Prairie,53011040505,WA,POINT (-122.54578 45.73473)
LEAF,1N4AZ1BV0P,King,Seattle,53033004500,WA,POINT (-122.31307 47.66127)
VISTIQ,1GYC3NML3T,King,Seattle,53033000202,WA,POINT (-122.30253 47.72656)
MODEL Y,7SAYGDEE3T,Thurston,Olympia,53067012332,WA,POINT (-122.80933 46.99531)
MODEL X,7SAXCBE61N,King,Bellevue,53033024002,WA,POINT (-122.1872 47.61001)
MODEL 3,5YJ3E1EB9M,King,Kirkland,53033022203,WA,POINT (-122.22901 47.72201)
MODEL Y,7SAYGDEE6P,Clark,Vancouver,53011041335,WA,POINT (-122.55149 45.69345)
XC90,YV4H60PEXS,King,Bellevue,53033024800,WA,POINT (-122.12096 47.55584)
MODEL 3,5YJ3E1EBXJ,King,Seattle,53033007800,WA,POINT (-122.31009 47.60803)
IONIQ 5,KM8KRDDF4R,King,Seattle,53033002700,WA,POINT (-122.35436 47.67596)
F-150,1FT6W1EV2N,King,Bellevue,53033022805,WA,POINT (-122.1621 47.64441)
RAV4 PRIME (PHEV),JTMFB3FV0M,King,Redmond,53033032323,WA,POINT (-122.13158 47.67858)
RAV4 PRIME (PHEV),JTMAB3FV2P,King,Seattle,53033007203,WA,POINT (-122.34845 47.63283)
NIRO,KNDCR3L10S,King,Seattle,53033011902,WA,POINT (-122.25031 47.49481)
LEAF,1N4AZ0CP2D,King,Seattle,53033000800,WA,POINT (-122.30253 47.72656)
MUSTANG MACH-E,3FMTK3RM3N,Kitsap,Silverdale,53035091302,WA,POINT (-122.69275 47.65171)
MODEL 3,5YJ3E1EA1T,King,Sammamish,53033032318,WA,POINT (-122.02054 47.60326)
ID.4,1V25MPE80P,Clark,Vancouver,53011041900,WA,POINT (-122.64695 45.65675)
GLC-CLASS,W1NKM5GB0S,King,Seattle,53033006400,WA,POINT (-122.30207 47.64085)
MODEL Y,7SAYGDEE8S,Clark,Vancouver,53011041900,WA,POINT (-122.64695 45.65675)
MODEL Y,7SAYGDEF3S,King,Redmond,53033022606,WA,POINT (-122.13158 47.67858)
LEAF,1N4AZ0CP6F,King,Kirkland,53033022401,WA,POINT (-122.2066 47.67887)
BOLT EV,1G1FY6S09K,King,Kirkland,53033022401,WA,POINT (-122.2066 47.67887)
MODEL Y,5YJYGDEE4M,King,Kirkland,53033021905,WA,POINT (-122.22901 47.72201)
MODEL Y,5YJYGDEE8M,King,Bellevue,53033024001,WA,POINT (-122.1872 47.61001)
IONIQ 5,7YAKNDDC4T,King,Bellevue,53033024701,WA,POINT (-122.12096 47.55584)
KONA,KM8HE3A62S,King,Kirkland,53033022604,WA,POINT (-122.2066 47.67887)
ID.4,1V2GNPE82P,King,Kirkland,53033022701,WA,POINT (-122.2066 47.67887)
BZ4X,JTMAAAAA5S,King,Seattle,53033005000,WA,POINT (-122.35436 47.67596)
TRAILSEEKER,JTMBGAHC6T,King,Seattle,53033005600,WA,POINT (-122.40092 47.65908)
NX,JTJKKCFZ2R,King,Bellevue,53033024701,WA,POINT (-122.12096 47.55584)
ESCAPE,1FMCU0LZ4N,Clark,Vancouver,53011041009,WA,POINT (-122.64443 45.67871)
E-TRON,WA1LAAGE0K,King,Seattle,53033012100,WA,POINT (-122.36322 47.49736)
MODEL Y,7SAYGDED4R,Clark,Vancouver,53011040907,WA,POINT (-122.70303 45.70954)
IONIQ 5,KM8KRDDF8R,King,Seattle,53033007503,WA,POINT (-122.31009 47.60803)
G80,KMTGE4S10R,King,Redmond,53033032323,WA,POINT (-122.13158 47.67858)
I4,WBY43HD07S,King,Redmond,53033032321,WA,POINT (-122.13158 47.67858)
MODEL 3,5YJ3E1EA6P,King,Bellevue,53033024901,WA,POINT (-122.12096 47.55584)
BZ4X,JTMAAAAA0S,King,Seattle,53033000202,WA,POINT (-122.30253 47.72656)
EV9,5XYADFS50T,King,Federal Way,53033030311,WA,POINT (-122.36217 47.31011)
MODEL X,5YJXCBE28J,King,Seattle,53033001100,WA,POINT (-122.30253 47.72656)
R1T,7FCTGBAA1R,King,Bellevue,53033023100,WA,POINT (-122.11867 47.63131)
MODEL S,5YJSA1E23H,King,Kent,53033029403,WA,POINT (-122.17743 47.41185)
MODEL Y,7SAYGDEE1P,King,Kirkland,53033021903,WA,POINT (-122.22901 47.72201)
BZ,JTMBCAEB7T,King,Bellevue,53033023300,WA,POINT (-122.12056 47.61334)
X5,5UXTA6C06M,King,Seattle,53033005000,WA,POINT (-122.35436 47.67596)
F-150,1FTVW1EL0N,King,Des Moines,53033028700,WA,POINT (-122.30615 47.38542)
BOLT EUV,1G1FY6S00P,Kitsap,Poulsbo,53035940100,WA,POINT (-122.64681 47.73689)
EX30,YV4EK3ZL4S,King,Seattle,53033000500,WA,POINT (-122.37238 47.74068)
VOLT,1G1RD6E44B,King,Seattle,53033001100,WA,POINT (-122.30253 47.72656)
MODEL 3,5YJ3E1EB3S,King,Bellevue,53033023201,WA,POINT (-122.12056 47.61334)
RZ,JTJAAAAB8P,King,Newcastle,53033024703,WA,POINT (-122.18839 47.51197)
MODEL 3,5YJ3E1EA8M,Thurston,Tumwater,53067010910,WA,POINT (-123.04078 46.94792)
MODEL S,5YJSA1E69T,King,Seattle,53033008900,WA,POINT (-122.30866 47.57874)
MODEL Y,7SAYGDEE4R,King,Seattle,53033007203,WA,POINT (-122.34845 47.63283)
330E,WBA8E1C33H,King,Seattle,53033012100,WA,POINT (-122.36322 47.49736)
MODEL Y,7SAYGDEF9P,King,Tukwila,53033027300,WA,POINT (-122.29411 47.48924)
SPORTAGE,KNDPYDDH4R,King,Seattle,53033009600,WA,POINT (-122.41067 47.57894)
XC60,YV4H60DN6P,Jefferson,Port Townsend,53031950502,WA,POINT (-122.77263 48.1212)
IONIQ 5,KM8KNDAF1P,King,Shoreline,53033021000,WA,POINT (-122.33364 47.73709)
X5,5UX43EU09R,King,Issaquah,53033025007,WA,POINT (-122.03439 47.5301)
CX-90,JM3KKBHA3S,King,Bellevue,53033023901,WA,POINT (-122.1872 47.61001)
MODEL 3,5YJ3E1EC2N,Clark,Vancouver,53011040909,WA,POINT (-122.70303 45.70954)
LEAF,1N4AZ1CPXK,King,Bellevue,53033023201,WA,POINT (-122.12056 47.61334)
MODEL S,5YJSA1E23J,King,Renton,53033025101,WA,POINT (-122.11589 47.50243)
MODEL Y,7SAYGDEE0R,King,Bellevue,53033024901,WA,POINT (-122.12096 47.55584)
ZEVO,2G5ZJ3HG5P,King,Renton,53033026200,WA,POINT (-122.20489 47.47532)
MODEL 3,5YJ3E1EAXP,King,Kirkland,53033022702,WA,POINT (-122.2066 47.67887)
POLESTAR 2,LPSED3KA7N,King,Seattle,53033000402,WA,POINT (-122.33364 47.73709)
TAYCAN,WP0AD2Y14P,King,Seattle,53033007800,WA,POINT (-122.30207 47.64085)
MODEL Y,7SAYGDEE4T,King,Renton,53033025304,WA,POINT (-122.18839 47.51197)
MODEL Y,7SAYGDED6T,Snohomish,Everett,53061041901,WA,POINT (-122.27557 47.88936)
PROLOGUE,3GPKHXRJ3R,King,Seattle,53033011002,WA,POINT (-122.31449 47.53917)
SOUL,KNDJX3AE9G,King,Bothell,53033022001,WA,POINT (-122.20563 47.76144)
MODEL 3,5YJ3E1EA1J,King,Bothell,53033022001,WA,POINT (-122.20563 47.76144)
RAV4 PRIME (PHEV),JTMFB3FV9M,King,Bellevue,53033023300,WA,POINT (-122.12056 47.61334)
SOLTERRA,JTMABABA4R,Clark,Vancouver,53011040604,WA,POINT (-122.55149 45.69345)
LEAF,JN1AZ0CP2B,King,Seattle,53033002600,WA,POINT (-122.31676 47.68156)
MODEL Y,7SAYGDEE0P,King,Renton,53033025304,WA,POINT (-122.18839 47.51197)
E-TRON,WA1AAAGE1M,Clark,Brush Prairie,53011040715,WA,POINT (-122.54578 45.73473)
MODEL 3,5YJ3E1EB7J,King,Seattle,53033006400,WA,POINT (-122.30207 47.64085)
I3,WBY1Z4C54F,King,Bellevue,53033023401,WA,POINT (-122.12056 47.61334)
F-150,1FT6W1EV4P,Thurston,Olympia,53067010100,WA,POINT (-122.89165 47.03954)
MODEL Y,7SAYGDEE2P,King,Bellevue,53033023806,WA,POINT (-122.1872 47.61001)
CLARITY,JHMZC5F18J,Clark,Vancouver,53011040910,WA,POINT (-122.70303 45.70954)
MODEL Y,7SAYGAEE6R,King,Bellevue,53033023801,WA,POINT (-122.1872 47.61001)
MODEL 3,5YJ3E1EB4M,King,Maple Valley,53033032011,WA,POINT (-122.04526 47.39394)
LEAF,1N4BZ0CP4H,King,Bothell,53033021804,WA,POINT (-122.20563 47.76144)
MODEL 3,5YJ3E1EA7L,Clark,Vancouver,53011040713,WA,POINT (-122.55149 45.69345)
MODEL Y,7SAYGAEE4P,King,Sammamish,53033032225,WA,POINT (-122.02054 47.60326)
EV6,KNDC34LA6R,King,Seattle,53033000500,WA,POINT (-122.37238 47.74068)
R1S,7PDSGABA4P,King,Kirkland,53033022401,WA,POINT (-122.2066 47.67887)
MODEL 3,5YJ3E1EB5J,King,Kirkland,53033022003,WA,POINT (-122.22901 47.72201)
MODEL Y,7SAYGDEE9N,King,Bellevue,53033023300,WA,POINT (-122.11867 47.63131)
MODEL Y,7SAYGDEF1N,Snohomish,Lake Stevens,53061052606,WA,POINT (-122.06402 48.01497)
RX,JTJCJMGA7R,Clark,Vancouver,53011040910,WA,POINT (-122.70303 45.70954)
EV6,KNDC34LA0R,Kitsap,Bremerton,53035091204,WA,POINT (-122.61158 47.62691)
MODEL Y,7SAYGDEF3P,King,Kirkland,53033022604,WA,POINT (-122.2066 47.67887)
A3,WAUUPBFFXG,King,Seattle,53033006400,WA,POINT (-122.30207 47.64085)
LEAF,1N4BZ1CV4M,King,Seattle,53033006200,WA,POINT (-122.30207 47.64085)
MODEL Y,7SAYGDEEXP,King,Seattle,53033005600,WA,POINT (-122.40092 47.65908)
TRANSIT,1FTBW9CK6N,Clark,Battle Ground,53011040408,WA,POINT (-122.5331 45.78092)
MODEL Y,7SAYGAEE1N,King,Kirkland,53033022603,WA,POINT (-122.2066 47.67887)
MODEL Y,5YJYGDEE6L,King,Kirkland,53033022703,WA,POINT (-122.2066 47.67887)
MODEL 3,5YJ3E1EB9K,King,Seattle,53033001400,WA,POINT (-122.37238 47.74068)
EV6,5XYC34JA4S,King,Seattle,53033005305,WA,POINT (-122.31307 47.66127)
E-TRON,WA1VABGE4N,King,North Bend,53033032704,WA,POINT (-121.7831 47.49348)
RAV4 PRIME (PHEV),JTMAB3FV5M,King,Auburn,53033029602,WA,POINT (-122.18263 47.31825)
TUCSON,KM8JFDD23R,King,Seattle,53033010401,WA,POINT (-122.31449 47.53917)
Q8,WA15AAGE3R,King,Duvall,53033032402,WA,POINT (-121.98609 47.74068)
EV9,5XYAEFS52T,King,Maple Valley,53033032010,WA,POINT (-122.04526 47.39394)
CORSAIR,5LMTJ5DZ1T,King,Bothell,53033022001,WA,POINT (-122.20563 47.76144)
LEAF,1N4CZ1CVXS,King,Bellevue,53033023604,WA,POINT (-122.1621 47.64441)
MODEL 3,5YJ3E1EA5S,King,Seattle,53033008700,WA,POINT (-122.31009 47.60803)
I3,WBY1Z4C57G,King,Sammamish,53033032215,WA,POINT (-122.03539 47.61344)
MODEL X,7SAXCDE58R,Snohomish,Mukilteo,53061041301,WA,POINT (-122.29196 47.89908)
LEAF,JN1AZ0CP2C,Clark,Vancouver,53011040712,WA,POINT (-122.55149 45.69345)
XC60,YV4H60DL9R,King,Kirkland,53033022003,WA,POINT (-122.22901 47.72201)
Q5 E,WA1E2AFY1M,King,Bellevue,53033023807,WA,POINT (-122.1872 47.61001)
MODEL 3,5YJ3E1EB6J,Jefferson,Port Townsend,53031950501,WA,POINT (-122.77263 48.1212)
R1T,7FCTGAAA1N,King,Bothell,53033021804,WA,POINT (-122.20563 47.76144)
LEAF,JN1AZ0CP9C,King,Seattle,53033001400,WA,POINT (-122.37238 47.74068)
LEAF,1N4AZ0CP5F,King,Kirkland,53033021903,WA,POINT (-122.22901 47.72201)
EV9,KNDADFS5XR,King,Kent,53033031800,WA,POINT (-122.10798 47.37124)
MODEL Y,7SAYGDEE5P,King,Seattle,53033011300,WA,POINT (-122.35163 47.54287)
MODEL Y,5YJYGDEE5M,Clark,Ridgefield,53011040305,WA,POINT (-122.74595 45.81539)
MUSTANG MACH-E,3FMTK3SU6P,King,Redmond,53033032323,WA,POINT (-122.13158 47.67858)
MODEL 3,5YJ3E1EB7J,King,Kirkland,53033022401,WA,POINT (-122.2066 47.67887)
MODEL Y,7SAYGDEE3P,King,Sammamish,53033032215,WA,POINT (-122.03539 47.61344)
EV6,KNDC3DLC3N,King,Seattle,53033008300,WA,POINT (-122.32945 47.60357)
MODEL Y,7SAYGDEE4N,King,Bellevue,53033025001,WA,POINT (-122.12096 47.55584)
CAYENNE,WP1AE2AY0S,King,Kirkland,53033022501,WA,POINT (-122.2066 47.67887)
MODEL Y,7SAYGDEE8P,Jefferson,Port Townsend,53031950604,WA,POINT (-122.77263 48.1212)
I5,WBY43FK06R,King,Normandy Park,53033028600,WA,POINT (-122.34731 47.45207)
LYRIQ,1GYKPVRL8R,King,Bellevue,53033023805,WA,POINT (-122.1872 47.61001)
MODEL Y,7SAYGDEE9T,King,Kent,53033029603,WA,POINT (-122.19976 47.37483)
NIRO,KNDCC3LGXK,King,Bellevue,53033023201,WA,POINT (-122.12056 47.61334)
MODEL 3,5YJ3E1EC9N,King,Bellevue,53033024901,WA,POINT (-122.12096 47.55584)
LEAF,1N4BZ0CP0H,King,Kirkland,53033021903,WA,POINT (-122.22901 47.72201)
MODEL X,7SAXCBE5XN,King,Bellevue,53033023000,WA,POINT (-122.11867 47.63131)
MODEL Y,7SAYGDEE9T,King,Kirkland,53033022203,WA,POINT (-122.22901 47.72201)
ID.4,1V2VMPE83P,King,Beaux Arts,53033023901,WA,POINT (-122.1872 47.61001)
Q4,WA1L2BFZ2P,King,Seattle,53033006200,WA,POINT (-122.30207 47.64085)
LEAF,1N4AZ0CPXD,King,Seattle,53033007700,WA,POINT (-122.30207 47.64085)
E-TRON SPORTBACK,WA11AAGEXM,Clark,Vancouver,53011040412,WA,POINT (-122.62731 45.71668)
MODEL 3,5YJ3E1EC1P,Kitsap,Bremerton,53035080700,WA,POINT (-122.65223 47.57192)
R1S,7PDSGBBP2T,King,North Bend,53033032704,WA,POINT (-121.7831 47.49348)
BZ4X,JTMABACA0R,King,Shoreline,53033020800,WA,POINT (-122.37238 47.74068)
BOLT EV,1G1FW6S00H,Kitsap,Kingston,53035090102,WA,POINT (-122.4977 47.79802)
MODEL Y,7SAYGDEE8T,King,Sammamish,53033032224,WA,POINT (-122.03539 47.61344)
LEAF,1N4AZ1CP5K,King,Bellevue,53033024701,WA,POINT (-122.12096 47.55584)
MUSTANG MACH-E,3FMTK3SS2P,King,Burien,53033026700,WA,POINT (-122.36322 47.49736)
BOLT EV,1G1FY6S04M,Clark,Vancouver,53011041003,WA,POINT (-122.64695 45.65675)
MODEL Y,7SAYGDEE8P,King,Bothell,53033022001,WA,POINT (-122.20563 47.76144)
MODEL 3,5YJ3E1EC7L,King,Newcastle,53033025005,WA,POINT (-122.11589 47.50243)
MODEL X,5YJXCBE21J,Clark,Vancouver,53011040714,WA,POINT (-122.55149 45.69345)
PRIUS PRIME (PHEV),JTDKARFP0H,King,Sammamish,53033032215,WA,POINT (-122.03539 47.61344)
MODEL Y,7SAYGDEE0P,King,Kenmore,53033021600,WA,POINT (-122.24369 47.75892)
I4,WBY43HD04T,King,Bellevue,53033023702,WA,POINT (-122.1621 47.64441)
C-MAX,1FADP5EU3H,King,Seattle,53033001000,WA,POINT (-122.30253 47.72656)
XC60,YV4H60DM8R,King,Kirkland,53033022702,WA,POINT (-122.2066 47.67887)
MODEL 3,5YJ3E1EA4S,King,Kent,53033029407,WA,POINT (-122.17743 47.41185)
KONA,KM8K33AGXM,King,Tukwila,53033027200,WA,POINT (-122.29411 47.48924)
XC40,YV4ER3XM3R,King,Bellevue,53033023701,WA,POINT (-122.1872 47.61001)
MODEL Y,7SAYGAEE1P,King,Renton,53033031910,WA,POINT (-122.08747 47.4466)
MODEL Y,7SAYGDEF0N,King,Bellevue,53033023807,WA,POINT (-122.1872 47.61001)
X5,5UXTA6C05N,Clark,Vancouver,53011043100,WA,POINT (-122.59219 45.62158)
MODEL Y,7SAYGDEE6P,King,Seattle,53033007001,WA,POINT (-122.36381 47.63046)
MODEL Y,7SAYGDEEXT,King,Bellevue,53033023603,WA,POINT (-122.1621 47.64441)
MODEL 3,5YJ3E1EA9K,Clark,Vancouver,53011041208,WA,POINT (-122.59219 45.62158)
MODEL 3,5YJ3E1EA8M,King,Kirkland,53033021904,WA,POINT (-122.22901 47.72201)
BOLT EV,1G1FY6S01M,King,Seattle,53033002000,WA,POINT (-122.31676 47.68156)
RAV4 PRIME (PHEV),JTMFB3FV5N,Clark,Vancouver,53011040714,WA,POINT (-122.55149 45.69345)
MUSTANG MACH-E,3FMTK3SU3S,Clark,Vancouver,53011040713,WA,POINT (-122.55149 45.69345)
NIRO,KNDCC3LD3J,King,Redmond,53033032324,WA,POINT (-122.13158 47.67858)
MODEL Y,7SAYGDEF0N,King,Seattle,53033011901,WA,POINT (-122.25031 47.49481)
CX-90,JM3KKCHA3S,King,Redmond,53033032324,WA,POINT (-122.13158 47.67858)
B-CLASS,WDDVP9AB5G,Kitsap,Bainbridge Island,53035090700,WA,POINT (-122.521 47.62759)
PROLOGUE,3GPKHURM2R,King,Kent,53033029508,WA,POINT (-122.19976 47.37483)
LEAF,1N4CZ1CV9P,King,Shoreline,53033020500,WA,POINT (-122.30304 47.75494)
CAYENNE,WP1AE2A23H,King,Federal Way,53033030102,WA,POINT (-122.3303 47.30151)
EV6,KNDC34LA3R,King,Seattle,53033012000,WA,POINT (-122.36322 47.49736)
IONIQ,KMHC65LD4L,Cowlitz,Kelso,53015001700,WA,POINT (-122.89867 46.14424)
XC40,YV4ED3UM0P,Kitsap,Bainbridge Island,53035090902,WA,POINT (-122.521 47.62759)
XC40,YV4ED3UMXP,King,Bellevue,53033023603,WA,POINT (-122.1621 47.64441)
MODEL Y,7SAYGDEEXP,King,Bellevue,53033024901,WA,POINT (-122.12096 47.55584)
SOLTERRA,JTMBEAGCXT,Clark,Vancouver,53011041319,WA,POINT (-122.48723 45.63701)
MODEL 3,5YJ3E1EB0J,King,Kirkland,53033022701,WA,POINT (-122.2066 47.67887)
I8,WBY2Z2C56F,King,Seattle,53033007800,WA,POINT (-122.31009 47.60803)
LEAF,1N4AZ1CP4L,King,Seattle,53033006100,WA,POINT (-122.30207 47.64085)
MODEL Y,7SAYGDEE4P,King,Kirkland,53033022603,WA,POINT (-122.2066 47.67887)
LEAF,1N4BZ1BV8N,Kitsap,Port Orchard,53035092500,WA,POINT (-122.63848 47.5414)
MODEL X,7SAXCAE56P,Cowlitz,Silverlake,53015001800,WA,POINT (-122.8112 46.29694)
MODEL Y,7SAYGDEE9R,King,Redmond,53033032323,WA,POINT (-122.13158 47.67858)
MODEL Y,7SAYGDEE3T,King,Kirkland,53033022501,WA,POINT (-122.2066 47.67887)
MODEL Y,7SAYGDEEXP,Clark,Vancouver,53011040904,WA,POINT (-122.70303 45.70954)
MODEL Y,5YJYGDEE4M,King,Redmond,53033032325,WA,POINT (-122.13158 47.67858)
IONIQ 5,KM8KN4DE2R,King,Bellevue,53033023201,WA,POINT (-122.12056 47.61334)
MODEL X,5YJXCDE23L,King,Seattle,53033001100,WA,POINT (-122.30253 47.72656)
CX-90,JM3KKDHA2R,Snohomish,Mukilteo,53061041301,WA,POINT (-122.29196 47.89908)
EV6,KNDC3DLC8P,King,Kent,53033029406,WA,POINT (-122.17743 47.41185)
BOLT EUV,1G1FZ6S02P,King,Seattle,53033006900,WA,POINT (-122.36381 47.63046)
FUSION,3FA6P0SU8G,Yakima,Yakima,53077001300,WA,POINT (-120.71847 46.55029)
MODEL Y,7SAYGDEE2S,Snohomish,Bothell,53061052107,WA,POINT (-122.20105 47.84423)
MODEL S,5YJSA1E45F,Clark,Vancouver,53011041325,WA,POINT (-122.49212 45.60365)
MODEL 3,5YJ3E1EA1L,King,Kirkland,53033022603,WA,POINT (-122.2066 47.67887)
BOLT EV,1G1FY6S00K,King,Seattle,53033003202,WA,POINT (-122.38418 47.70044)
TAYCAN,WP0BC2Y17M,King,Seattle,53033012100,WA,POINT (-122.36322 47.49736)
MODEL Y,7SAYGDEE4R,King,Bellevue,53033024904,WA,POINT (-122.12096 47.55584)
MODEL Y,7SAYGDEFXN,King,Shoreline,53033020800,WA,POINT (-122.37238 47.74068)
LEAF,1N4AZ1CV1M,Kitsap,Bremerton,53035080200,WA,POINT (-122.61136 47.5752)
MODEL X,7SAXCBE53S,King,Bellevue,53033024001,WA,POINT (-122.1872 47.61001)
ID.4,WVGGNPE22N,King,Seattle,53033011901,WA,POINT (-122.25031 47.49481)
LEAF,JN1AZ0CP2C,King,Burien,53033027100,WA,POINT (-122.29411 47.48924)
Q4,WA1KUBFZ6S,King,Bellevue,53033024904,WA,POINT (-122.12096 47.55584)
RAV4 PRIME (PHEV),JTMFB3FV8R,Jefferson,Port Townsend,53031950603,WA,POINT (-122.77263 48.1212)
MODEL 3,5YJ3E1EA0S,King,Kirkland,53033021905,WA,POINT (-122.22901 47.72201)
R1S,7PDSGABA7P,King,Seattle,53033006300,WA,POINT (-122.30207 47.64085)
MODEL 3,5YJ3E1EAXP,King,Seattle,53033008102,WA,POINT (-122.32945 47.60357)
LEAF,1N4BZ1CPXL,Kitsap,Kingston,53035090102,WA,POINT (-122.4977 47.79802)
EV6,KNDC3DLC5R,King,Des Moines,53033029003,WA,POINT (-122.30615 47.38542)
AIR,50EA1TEA1R,King,Seattle,53033006600,WA,POINT (-122.32427 47.63433)
E-GOLF,WVWKR7AU8H,King,Seattle,53033007700,WA,POINT (-122.30207 47.64085)
LEAF,1N4CZ1CV1S,King,Lake Forest Park,53033021500,WA,POINT (-122.30304 47.75494)
MODEL Y,7SAYGDEE0T,King,Bellevue,53033023202,WA,POINT (-122.11867 47.63131)
PRIUS PRIME (PHEV),JTDKAMFP3N,Cowlitz,Longview,53015000802,WA,POINT (-122.95058 46.14681)
MODEL 3,5YJ3E1EB7N,Snohomish,Lake Stevens,53061053505,WA,POINT (-122.06402 48.01497)
BOLT EV,1G1FX6S08H,King,Burien,53033027901,WA,POINT (-122.34731 47.45207)
MODEL Y,7SAYGDEE6R,Snohomish,Everett,53061041809,WA,POINT (-122.27557 47.88936)
MODEL Y,7SAYGDED5T,Snohomish,Everett,53061041813,WA,POINT (-122.18637 47.89251)
MODEL Y,7SAYGDEE4R,Clark,Vancouver,53011041319,WA,POINT (-122.48723 45.63701)
MODEL 3,5YJ3E1EAXJ,King,Sammamish,53033032318,WA,POINT (-122.02054 47.60326)
SOLTERRA,JTMABABA9P,Clark,Vancouver,53011041310,WA,POINT (-122.49212 45.60365)
MODEL 3,5YJ3E1EA4J,King,Duvall,53033032402,WA,POINT (-121.98609 47.74068)
X5,5UXTA6C09P,Clark,Battle Ground,53011040505,WA,POINT (-122.5331 45.78092)
MODEL Y,7SAYGDEE8P,Clallam,Sequim,53009002001,WA,POINT (-123.10367 48.07965)
XC90,YV4H60CW2P,King,Seattle,53033001100,WA,POINT (-122.30253 47.72656)
MODEL Y,5YJYGDEEXL,Clark,Vancouver,53011041207,WA,POINT (-122.59219 45.62158)
WAGONEER S,3C4RJNCK3S,Kitsap,Port Orchard,53035092500,WA,POINT (-122.63848 47.5414)
MODEL 3,5YJ3E1EAXP,King,Burien,53033027100,WA,POINT (-122.29411 47.48924)
MODEL Y,5YJYGAEE9M,King,Seattle,53033009600,WA,POINT (-122.41067 47.57894)
LEAF,1N4AZ1CP5K,King,Mercer Island,53033024302,WA,POINT (-122.21238 47.57816)
IX,WB523CF0XS,King,Bellevue,53033023902,WA,POINT (-122.1872 47.61001)
BOLT EV,1G1FX6S02N,King,Seattle,53033008102,WA,POINT (-122.32945 47.60357)
MODEL Y,7SAYGDET7T,King,Bellevue,53033024001,WA,POINT (-122.1872 47.61001)
MODEL Y,7SAYGAEE6R,Clark,Vancouver,53011040703,WA,POINT (-122.57722 45.64251)
MODEL Y,7SAYGDEE8P,King,Burien,53033028500,WA,POINT (-122.32472 47.44519)
KONA,KM8K53AG0M,King,Seattle,53033008800,WA,POINT (-122.31009 47.60803)
LEAF,1N4AZ1CP6J,Kitsap,Bremerton,53035080102,WA,POINT (-122.61136 47.5752)
MODEL Y,7SAYGDEF0S,Clark,Vancouver,53011040712,WA,POINT (-122.55149 45.69345)
MODEL 3,5YJ3E1EA2P,King,Shoreline,53033021000,WA,POINT (-122.30304 47.75494)
PACIFICA,2C4RC1S74S,King,Federal Way,53033030304,WA,POINT (-122.36217 47.31011)
MODEL Y,7SAYGAEE3S,King,Bellevue,53033023806,WA,POINT (-122.1872 47.61001)
X5,5UXTA6C06M,King,Lake Forest Park,53033021300,WA,POINT (-122.30304 47.75494)
MODEL Y,7SAYGAEE6P,King,Seattle,53033006600,WA,POINT (-122.32427 47.63433)
BOLT EV,1G1FX6S0XP,Clark,Vancouver,53011040908,WA,POINT (-122.70303 45.70954)
I8,WBY2Z6C5XK,King,Kirkland,53033022300,WA,POINT (-122.22901 47.72201)
XC90,YV4BC0PL7H,Kitsap,Bainbridge Island,53035090800,WA,POINT (-122.521 47.62759)
MODEL 3,5YJ3E1EA7R,King,Sammamish,53033032225,WA,POINT (-122.02054 47.60326)
POLESTAR 2,YSMFD3KA5R,King,Seattle,53033006900,WA,POINT (-122.36381 47.63046)
MODEL 3,5YJ3E1EC1L,Kitsap,Bainbridge Island,53035090800,WA,POINT (-122.521 47.62759)
MODEL Y,5YJYGDEE3M,Thurston,Olympia,53067010200,WA,POINT (-122.87741 47.05997)
MODEL 3,5YJ3E1EA0P,King,Pacific,53033030902,WA,POINT (-122.24692 47.26465)
IONIQ 9,7YAMUFS39T,King,Kent,53033029305,WA,POINT (-122.17743 47.41185)
LEAF,1N4CZ1CV9R,King,Shoreline,53033021000,WA,POINT (-122.33364 47.73709)
VOLT,1G1RA6S52H,Kitsap,Bremerton,53035081200,WA,POINT (-122.62749 47.565)
EX30 CC,YV4EK3CL0T,Clark,Camas,53011041400,WA,POINT (-122.40177 45.58705)
MODEL Y,7SAYGDEEXP,King,Kirkland,53033022003,WA,POINT (-122.22901 47.72201)
MODEL Y,7SAYGDEEXT,Snohomish,Lake Stevens,53061052604,WA,POINT (-122.06402 48.01497)
LEAF,1N4BZ0CP2G,King,Bellevue,53033023604,WA,POINT (-122.1621 47.64441)
R1S,7PDSGBBA7S,King,Seattle,53033005600,WA,POINT (-122.40092 47.65908)
PROLOGUE,3GPKHXRJ4S,Clark,Vancouver,53011041317,WA,POINT (-122.48723 45.63701)
LEAF,1N4CZ1CV3S,King,Seattle,53033006400,WA,POINT (-122.30207 47.64085)
IONIQ,KMHC85LJ3M,Thurston,Olympia,53067011821,WA,POINT (-122.89165 47.03954)
EX90,7JDE23VL6S,Cowlitz,Woodland,53015001503,WA,POINT (-122.74017 45.9094)
EV9,KNDAFFS56R,King,Seattle,53033000900,WA,POINT (-122.30253 47.72656)
MODEL Y,7SAYGDEEXS,King,Issaquah,53033032104,WA,POINT (-122.03439 47.5301)
MODEL 3,5YJ3E1EA9P,King,Renton,53033025702,WA,POINT (-122.08747 47.4466)
CLARITY,JHMZC5F39J,King,Seattle,53033001400,WA,POINT (-122.37238 47.74068)
MUSTANG MACH-E,3FMTK3SU7N,King,Sammamish,53033032217,WA,POINT (-122.03539 47.61344)
EV6,KNDC4DLC6N,Snohomish,Lake Stevens,53061052604,WA,POINT (-122.06402 48.01497)
MODEL 3,5YJ3E1EB6N,Yakima,Zillah,53077002201,WA,POINT (-120.26226 46.40199)
MODEL 3,5YJ3E1EB3L,King,Burien,53033027901,WA,POINT (-122.34731 47.45207)
MODEL Y,7SAYGAEE5P,Cowlitz,Longview,53015000400,WA,POINT (-122.95058 46.14681)
BOLT EV,1G1FZ6S00L,King,Maple Valley,53033032010,WA,POINT (-122.04526 47.39394)
MODEL X,7SAXCAE51P,King,Kirkland,53033022401,WA,POINT (-122.2066 47.67887)
IX,WB523CF07N,King,Seattle,53033006300,WA,POINT (-122.30207 47.64085)
MODEL Y,7SAYGDEF9P,King,Duvall,53033032402,WA,POINT (-121.98609 47.74068)
LEAF,1N4AZ1CV2M,King,Redmond,53033032323,WA,POINT (-122.13158 47.67858)
MODEL Y,7SAYGDEE6P,King,Auburn,53033030504,WA,POINT (-122.2229 47.307)
MODEL 3,5YJ3E1EA0P,Clark,Vancouver,53011041208,WA,POINT (-122.59219 45.62158)
MODEL Y,7SAYGAEE9P,Clark,Vancouver,53011040908,WA,POINT (-122.70303 45.70954)
WRANGLER,1C4RJXP61R,King,Kirkland,53033022006,WA,POINT (-122.22901 47.72201)
MODEL Y,7SAYGDEE2P,King,Bellevue,53033024904,WA,POINT (-122.12096 47.55584)
SOLTERRA,JTMBDAFC6T,King,Seattle,53033007303,WA,POINT (-122.34845 47.63283)
VOLT,1G1RA6E45E,King,Seattle,53033000101,WA,POINT (-122.30253 47.72656)
MODEL Y,5YJYGAEE1M,King,Redmond,53033032323,WA,POINT (-122.13158 47.67858)
BOLT EUV,1G1FZ6S02N,King,Seattle,53033003400,WA,POINT (-122.38591 47.67597)
EQUINOX,3GN7DLRP5R,Thurston,Yelm,53067012412,WA,POINT (-122.60735 46.94239)
RAV4 PRIME (PHEV),JTMFB3FV6R,King,Shoreline,53033020500,WA,POINT (-122.30304 47.75494)
MODEL S,5YJSA1E14H,Clark,Vancouver,53011041336,WA,POINT (-122.48723 45.63701)
IONIQ 5,7YAKRDDC5S,King,Burien,53033027600,WA,POINT (-122.34731 47.45207)
MODEL 3,5YJ3E1EA6J,King,Redmond,53033032321,WA,POINT (-122.13158 47.67858)
MODEL X,5YJXCAE2XJ,Yakima,Zillah,53077002202,WA,POINT (-120.26226 46.40199)
MODEL 3,5YJ3E1EA4S,King,Burien,53033027500,WA,POINT (-122.36322 47.49736)
MODEL Y,7SAYGDEE0P,Yakima,Yakima,53077000800,WA,POINT (-120.51904 46.59782)
ID.4,1V2GNPE84P,King,Kirkland,53033022003,WA,POINT (-122.22901 47.72201)
KONA,KM8K53AG6P,King,Auburn,53033031206,WA,POINT (-122.18263 47.31825)
GRAND CHEROKEE,1C4RJYE60N,Clark,Vancouver,53011041310,WA,POINT (-122.49212 45.60365)
XC40,YV4ED3UR6M,King,Kirkland,53033022501,WA,POINT (-122.2066 47.67887)
PRIUS PRIME (PHEV),JTDKARFP4J,King,Kenmore,53033021600,WA,POINT (-122.24369 47.75892)
PACIFICA,2C4RC1N77K,King,Bellevue,53033023000,WA,POINT (-122.11867 47.63131)
MUSTANG MACH-E,3FMTK2SUXN,King,Bellevue,53033023807,WA,POINT (-122.1872 47.61001)
IX,WB523CF04P,King,Sammamish,53033032316,WA,POINT (-122.02054 47.60326)
Q5 E,WA1E2AFY9M,King,Seattle,53033003500,WA,POINT (-122.35436 47.67596)
PRIUS PRIME (PHEV),JTDACACU0R,King,Seattle,53033000102,WA,POINT (-122.30253 47.72656)
MODEL X,5YJXCAE21L,King,Kirkland,53033022603,WA,POINT (-122.2066 47.67887)
E-TRON GT,WAUEJBFW0N,King,Seattle,53033012000,WA,POINT (-122.36322 47.49736)
MODEL 3,5YJ3E1EA8L,Clark,Ridgefield,53011040305,WA,POINT (-122.74595 45.81539)
MODEL Y,7SAYGDEE8P,King,Renton,53033025602,WA,POINT (-122.11589 47.50243)
NIRO,KNDCE3LGXK,King,Kirkland,53033022603,WA,POINT (-122.2066 47.67887)
OUTLANDER,JA4T5WA98R,Clark,Vancouver,53011041323,WA,POINT (-122.49212 45.60365)
R1S,7PDSGBBP5T,King,Seattle,53033000500,WA,POINT (-122.37238 47.74068)
MODEL Y,7SAYGDED0T,Snohomish,Everett,53061040200,WA,POINT (-122.20596 47.97659)
MODEL S,5YJSA1H18E,King,Bellevue,53033023604,WA,POINT (-122.1621 47.64441)
MODEL 3,5YJ3E1EC9N,King,Renton,53033025101,WA,POINT (-122.11589 47.50243)
MODEL Y,7SAYGDEF5N,King,Mercer Island,53033024302,WA,POINT (-122.21238 47.57816)
MODEL S,5YJSA1E53P,King,Bellevue,53033024001,WA,POINT (-122.1872 47.61001)
MODEL Y,7SAYGDEE4T,King,Seattle,53033006300,WA,POINT (-122.30207 47.64085)
IX,WB543CF09T,King,Seattle,53033009300,WA,POINT (-122.32741 47.58616)
POLESTAR 2,LPSED3KA0M,King,Kirkland,53033022006,WA,POINT (-122.2066 47.67887)
SOLTERRA,JTMBEAGC6T,Jefferson,Port Townsend,53031950604,WA,POINT (-122.77263 48.1212)
Q4,WA1L2BFZ4R,King,Bothell,53033021804,WA,POINT (-122.20563 47.76144)
MODEL Y,7SAYGAEE1R,King,Kent,53033029804,WA,POINT (-122.23741 47.3807)
MODEL 3,5YJ3E1EB0K,King,Seattle,53033006300,WA,POINT (-122.30207 47.64085)
LEAF,1N4AZ1BV6P,Thurston,Yelm,53067012422,WA,POINT (-122.60735 46.94239)
MODEL Y,7SAYGDEE6P,King,Redmond,53033022902,WA,POINT (-122.13158 47.67858)
R1T,7FCTGBAP2T,King,Bothell,53033022001,WA,POINT (-122.20563 47.76144)
CX-90,JM3KKBHAXR,King,Renton,53033025304,WA,POINT (-122.18839 47.51197)
MODEL Y,7SAYGDEE1N,King,Sammamish,53033032224,WA,POINT (-122.03539 47.61344)
MODEL S,5YJSA1E5XN,King,Bellevue,53033023901,WA,POINT (-122.1872 47.61001)
EQUINOX,3GN7DLRRXR,King,Redmond,53033032323,WA,POINT (-122.13158 47.67858)
PANAMERA,WP0AE2A78J,King,Kirkland,53033022701,WA,POINT (-122.2066 47.67887)
MODEL 3,5YJ3E1EA8R,King,Kirkland,53033022501,WA,POINT (-122.2066 47.67887)
MODEL X,5YJXCAE24L,Clark,Vancouver,53011040907,WA,POINT (-122.70303 45.70954)
EV6,KNDC3DLC2N,Snohomish,Mill Creek,53061052008,WA,POINT (-122.20105 47.84423)
MODEL 3,5YJ3E1EA1S,King,Seattle,53033011901,WA,POINT (-122.25031 47.49481)
XC90,YV4BR0CM2N,King,Sammamish,53033032316,WA,POINT (-122.02054 47.60326)
LEAF,1N4AZ1BV8N,King,Renton,53033029308,WA,POINT (-122.08747 47.4466)
ARIYA HATCHBACK,JN1BF0BA9P,Kitsap,Bremerton,53035091600,WA,POINT (-122.61158 47.62691)
MODEL Y,7SAYGDEE4P,King,Kirkland,53033022401,WA,POINT (-122.2066 47.67887)
Q5 E,WA1E2AFY2R,King,Seattle,53033001202,WA,POINT (-122.30253 47.72656)
MUSTANG MACH-E,3FMTK4SX6S,King,Burien,53033027901,WA,POINT (-122.34731 47.45207)
LEAF,1N4BZ0CP7H,Kitsap,Kingston,53035090102,WA,POINT (-122.4977 47.79802)
ARIYA HATCHBACK,JN1BF0BA1R,Snohomish,Bothell,53061052005,WA,POINT (-122.20105 47.84423)
MODEL 3,5YJ3E1EB9J,King,Seattle,53033000402,WA,POINT (-122.33364 47.73709)
MODEL Y,5YJYGDEF1M,Snohomish,Lake Stevens,53061052706,WA,POINT (-122.06402 48.01497)
MODEL X,5YJXCBE20H,Clark,Camas,53011041400,WA,POINT (-122.40177 45.58705)
I3,WBY1Z4C53E,Kitsap,Bainbridge Island,53035090901,WA,POINT (-122.521 47.62759)
F-150,1FT6W3L73R,King,Bothell,53033022001,WA,POINT (-122.20563 47.76144)
BLAZER,3GNKDBRJ5R,King,Redmond,53033022803,WA,POINT (-122.13158 47.67858)
MODEL Y,7SAYGDEE2P,Kitsap,Silverdale,53035091302,WA,POINT (-122.69275 47.65171)
LEAF,1N4BZ0CP2H,King,Kent,53033029604,WA,POINT (-122.19976 47.37483)
MODEL Y,5YJYGDEE4L,King,Seattle,53033011200,WA,POINT (-122.31449 47.53917)
CX-90,JM3KKEHAXS,King,Federal Way,53033030310,WA,POINT (-122.36217 47.31011)
MODEL 3,5YJ3E1EA0P,King,Burien,53033027901,WA,POINT (-122.34731 47.45207)
MODEL 3,5YJ3E1EC9P,King,Bellevue,53033023807,WA,POINT (-122.1872 47.61001)
MODEL Y,5YJYGDEE3M,King,Sammamish,53033032317,WA,POINT (-122.02054 47.60326)
MODEL Y,7SAYGDEE2R,King,Seattle,53033000500,WA,POINT (-122.37238 47.74068)
MODEL Y,5YJYGDEEXM,Snohomish,Lake Stevens,53061052607,WA,POINT (-122.06402 48.01497)
R1T,7FCTGAAL8N,Island,Oak Harbor,53029970500,WA,POINT (-122.64682 48.29077)
I4,WBY43AW01P,King,Bellevue,53033024001,WA,POINT (-122.1872 47.61001)
SPORTAGE,KNDPYDDH4R,King,Bothell,53033021803,WA,POINT (-122.20563 47.76144)
MUSTANG MACH-E,3FMTK3RM2M,King,Seattle,53033006300,WA,POINT (-122.30207 47.64085)
MODEL Y,7SAYGDEE4P,King,Redmond,53033032330,WA,POINT (-122.13158 47.67858)
XC40,YV4ED3UL4P,King,Seattle,53033006400,WA,POINT (-122.30207 47.64085)
SOLTERRA,JTMABABA8S,Clark,Vancouver,53011041206,WA,POINT (-122.59219 45.62158)
MODEL Y,7SAYGDEE9N,Clark,Washougal,53011040605,WA,POINT (-122.35341 45.57923)
NX,JTJKKCFZ6R,King,Burien,53033027800,WA,POINT (-122.34731 47.45207)
MUSTANG MACH-E,3FMTK2SU8N,Thurston,Olympia,53067010100,WA,POINT (-122.89165 47.03954)
MODEL 3,5YJ3E1EA3L,King,Kirkland,53033022702,WA,POINT (-122.2066 47.67887)
BOLT EUV,1G1FY6S06P,Clark,Vancouver,53011041325,WA,POINT (-122.49212 45.60365)
VOLT,1G1RA6S56H,King,Renton,53033025702,WA,POINT (-122.08747 47.4466)
MODEL Y,7SAYGDEF8N,Clark,Camas,53011040610,WA,POINT (-122.40177 45.58705)
MODEL Y,7SAYGDEE6N,King,Seattle,53033000900,WA,POINT (-122.30253 47.72656)
ARIYA HATCHBACK,JN1DF0CD6P,King,Bothell,53033021905,WA,POINT (-122.20563 47.76144)
BOLT EV,1G1FY6S08L,King,Burien,53033027800,WA,POINT (-122.34731 47.45207)
LEAF,1N4BZ1CV8N,King,Shoreline,53033020600,WA,POINT (-122.33364 47.73709)
R1S,7PDSGBBA0S,King,Kirkland,53033022701,WA,POINT (-122.2066 47.67887)
MODEL Y,7SAYGDEE9T,King,Newcastle,53033025005,WA,POINT (-122.11589 47.50243)
MODEL Y,7SAYGAEEXR,King,Redmond,53033032324,WA,POINT (-122.13158 47.67858)
MODEL Y,7SAYGDEEXR,King,Maple Valley,53033032010,WA,POINT (-122.04526 47.39394)
ARIYA HATCHBACK,JN1CF0BB6R,King,Burien,53033027000,WA,POINT (-122.29411 47.48924)
BOLT EV,1G1FX6S00P,King,Seattle,53033001100,WA,POINT (-122.30253 47.72656)
MODEL 3,5YJ3E1EC7L,Clark,Vancouver,53011041329,WA,POINT (-122.49212 45.60365)
MODEL 3,5YJ3E1EA8P,King,Seattle,53033000700,WA,POINT (-122.30253 47.72656)
A3,WAUTPBFF6G,King,Seattle,53033006200,WA,POINT (-122.30207 47.64085)
MODEL Y,5YJYGDEE4M,King,Bellevue,53033023806,WA,POINT (-122.1872 47.61001)
E-TRON GT,WAUEJBFW3N,King,Seattle,53033006300,WA,POINT (-122.30207 47.64085)
SQ6,WA135BGF5S,King,Renton,53033025101,WA,POINT (-122.11589 47.50243)
330E,3MW39FS07P,King,Federal Way,53033030102,WA,POINT (-122.3303 47.30151)
KONA,KM8K23AG9L,King,Seattle,53033001100,WA,POINT (-122.30253 47.72656)
MODEL S,5YJSA1E20H,King,Sammamish,53033032217,WA,POINT (-122.03539 47.61344)
MODEL Y,7SAYGAEE5N,King,Kirkland,53033022501,WA,POINT (-122.2066 47.67887)
EV9,KNDADFS51R,Clark,Vancouver,53011041326,WA,POINT (-122.55149 45.69345)
ID.4,WVGJNPE20N,King,Newcastle,53033024703,WA,POINT (-122.18839 47.51197)
MUSTANG MACH-E,3FMTK3SS8P,King,Sammamish,53033032224,WA,POINT (-122.03539 47.61344)
WRANGLER,1C4JJXN66P,King,Kirkland,53033022603,WA,POINT (-122.2066 47.67887)
EV9,KNDAFFS50R,King,Shoreline,53033020200,WA,POINT (-122.37238 47.74068)
IONIQ 5,7YAKRDDC9T,Kitsap,Port Orchard,53035092101,WA,POINT (-122.68516 47.50645)
MACAN,WP1AA2XA0T,King,Bellevue,53033023702,WA,POINT (-122.1621 47.64441)
LYRIQ,1GYKPWRL2R,Clark,Vancouver,53011041208,WA,POINT (-122.59219 45.62158)
500E,ZFAFFAC40R,King,Burien,53033026700,WA,POINT (-122.36322 47.49736)
ID.4,1V2JSPE88S,King,Seattle,53033000500,WA,POINT (-122.37238 47.74068)
MODEL 3,5YJ3E1EB9M,King,Mercer Island,53033024301,WA,POINT (-122.21238 47.57816)
NIRO,KNDCE3LG0N,Thurston,Olympia,53067011902,WA,POINT (-122.92018 47.04575)
MODEL Y,7SAYGDEE5P,King,Kirkland,53033022003,WA,POINT (-122.22901 47.72201)
MODEL Y,7SAYGDEE9T,King,Seattle,53033004800,WA,POINT (-122.35436 47.67596)
MODEL Y,7SAYGAEE6P,King,Seattle,53033003601,WA,POINT (-122.31676 47.68156)
MODEL Y,7SAYGDEF2N,Snohomish,Bothell,53061052107,WA,POINT (-122.20105 47.84423)
530E,WBA13AG01N,King,Burien,53033027500,WA,POINT (-122.36322 47.49736)
VOLT,1G1RE6E47D,King,Renton,53033025805,WA,POINT (-122.19488 47.44034)
MODEL Y,7SAYGAEE0R,King,Tukwila,53033027300,WA,POINT (-122.29411 47.48924)
MODEL Y,5YJYGDEE7L,King,Redmond,53033032321,WA,POINT (-122.13158 47.67858)
MODEL Y,5YJYGDEE8M,Yakima,Yakima,53077001100,WA,POINT (-120.51904 46.59782)
MODEL 3,5YJ3E1EBXN,King,Redmond,53033032323,WA,POINT (-122.13158 47.67858)
MODEL Y,7SAYGDEE9N,King,Bellevue,53033024905,WA,POINT (-122.12096 47.55584)
MODEL 3,5YJ3E1EB0P,King,Kirkland,53033022703,WA,POINT (-122.2066 47.67887)
MODEL S,5YJSA4H23F,Clark,Vancouver,53011040811,WA,POINT (-122.62731 45.71668)
BZ,JTMBCAEB7T,Clark,Battle Ground,53011040408,WA,POINT (-122.5331 45.78092)
MODEL 3,5YJ3E1EB5M,King,Kent,53033029403,WA,POINT (-122.17743 47.41185)
XC90,YV4H60CN8P,King,Redmond,53033032321,WA,POINT (-122.13158 47.67858)
SOLTERRA,JTMABABA7R,King,Bothell,53033021905,WA,POINT (-122.20563 47.76144)
F-150,1FT6W1EV2P,Clark,Washougal,53011040511,WA,POINT (-122.35341 45.57923)
MODEL Y,7SAYGDET1T,King,Renton,53033025804,WA,POINT (-122.08747 47.4466)
PACIFICA,2C4RC1S73P,King,Bellevue,53033023902,WA,POINT (-122.1872 47.61001)
BOLT EV,1G1FZ6S03K,King,Seattle,53033007201,WA,POINT (-122.34468 47.61578)
SIERRA,1GT10MED3S,King,Kirkland,53033022003,WA,POINT (-122.22901 47.72201)
BOLT EUV,1G1FY6S0XP,King,Seattle,53033007503,WA,POINT (-122.31009 47.60803)
MODEL Y,5YJYGAEEXM,Kitsap,Bainbridge Island,53035090700,WA,POINT (-122.521 47.62759)
F-150,1FT6W3LU5S,King,Redmond,53033032313,WA,POINT (-122.03287 47.68555)
VOLT,1G1RA6E44E,Clark,Vancouver,53011040806,WA,POINT (-122.57722 45.64251)
IONIQ 5,KM8KNDDF7R,King,Seattle,53033005804,WA,POINT (-122.36381 47.63046)
SPORTAGE,KNDPYDAH5P,King,Seattle,53033000202,WA,POINT (-122.30253 47.72656)
EV9,5XYAFFS57T,King,Kirkland,53033022501,WA,POINT (-122.2066 47.67887)
MUSTANG MACH-E,3FMTK3R70S,King,Seattle,53033011901,WA,POINT (-122.25031 47.49481)
MODEL Y,5YJYGDEE8M,King,Seattle,53033002600,WA,POINT (-122.31676 47.68156)
ARIYA HATCHBACK,JN1AF0BA2P,King,Seattle,53033007102,WA,POINT (-122.36381 47.63046)
HARDTOP,WMWXP3C08L,King,Seattle,53033007800,WA,POINT (-122.30207 47.64085)
MODEL 3,5YJ3E1EA1P,King,Auburn,53033029902,WA,POINT (-122.28802 47.30264)
RAV4 PRIME (PHEV),JTMEB3FV1M,King,Seattle,53033006400,WA,POINT (-122.30207 47.64085)
MODEL Y,7SAYGAEE1P,King,Kirkland,53033022702,WA,POINT (-122.2066 47.67887)
F-150,1FT6W3L76R,King,Federal Way,53033030305,WA,POINT (-122.36217 47.31011)
EV6,KNDC5DLE5P,King,Seattle,53033002000,WA,POINT (-122.31676 47.68156)
R1S,7PDSGABL1N,King,Kirkland,53033022604,WA,POINT (-122.2066 47.67887)
CYBERTRUCK,7G2CEHED8R,King,Seattle,53033006200,WA,POINT (-122.30207 47.64085)
BOLT EUV,1G1FZ6S06P,King,Des Moines,53033029003,WA,POINT (-122.30615 47.38542)
RAV4 PRIME (PHEV),JTMAB3FV9M,Kitsap,Bainbridge Island,53035090700,WA,POINT (-122.521 47.62759)
MUSTANG MACH-E,3FMTK3SU6N,Clark,Vancouver,53011040803,WA,POINT (-122.62731 45.71668)
MODEL Y,7SAYGDEE8P,King,Sammamish,53033032316,WA,POINT (-122.02054 47.60326)
EV6,KNDC3DLCXP,Snohomish,Mukilteo,53061041301,WA,POINT (-122.29196 47.89908)
MODEL 3,5YJ3E1EBXL,Clark,Vancouver,53011041208,WA,POINT (-122.59219 45.62158)
E-GOLF,WVWPR7AU6K,King,Shoreline,53033020600,WA,POINT (-122.33364 47.73709)
MODEL Y,7SAYGDEE9T,King,Sammamish,53033032215,WA,POINT (-122.03539 47.61344)
PACIFICA,2C4RC1L72J,King,Kent,53033031704,WA,POINT (-122.10798 47.37124)
R1S,7PDSGBBP9T,King,Kirkland,53033022702,WA,POINT (-122.2066 47.67887)
LEAF,1N4CZ1CV1S,Clallam,Port Angeles,53009001000,WA,POINT (-123.43112 48.11892)
MODEL S,5YJSA1DN6D,King,Seattle,53033001202,WA,POINT (-122.30253 47.72656)
PRIUS PRIME (PHEV),JTDKARFP7J,Kitsap,Bremerton,53035080101,WA,POINT (-122.61136 47.5752)
IONIQ 5,KM8KRDAF3P,King,Bellevue,53033023401,WA,POINT (-122.12056 47.61334)
MODEL Y,7SAYGDED7T,King,Renton,53033025804,WA,POINT (-122.08747 47.4466)
LEAF,1N4AZ1CP8J,King,Kirkland,53033021903,WA,POINT (-122.22901 47.72201)
X5,5UXTA6C06M,King,Kirkland,53033022402,WA,POINT (-122.2066 47.67887)
MODEL Y,7SAYGDEE0P,King,Renton,53033025304,WA,POINT (-122.18839 47.51197)
TAYCAN,WP0BA2Y1XN,King,Bellevue,53033024002,WA,POINT (-122.1872 47.61001)
MODEL Y,7SAYGAEE3N,King,Redmond,53033032323,WA,POINT (-122.13158 47.67858)
XC40,YV4ER3XM8R,Snohomish,Bothell,53061052005,WA,POINT (-122.20105 47.84423)
I5,WBY33HG0XT,King,Kent,53033029603,WA,POINT (-122.19976 47.37483)
MODEL Y,7SAYGDED4S,Clark,Battle Ground,53011040203,WA,POINT (-122.5331 45.78092)
MODEL Y,7SAYGDEE1P,King,Seattle,53033007101,WA,POINT (-122.34845 47.63283)
MODEL Y,7SAYGDEDXT,Kitsap,Port Orchard,53035092102,WA,POINT (-122.68516 47.50645)
IONIQ 5,7YAKNDDC8S,King,Bellevue,53033024704,WA,POINT (-122.12096 47.55584)
MODEL Y,7SAYGDEE9T,Cowlitz,Silverlake,53015001800,WA,POINT (-122.8112 46.29694)
LYRIQ,1GYKPURL9T,King,Kirkland,53033022203,WA,POINT (-122.22901 47.72201)
BOLT EV,1G1FZ6S02K,King,Seattle,53033006100,WA,POINT (-122.32427 47.63433)
Q5 E,WA1E2AFY9R,King,Seattle,53033003100,WA,POINT (-122.38418 47.70044)
MODEL 3,5YJ3E1EA2N,King,Bothell,53033022001,WA,POINT (-122.20563 47.76144)
LYRIQ,1GYKPURL6S,Snohomish,Bothell,53061052009,WA,POINT (-122.20105 47.84423)
MODEL Y,5YJYGDEE4M,King,Kent,53033029603,WA,POINT (-122.19976 47.37483)
PRIUS PRIME (PHEV),JTDACACU6R,Kitsap,Poulsbo,53035090502,WA,POINT (-122.64681 47.73689)
MODEL 3,5YJ3E1EB0J,King,Kirkland,53033022501,WA,POINT (-122.2066 47.67887)
MODEL 3,5YJ3E1EA4L,King,Redmond,53033032323,WA,POINT (-122.13158 47.67858)
MODEL Y,7SAYGDEE7R,King,Kirkland,53033022703,WA,POINT (-122.2066 47.67887)
MUSTANG MACH-E,3FMTK3SU9M,Kitsap,Silverdale,53035091302,WA,POINT (-122.69275 47.65171)
VOLT,1G1RC6S51K,King,Seattle,53033005804,WA,POINT (-122.36381 47.63046)
MODEL Y,7SAYGDEE9P,King,Bellevue,53033024001,WA,POINT (-122.1872 47.61001)
POLESTAR 3,7SYEA3YB1S,King,Kirkland,53033022005,WA,POINT (-122.22901 47.72201)
LEAF,1N4AZ1BV3P,King,Redmond,53033032321,WA,POINT (-122.13158 47.67858)
SOUL,KNDJP3AE4J,Clark,Vancouver,53011041325,WA,POINT (-122.49212 45.60365)
EV6,KNDC3DLC9P,King,Seattle,53033008002,WA,POINT (-122.34468 47.61578)
MODEL Y,7SAYGDEE9P,King,Bellevue,53033024001,WA,POINT (-122.1872 47.61001)
IX,WB523CF00R,King,Sammamish,53033032217,WA,POINT (-122.03539 47.61344)
ID.4,1V2WNPE81P,King,Kirkland,53033021903,WA,POINT (-122.22901 47.72201)
LEAF,1N4BZ0CP9G,King,Beaux Arts,53033023901,WA,POINT (-122.1872 47.61001)
MODEL 3,5YJ3E1EA4J,Snohomish,Mukilteo,53061041301,WA,POINT (-122.29196 47.89908)
MODEL Y,7SAYGDEE7N,King,Seattle,53033003400,WA,POINT (-122.38418 47.70044)
R1S,7PDSGABAXP,King,Seattle,53033006900,WA,POINT (-122.36381 47.63046)
XC90,YV4H60CE3R,King,Seattle,53033012000,WA,POINT (-122.36322 47.49736)
VOLT,1G1RD6S53H,Thurston,Yelm,53067012531,WA,POINT (-122.60735 46.94239)
MODEL Y,7SAYGDEE4T,King,Renton,53033025304,WA,POINT (-122.18839 47.51197)
MUSTANG MACH-E,3FMTK1SS7P,King,Bellevue,53033024001,WA,POINT (-122.1872 47.61001)
BOLT EV,1G1FZ6S00M,King,Sammamish,53033032217,WA,POINT (-122.03539 47.61344)
R1S,7PDSGBBA3S,King,North Bend,53033032704,WA,POINT (-121.7831 47.49348)
BOLT EV,1G1FY6S02K,Clark,La Center,53011040203,WA,POINT (-122.67248 45.86156)
MODEL Y,7SAYGAEE3S,King,Kent,53033031708,WA,POINT (-122.10798 47.37124)
COUNTRYMAN,WMZYU7C45J,King,Auburn,53033029602,WA,POINT (-122.18263 47.31825)
MODEL 3,5YJ3E1EA5M,King,Kent,53033029504,WA,POINT (-122.19976 47.37483)
EV9,KNDAFFS55R,King,Auburn,53033031207,WA,POINT (-122.18263 47.31825)
MODEL Y,7SAYGDEE2R,King,Kent,53033031704,WA,POINT (-122.10798 47.37124)
EQUINOX,3GN7DLRP3S,King,Issaquah,53033032221,WA,POINT (-122.01656 47.57118)
MODEL Y,7SAYGDEEXP,King,Bothell,53033022001,WA,POINT (-122.20563 47.76144)
PACIFICA,2C4RC1N79K,King,Kirkland,53033022701,WA,POINT (-122.2066 47.67887)
MODEL 3,5YJ3E1EB9N,Clark,Battle Ground,53011040408,WA,POINT (-122.5331 45.78092)
C-MAX,1FADP5CUXF,King,Federal Way,53033030306,WA,POINT (-122.36217 47.31011)
LEAF,1N4BZ0CPXG,King,Seattle,53033004401,WA,POINT (-122.31676 47.68156)
MODEL 3,5YJ3E1EA6P,Kitsap,Bainbridge Island,53035090800,WA,POINT (-122.521 47.62759)
MODEL 3,5YJ3E1EA0K,King,Renton,53033031913,WA,POINT (-122.11589 47.50243)
NX,JTJKKCFZ0N,Clark,Brush Prairie,53011040603,WA,POINT (-122.54578 45.73473)
KONA,KM8HC3A62S,King,Redmond,53033032330,WA,POINT (-122.13158 47.67858)
MODEL 3,5YJ3E1EA9S,King,Bellevue,53033023807,WA,POINT (-122.1872 47.61001)
R1S,7PDSGBBA0S,King,Kirkland,53033022603,WA,POINT (-122.2066 47.67887)
LEAF,1N4AZ0CP4F,King,Shoreline,53033020500,WA,POINT (-122.30304 47.75494)
WRANGLER,1C4RJXP62R,King,Des Moines,53033028901,WA,POINT (-122.30615 47.38542)
I4,WBY83FB06R,King,Seattle,53033008800,WA,POINT (-122.31009 47.60803)
MODEL 3,5YJ3E1EA2S,King,Bellevue,53033023500,WA,POINT (-122.1621 47.64441)
OPTIQ,3GYK3GM47T,Snohomish,Lake Stevens,53061053505,WA,POINT (-122.06402 48.01497)
MODEL 3,5YJ3E1EAXP,King,Redmond,53033022803,WA,POINT (-122.13158 47.67858)
IONIQ 5,7YAKRDDC1S,King,Kirkland,53033022702,WA,POINT (-122.2066 47.67887)
MODEL Y,5YJYGDEE2M,Cowlitz,Kelso,53015001200,WA,POINT (-122.89867 46.14424)
MODEL Y,7SAYGDEE2T,Kitsap,Bainbridge Island,53035091002,WA,POINT (-122.521 47.62759)
MODEL X,5YJXCBE23L,King,Lake Forest Park,53033021400,WA,POINT (-122.30304 47.75494)
PRIUS,JTDKN3DP1D,Clark,Vancouver,53011042300,WA,POINT (-122.67156 45.63248)
MODEL Y,5YJYGDEE1M,King,Bellevue,53033024001,WA,POINT (-122.1872 47.61001)
WRANGLER,1C4RJXU67R,King,Seattle,53033004500,WA,POINT (-122.31307 47.66127)
MODEL Y,7SAYGDEE3P,King,Duvall,53033032402,WA,POINT (-121.98609 47.74068)
SANTA FE,KM8S6DA2XP,Thurston,Tumwater,53067010910,WA,POINT (-123.04078 46.94792)
BOLT EV,1G1FZ6S09L,King,Seattle,53033002000,WA,POINT (-122.31676 47.68156)
EV9,5XYAFFS54T,King,Normandy Park,53033028600,WA,POINT (-122.34731 47.45207)
VOLT,1G1RC6E41F,King,Federal Way,53033030005,WA,POINT (-122.3303 47.30151)
MODEL S,5YJSA1E20L,Clark,Brush Prairie,53011040505,WA,POINT (-122.54578 45.73473)
I-MIEV,JA3215H15C,King,Seattle,53033006800,WA,POINT (-122.36381 47.63046)
MODEL Y,7SAYGDED2S,King,Seattle,53033000102,WA,POINT (-122.30253 47.72656)
MODEL Y,7SAYGDEEXR,King,Redmond,53033032323,WA,POINT (-122.13158 47.67858)
MODEL Y,5YJYGDEF1M,King,Kirkland,53033022006,WA,POINT (-122.22901 47.72201)
TRANSIT,1FTBW1YK1P,Thurston,Tumwater,53067010801,WA,POINT (-122.89165 47.03954)
MODEL Y,7SAYGDED9R,King,Bellevue,53033023300,WA,POINT (-122.11867 47.63131)
BOLT EV,1G1FW6S03H,Clark,Vancouver,53011040908,WA,POINT (-122.70303 45.70954)
MODEL Y,7SAYGDED8T,King,Bellevue,53033023603,WA,POINT (-122.1621 47.64441)
MODEL Y,7SAYGDEE4P,Kitsap,Bainbridge Island,53035090902,WA,POINT (-122.521 47.62759)
ESCAPE,1FMCU0E17S,Clark,Vancouver,53011041208,WA,POINT (-122.59219 45.62158)
MODEL Y,7SAYGDED7T,King,Renton,53033025704,WA,POINT (-122.19488 47.44034)
BZ,JTMBCAEB0T,King,Tukwila,53033027200,WA,POINT (-122.29411 47.48924)
MODEL Y,7SAYGDEE6P,King,Issaquah,53033023404,WA,POINT (-122.03439 47.5301)
OUTLANDER,JA4T5WA93R,King,Kenmore,53033021600,WA,POINT (-122.24369 47.75892)
PRIUS PRIME (PHEV),JTDACACU6R,Clark,Washougal,53011040513,WA,POINT (-122.35341 45.57923)
MODEL Y,7SAYGDEE0P,King,Sammamish,53033032216,WA,POINT (-122.03539 47.61344)
R1S,7PDSGFBAXT,King,Sammamish,53033032215,WA,POINT (-122.03539 47.61344)
X5,5UXTA6C0XN,King,Bellevue,53033024905,WA,POINT (-122.12096 47.55584)
MODEL Y,7SAYGAEE3N,King,Covington,53033031709,WA,POINT (-122.10798 47.37124)
MODEL 3,5YJ3E1EB2N,Snohomish,Arlington,53061053506,WA,POINT (-122.1264 48.19471)
BOLT EUV,1G1FY6S02P,King,Redmond,53033032323,WA,POINT (-122.13158 47.67858)
WRANGLER,1C4JJXP66P,Kitsap,Poulsbo,53035091100,WA,POINT (-122.64681 47.73689)
MODEL Y,7SAYGDEF8R,Clark,Vancouver,53011040713,WA,POINT (-122.55149 45.69345)
MODEL 3,5YJ3E1EA0M,King,Seattle,53033002000,WA,POINT (-122.31676 47.68156)
WRANGLER,1C4JJXN67P,Clark,Vancouver,53011041312,WA,POINT (-122.55149 45.69345)
MODEL Y,7SAYGDEEXP,King,Redmond,53033022803,WA,POINT (-122.13158 47.67858)
Q4,WA1M2BFZ2R,Kitsap,Poulsbo,53035091100,WA,POINT (-122.64681 47.73689)
Q8,WA14AAGE0R,King,Bellevue,53033023000,WA,POINT (-122.11867 47.63131)
RAV4 PRIME (PHEV),JTMEB3FV5M,King,Lake Forest Park,53033021300,WA,POINT (-122.30304 47.75494)
MODEL 3,5YJ3E1EB8N,King,Seattle,53033007700,WA,POINT (-122.31009 47.60803)
CYBERTRUCK,7G2CEHEE6R,King,Bellevue,53033023000,WA,POINT (-122.11867 47.63131)
MODEL 3,5YJ3E1EB7J,King,Sammamish,53033032225,WA,POINT (-122.02054 47.60326)
ARIYA HATCHBACK,JN1DF0BB1R,King,Seattle,53033000601,WA,POINT (-122.30253 47.72656)
MODEL Y,7SAYGDEE1P,King,Shoreline,53033021100,WA,POINT (-122.30304 47.75494)
LEAF,1N4AZ0CP7D,King,Bellevue,53033023604,WA,POINT (-122.12056 47.61334)
XC60,YV4H60DZ9N,King,Sammamish,53033032217,WA,POINT (-122.03539 47.61344)
MODEL 3,5YJ3E1EAXK,King,Medina,53033024200,WA,POINT (-122.23892 47.61613)
MODEL Y,7SAYGDEF9S,King,Kent,53033029203,WA,POINT (-122.23741 47.3807)
X3,5UXTS1C00M,King,Seattle,53033009500,WA,POINT (-122.30866 47.57874)
BOLT EUV,1G1FZ6S08P,King,Redmond,53033032325,WA,POINT (-122.13158 47.67858)
X5,5UXTA6C02P,King,Bellevue,53033023100,WA,POINT (-122.11867 47.63131)
C-MAX,1FADP5CUXD,Clark,Vancouver,53011040907,WA,POINT (-122.70303 45.70954)
MODEL 3,5YJ3E1EC2P,Clark,Vancouver,53011041309,WA,POINT (-122.49212 45.60365)
CAYENNE,WP1BE2AY2S,King,Seattle,53033006400,WA,POINT (-122.30207 47.64085)
R1T,7FCTGBAA0S,King,Seattle,53033006300,WA,POINT (-122.30207 47.64085)
VOLT,1G1RC6S50H,King,Seattle,53033005901,WA,POINT (-122.36381 47.63046)
XC90,YV4H60LF8R,King,Tukwila,53033028300,WA,POINT (-122.27979 47.44952)
MODEL Y,7SAYGDEE1P,King,Seattle,53033007800,WA,POINT (-122.31009 47.60803)
NIRO,KNDCC3LG9N,King,Seattle,53033000201,WA,POINT (-122.30253 47.72656)
I4,WBY73AW05R,Clark,Vancouver,53011041208,WA,POINT (-122.59219 45.62158)
R1T,7FCTGBAA2P,King,Seattle,53033007303,WA,POINT (-122.34845 47.63283)
AIR,50EA1TEA7R,King,Bellevue,53033024001,WA,POINT (-122.1872 47.61001)
MODEL Y,7SAYGDEE5P,King,Redmond,53033022803,WA,POINT (-122.13158 47.67858)
MODEL Y,7SAYGDEE6P,King,Kent,53033029406,WA,POINT (-122.17743 47.41185)
BOLT EUV,1G1FZ6S05N,Snohomish,Bothell,53061051922,WA,POINT (-122.20105 47.84423)
VOLT,1G1RC6S57G,King,Seattle,53033001202,WA,POINT (-122.30253 47.72656)
MODEL Y,7SAYGDEE0T,King,Bellevue,53033024002,WA,POINT (-122.1872 47.61001)
MUSTANG MACH-E,3FMTK3SU1P,Snohomish,Monroe,53061052207,WA,POINT (-121.98087 47.8526)
ID.4,WVGDMPE28M,King,Bellevue,53033023604,WA,POINT (-122.12056 47.61334)
R1S,7PDSGBBA3S,Kitsap,Bainbridge Island,53035090902,WA,POINT (-122.521 47.62759)
IONIQ 9,7YAMUFS34T,Cowlitz,Silverlake,53015002004,WA,POINT (-122.8112 46.29694)
MODEL X,7SAXCAE53R,King,Kirkland,53033022501,WA,POINT (-122.2066 47.67887)
MODEL 3,5YJ3E1EA3P,King,Sammamish,53033032215,WA,POINT (-122.03539 47.61344)
BZ,JTMBDAFB0T,Clark,Vancouver,53011040811,WA,POINT (-122.62731 45.71668)
MODEL S,5YJSA1E25G,King,Kirkland,53033022300,WA,POINT (-122.22901 47.72201)
MODEL 3,5YJ3E1EA7L,King,Bellevue,53033023801,WA,POINT (-122.1872 47.61001)
MODEL 3,5YJ3E1EA7R,King,Kent,53033029407,WA,POINT (-122.17743 47.41185)
LEAF,1N4BZ1CP4K,King,Renton,53033025304,WA,POINT (-122.18839 47.51197)
NIRO,KNDCE3LG7K,Kitsap,Bainbridge Island,53035090700,WA,POINT (-122.521 47.62759)
MODEL 3,5YJ3E1ET8S,King,Kirkland,53033022006,WA,POINT (-122.22901 47.72201)
R1T,7FCTGAAL7P,King,Bothell,53033021804,WA,POINT (-122.20563 47.76144)
MODEL Y,7SAYGDEE5T,Clark,Vancouver,53011040904,WA,POINT (-122.70303 45.70954)
VOLT,1G1RD6E43E,King,Kirkland,53033021905,WA,POINT (-122.22901 47.72201)
EV6,5XYC3DJC4S,King,Seattle,53033006200,WA,POINT (-122.30207 47.64085)
ID.4,WVGGNPE29N,King,Seattle,53033001600,WA,POINT (-122.37238 47.74068)
PACIFICA,2C4RC1L74N,King,Bellevue,53033023604,WA,POINT (-122.12056 47.61334)
MODEL Y,7SAYGAEE7P,King,Bellevue,53033024001,WA,POINT (-122.1872 47.61001)
MODEL Y,7SAYGAEEXP,Island,Oak Harbor,53029970500,WA,POINT (-122.64682 48.29077)
R1T,7FCTGGAA4T,King,Bothell,53033021804,WA,POINT (-122.20563 47.76144)
MODEL Y,7SAYGDEE3T,King,Newcastle,53033024703,WA,POINT (-122.18839 47.51197)
MODEL X,5YJXCDE29G,King,Sammamish,53033032213,WA,POINT (-122.03539 47.61344)
MODEL S,5YJSA1E26G,King,Bellevue,53033024002,WA,POINT (-122.1872 47.61001)
E-TRON GT,WAUCJBFW6N,King,Kirkland,53033022501,WA,POINT (-122.2066 47.67887)
SORENTO,KNDRJDJH5S,Kitsap,Kingston,53035090102,WA,POINT (-122.4977 47.79802)
MODEL Y,7SAYGDEE4P,King,Kent,53033029306,WA,POINT (-122.17743 47.41185)
F-150,1FTVW1EV5P,King,Seattle,53033006800,WA,POINT (-122.34845 47.63283)
MODEL 3,5YJ3E1EC8L,King,Seattle,53033000402,WA,POINT (-122.33364 47.73709)
LYRIQ,1GYKPWRLXS,King,Seattle,53033006702,WA,POINT (-122.34845 47.63283)
XC60,YV4H60DM0N,Kitsap,Poulsbo,53035090201,WA,POINT (-122.64681 47.73689)
MUSTANG MACH-E,3FMTK2SU6P,Thurston,Olympia,53067011810,WA,POINT (-123.04078 46.94792)
XC90,YV4BR0CM2M,King,Newcastle,53033024703,WA,POINT (-122.18839 47.51197)
MODEL 3,5YJ3E1EA5R,Clark,Camas,53011040608,WA,POINT (-122.40177 45.58705)
ID.4,1V2JSPE86S,King,Seattle,53033005902,WA,POINT (-122.36381 47.63046)
NIRO,KNDCC3LGXL,King,Maple Valley,53033032010,WA,POINT (-122.04526 47.39394)
XC40,YV4ED3URXN,Kitsap,Poulsbo,53035090201,WA,POINT (-122.64681 47.73689)
PROLOGUE,3GPKHVRJ8R,Thurston,Olympia,53067011000,WA,POINT (-123.04078 46.94792)
VOLT,1G1RC6S54H,King,Seattle,53033003500,WA,POINT (-122.35436 47.67596)
EV9,5XYAEFS5XT,Clark,Camas,53011041325,WA,POINT (-122.40177 45.58705)
R1S,7PDSGBBA8S,Snohomish,Bothell,53061052009,WA,POINT (-122.20105 47.84423)
LEAF,1N4AZ0CP8D,King,Seattle,53033000700,WA,POINT (-122.30253 47.72656)
R1S,7PDSGBBAXS,King,Kirkland,53033022702,WA,POINT (-122.2066 47.67887)
X5,5UX43EU05R,King,Seattle,53033008900,WA,POINT (-122.30866 47.57874)
BOLT EUV,1G1FY6S01N,King,Seattle,53033011902,WA,POINT (-122.25031 47.49481)
MODEL Y,7SAYGDEE4T,King,Sammamish,53033032317,WA,POINT (-122.02054 47.60326)
MODEL 3,5YJ3E1EB2J,Kitsap,Olalla,53035092802,WA,POINT (-122.54729 47.42602)
MODEL Y,7SAYGDED8T,King,Bothell,53033021905,WA,POINT (-122.20563 47.76144)
LEAF,1N4AZ1BV3N,King,Redmond,53033032330,WA,POINT (-122.13158 47.67858)
BOLT EV,1G1FY6S06L,King,Seattle,53033007800,WA,POINT (-122.31009 47.60803)
PROLOGUE,3GPKHZRJ1S,Thurston,Lacey,53067011410,WA,POINT (-122.82324 47.04437)
EQUINOX,3GN7DLRP9S,King,Shoreline,53033020401,WA,POINT (-122.30304 47.75494)
X3,5UXTS1C09M,King,Woodinville,53033032319,WA,POINT (-122.15545 47.75448)
VOLT,1G1RA6S59H,Clark,Vancouver,53011040909,WA,POINT (-122.70303 45.70954)
MODEL S,5YJSA1H18E,King,Seattle,53033000700,WA,POINT (-122.30253 47.72656)
MUSTANG MACH-E,3FMTK3SU7S,King,Des Moines,53033029001,WA,POINT (-122.30615 47.38542)
PRIUS,JTDKN3DP7C,King,Bellevue,53033024704,WA,POINT (-122.12096 47.55584)
LEAF,1N4BZ1BVXM,King,Shoreline,53033020200,WA,POINT (-122.37238 47.74068)
E-GOLF,WVWKR7AU5K,King,Kirkland,53033022005,WA,POINT (-122.22901 47.72201)
X5,5UX43EU03T,King,Bellevue,53033023702,WA,POINT (-122.1621 47.64441)
R1T,7FCTGBAA5S,Cowlitz,Longview,53015000400,WA,POINT (-122.95058 46.14681)
XC90,YV4H60CF4R,King,Kirkland,53033022501,WA,POINT (-122.2066 47.67887)
EV9,KNDAEFS55S,Kitsap,Port Orchard,53035092300,WA,POINT (-122.63848 47.5414)
R1T,7FCTGAAA9N,Clark,Battle Ground,53011040408,WA,POINT (-122.5331 45.78092)
MODEL Y,7SAYGDEE7T,King,Bellevue,53033023806,WA,POINT (-122.1872 47.61001)
X3,5UXTS1C04L,King,Seattle,53033007001,WA,POINT (-122.36381 47.63046)
MODEL 3,5YJ3E1EA9R,King,Bellevue,53033023805,WA,POINT (-122.1872 47.61001)
EQ FORTWO,WMEFK9BA0J,Jefferson,Port Townsend,53031950604,WA,POINT (-122.77263 48.1212)
GV60,KMUKCDTC8P,King,Seattle,53033000602,WA,POINT (-122.33364 47.73709)
MUSTANG MACH-E,3FMTK1SS8M,King,Seattle,53033009400,WA,POINT (-122.30866 47.57874)
E-GOLF,WVWKR7AU7K,King,Tukwila,53033027300,WA,POINT (-122.29411 47.48924)
EV9,KNDAFFS58R,King,Redmond,53033032323,WA,POINT (-122.13158 47.67858)
MUSTANG MACH-E,3FMTK4SE6P,King,Maple Valley,53033032010,WA,POINT (-122.04526 47.39394)
LEAF,1N4BZ0CP2H,Clark,Vancouver,53011040803,WA,POINT (-122.62731 45.71668)
MODEL Y,7SAYGDEE2N,King,Kirkland,53033022300,WA,POINT (-122.22901 47.72201)
EQUINOX,3GN7DMRP8S,King,Kent,53033029405,WA,POINT (-122.17743 47.41185)
R1T,7FCTGCAP9S,King,Seattle,53033002900,WA,POINT (-122.35436 47.67596)
X5,5UXKT0C56H,King,Kirkland,53033022603,WA,POINT (-122.2066 47.67887)
MODEL Y,7SAYGDEE6S,Snohomish,Bothell,53061052009,WA,POINT (-122.20105 47.84423)
WRANGLER,1C4RJXN66R,King,Renton,53033025103,WA,POINT (-122.11589 47.50243)
MODEL 3,5YJ3E1EBXN,Snohomish,Lake Stevens,53061052706,WA,POINT (-122.06402 48.01497)
EQUINOX,3GN7DSRR1T,Kitsap,Port Orchard,53035092901,WA,POINT (-122.68516 47.50645)
X5,5UX43EU06R,King,Seattle,53033006300,WA,POINT (-122.30207 47.64085)
MODEL 3,5YJ3E1EBXN,King,Seattle,53033002600,WA,POINT (-122.31676 47.68156)
MODEL Y,7SAYGDEE5P,King,Redmond,53033032323,WA,POINT (-122.13158 47.67858)
MODEL Y,7SAYGDEE6R,King,Seattle,53033004401,WA,POINT (-122.31676 47.68156)
BOLT EV,1G1FW6S09P,King,Seattle,53033006200,WA,POINT (-122.30207 47.64085)
Q4,WA1LUBFZ9R,King,Kirkland,53033022006,WA,POINT (-122.22901 47.72201)
VOLT,1G1RB6S57J,King,Bellevue,53033023000,WA,POINT (-122.11867 47.63131)
MODEL Y,7SAYGDEE8P,King,Seattle,53033007002,WA,POINT (-122.34845 47.63283)
LYRIQ,1GYKPRRL9R,King,Kirkland,53033021904,WA,POINT (-122.22901 47.72201)
MODEL S,5YJSA1E59N,King,Renton,53033031910,WA,POINT (-122.08747 47.4466)
MODEL S,5YJSA1E27J,King,Bellevue,53033023901,WA,POINT (-122.1872 47.61001)
F-150,1FTVW1EV6P,King,Kirkland,53033022201,WA,POINT (-122.22901 47.72201)
MODEL 3,5YJ3E1EA4J,King,Bellevue,53033023604,WA,POINT (-122.1621 47.64441)
VISTIQ,1GYC3KML9T,King,Bothell,53033021803,WA,POINT (-122.20563 47.76144)
I4,WBY73AW09P,Snohomish,Lake Stevens,53061052607,WA,POINT (-122.06402 48.01497)
MODEL Y,7SAYGDEE5R,King,Kirkland,53033021903,WA,POINT (-122.22901 47.72201)
MODEL 3,5YJ3E1EB3P,Snohomish,Bothell,53061052005,WA,POINT (-122.20105 47.84423)
MODEL Y,7SAYGDEE2P,King,Seattle,53033009400,WA,POINT (-122.30866 47.57874)
LEAF,1N4AZ1BV8S,King,Federal Way,53033030102,WA,POINT (-122.3303 47.30151)
MODEL Y,7SAYGDED7T,King,Bothell,53033022001,WA,POINT (-122.20563 47.76144)
LEAF,1N4AZ1CV0N,King,Redmond,53033022902,WA,POINT (-122.13158 47.67858)
MODEL Y,5YJYGDEEXM,King,Carnation,53033032500,WA,POINT (-121.91353 47.64901)
MODEL Y,7SAYGDEE7P,King,Bellevue,53033022901,WA,POINT (-122.11867 47.63131)
E-TRON,WA1VABGE4K,King,Kirkland,53033022501,WA,POINT (-122.2066 47.67887)
MODEL 3,5YJ3E1EA8J,Clark,Vancouver,53011041208,WA,POINT (-122.59219 45.62158)
MODEL Y,7SAYGDEEXP,King,Issaquah,53033023404,WA,POINT (-122.03439 47.5301)
R1S,7PDSGCBA3T,King,Mercer Island,53033024601,WA,POINT (-122.21238 47.57816)
MODEL Y,5YJYGDEE2M,Clark,Vancouver,53011041319,WA,POINT (-122.48723 45.63701)
MODEL S,5YJSA1H25F,Kitsap,Bainbridge Island,53035091002,WA,POINT (-122.521 47.62759)
MODEL Y,7SAYGDEE9P,King,Auburn,53033029602,WA,POINT (-122.18263 47.31825)
NX,JTJKKCFZ0S,King,Kent,53033029504,WA,POINT (-122.19976 47.37483)
VOLT,1G1RB6S55J,Jefferson,Port Townsend,53031950604,WA,POINT (-122.77263 48.1212)
MODEL 3,5YJ3E1EB2N,King,Shoreline,53033020500,WA,POINT (-122.30304 47.75494)
MODEL Y,7SAYGDEE3S,King,Bellevue,53033023805,WA,POINT (-122.1872 47.61001)
LEAF,1N4AZ1CP6K,King,Kent,53033029408,WA,POINT (-122.17743 47.41185)
MODEL Y,7SAYGDEE5P,Snohomish,Everett,53061041610,WA,POINT (-122.18637 47.89251)
MODEL 3,5YJ3E1EA5J,Yakima,Yakima,53077001202,WA,POINT (-120.71847 46.55029)
IONIQ 5,7YAKRDDC4T,King,Woodinville,53033021906,WA,POINT (-122.15545 47.75448)
MODEL 3,5YJ3E1EBXM,Clark,Battle Ground,53011040414,WA,POINT (-122.5331 45.78092)
IX,WB533CF06R,King,Redmond,53033032323,WA,POINT (-122.13158 47.67858)
MODEL X,5YJXCBE24J,King,Kent,53033029407,WA,POINT (-122.17743 47.41185)
XC60,YV4BR0DZ3N,King,Bellevue,53033023300,WA,POINT (-122.11867 47.63131)
EV9,KNDADFS55R,King,Seattle,53033001100,WA,POINT (-122.30253 47.72656)
MODEL Y,5YJYGDEE5M,King,Redmond,53033022902,WA,POINT (-122.13158 47.67858)
MODEL Y,7SAYGDEE8P,King,Kirkland,53033021903,WA,POINT (-122.22901 47.72201)
KONA,KM8HE3A64R,King,North Bend,53033032704,WA,POINT (-121.7831 47.49348)
C40,YV4ED3GMXP,King,Seattle,53033002600,WA,POINT (-122.31676 47.68156)
RAV4,2T3YL4DV0C,King,Seattle,53033010402,WA,POINT (-122.31449 47.53917)
A3,WAUUPBFF4J,Yakima,Wapato,53077940008,WA,POINT (-120.42083 46.44779)
MODEL Y,7SAYGDEE6P,Stevens,Colville,53065950500,WA,POINT (-117.90454 48.54657)
F-150,1FT6W1EV2N,King,Seattle,53033001300,WA,POINT (-122.33364 47.73709)
MODEL Y,7SAYGDEEXP,King,Seattle,53033004600,WA,POINT (-122.35436 47.67596)
LEAF,1N4AZ1CV3N,King,Bothell,53033022001,WA,POINT (-122.20563 47.76144)
BLAZER,3GNKDBRJ6R,King,Seattle,53033000102,WA,POINT (-122.30253 47.72656)
XC90,YV4H600Z8N,King,Sammamish,53033032207,WA,POINT (-122.03539 47.61344)
MODEL Y,7SAYGAEE0P,Snohomish,Bothell,53061052009,WA,POINT (-122.20105 47.84423)
LEAF,1N4AZ1CP2J,King,Kirkland,53033021903,WA,POINT (-122.22901 47.72201)
MODEL Y,7SAYGDEE7P,King,Redmond,53033032323,WA,POINT (-122.13158 47.67858)
MODEL S,5YJSA1E21K,King,Kirkland,53033022603,WA,POINT (-122.2066 47.67887)
IONIQ 5,7YAKNDDC9S,Kitsap,Bainbridge Island,53035090800,WA,POINT (-122.521 47.62759)
EV9,5XYAFFS52T,King,Seatac,53033028402,WA,POINT (-122.27979 47.44952)
PROLOGUE,3GPKHVRJ4S,King,Seattle,53033000201,WA,POINT (-122.30253 47.72656)
I4,WBY33AW05R,Kitsap,Bremerton,53035080700,WA,POINT (-122.65223 47.57192)
LEAF,1N4BZ0CP4H,King,Kent,53033029504,WA,POINT (-122.17743 47.41185)
PRIUS PRIME (PHEV),JTDACACU6P,King,Seattle,53033007800,WA,POINT (-122.31009 47.60803)
X5,5UX43EU04R,King,Bellevue,53033024001,WA,POINT (-122.1872 47.61001)
MODEL Y,7SAYGDED8T,King,Seattle,53033008401,WA,POINT (-122.34223 47.61085)
IONIQ 5,KM8KNDDF7R,King,Issaquah,53033032220,WA,POINT (-122.01656 47.57118)
MODEL Y,7SAYGDEF9R,King,Sammamish,53033032317,WA,POINT (-122.02054 47.60326)
MACAN,WP1AC2XA5S,King,Seattle,53033007700,WA,POINT (-122.30207 47.64085)
MODEL Y,7SAYGAEE5P,King,Kirkland,53033022501,WA,POINT (-122.2066 47.67887)
PRIUS PRIME (PHEV),JTDKARFP6J,King,Seattle,53033002200,WA,POINT (-122.30253 47.72656)
R1T,7FCTGAAA3N,King,Sammamish,53033032318,WA,POINT (-122.02054 47.60326)
PRIUS PRIME (PHEV),JTDKAMFP6N,King,Seattle,53033000900,WA,POINT (-122.30253 47.72656)
MODEL 3,5YJ3E1EA7L,King,Maple Valley,53033031603,WA,POINT (-122.04526 47.39394)
LEAF,1N4AZ1BV0M,King,Seattle,53033009600,WA,POINT (-122.41067 47.57894)
LEAF,1N4BZ1DVXM,King,Seattle,53033012000,WA,POINT (-122.36322 47.49736)
XC90,YV4BR00LXM,King,Bothell,53033021804,WA,POINT (-122.20563 47.76144)
MUSTANG MACH-E,3FMTK1R47R,King,Seattle,53033007700,WA,POINT (-122.31009 47.60803)
BOLT EV,1G1FX6S02P,King,Federal Way,53033030314,WA,POINT (-122.3303 47.30151)
R1S,7PDSGCBA6T,King,Seattle,53033006900,WA,POINT (-122.36381 47.63046)
TAYCAN,WP0BA2Y15R,King,Bellevue,53033025007,WA,POINT (-122.12096 47.55584)
MODEL Y,7SAYGDEE4P,King,Auburn,53033029902,WA,POINT (-122.28802 47.30264)
XC40,YV4ED3UR8N,Clark,Brush Prairie,53011040603,WA,POINT (-122.54578 45.73473)
ARIYA HATCHBACK,JN1BF0AA9P,Snohomish,Lake Stevens,53061052604,WA,POINT (-122.06402 48.01497)
Q6,WA134BGF7S,King,Seattle,53033006400,WA,POINT (-122.30207 47.64085)
PRIUS PRIME (PHEV),JTDACACU5R,King,Bellevue,53033023901,WA,POINT (-122.1872 47.61001)
SORENTO,KNDRJDLH9N,Thurston,Olympia,53067011810,WA,POINT (-123.04078 46.94792)
MODEL 3,5YJ3E1EB7N,King,Seattle,53033008401,WA,POINT (-122.32945 47.60357)
LYRIQ,1GYKPTRL0R,Clark,Vancouver,53011041337,WA,POINT (-122.48723 45.63701)
R1S,7PDSGABA3R,King,Seattle,53033006400,WA,POINT (-122.30207 47.64085)
CX-90,JM3KKBHA9R,Kitsap,Kingston,53035090102,WA,POINT (-122.4977 47.79802)
LEAF,1N4CZ1CV5S,Snohomish,Bothell,53061051933,WA,POINT (-122.20105 47.84423)
VOLT,1G1RB6S54J,King,Seattle,53033001202,WA,POINT (-122.30253 47.72656)
IONIQ 5,KM8KNDAF4P,King,Bellevue,53033023902,WA,POINT (-122.1872 47.61001)
MODEL 3,5YJ3E1EB8J,King,Redmond,53033032323,WA,POINT (-122.13158 47.67858)
MODEL 3,5YJ3E1EA7P,Clark,Vancouver,53011041323,WA,POINT (-122.49212 45.60365)
MODEL X,5YJXCBE2XL,Clark,Vancouver,53011040908,WA,POINT (-122.70303 45.70954)
EX30,YV4EK3ZL1S,King,Seattle,53033006400,WA,POINT (-122.30207 47.64085)
MODEL Y,7SAYGDEF4P,King,Kirkland,53033022604,WA,POINT (-122.2066 47.67887)
FUSION,3FA6P0PU7J,King,Bellevue,53033023000,WA,POINT (-122.11867 47.63131)
CYBERTRUCK,7G2CEHED7T,King,Kirkland,53033022006,WA,POINT (-122.2066 47.67887)
MODEL Y,7SAYGDEE8P,King,Seatac,53033028300,WA,POINT (-122.27979 47.44952)
XC40,YV4ED3UW4P,King,Kirkland,53033021904,WA,POINT (-122.22901 47.72201)
EQUINOX,3GN7DMRPXS,King,Duvall,53033032402,WA,POINT (-121.98609 47.74068)
PRIUS PRIME (PHEV),JTDKARFP2L,Clark,Vancouver,53011041323,WA,POINT (-122.49212 45.60365)
LEAF,JN1AZ0CPXB,Thurston,Olympia,53067011810,WA,POINT (-123.04078 46.94792)
F-150,1FT6W1B77R,Thurston,Olympia,53067010100,WA,POINT (-122.89165 47.03954)
EV6,KNDC34LA9R,Cowlitz,Kalama,53015001602,WA,POINT (-122.84226 46.00813)
MODEL Y,7SAYGAEE1R,King,Bellevue,53033023601,WA,POINT (-122.1621 47.64441)
NX,JTJHKCFZ3R,King,Bellevue,53033023806,WA,POINT (-122.1872 47.61001)
BOLT EUV,1G1FZ6S0XN,King,Seattle,53033008300,WA,POINT (-122.34223 47.61085)
MODEL 3,5YJ3E1EB9J,Thurston,Tumwater,53067010920,WA,POINT (-123.04078 46.94792)
MODEL 3,5YJ3E1ET5S,King,Kirkland,53033022204,WA,POINT (-122.22901 47.72201)
MODEL S,5YJSA1H23F,King,Kirkland,53033021904,WA,POINT (-122.22901 47.72201)
MODEL X,5YJXCBE2XJ,King,Bellevue,53033023901,WA,POINT (-122.1872 47.61001)
MODEL 3,5YJ3E1EA5P,Clark,Camas,53011040610,WA,POINT (-122.40177 45.58705)
VOLT,1G1RB6E46F,King,Seattle,53033006900,WA,POINT (-122.36381 47.63046)
MODEL Y,7SAYGDEE7P,Clark,Vancouver,53011041325,WA,POINT (-122.49212 45.60365)
MUSTANG MACH-E,3FMTK1SU0R,King,Redmond,53033032326,WA,POINT (-122.13158 47.67858)
MODEL Y,7SAYGDEE1R,King,Bellevue,53033024001,WA,POINT (-122.1872 47.61001)
LEAF,1N4CZ1CV6R,King,Bellevue,53033022805,WA,POINT (-122.1621 47.64441)
XC90,YV4H600N3P,Kitsap,Bainbridge Island,53035090800,WA,POINT (-122.521 47.62759)
NIRO,KNDCR3L19R,King,Seattle,53033006200,WA,POINT (-122.30207 47.64085)
MODEL X,5YJXCDE24H,King,Federal Way,53033030102,WA,POINT (-122.3303 47.30151)
MODEL 3,5YJ3E1EB1N,Clark,Vancouver,53011041323,WA,POINT (-122.49212 45.60365)
TAYCAN,WP0CD2Y18R,King,Bellevue,53033023902,WA,POINT (-122.1872 47.61001)
MODEL S,5YJSA1H19F,Clark,Vancouver,53011040803,WA,POINT (-122.62731 45.71668)
MODEL Y,7SAYGDEE9T,Snohomish,Snohomish,53061041610,WA,POINT (-122.1389 47.87115)
MODEL Y,7SAYGDEE1T,King,Bellevue,53033023807,WA,POINT (-122.1872 47.61001)
MODEL Y,5YJYGDEE0M,King,Redmond,53033032323,WA,POINT (-122.13158 47.67858)
X5,5UXTA6C01M,King,Seattle,53033008900,WA,POINT (-122.30866 47.57874)
ARIYA HATCHBACK,JN1DF0CD1P,Thurston,Rochester,53067012720,WA,POINT (-123.08743 46.82175)
MODEL Y,7SAYGDEE1P,King,Bothell,53033022001,WA,POINT (-122.20563 47.76144)
SPARK,KL8CL6S04G,King,Lake Forest Park,53033021300,WA,POINT (-122.30304 47.75494)
IONIQ 5,KM8KR4DE8R,Clark,Vancouver,53011041206,WA,POINT (-122.59219 45.62158)
MODEL Y,7SAYGDEE6T,King,Bellevue,53033023902,WA,POINT (-122.1872 47.61001)
X5,5UX43EU0XT,King,Bothell,53033022102,WA,POINT (-122.20563 47.76144)
ID.4,1V2DNPE82P,Clark,Camas,53011041400,WA,POINT (-122.40177 45.58705)
X5,5UX43EU04R,King,Kirkland,53033021904,WA,POINT (-122.22901 47.72201)
MODEL 3,5YJ3E1EB3P,King,Bellevue,53033023201,WA,POINT (-122.12056 47.61334)
MODEL Y,7SAYGDEE9T,Clark,Vancouver,53011040714,WA,POINT (-122.55149 45.69345)
MODEL Y,7SAYGAEE9P,King,Bellevue,53033024904,WA,POINT (-122.12096 47.55584)
MUSTANG MACH-E,3FMTK3SU7R,King,Bellevue,53033023601,WA,POINT (-122.1621 47.64441)
X5,5UX43EU00S,Yakima,Selah,53077003400,WA,POINT (-120.53145 46.65405)
EV6,KNDC4DLCXR,King,Seattle,53033006200,WA,POINT (-122.30207 47.64085)
PROLOGUE,3GPKHZRJ2R,King,Seattle,53033007002,WA,POINT (-122.34845 47.63283)
PACIFICA,2C4RC1L7XK,Kitsap,Silverdale,53035090400,WA,POINT (-122.69275 47.65171)
MODEL 3,5YJ3E1EA2T,King,Bellevue,53033023806,WA,POINT (-122.1872 47.61001)
MODEL Y,7SAYGDEE7N,King,Burien,53033027600,WA,POINT (-122.34731 47.45207)
NIRO,KNDCT3L17S,Kitsap,Suquamish,53035940100,WA,POINT (-122.55242 47.73162)
MODEL Y,7SAYGAEE0N,King,Seattle,53033001400,WA,POINT (-122.37238 47.74068)
E-TRON GT,WAUFJBFW7P,King,Renton,53033025805,WA,POINT (-122.19488 47.44034)
LEAF,1N4AZ1CPXK,Jefferson,Port Townsend,53031950604,WA,POINT (-122.77263 48.1212)
MODEL Y,5YJYGDEE7L,King,Seattle,53033001201,WA,POINT (-122.30253 47.72656)
MODEL Y,7SAYGDEE2T,Thurston,Yelm,53067012532,WA,POINT (-122.60735 46.94239)
HARDTOP,WMW13DJ03P,King,Bellevue,53033022805,WA,POINT (-122.1621 47.64441)
MODEL X,5YJXCAE21H,King,Kirkland,53033022501,WA,POINT (-122.2066 47.67887)
RAV4 PRIME (PHEV),JTMAB3FV4R,King,Seattle,53033001202,WA,POINT (-122.30253 47.72656)
AIR,50EA1GBA5N,King,Bellevue,53033023701,WA,POINT (-122.1872 47.61001)
MODEL Y,7SAYGDEE5P,King,Seattle,53033001400,WA,POINT (-122.37238 47.74068)
MODEL 3,5YJ3E1EA0R,Clark,Vancouver,53011041206,WA,POINT (-122.59219 45.62158)
LEAF,1N4AZ1CP1K,King,Sammamish,53033032318,WA,POINT (-122.02054 47.60326)
X5,5UX43EU09T,Clark,Vancouver,53011041208,WA,POINT (-122.59219 45.62158)
EQE-CLASS SEDAN,W1KEG2BB6R,King,Kirkland,53033022401,WA,POINT (-122.2066 47.67887)
MODEL X,5YJXCDE29J,Snohomish,Lynnwood,53061042004,WA,POINT (-122.27981 47.85727)
SPORTAGE,KNDPZDDH6S,Clark,Vancouver,53011040907,WA,POINT (-122.70303 45.70954)
MODEL 3,5YJ3E1EB4K,King,Redmond,53033032323,WA,POINT (-122.13158 47.67858)
LEAF,1N4AZ1CP7J,King,Seattle,53033012000,WA,POINT (-122.36322 47.49736)
MODEL 3,5YJ3E1EB6N,Clark,Battle Ground,53011040408,WA,POINT (-122.5331 45.78092)
VOLT,1G1RD6S56G,King,Kirkland,53033021904,WA,POINT (-122.22901 47.72201)
EX40,YV4ER3HJ8S,King,Seattle,53033001400,WA,POINT (-122.37238 47.74068)
MODEL Y,7SAYGDEE0T,Island,Oak Harbor,53029970402,WA,POINT (-122.64682 48.29077)
X5,5UX43EU03T,King,Bellevue,53033023702,WA,POINT (-122.1621 47.64441)
LEAF,1N4BZ0CP7G,King,Seattle,53033000500,WA,POINT (-122.37238 47.74068)
RAV4 PRIME (PHEV),JTMEB3FV0M,Kitsap,Port Orchard,53035092704,WA,POINT (-122.68516 47.50645)
EV6,KNDC3DLC6R,King,Seattle,53033002000,WA,POINT (-122.31676 47.68156)
I4,WBY83FB01R,King,Bellevue,53033024701,WA,POINT (-122.12096 47.55584)
PACIFICA,2C4RC1S78S,King,Burien,53033027901,WA,POINT (-122.34731 47.45207)
MODEL Y,7SAYGDEE3N,King,Seattle,53033011902,WA,POINT (-122.25031 47.49481)
BOLT EV,1G1FX6S08J,Clark,Vancouver,53011041336,WA,POINT (-122.48723 45.63701)
MUSTANG MACH-E,3FMTK3SUXS,King,Bellevue,53033024001,WA,POINT (-122.1872 47.61001)
MODEL Y,7SAYGDEE1R,King,Bellevue,53033022901,WA,POINT (-122.11867 47.63131)
LEAF,1N4AZ1CP9J,King,Burien,53033028500,WA,POINT (-122.32472 47.44519)
MODEL Y,7SAYGAEE0P,King,Kirkland,53033021903,WA,POINT (-122.22901 47.72201)
MODEL Y,7SAYGDEE5T,King,Kirkland,53033022401,WA,POINT (-122.2066 47.67887)
IX,WB523CF06S,King,Kirkland,53033022402,WA,POINT (-122.2066 47.67887)
EQUINOX,3GN7DNRP3T,King,Bellevue,53033023300,WA,POINT (-122.12056 47.61334)
PACIFICA,2C4RC1L72P,King,Kent,53033029507,WA,POINT (-122.19976 47.37483)
MODEL Y,7SAYGDEF6N,King,Bellevue,53033023701,WA,POINT (-122.1872 47.61001)
R1S,7PDSGBBA6S,Kitsap,Silverdale,53035091205,WA,POINT (-122.69275 47.65171)
ID.4,1V2JNPE8XP,Clark,Battle Ground,53011040414,WA,POINT (-122.5331 45.78092)
MODEL 3,5YJ3E1EA8J,King,Seattle,53033007800,WA,POINT (-122.31009 47.60803)
MODEL Y,7SAYGDEDXT,King,Medina,53033024200,WA,POINT (-122.23892 47.61613)
LEAF,1N4BZ1CP0K,King,Seattle,53033003601,WA,POINT (-122.31676 47.68156)
MUSTANG MACH-E,3FMTK3SU8S,King,Burien,53033026700,WA,POINT (-122.36322 47.49736)
RAV4 PRIME (PHEV),JTMEB3FV9S,King,Seattle,53033001400,WA,POINT (-122.37238 47.74068)
VOLT,1G1RB6S58H,Yakima,Yakima,53077001201,WA,POINT (-120.51904 46.59782)
MODEL 3,5YJ3E1EA6N,King,Seattle,53033004800,WA,POINT (-122.38591 47.67597)
ARIYA HATCHBACK,JN1BF0BAXR,King,Bellevue,53033023604,WA,POINT (-122.12056 47.61334)
MODEL 3,5YJ3E1EA6M,Clark,Vancouver,53011041335,WA,POINT (-122.48723 45.63701)
LEAF,1N4CZ1CV8P,King,Kirkland,53033022005,WA,POINT (-122.22901 47.72201)
MODEL Y,7SAYGDEE0T,King,Sammamish,53033032216,WA,POINT (-122.02054 47.60326)
MODEL 3,5YJ3E1EB6P,King,Redmond,53033032325,WA,POINT (-122.13158 47.67858)
MODEL Y,7SAYGDEEXS,King,Bellevue,53033023300,WA,POINT (-122.11867 47.63131)
RAV4,2T3YL4DV5E,King,Seattle,53033010001,WA,POINT (-122.31449 47.53917)
BOLT EUV,1G1FZ6S05P,King,Maple Valley,53033032008,WA,POINT (-122.04526 47.39394)
MODEL Y,7SAYGAEE6P,King,Seattle,53033000500,WA,POINT (-122.37238 47.74068)
Q5 E,WA1E2AFY5R,King,Bellevue,53033024904,WA,POINT (-122.12096 47.55584)
VOLT,1G1RE6E48E,Clark,Vancouver,53011041333,WA,POINT (-122.55149 45.69345)
MODEL 3,5YJ3E1EB0M,King,Renton,53033029308,WA,POINT (-122.19488 47.44034)
POLESTAR 3,YSREE3YB8S,King,Seattle,53033001300,WA,POINT (-122.33364 47.73709)
MACAN,WP1AA2XA3R,Kitsap,Bremerton,53035080600,WA,POINT (-122.65223 47.57192)
MODEL Y,5YJYGDEE5M,King,Bellevue,53033023300,WA,POINT (-122.12056 47.61334)
C-HR,JTMAAAAD1T,Stevens,Colville,53065950300,WA,POINT (-117.90454 48.54657)
MODEL 3,5YJ3E1EB7M,Kitsap,Port Orchard,53035092802,WA,POINT (-122.68516 47.50645)
RAV4 PRIME (PHEV),JTMFB3FVXM,King,Redmond,53033032323,WA,POINT (-122.13158 47.67858)
MODEL Y,7SAYGDEE9P,King,Kirkland,53033022402,WA,POINT (-122.2066 47.67887)
C-MAX,1FADP5CU7E,Kitsap,Bremerton,53035080500,WA,POINT (-122.62749 47.565)
ID.4,1V2GNPE81P,King,Federal Way,53033030310,WA,POINT (-122.36217 47.31011)
MODEL 3,5YJ3E1EB6N,Clark,Vancouver,53011040812,WA,POINT (-122.62731 45.71668)
MODEL S,5YJSA1E56P,King,Seattle,53033006900,WA,POINT (-122.36381 47.63046)
MODEL 3,5YJ3E1EA9P,Thurston,Yelm,53067012421,WA,POINT (-122.60735 46.94239)
ARIYA MPV,JN8DF0BF5S,King,Seattle,53033000700,WA,POINT (-122.30253 47.72656)
X5,5UX43EU0XT,King,Bellevue,53033023702,WA,POINT (-122.1621 47.64441)
330E,3MW39FS02P,Yakima,Yakima,53077001000,WA,POINT (-120.51904 46.59782)
SORENTO,KNDRJDLH8N,King,Shoreline,53033020500,WA,POINT (-122.30304 47.75494)
MODEL S,5YJSA1E48K,King,Seattle,53033006100,WA,POINT (-122.32427 47.63433)
MODEL 3,5YJ3E1EC9M,Kitsap,Port Orchard,53035092802,WA,POINT (-122.68516 47.50645)
IONIQ 5,KM8KNDAF8P,Kitsap,Olalla,53035092802,WA,POINT (-122.54729 47.42602)
FOCUS,1FADP3R4XE,King,Auburn,53033030501,WA,POINT (-122.2229 47.307)
MODEL Y,7SAYGAEE7N,Clark,Vancouver,53011040905,WA,POINT (-122.70303 45.70954)
MODEL Y,7SAYGDED7T,Kitsap,Silverdale,53035090400,WA,POINT (-122.69275 47.65171)
MODEL 3,5YJ3E1EB1T,King,Bellevue,53033024701,WA,POINT (-122.12096 47.55584)
MODEL 3,5YJ3E1EB8N,King,Burien,53033028500,WA,POINT (-122.32472 47.44519)
MODEL Y,5YJYGDEE9M,Clark,Washougal,53011040510,WA,POINT (-122.35341 45.57923)
XC40,YV4ED3UKXP,Jefferson,Port Townsend,53031950501,WA,POINT (-122.77263 48.1212)
MODEL Y,7SAYGDEE0R,Snohomish,Mill Creek,53061052004,WA,POINT (-122.20105 47.84423)
MUSTANG MACH-E,3FMTK3SU7P,King,Bothell,53033022102,WA,POINT (-122.20563 47.76144)
XC90,YV4H60CA1P,Thurston,Olympia,53067012331,WA,POINT (-122.80933 46.99531)
TRANSIT,1FTBW1YK1P,King,Woodinville,53033021906,WA,POINT (-122.15545 47.75448)
CYBERTRUCK,7G2CEHED4S,King,Bothell,53033021804,WA,POINT (-122.20563 47.76144)
TX,5TDACAC68S,King,Auburn,53033029602,WA,POINT (-122.18263 47.31825)
MODEL Y,7SAYGDEE2N,King,Shoreline,53033020100,WA,POINT (-122.37238 47.74068)
XM,5YM33CS01T,Snohomish,Edmonds,53061050101,WA,POINT (-122.31768 47.87166)
NIRO,KNDCC3LG3M,Clark,Vancouver,53011040709,WA,POINT (-122.57722 45.64251)
R1S,7PDSGBBA3S,King,Seattle,53033005902,WA,POINT (-122.36381 47.63046)
MODEL 3,5YJ3E1EA4N,King,Covington,53033032005,WA,POINT (-122.10798 47.37124)
XC60,YV4H60DM6R,King,Seattle,53033004600,WA,POINT (-122.35436 47.67596)
MODEL Y,7SAYGDEE4P,King,Renton,53033025303,WA,POINT (-122.20489 47.47532)
PRIUS PRIME (PHEV),JTDKARFP8J,Clark,Battle Ground,53011040408,WA,POINT (-122.5331 45.78092)
MODEL X,7SAXCAE50P,King,Sammamish,53033032216,WA,POINT (-122.03539 47.61344)
LEAF,1N4CZ1CV0R,King,Renton,53033025805,WA,POINT (-122.19488 47.44034)
RAV4 PRIME (PHEV),JTMAB3FVXS,Clark,Vancouver,53011041206,WA,POINT (-122.59219 45.62158)
BOLT,1G1FZ6EV5V,King,Seattle,53033000900,WA,POINT (-122.30253 47.72656)
X5,5UX43EU02R,King,Seattle,53033000900,WA,POINT (-122.30253 47.72656)
AIR,50EA1GBAXN,Clark,Vancouver,53011040810,WA,POINT (-122.64443 45.67871)
MODEL 3,5YJ3E1EA1T,King,Seattle,53033011902,WA,POINT (-122.25031 47.49481)
RAV4 PRIME (PHEV),JTMAB3FV4S,King,Seattle,53033001400,WA,POINT (-122.33364 47.73709)
ID.4,WVGTMPE26M,Clark,Vancouver,53011041313,WA,POINT (-122.57722 45.64251)
TUCSON,KM8JFDD28S,King,Seattle,53033002000,WA,POINT (-122.31676 47.68156)
E-TRON,WA1VABGE0N,King,Bothell,53033021804,WA,POINT (-122.20563 47.76144)
Q6,WA134BGF7S,King,Issaquah,53033032220,WA,POINT (-122.01656 47.57118)
CLA-CLASS,W1KFJ4EB2T,King,Kirkland,53033021904,WA,POINT (-122.22901 47.72201)
LEAF,1N4BZ1CV5N,King,Seattle,53033000700,WA,POINT (-122.30253 47.72656)
MODEL 3,5YJ3E1EB2N,King,Seattle,53033001202,WA,POINT (-122.30253 47.72656)
RZ,JTJBCACBXT,Island,Oak Harbor,53029970500,WA,POINT (-122.64682 48.29077)
I5,WBY63HG09T,King,Federal Way,53033030102,WA,POINT (-122.3303 47.30151)
MODEL Y,7SAYGDEE5P,King,Kent,53033029507,WA,POINT (-122.19976 47.37483)
XC40,YV4ER3XM8R,King,Seattle,53033002200,WA,POINT (-122.30253 47.72656)
MODEL 3,5YJ3E1EBXJ,King,Bellevue,53033023901,WA,POINT (-122.1872 47.61001)
MODEL Y,7SAYGDEF6N,King,Bellevue,53033023000,WA,POINT (-122.11867 47.63131)
MODEL 3,5YJ3E1EA9N,Snohomish,Lynnwood,53061051931,WA,POINT (-122.29245 47.82557)
R1S,7PDSGABA6P,King,Redmond,53033032321,WA,POINT (-122.13158 47.67858)
MODEL Y,7SAYGDEEXT,King,Redmond,53033032325,WA,POINT (-122.13158 47.67858)
MODEL Y,7SAYGDEE3R,King,Shoreline,53033021000,WA,POINT (-122.33364 47.73709)
LYRIQ,1GYKPVRL0R,Kitsap,Kingston,53035090102,WA,POINT (-122.4977 47.79802)
BOLT EV,1G1FW6S09N,Thurston,Olympia,53067010100,WA,POINT (-122.89165 47.03954)
F-150,1FT6W7L70R,King,Seattle,53033000602,WA,POINT (-122.33364 47.73709)
IONIQ 5,KM8KRDAF4P,Clark,Vancouver,53011040803,WA,POINT (-122.62731 45.71668)
PRIUS PRIME (PHEV),JTDKARFP8K,King,Seattle,53033007001,WA,POINT (-122.36381 47.63046)
EV9,KNDAEFS54R,King,Seattle,53033008401,WA,POINT (-122.34223 47.61085)
LEAF,1N4AZ0CP3D,King,Redmond,53033032323,WA,POINT (-122.13158 47.67858)
MODEL X,5YJXCBE22H,King,Bellevue,53033023601,WA,POINT (-122.1621 47.64441)
MODEL Y,5YJYGDEF9M,Clark,Vancouver,53011041008,WA,POINT (-122.64443 45.67871)
MODEL Y,5YJYGDEE4M,King,Sammamish,53033032318,WA,POINT (-122.02054 47.60326)
IONIQ 5,7YAKRDDC8S,Cowlitz,Woodland,53015001503,WA,POINT (-122.74017 45.9094)
X5,5UXTA6C07P,King,Kirkland,53033022300,WA,POINT (-122.22901 47.72201)
BOLT EV,1G1FW6S0XP,King,Seattle,53033007902,WA,POINT (-122.31009 47.60803)
HARDTOP,WMW13DJ09P,King,Burien,53033027400,WA,POINT (-122.29411 47.48924)
MODEL 3,5YJ3E1EB5P,Clark,Vancouver,53011040713,WA,POINT (-122.55149 45.69345)
MUSTANG MACH-E,3FMTK1SU7R,King,Seattle,53033000602,WA,POINT (-122.33364 47.73709)
MODEL 3,5YJ3E1EB4K,King,Kirkland,53033022003,WA,POINT (-122.22901 47.72201)
SOLTERRA,JTMBDAFC6T,King,Kent,53033029603,WA,POINT (-122.19976 47.37483)
MODEL 3,5YJ3E1EA0J,King,Auburn,53033029602,WA,POINT (-122.18263 47.31825)
I4,WBY83FB07R,Clark,Vancouver,53011042800,WA,POINT (-122.62934 45.63201)
MUSTANG MACH-E,3FMTK4SX0S,King,Shoreline,53033020401,WA,POINT (-122.30304 47.75494)
POLESTAR 2,LPSED3KA3N,King,Seattle,53033001400,WA,POINT (-122.33364 47.73709)
Q5 E,WA1E2AFY9S,King,Seattle,53033008900,WA,POINT (-122.30866 47.57874)
LEAF,1N4AZ0CP1G,Kitsap,Bainbridge Island,53035090800,WA,POINT (-122.521 47.62759)
MODEL 3,5YJ3E1EA4P,King,Sammamish,53033032225,WA,POINT (-122.02054 47.60326)
MODEL Y,7SAYGDEE8P,King,Kirkland,53033022203,WA,POINT (-122.22901 47.72201)
MODEL Y,7SAYGDEE7T,King,Federal Way,53033030102,WA,POINT (-122.3303 47.30151)
MODEL 3,5YJ3E1EA5T,King,Sammamish,53033032316,WA,POINT (-122.02054 47.60326)
MODEL Y,7SAYGDED2T,King,Sammamish,53033032317,WA,POINT (-122.02054 47.60326)
TAYCAN,WP0BA2Y1XN,King,Bellevue,53033024001,WA,POINT (-122.1872 47.61001)
MODEL 3,5YJ3E1EA2P,King,Des Moines,53033028901,WA,POINT (-122.30615 47.38542)
SPORTAGE,KNDPZDDH6T,Kitsap,Bainbridge Island,53035090800,WA,POINT (-122.521 47.62759)
MODEL 3,5YJ3E1EAXJ,King,Kirkland,53033022701,WA,POINT (-122.2066 47.67887)
MUSTANG MACH-E,3FMTK3SU9S,King,Bellevue,53033022805,WA,POINT (-122.12056 47.61334)
MODEL Y,7SAYGDEE7T,King,Redmond,53033022606,WA,POINT (-122.13158 47.67858)
EQUINOX,3GN7DLRR6R,Clark,Vancouver,53011040709,WA,POINT (-122.57722 45.64251)
MODEL Y,5YJYGDEE1M,King,Sammamish,53033032215,WA,POINT (-122.03539 47.61344)
EQE-CLASS SUV,4JGGM1CB5P,King,Seattle,53033011901,WA,POINT (-122.25031 47.49481)
MODEL Y,7SAYGDEE9R,King,Kent,53033029508,WA,POINT (-122.17743 47.41185)
SPORTAGE,KNDPZDDH8S,King,Kent,53033031707,WA,POINT (-122.10798 47.37124)
ID.4,1V2JSPE83S,King,Bellevue,53033024002,WA,POINT (-122.1872 47.61001)
MODEL 3,5YJ3E1EA9P,King,Issaquah,53033032221,WA,POINT (-122.01656 47.57118)
IX,WB523CF01R,Kitsap,Bainbridge Island,53035090800,WA,POINT (-122.521 47.62759)
MODEL 3,5YJ3E1EA1M,King,Kent,53033029603,WA,POINT (-122.19976 47.37483)
LEAF,1N4BZ1CV8M,King,Seattle,53033001300,WA,POINT (-122.33364 47.73709)
MODEL Y,7SAYGDEE8P,King,Normandy Park,53033028600,WA,POINT (-122.34731 47.45207)
MODEL Y,7SAYGAEE8S,Clark,Vancouver,53011041206,WA,POINT (-122.59219 45.62158)
PRIUS PRIME (PHEV),JTDKARFP2H,King,Woodinville,53033032319,WA,POINT (-122.15545 47.75448)
MODEL X,5YJXCAE42K,Thurston,Tenino,53067012620,WA,POINT (-122.85135 46.85752)
MODEL Y,7SAYGAEE9P,King,Seattle,53033000404,WA,POINT (-122.33364 47.73709)
MODEL Y,7SAYGDEE8N,King,Bellevue,53033023801,WA,POINT (-122.1872 47.61001)
MODEL Y,7SAYGAEE0R,Snohomish,Lynnwood,53061041816,WA,POINT (-122.27981 47.85727)
NIRO,KNDCS3LF5S,King,Seattle,53033000500,WA,POINT (-122.37238 47.74068)
BOLT EUV,1G1FY6S0XP,King,Kent,53033031707,WA,POINT (-122.10798 47.37124)
MODEL Y,7SAYGDEE4S,King,Sammamish,53033032215,WA,POINT (-122.03539 47.61344)
MODEL Y,7SAYGAEE4P,King,Renton,53033025806,WA,POINT (-122.19488 47.44034)
I4,WBY83FB09R,Snohomish,Bothell,53061051914,WA,POINT (-122.18384 47.8031)
MODEL Y,7SAYGDEE0R,King,Bellevue,53033024001,WA,POINT (-122.1872 47.61001)
MODEL 3,5YJ3E1EAXL,King,Bellevue,53033023201,WA,POINT (-122.12056 47.61334)
MODEL Y,7SAYGDEE0T,King,Redmond,53033022803,WA,POINT (-122.13158 47.67858)
MODEL 3,5YJ3E1EA0P,King,Covington,53033031705,WA,POINT (-122.10798 47.37124)
MODEL Y,7SAYGDEE1P,King,Kirkland,53033022201,WA,POINT (-122.22901 47.72201)
MODEL Y,7SAYGDEE9T,King,Bellevue,53033025001,WA,POINT (-122.12096 47.55584)
MODEL Y,5YJYGDEE9L,Clark,Vancouver,53011040811,WA,POINT (-122.62731 45.71668)
Q5 E,WA1F2AFY2S,King,Seattle,53033006600,WA,POINT (-122.32427 47.63433)
RAV4 PRIME (PHEV),JTMFB3FVXM,King,Bellevue,53033024001,WA,POINT (-122.1872 47.61001)
E-TRON SPORTBACK,WA12ABGEXL,Clark,Vancouver,53011040806,WA,POINT (-122.57722 45.64251)
MODEL Y,7SAYGDEF3P,King,Sammamish,53033032215,WA,POINT (-122.03539 47.61344)
IONIQ 6,KMHM24AA1P,King,Seattle,53033001201,WA,POINT (-122.30253 47.72656)
NIRO,KNDCC3LG6N,Clark,Vancouver,53011041206,WA,POINT (-122.59219 45.62158)
RAV4 PRIME (PHEV),JTM7ERAV0T,Clark,Vancouver,53011040908,WA,POINT (-122.70303 45.70954)
KONA,KM8K33AG3M,Kitsap,Kingston,53035090102,WA,POINT (-122.4977 47.79802)
SILVERADO,1GC10UED1R,Thurston,Olympia,53067010100,WA,POINT (-122.89165 47.03954)
MODEL S,5YJSA1E47J,Clark,Vancouver,53011040909,WA,POINT (-122.70303 45.70954)
MODEL 3,5YJ3E1EAXR,King,Woodinville,53033032319,WA,POINT (-122.15545 47.75448)
MODEL Y,7SAYGDEE3P,King,Bellevue,53033023801,WA,POINT (-122.1872 47.61001)
AIR,50EA1PGA2R,King,Bellevue,53033023805,WA,POINT (-122.1872 47.61001)
Q5 E,WA1E2AFY8S,King,Bellevue,53033023603,WA,POINT (-122.12056 47.61334)
LEAF,1N4BZ1CP2K,King,Bellevue,53033023806,WA,POINT (-122.1872 47.61001)
E-CLASS,W1KLF6DB6S,King,Kirkland,53033022006,WA,POINT (-122.22901 47.72201)
F-150,1FT6W1EV1P,Clallam,Port Angeles,53009001400,WA,POINT (-123.43112 48.11892)
MODEL Y,7SAYGDEE0N,King,Bothell,53033021804,WA,POINT (-122.20563 47.76144)
MODEL Y,7SAYGDED1S,King,Seattle,53033008300,WA,POINT (-122.34223 47.61085)
MODEL 3,5YJ3E1EA3L,King,Shoreline,53033021000,WA,POINT (-122.33364 47.73709)
FUSION,3FA6P0PU1J,Clark,Battle Ground,53011040407,WA,POINT (-122.5331 45.78092)
MODEL X,7SAXCDE53N,King,Renton,53033024704,WA,POINT (-122.18839 47.51197)
I4,WBY43HD05S,King,Kirkland,53033022603,WA,POINT (-122.2066 47.67887)
LEAF,1N4BZ1CV9N,Thurston,Olympia,53067010520,WA,POINT (-122.92018 47.04575)
EV9,5XYAFFS51T,King,Seattle,53033006800,WA,POINT (-122.36381 47.63046)
LEAF,1N4BZ0CP6H,King,Seattle,53033000601,WA,POINT (-122.33364 47.73709)
OUTLANDER,JA4J24A57J,Clark,Vancouver,53011040904,WA,POINT (-122.70303 45.70954)
MODEL Y,7SAYGDED1T,King,Kirkland,53033022703,WA,POINT (-122.2066 47.67887)
MODEL 3,5YJ3E1EB3M,King,Seattle,53033000800,WA,POINT (-122.30253 47.72656)
RAV4 PRIME (PHEV),JTMAB3FV2M,King,Seattle,53033002900,WA,POINT (-122.38418 47.70044)
VOLT,1G1RD6E42C,Clark,Vancouver,53011042300,WA,POINT (-122.67156 45.63248)
MODEL Y,5YJYGDEE6M,King,Seattle,53033000601,WA,POINT (-122.33364 47.73709)
X5,5UX43EU06S,King,Seattle,53033012100,WA,POINT (-122.36322 47.49736)
MODEL Y,7SAYGDED4T,Kitsap,Bainbridge Island,53035090902,WA,POINT (-122.521 47.62759)
BOLT EUV,1G1FZ6S05N,King,Seattle,53033006900,WA,POINT (-122.36381 47.63046)
RAV4 PRIME (PHEV),JTMFB3FV5M,King,Seattle,53033006100,WA,POINT (-122.32427 47.63433)
PRIUS PRIME (PHEV),JTDKARFP1L,Clark,Battle Ground,53011040414,WA,POINT (-122.5331 45.78092)
MODEL Y,7SAYGDED6T,King,Kirkland,53033022005,WA,POINT (-122.22901 47.72201)
X5,5UX43EU02R,King,Bellevue,53033023604,WA,POINT (-122.1621 47.64441)
X5,5UXKT0C5XJ,King,Seattle,53033011902,WA,POINT (-122.25031 47.49481)
MODEL 3,5YJ3E1EA0L,Jefferson,Port Ludlow,53031950302,WA,POINT (-122.68475 47.92989)
MODEL 3,5YJ3E1ECXL,King,Seattle,53033011902,WA,POINT (-122.25031 47.49481)
MODEL Y,7SAYGDEE9S,King,Bellevue,53033024001,WA,POINT (-122.1872 47.61001)
MODEL X,5YJXCDE21L,King,Redmond,53033032321,WA,POINT (-122.13158 47.67858)
IONIQ 5,KM8KNDAF4P,Kitsap,Kingston,53035090102,WA,POINT (-122.4977 47.79802)
MODEL Y,7SAYGDEF2S,King,Kent,53033029702,WA,POINT (-122.19976 47.37483)
R1S,7PDSGCBA3T,King,Kirkland,53033022603,WA,POINT (-122.2066 47.67887)
R1S,7PDSGABA4P,King,Kirkland,53033022401,WA,POINT (-122.2066 47.67887)
C-MAX,1FADP5CU8F,Clark,Vancouver,53011041330,WA,POINT (-122.55149 45.69345)
SOUL,KNDJX3AE9H,King,Shoreline,53033020600,WA,POINT (-122.30304 47.75494)
IX,WB523CF09R,King,Kirkland,53033022501,WA,POINT (-122.2066 47.67887)
MODEL S,5YJSA1E62T,King,Bellevue,53033023902,WA,POINT (-122.1872 47.61001)
MODEL Y,7SAYGDEE1P,King,Renton,53033025201,WA,POINT (-122.18839 47.51197)
MODEL Y,7SAYGDEE2T,King,Kirkland,53033022604,WA,POINT (-122.2066 47.67887)
MODEL Y,7SAYGAEE7R,King,Auburn,53033030503,WA,POINT (-122.2229 47.307)
MODEL 3,5YJ3E1EA0P,King,Bothell,53033021804,WA,POINT (-122.20563 47.76144)
MODEL 3,5YJ3E1EAXM,King,Woodinville,53033021802,WA,POINT (-122.15545 47.75448)
LYRIQ,1GYKPSRL4R,King,Kirkland,53033022401,WA,POINT (-122.2066 47.67887)
BOLT EUV,1G1FZ6S06P,King,Bellevue,53033024002,WA,POINT (-122.1872 47.61001)
IONIQ 5,7YAKNDDC4S,Thurston,Olympia,53067010600,WA,POINT (-122.92018 47.04575)
MODEL Y,7SAYGDEE2S,King,Seattle,53033006800,WA,POINT (-122.34845 47.63283)
EQE-CLASS SUV,4JGGM1CB7S,King,Sammamish,53033032217,WA,POINT (-122.02054 47.60326)
PRIUS PRIME (PHEV),JTDACACU6S,King,Kirkland,53033022501,WA,POINT (-122.2066 47.67887)
MODEL 3,5YJ3E1EA7L,King,Sammamish,53033032316,WA,POINT (-122.02054 47.60326)
ID. BUZZ,WVG5WVEB2S,Clark,Vancouver,53011041600,WA,POINT (-122.62934 45.63201)
MODEL 3,5YJ3E1EB0R,King,Redmond,53033032325,WA,POINT (-122.13158 47.67858)
ID. BUZZ,WVG6YVEB2S,King,Kenmore,53033022102,WA,POINT (-122.24369 47.75892)
ESCAPE,1FMCU0E1XR,Kitsap,Bremerton,53035081000,WA,POINT (-122.65223 47.57192)
PACIFICA,2C4RC1L79N,Kitsap,Bainbridge Island,53035090700,WA,POINT (-122.521 47.62759)
MODEL Y,7SAYGDEE9R,King,Kent,53033029407,WA,POINT (-122.17743 47.41185)
MODEL Y,5YJYGDEE8M,King,Kirkland,53033022604,WA,POINT (-122.2066 47.67887)
X3,5UXTS1C08M,King,Bellevue,53033023500,WA,POINT (-122.1621 47.64441)
R1S,7PDSGABA6R,King,Seattle,53033007800,WA,POINT (-122.31009 47.60803)
MODEL Y,7SAYGDEE8P,King,Shoreline,53033020200,WA,POINT (-122.37238 47.74068)
EV6,KNDC3DLC4P,King,Lake Forest Park,53033021300,WA,POINT (-122.30304 47.75494)
R1S,7PDSGABA7P,King,Seattle,53033001600,WA,POINT (-122.37238 47.74068)
MODEL Y,7SAYGDEE8N,King,North Bend,53033032705,WA,POINT (-121.7831 47.49348)
MODEL Y,5YJYGDEE3M,King,Seattle,53033009500,WA,POINT (-122.30866 47.57874)
ID.4,WVGUNPE26N,King,Seattle,53033001400,WA,POINT (-122.33364 47.73709)
PROLOGUE,3GPKHXRJ3R,King,Kent,53033029403,WA,POINT (-122.17743 47.41185)
MODEL 3,5YJ3E1EA5R,King,Bellevue,53033024001,WA,POINT (-122.1872 47.61001)
MODEL 3,5YJ3E1EA3J,King,Mercer Island,53033024302,WA,POINT (-122.21238 47.57816)
VOLT,1G1RD6S52H,Island,Oak Harbor,53029970602,WA,POINT (-122.64682 48.29077)
MODEL 3,5YJ3E1EB7L,King,Seattle,53033006701,WA,POINT (-122.34845 47.63283)
MODEL Y,5YJYGAEE7M,King,Seattle,53033001202,WA,POINT (-122.30253 47.72656)
MODEL Y,7SAYGDEEXP,King,Seattle,53033006200,WA,POINT (-122.30207 47.64085)
TUCSON,KM8JFDA20N,Clark,Ridgefield,53011040412,WA,POINT (-122.74595 45.81539)
IONIQ 5,7YAKRDDC1T,King,Kirkland,53033021903,WA,POINT (-122.22901 47.72201)
IONIQ,KMHC75LJ8L,Clark,Vancouver,53011040806,WA,POINT (-122.57722 45.64251)
XC90,YV4BR0CK1L,King,Seattle,53033006701,WA,POINT (-122.34845 47.63283)
MODEL 3,5YJ3E1EB1M,King,Seattle,53033002000,WA,POINT (-122.31676 47.68156)
MODEL 3,5YJ3E1ET4S,Snohomish,Bothell,53061051918,WA,POINT (-122.18384 47.8031)
MODEL S,5YJSA1E25J,Clark,Vancouver,53011040803,WA,POINT (-122.62731 45.71668)
ESCAPE,1FMCU0LZ8N,King,Kirkland,53033022402,WA,POINT (-122.2066 47.67887)
MODEL Y,7SAYGDEEXT,King,Bothell,53033021804,WA,POINT (-122.20563 47.76144)
F-150,1FTVW1ELXP,Clallam,Sequim,53009002301,WA,POINT (-123.10367 48.07965)
LEAF,1N4BZ1CP3K,King,Seattle,53033001202,WA,POINT (-122.30253 47.72656)
CYBERTRUCK,7G2CEHED9R,King,Federal Way,53033030308,WA,POINT (-122.36217 47.31011)
MUSTANG MACH-E,3FMTK3SU0R,King,Kirkland,53033022300,WA,POINT (-122.22901 47.72201)
AIR,50EA1TEA1S,King,Bellevue,53033024001,WA,POINT (-122.1872 47.61001)
RAV4 PRIME (PHEV),JTMFB3FV2S,King,Sammamish,53033032207,WA,POINT (-122.03539 47.61344)
MODEL Y,7SAYGDEF9R,King,Renton,53033025806,WA,POINT (-122.19488 47.44034)
NIRO,KNDCC3LG8N,King,Seattle,53033009500,WA,POINT (-122.30866 47.57874)
MODEL 3,5YJ3E1EB2J,King,Bellevue,53033024001,WA,POINT (-122.1872 47.61001)
NIRO,KNDCR3L13S,King,Seattle,53033000402,WA,POINT (-122.37238 47.74068)
LEAF,1N4AZ1CP6K,King,Seattle,53033002700,WA,POINT (-122.35436 47.67596)
MODEL 3,5YJ3E1EC9P,Kitsap,Bainbridge Island,53035090800,WA,POINT (-122.521 47.62759)
KONA,KM8HC3A66R,Snohomish,Monroe,53061052207,WA,POINT (-121.98087 47.8526)
FUSION,3FA6P0PU7E,King,Seattle,53033000402,WA,POINT (-122.33364 47.73709)
MODEL Y,7SAYGDEE9T,Clark,Vancouver,53011040910,WA,POINT (-122.70303 45.70954)
GLE-CLASS,4JGFB4GB8R,King,Kirkland,53033022603,WA,POINT (-122.2066 47.67887)
R1S,7PDSGABA0P,King,Redmond,53033032321,WA,POINT (-122.13158 47.67858)
BOLT EUV,1G1FY6S0XP,King,Bellevue,53033023805,WA,POINT (-122.1872 47.61001)
TUCSON,KM8JBDD27S,Clark,Vancouver,53011040812,WA,POINT (-122.62731 45.71668)
XC40,YV4ED3UR3M,Kitsap,Bainbridge Island,53035090902,WA,POINT (-122.521 47.62759)
MODEL Y,7SAYGDEEXT,Clark,Camas,53011040609,WA,POINT (-122.40177 45.58705)
MODEL Y,7SAYGDED4S,Snohomish,Bothell,53061051927,WA,POINT (-122.20105 47.84423)
MODEL 3,5YJ3E1EA7T,King,Bellevue,53033023806,WA,POINT (-122.1872 47.61001)
EQE-CLASS SEDAN,W1KEG1CB9S,Kitsap,Bainbridge Island,53035090902,WA,POINT (-122.521 47.62759)
SOLTERRA,JTMABABA8R,Clark,Vancouver,53011040709,WA,POINT (-122.57722 45.64251)
IONIQ 5,KM8KNDAF4P,King,Seattle,53033001400,WA,POINT (-122.37238 47.74068)
BOLT EV,1G1FY6S06L,Kitsap,Suquamish,53035940100,WA,POINT (-122.55242 47.73162)
MODEL 3,5YJ3E1EA4N,King,Tukwila,53033028200,WA,POINT (-122.27979 47.44952)
MODEL S,5YJSA1E27J,King,Renton,53033029308,WA,POINT (-122.19488 47.44034)
MODEL Y,7SAYGDEE8N,King,Seattle,53033000602,WA,POINT (-122.33364 47.73709)
IONIQ 5,7YAKNDDC5S,King,Seattle,53033001600,WA,POINT (-122.37238 47.74068)
MODEL Y,5YJYGDEE7M,Kitsap,Port Orchard,53035092704,WA,POINT (-122.63848 47.5414)
MODEL 3,5YJ3E1EA0R,Snohomish,Mill Creek,53061052008,WA,POINT (-122.20105 47.84423)
RAV4 PRIME (PHEV),JTMAB3FV1S,Clark,Vancouver,53011041322,WA,POINT (-122.49212 45.60365)
MODEL S,5YJSA1E59M,King,Seattle,53033001702,WA,POINT (-122.37238 47.74068)
MODEL S,5YJSA1E6XR,King,Kirkland,53033021905,WA,POINT (-122.22901 47.72201)
MODEL S,5YJSA1E59N,King,Bellevue,53033024701,WA,POINT (-122.12096 47.55584)
MODEL Y,7SAYGDEE0N,King,Seattle,53033002900,WA,POINT (-122.35436 47.67596)
MUSTANG MACH-E,3FMTK3SS4M,Clark,Vancouver,53011040904,WA,POINT (-122.70303 45.70954)
MODEL Y,7SAYGDEE3N,King,Bellevue,53033024001,WA,POINT (-122.1872 47.61001)
KONA,KM8HC3A66S,Snohomish,Lake Stevens,53061052607,WA,POINT (-122.06402 48.01497)
SOLTERRA,JTMABABA1P,Snohomish,Lake Stevens,53061052505,WA,POINT (-122.06402 48.01497)
VOLT,1G1RA6S52H,King,Maple Valley,53033032010,WA,POINT (-122.04526 47.39394)
MODEL Y,7SAYGDED8T,Clark,Ridgefield,53011040905,WA,POINT (-122.74595 45.81539)
MODEL Y,7SAYGDEE3P,King,Bothell,53033021804,WA,POINT (-122.20563 47.76144)
MODEL Y,7SAYGDEF6R,Kitsap,Kingston,53035090102,WA,POINT (-122.4977 47.79802)
MODEL Y,5YJYGDEEXL,Clark,Vancouver,53011042400,WA,POINT (-122.67156 45.63248)
MODEL Y,7SAYGDEE8P,Snohomish,Snohomish,53061041610,WA,POINT (-122.1389 47.87115)
MODEL X,7SAXCDE53N,King,Woodinville,53033032320,WA,POINT (-122.15545 47.75448)
BZ4X,JTMABACA6S,King,Shoreline,53033020800,WA,POINT (-122.37238 47.74068)
MODEL Y,7SAYGDEE3R,King,Bellevue,53033024001,WA,POINT (-122.1872 47.61001)
MODEL Y,7SAYGDEE4R,King,Bellevue,53033023300,WA,POINT (-122.11867 47.63131)
EV9,5XYAFFS52S,Kitsap,Bainbridge Island,53035090700,WA,POINT (-122.521 47.62759)
BZ4X,JTMABACA6R,King,Redmond,53033032330,WA,POINT (-122.13158 47.67858)
MODEL Y,7SAYGDEE3N,King,Seattle,53033001000,WA,POINT (-122.30253 47.72656)
MODEL Y,7SAYGAEE0P,Clark,Camas,53011041400,WA,POINT (-122.40177 45.58705)
CORSAIR,5LMTJ5DZ8P,Clark,Vancouver,53011040713,WA,POINT (-122.55149 45.69345)
MODEL Y,7SAYGDET9T,King,Bellevue,53033023500,WA,POINT (-122.1621 47.64441)
E-TRON GT,WAUFJBFW4N,King,Bellevue,53033024001,WA,POINT (-122.1872 47.61001)
MODEL 3,5YJ3E1EC3M,King,Burien,53033028500,WA,POINT (-122.32472 47.44519)
F-150,1FT6W1EVXN,King,Newcastle,53033024703,WA,POINT (-122.18839 47.51197)
MODEL 3,5YJ3E1EA2T,King,Duvall,53033032401,WA,POINT (-121.98609 47.74068)
ARIYA HATCHBACK,JN1AF0BA8P,Clark,Vancouver,53011041206,WA,POINT (-122.59219 45.62158)
BOLT EUV,1G1FZ6S04P,King,Kirkland,53033022604,WA,POINT (-122.2066 47.67887)
MODEL Y,7SAYGAEE2N,Clark,Vancouver,53011041900,WA,POINT (-122.67156 45.63248)
MODEL Y,7SAYGDED7T,King,Bellevue,53033023500,WA,POINT (-122.1621 47.64441)
MODEL Y,7SAYGDEE1T,King,Issaquah,53033032221,WA,POINT (-122.01656 47.57118)
NX,JTJHKCFZ3S,King,Kirkland,53033022701,WA,POINT (-122.2066 47.67887)
MODEL Y,7SAYGDEE0S,King,Bellevue,53033024002,WA,POINT (-122.1872 47.61001)
MODEL 3,5YJ3E1EA8S,King,Bellevue,53033024901,WA,POINT (-122.12096 47.55584)
TRANSIT,1FTBW9CK8P,King,Seattle,53033004703,WA,POINT (-122.38591 47.67597)
MODEL 3,5YJ3E1EAXT,King,Bellevue,53033023901,WA,POINT (-122.1872 47.61001)
ID.4,1V2BMPE89R,Snohomish,Bothell,53061051933,WA,POINT (-122.20105 47.84423)
MODEL 3,5YJ3E1EB6M,King,Seattle,53033001600,WA,POINT (-122.37238 47.74068)
I4,WBY43AW00P,King,Seattle,53033007800,WA,POINT (-122.31009 47.60803)
VOLT,1G1RA6E43E,King,Seattle,53033001400,WA,POINT (-122.37238 47.74068)
MODEL 3,5YJ3E1EA1T,King,Kirkland,53033022701,WA,POINT (-122.2066 47.67887)
R1S,7PDSGABAXP,King,Seattle,53033001600,WA,POINT (-122.37238 47.74068)
MODEL Y,7SAYGDEE9T,King,Kirkland,53033022603,WA,POINT (-122.2066 47.67887)
GLE-CLASS,4JGFB4GB6R,King,Bellevue,53033023201,WA,POINT (-122.12056 47.61334)
ESCAPE,1FMCU0E14R,Clark,Vancouver,53011041335,WA,POINT (-122.48723 45.63701)
PROLOGUE,3GPKHXRJ2R,Clark,Vancouver,53011042602,WA,POINT (-122.62934 45.63201)
MODEL Y,7SAYGDEF3N,King,Kirkland,53033022501,WA,POINT (-122.2066 47.67887)
MODEL Y,7SAYGDEE6N,King,Seattle,53033004500,WA,POINT (-122.31307 47.66127)
SILVERADO,1GC10ZED5T,King,Seattle,53033000800,WA,POINT (-122.30253 47.72656)
IONIQ 5,KM8KRDDF7R,Kitsap,Bainbridge Island,53035090700,WA,POINT (-122.521 47.62759)
LYRIQ,1GYKPURL3S,King,Seattle,53033005000,WA,POINT (-122.35436 47.67596)
MODEL X,7SAXCBE53T,King,Seattle,53033001100,WA,POINT (-122.30253 47.72656)
MODEL Y,7SAYGDEE2T,King,Bothell,53033022001,WA,POINT (-122.20563 47.76144)
ARIYA HATCHBACK,JN1CF0BBXR,Snohomish,Bothell,53061051922,WA,POINT (-122.18384 47.8031)
MODEL Y,7SAYGAEE1R,King,Issaquah,53033032104,WA,POINT (-122.03439 47.5301)
I7,WBY53EJ07S,King,Sammamish,53033032316,WA,POINT (-122.02054 47.60326)
500,3C3CFFGE2F,King,Tukwila,53033026300,WA,POINT (-122.25031 47.49481)
KONA,KM8HE3A64S,King,Seattle,53033005902,WA,POINT (-122.36381 47.63046)
HARDTOP,WMW13DJ03R,King,Kent,53033029603,WA,POINT (-122.19976 47.37483)
MODEL Y,7SAYGDEEXP,King,Bellevue,53033023801,WA,POINT (-122.1872 47.61001)
RZ,JTJAAAAB4S,King,Seattle,53033009600,WA,POINT (-122.41067 47.57894)
MODEL 3,5YJ3E1EA0S,King,Sammamish,53033032318,WA,POINT (-122.02054 47.60326)
LEAF,1N4AZ1CV4N,Snohomish,Snohomish,53061052206,WA,POINT (-122.09305 47.91265)
XC60,YV4H60DL3R,Clark,Battle Ground,53011040408,WA,POINT (-122.5331 45.78092)
MODEL Y,7SAYGDEE5T,King,Sammamish,53033032215,WA,POINT (-122.03539 47.61344)
IX,WB543CF02T,King,Lake Forest Park,53033021300,WA,POINT (-122.30304 47.75494)
MODEL Y,7SAYGDEF9P,Clark,Battle Ground,53011040504,WA,POINT (-122.5331 45.78092)
I4,WBY73AW07P,Kitsap,Bremerton,53035080500,WA,POINT (-122.62749 47.565)
MODEL Y,7SAYGDEE8P,King,Seattle,53033006701,WA,POINT (-122.34845 47.63283)
MODEL 3,5YJ3E1EA5P,King,Renton,53033029308,WA,POINT (-122.19488 47.44034)
MODEL 3,5YJ3E1EAXP,King,Federal Way,53033030203,WA,POINT (-122.3303 47.30151)
IX,WB523CF06R,King,Sammamish,53033032215,WA,POINT (-122.03539 47.61344)
MODEL X,5YJXCDE23J,King,Bellevue,53033023601,WA,POINT (-122.1872 47.61001)
IONIQ 5,KM8KRDDF9R,King,Seattle,53033012100,WA,POINT (-122.36322 47.49736)
I4,WBY83FB0XR,Kitsap,Suquamish,53035940100,WA,POINT (-122.55242 47.73162)
MODEL Y,7SAYGDEE8T,King,Bellevue,53033023902,WA,POINT (-122.1872 47.61001)
MODEL Y,7SAYGDEEXP,King,Kirkland,53033022701,WA,POINT (-122.2066 47.67887)
MODEL Y,7SAYGDEE4P,King,Bellevue,53033024001,WA,POINT (-122.1872 47.61001)
NIRO,KNDCD3LD1K,King,Kent,53033029306,WA,POINT (-122.17743 47.41185)
SOLTERRA,JTMABABA6P,Kitsap,Kingston,53035090102,WA,POINT (-122.4977 47.79802)
SOLTERRA,JTMABABA0R,King,Seattle,53033012100,WA,POINT (-122.36322 47.49736)
ID.4,1V2GNPE89P,King,Seattle,53033012000,WA,POINT (-122.36322 47.49736)
MODEL Y,7SAYGDEE4T,Clark,Vancouver,53011041317,WA,POINT (-122.48723 45.63701)
MUSTANG MACH-E,3FMTK3SU2S,King,Bellevue,53033024001,WA,POINT (-122.1872 47.61001)
Q6,WA124BGF6S,King,Kirkland,53033022604,WA,POINT (-122.2066 47.67887)
MODEL Y,7SAYGDEE8R,King,Burien,53033026700,WA,POINT (-122.36322 47.49736)
EQS-CLASS SUV,4JGDM2EBXP,Snohomish,Lake Stevens,53061052604,WA,POINT (-122.06402 48.01497)
SOLTERRA,JTMABABA5R,King,Seattle,53033000800,WA,POINT (-122.30253 47.72656)
LEAF,1N4AZ1BV4P,Clark,Vancouver,53011040412,WA,POINT (-122.62731 45.71668)
SPORTAGE,KNDPYDDH4R,King,Kirkland,53033021904,WA,POINT (-122.22901 47.72201)
X5,5UX43EU09R,King,Seattle,53033000800,WA,POINT (-122.30253 47.72656)
WRANGLER,1C4RJXN63R,Clark,Vancouver,53011041323,WA,POINT (-122.49212 45.60365)
GRAVITY,7UUG1GHJ6T,King,Newcastle,53033025005,WA,POINT (-122.11589 47.50243)
MODEL 3,5YJ3E1EBXJ,King,Clyde Hill,53033024100,WA,POINT (-122.1872 47.61001)
WRANGLER,1C4JJXP63N,King,Kent,53033029604,WA,POINT (-122.19976 47.37483)
LEAF,1N4AZ0CP9D,King,Redmond,53033032323,WA,POINT (-122.13158 47.67858)
R1S,7PDSGABL5P,King,Kirkland,53033022101,WA,POINT (-122.22901 47.72201)
ID.4,WVGTMPE27M,Thurston,Rochester,53067012720,WA,POINT (-123.08743 46.82175)
POLESTAR 2,LPSED3KA0N,King,Seattle,53033009600,WA,POINT (-122.41067 47.57894)
E-TRON GT,WAUFJBFWXP,King,Kirkland,53033022203,WA,POINT (-122.22901 47.72201)
MODEL Y,7SAYGDEE7N,King,Federal Way,53033030006,WA,POINT (-122.3303 47.30151)
I4,WBY73AW04P,King,Tukwila,53033027200,WA,POINT (-122.29411 47.48924)
MODEL Y,7SAYGDEE4T,Clark,Battle Ground,53011040504,WA,POINT (-122.5331 45.78092)
PACIFICA,2C4RC1N78L,Clark,Vancouver,53011040909,WA,POINT (-122.70303 45.70954)
R1S,7PDSGABA3P,King,Redmond,53033032323,WA,POINT (-122.13158 47.67858)
XC90,YV4BR0CL1M,King,Seattle,53033007800,WA,POINT (-122.30207 47.64085)
CLARITY,JHMZC5F18L,King,Seattle,53033002200,WA,POINT (-122.30253 47.72656)
NIRO,KNDCC3LG9N,King,Redmond,53033032324,WA,POINT (-122.13158 47.67858)
NX,JTJHKCFZ0T,King,Sammamish,53033032217,WA,POINT (-122.02054 47.60326)
MODEL 3,5YJ3E1ET0S,King,Kirkland,53033022604,WA,POINT (-122.2066 47.67887)
KONA,KM8HC3A6XR,King,Kirkland,53033022006,WA,POINT (-122.2066 47.67887)
EV6,KNDC3DLC8N,Kitsap,Kingston,53035090102,WA,POINT (-122.4977 47.79802)
CX-90,JM3KKBHAXS,King,Tukwila,53033026300,WA,POINT (-122.25031 47.49481)
LEAF,1N4AZ1CP0J,Kitsap,Bainbridge Island,53035090700,WA,POINT (-122.521 47.62759)
R1S,7PDSGCBA1S,King,Kirkland,53033022501,WA,POINT (-122.2066 47.67887)
MODEL Y,7SAYGDEF7N,King,Seattle,53033006900,WA,POINT (-122.36381 47.63046)
SOUL,KNDJX3AE6J,King,Seattle,53033001000,WA,POINT (-122.30253 47.72656)
MODEL Y,7SAYGAEE2P,King,Seattle,53033001400,WA,POINT (-122.33364 47.73709)
MODEL Y,7SAYGDEE0T,King,Woodinville,53033021906,WA,POINT (-122.15545 47.75448)
LEAF,1N4AZ1CP8K,King,Kirkland,53033022005,WA,POINT (-122.22901 47.72201)
MODEL X,5YJXCDE24H,King,Burien,53033027901,WA,POINT (-122.34731 47.45207)
BOLT EV,1G1FW6S03H,King,Seattle,53033007800,WA,POINT (-122.31009 47.60803)
BZ4X,JTMAAAAA2S,King,Tukwila,53033026200,WA,POINT (-122.29411 47.48924)
LYRIQ,1GYKPTRK0R,King,Auburn,53033029602,WA,POINT (-122.18263 47.31825)
MODEL Y,7SAYGDEE9P,Snohomish,Mukilteo,53061042005,WA,POINT (-122.29196 47.89908)
MODEL Y,7SAYGDEE5R,King,Kent,53033029403,WA,POINT (-122.17743 47.41185)
MODEL Y,7SAYGDEE2R,Yakima,Yakima,53077002801,WA,POINT (-120.60272 46.59656)
ID.4,1V2DSPE88R,Clark,Vancouver,53011040910,WA,POINT (-122.70303 45.70954)
MODEL Y,7SAYGDEE4P,King,Kent,53033029602,WA,POINT (-122.19976 47.37483)
MODEL 3,5YJ3E1EB5N,King,Federal Way,53033030308,WA,POINT (-122.36217 47.31011)
X5,5UX43EU0XT,King,Seattle,53033005600,WA,POINT (-122.40092 47.65908)
WRANGLER,1C4JJXR61N,King,Seattle,53033001500,WA,POINT (-122.38418 47.70044)
LYRIQ,1GYKPWRL1S,King,Redmond,53033032324,WA,POINT (-122.13158 47.67858)
F-150,1FTVW3LK4R,Snohomish,Snohomish,53061052502,WA,POINT (-122.09305 47.91265)
PRIUS PRIME (PHEV),JTDKARFP1H,King,Federal Way,53033030006,WA,POINT (-122.3303 47.30151)
X5,5UXTA6C04P,King,Seattle,53033011901,WA,POINT (-122.25031 47.49481)
MODEL 3,5YJ3E1EBXK,King,Seattle,53033006701,WA,POINT (-122.34845 47.63283)
MODEL Y,7SAYGDEE7N,King,Redmond,53033022606,WA,POINT (-122.13158 47.67858)
LEAF,1N4CZ1CV0S,King,Redmond,53033032323,WA,POINT (-122.13158 47.67858)
R1S,7PDSGCBA0T,King,Duvall,53033032402,WA,POINT (-121.98609 47.74068)
ID.4,1V2CMPE89P,Kitsap,Port Orchard,53035092102,WA,POINT (-122.68516 47.50645)
MODEL 3,5YJ3E1EA0J,King,Medina,53033024200,WA,POINT (-122.23892 47.61613)
MODEL X,5YJXCBE22K,King,Bellevue,53033024001,WA,POINT (-122.1872 47.61001)
MODEL 3,5YJ3E1EB9T,King,Kirkland,53033022603,WA,POINT (-122.2066 47.67887)
OUTLANDER,JA4J2VA79N,King,Kirkland,53033022604,WA,POINT (-122.2066 47.67887)
F-150,1FTVW1EL6P,Thurston,Olympia,53067010600,WA,POINT (-122.92018 47.04575)
MODEL Y,7SAYGDEE7T,King,Redmond,53033032324,WA,POINT (-122.13158 47.67858)
EV6,5XYC34JAXS,Clark,Vancouver,53011040412,WA,POINT (-122.62731 45.71668)
MUSTANG MACH-E,3FMTK4SE0P,King,Kirkland,53033022205,WA,POINT (-122.22901 47.72201)
MODEL Y,7SAYGDEF3P,King,Seatac,53033028402,WA,POINT (-122.27979 47.44952)
MODEL 3,5YJ3E1EAXP,King,Seattle,53033004500,WA,POINT (-122.31307 47.66127)
PRIUS PRIME (PHEV),JTDACACU5P,King,Bellevue,53033024002,WA,POINT (-122.1872 47.61001)
EV9,5XYAFFS54T,Snohomish,Snohomish,53061052203,WA,POINT (-122.09305 47.91265)
CLARITY,JHMZC5F37J,Clark,Vancouver,53011042000,WA,POINT (-122.67156 45.63248)
EQUINOX,3GN7DNRP6T,King,Tukwila,53033028200,WA,POINT (-122.27979 47.44952)
MODEL Y,7SAYGDEE0R,Thurston,Olympia,53067010100,WA,POINT (-122.89165 47.03954)
ID.4,WVGTMPE21M,King,Seattle,53033002900,WA,POINT (-122.38418 47.70044)
IX,WB523CF06N,King,Kirkland,53033022701,WA,POINT (-122.2066 47.67887)
IONIQ 9,7YAMYFS55T,King,Kenmore,53033022102,WA,POINT (-122.24369 47.75892)
MODEL Y,7SAYGAEE8S,King,Kent,53033029701,WA,POINT (-122.19976 47.37483)
ID.4,1V2WNPE88P,King,Kirkland,53033021903,WA,POINT (-122.22901 47.72201)
TAYCAN,WP0AA2Y1XS,King,Clyde Hill,53033024100,WA,POINT (-122.1872 47.61001)
X5,5UXKT0C55G,Clark,Vancouver,53011040703,WA,POINT (-122.57722 45.64251)
MODEL Y,7SAYGDEE8R,King,Seattle,53033001202,WA,POINT (-122.30253 47.72656)
NIRO,KNDCR3L11R,King,Redmond,53033032323,WA,POINT (-122.13158 47.67858)
XC90,YV4BR0PM8J,Clark,Vancouver,53011041208,WA,POINT (-122.59219 45.62158)
MODEL Y,7SAYGDEDXT,King,Renton,53033029308,WA,POINT (-122.19488 47.44034)
GRAND CHEROKEE,1C4RJYE63P,King,Auburn,53033029902,WA,POINT (-122.28802 47.30264)
ARIYA HATCHBACK,JN1BF0AA5P,Clark,Vancouver,53011041208,WA,POINT (-122.59219 45.62158)
RZ,JTJBCACB8T,Thurston,Olympia,53067012002,WA,POINT (-122.92018 47.04575)
OUTLANDER,JA4T5WA91R,King,Federal Way,53033030007,WA,POINT (-122.3303 47.30151)
X5,5UX43EU04S,Yakima,Yakima,53077000800,WA,POINT (-120.51904 46.59782)
IONIQ 5,KM8KRDAF0P,King,Seattle,53033001600,WA,POINT (-122.38418 47.70044)
POLESTAR 2,LPSED3KA3N,King,Seattle,53033004703,WA,POINT (-122.38591 47.67597)
MODEL Y,7SAYGDEE2R,King,Kirkland,53033022401,WA,POINT (-122.2066 47.67887)
MODEL X,5YJXCBE23H,King,Bellevue,53033023901,WA,POINT (-122.1872 47.61001)
MUSTANG MACH-E,3FMTK3SS1P,Clark,Vancouver,53011040703,WA,POINT (-122.57722 45.64251)
LEAF,1N4AZ0CP4G,Clark,Vancouver,53011040811,WA,POINT (-122.62731 45.71668)
MODEL X,5YJXCDE22K,King,Bellevue,53033024001,WA,POINT (-122.1872 47.61001)
MODEL Y,5YJYGDEE8M,King,Kenmore,53033022101,WA,POINT (-122.24369 47.75892)
CX-70,JM3KJDHA5S,Snohomish,Everett,53061041809,WA,POINT (-122.27557 47.88936)
MODEL 3,5YJ3E1EA5P,King,Auburn,53033031206,WA,POINT (-122.18263 47.31825)
MODEL Y,7SAYGAEE2S,King,Auburn,53033029602,WA,POINT (-122.18263 47.31825)
MODEL 3,5YJ3E1ET0S,Snohomish,Granite Falls,53061053606,WA,POINT (-121.96931 48.08157)
LEAF,1N4BZ1CP4K,King,Seattle,53033000500,WA,POINT (-122.37238 47.74068)
EQUINOX,3GN7DMRP0S,Kitsap,Bainbridge Island,53035090800,WA,POINT (-122.521 47.62759)
BZ4X,JTMABACAXS,King,Seattle,53033001202,WA,POINT (-122.30253 47.72656)
MODEL Y,7SAYGDEE8T,King,Bellevue,53033024001,WA,POINT (-122.1872 47.61001)
BZ,JTMBDAFB9T,Clark,Vancouver,53011041313,WA,POINT (-122.57722 45.64251)
NX,JTJHKCFZ4T,King,Shoreline,53033020600,WA,POINT (-122.33364 47.73709)
MODEL Y,7SAYGDEE3R,Clark,Vancouver,53011040910,WA,POINT (-122.70303 45.70954)
ID.4,WVGTMPE20M,Clark,Vancouver,53011040909,WA,POINT (-122.70303 45.70954)
MUSTANG MACH-E,3FMTK4SX7S,King,Redmond,53033032324,WA,POINT (-122.13158 47.67858)
I4,WBY73HD08T,King,Seattle,53033009300,WA,POINT (-122.32741 47.58616)
PROLOGUE,3GPKHZRJ1R,King,Kirkland,53033022502,WA,POINT (-122.2066 47.67887)
MODEL 3,5YJ3E1EB8N,Clark,Camas,53011040605,WA,POINT (-122.40177 45.58705)
KONA,KM8K53AG3L,King,Seattle,53033011902,WA,POINT (-122.25031 47.49481)
EQE-CLASS SUV,4JGGM5DB7R,King,Kirkland,53033022501,WA,POINT (-122.2066 47.67887)
R1S,7PDSGFBA5T,Clark,Vancouver,53011041208,WA,POINT (-122.59219 45.62158)
MODEL Y,7SAYGDEF3N,King,Seattle,53033009600,WA,POINT (-122.41067 47.57894)
MODEL Y,7SAYGDED2T,King,Bothell,53033022102,WA,POINT (-122.20563 47.76144)
XC90,YV4BR0CL6M,King,Kirkland,53033022401,WA,POINT (-122.2066 47.67887)
MODEL X,5YJXCAE23L,King,Kirkland,53033022703,WA,POINT (-122.2066 47.67887)
HARDTOP,WMW13DJ01P,King,Sammamish,53033032224,WA,POINT (-122.03539 47.61344)
MODEL Y,7SAYGDEE3T,King,Bellevue,53033023902,WA,POINT (-122.1872 47.61001)
MODEL 3,5YJ3E1EBXM,King,Bellevue,53033024701,WA,POINT (-122.12096 47.55584)
LEAF,1N4AZ0CP6D,Kitsap,Bainbridge Island,53035090700,WA,POINT (-122.521 47.62759)
MODEL 3,5YJ3E1EB7M,King,Sammamish,53033032318,WA,POINT (-122.02054 47.60326)
LEAF,1N4AZ1BV0P,King,Federal Way,53033030310,WA,POINT (-122.36217 47.31011)
PRIUS PRIME (PHEV),JTDKARFP2J,King,Seattle,53033000800,WA,POINT (-122.30253 47.72656)
R1S,7PDSGFBA3T,King,Bellevue,53033023500,WA,POINT (-122.1621 47.64441)
MODEL Y,7SAYGDEE7P,King,Redmond,53033032323,WA,POINT (-122.13158 47.67858)
MODEL 3,5YJ3E1EA1R,Clark,Vancouver,53011041310,WA,POINT (-122.49212 45.60365)
MODEL Y,7SAYGDEE6N,King,Seattle,53033001202,WA,POINT (-122.30253 47.72656)
MODEL Y,7SAYGDEE4T,King,Kirkland,53033022005,WA,POINT (-122.22901 47.72201)
MODEL Y,7SAYGDEE9T,King,Bellevue,53033024001,WA,POINT (-122.1872 47.61001)
MODEL 3,5YJ3E1EA2K,King,Seattle,53033001400,WA,POINT (-122.37238 47.74068)
MODEL S,5YJSA1E20G,King,Sammamish,53033032213,WA,POINT (-122.03539 47.61344)
Q4,WA1K2BFZ7R,King,Bellevue,53033023701,WA,POINT (-122.1872 47.61001)
MODEL Y,7SAYGDEE1P,King,Bellevue,53033023801,WA,POINT (-122.1872 47.61001)
MODEL Y,7SAYGDEE4P,King,Sammamish,53033032316,WA,POINT (-122.02054 47.60326)
R1S,7PDSGABA8P,King,Kirkland,53033021905,WA,POINT (-122.22901 47.72201)
LEAF,1N4AZ0CP7D,King,Bellevue,53033023000,WA,POINT (-122.11867 47.63131)
BOLT EUV,1G1FY6S04P,King,Sammamish,53033032216,WA,POINT (-122.03539 47.61344)
MODEL Y,7SAYGDEF6P,King,Kirkland,53033022003,WA,POINT (-122.22901 47.72201)
VISTIQ,1GYC3MML6T,King,Seattle,53033000500,WA,POINT (-122.37238 47.74068)
MODEL Y,7SAYGAEE5N,King,Kirkland,53033022402,WA,POINT (-122.2066 47.67887)
R1T,7FCTGAAA4N,Clark,Vancouver,53011040709,WA,POINT (-122.57722 45.64251)
MODEL X,7SAXCAE59N,King,Kent,53033029403,WA,POINT (-122.17743 47.41185)
MODEL 3,5YJ3E1EC2P,King,Sammamish,53033032224,WA,POINT (-122.03539 47.61344)
MODEL Y,7SAYGAEE6P,King,Issaquah,53033025006,WA,POINT (-122.03439 47.5301)
MODEL Y,7SAYGDEE8T,Kitsap,Silverdale,53035091205,WA,POINT (-122.69275 47.65171)
EQUINOX,3GN7DSRR3S,King,Seattle,53033002000,WA,POINT (-122.31676 47.68156)
MODEL 3,5YJ3E1EC7P,King,Shoreline,53033020500,WA,POINT (-122.30304 47.75494)
Q5 E,WA1E2AFY2L,King,Kirkland,53033022702,WA,POINT (-122.2066 47.67887)
WRANGLER,1C4JJXP62P,Yakima,Mabton,53077002701,WA,POINT (-119.99854 46.21092)
MODEL 3,5YJ3E1EAXP,Clark,Vancouver,53011041206,WA,POINT (-122.59219 45.62158)
Q5 E,WA1E2AFY7M,Thurston,Olympia,53067010200,WA,POINT (-122.87741 47.05997)
MODEL 3,5YJ3E1EB5M,King,Issaquah,53033032221,WA,POINT (-122.01656 47.57118)
XC90,YV4H60CE5R,Snohomish,Edmonds,53061042005,WA,POINT (-122.31768 47.87166)
MODEL Y,5YJYGDEE9M,King,Seattle,53033000601,WA,POINT (-122.33364 47.73709)
SQ6,WA125BGF5S,King,Issaquah,53033032103,WA,POINT (-122.03439 47.5301)
LEAF,1N4BZ1DV6M,King,Sammamish,53033032207,WA,POINT (-122.03539 47.61344)
LYRIQ,1GYKPURK7T,Clark,Vancouver,53011041337,WA,POINT (-122.48723 45.63701)
Q5 E,WA1F2BFY5P,King,Seattle,53033012100,WA,POINT (-122.36322 47.49736)
MODEL 3,5YJ3E1EA8M,Thurston,Olympia,53067010700,WA,POINT (-122.89165 47.03954)
I3,WBY8P8C57K,Kitsap,Bainbridge Island,53035091002,WA,POINT (-122.521 47.62759)
MODEL 3,5YJ3E1EB5K,King,Sammamish,53033032207,WA,POINT (-122.03539 47.61344)
KONA,KM8K23AG6M,King,Seattle,53033004703,WA,POINT (-122.38591 47.67597)
RAV4 PRIME (PHEV),JTMFB3FV2R,King,Seattle,53033001600,WA,POINT (-122.38418 47.70044)
LEAF,1N4AZ1CV4N,King,Shoreline,53033020800,WA,POINT (-122.33364 47.73709)
MODEL Y,7SAYGDEE1S,King,Bellevue,53033023806,WA,POINT (-122.1872 47.61001)
C40,YV4ER3GM7R,Thurston,Yelm,53067012531,WA,POINT (-122.60735 46.94239)
PROLOGUE,3GPKHXRJ6S,King,Seattle,53033000202,WA,POINT (-122.30253 47.72656)
MODEL Y,7SAYGDEE4P,King,Sammamish,53033032215,WA,POINT (-122.03539 47.61344)
R1T,7FCTGBAA0P,King,Seattle,53033001000,WA,POINT (-122.30253 47.72656)
MODEL 3,5YJ3E1EA1P,Clark,Vancouver,53011040803,WA,POINT (-122.62731 45.71668)
MODEL S,5YJSA1H17E,King,Bellevue,53033024901,WA,POINT (-122.12096 47.55584)
MODEL Y,7SAYGDED0T,King,Bellevue,53033025008,WA,POINT (-122.12096 47.55584)
F-150,1FTVW3LU1S,Clark,Vancouver,53011040908,WA,POINT (-122.70303 45.70954)
MODEL 3,5YJ3E1ECXL,Kitsap,Kingston,53035090102,WA,POINT (-122.4977 47.79802)
R1T,7FCTGBAAXP,Clark,Vancouver,53011040907,WA,POINT (-122.70303 45.70954)
COUNTRYMAN,WMZYU7C44J,King,Seattle,53033006400,WA,POINT (-122.30207 47.64085)
LEAF,1N4AZ1BV6N,King,Kirkland,53033022003,WA,POINT (-122.22901 47.72201)
TAYCAN,WP0AA2Y16T,King,Bellevue,53033023702,WA,POINT (-122.1621 47.64441)
SOLTERRA,JTMBDAFC3T,King,Kirkland,53033022501,WA,POINT (-122.2066 47.67887)
ID.4,1V2WNPE80P,Clark,Vancouver,53011041008,WA,POINT (-122.64443 45.67871)
MODEL Y,7SAYGAEE8R,Thurston,Rainier,53067012530,WA,POINT (-122.68993 46.88897)
Q4,WA1LUBFZ9R,King,Kirkland,53033022603,WA,POINT (-122.2066 47.67887)
MODEL Y,7SAYGDEE4S,King,Bellevue,53033023401,WA,POINT (-122.12056 47.61334)
MODEL Y,7SAYGDEE0P,King,Kent,53033029408,WA,POINT (-122.17743 47.41185)
ARIYA HATCHBACK,JN1CF0BB6R,Snohomish,Bothell,53061051933,WA,POINT (-122.20105 47.84423)
AIR,50EA1TEA7P,King,Seattle,53033007302,WA,POINT (-122.34223 47.61085)
530E,WBAJB1C50K,King,Kent,53033029307,WA,POINT (-122.17743 47.41185)
LYRIQ,1GYKPVRL5R,King,Seattle,53033001000,WA,POINT (-122.30253 47.72656)
LEAF,1N4AZ0CPXG,King,Bothell,53033022001,WA,POINT (-122.20563 47.76144)
MODEL 3,5YJ3E1EB1J,King,Bellevue,53033023300,WA,POINT (-122.12056 47.61334)
MODEL 3,5YJ3E1EB9J,King,Kirkland,53033022401,WA,POINT (-122.2066 47.67887)
I5,WBY33HG04T,King,Seattle,53033009300,WA,POINT (-122.32741 47.58616)
LEAF,1N4AZ1CPXJ,King,Bellevue,53033023805,WA,POINT (-122.1872 47.61001)
MUSTANG MACH-E,3FMTK3SU7S,King,Sammamish,53033032318,WA,POINT (-122.02054 47.60326)
EV6,KNDC3DLC3P,King,Sammamish,53033032316,WA,POINT (-122.02054 47.60326)
PRIUS PRIME (PHEV),JTDKAMFP3M,Snohomish,Monroe,53061052203,WA,POINT (-121.98087 47.8526)
MODEL S,5YJSA1E60N,King,Shoreline,53033020600,WA,POINT (-122.30304 47.75494)
EV9,5XYAFFS59T,Snohomish,Lynnwood,53061051802,WA,POINT (-122.27734 47.83785)
EX30,YV4EK3ZK6S,King,Seattle,53033000500,WA,POINT (-122.37238 47.74068)
MODEL X,5YJXCDE25L,King,Burien,53033027600,WA,POINT (-122.34731 47.45207)
PRIUS PRIME (PHEV),JTDKARFP8J,King,Kent,53033029408,WA,POINT (-122.17743 47.41185)
ID.4,1V2WNPE89P,King,Seattle,53033000202,WA,POINT (-122.30253 47.72656)
IX,WB523CF08R,Clark,Vancouver,53011041312,WA,POINT (-122.55149 45.69345)
I4,WBY43AW09R,Snohomish,Mukilteo,53061042001,WA,POINT (-122.29196 47.89908)
MODEL 3,5YJ3E1EB3S,King,Kirkland,53033022702,WA,POINT (-122.2066 47.67887)
MODEL Y,7SAYGDEE6T,King,Bellevue,53033023500,WA,POINT (-122.1621 47.64441)
MODEL 3,5YJ3E1EA5P,Snohomish,Mill Creek,53061052004,WA,POINT (-122.20105 47.84423)
LEAF,1N4AZ1BV0P,King,Renton,53033025101,WA,POINT (-122.11589 47.50243)
MODEL Y,7SAYGDEE5P,King,Federal Way,53033030310,WA,POINT (-122.36217 47.31011)
LEAF,1N4AZ1CVXN,Thurston,Olympia,53067010100,WA,POINT (-122.89165 47.03954)
WRANGLER,1C4RJXN69R,Clark,Vancouver,53011040409,WA,POINT (-122.62731 45.71668)
R1S,7PDSGBBA8R,King,Kirkland,53033022401,WA,POINT (-122.2066 47.67887)
MODEL Y,7SAYGDEEXN,Clark,Vancouver,53011041011,WA,POINT (-122.64695 45.65675)
MODEL 3,5YJ3E1EA2S,King,North Bend,53033032705,WA,POINT (-121.7831 47.49348)
EV6,5XYC4DJC6S,King,Seattle,53033012100,WA,POINT (-122.36322 47.49736)
MODEL Y,7SAYGAEE8P,King,Bellevue,53033025006,WA,POINT (-122.12096 47.55584)
C40,YV4ED3GL7P,King,Des Moines,53033029001,WA,POINT (-122.30615 47.38542)
MODEL 3,5YJ3E1EA8R,King,Kent,53033029306,WA,POINT (-122.17743 47.41185)
SOLTERRA,JTMBDAFC3T,Cowlitz,Longview,53015000400,WA,POINT (-122.95058 46.14681)
I3,WBY7Z2C55J,King,Bellevue,53033023604,WA,POINT (-122.12056 47.61334)
MODEL 3,5YJ3E1EB1P,King,Redmond,53033022803,WA,POINT (-122.13158 47.67858)
MODEL X,5YJXCDE25K,King,Seattle,53033008600,WA,POINT (-122.31009 47.60803)
MODEL Y,7SAYGAEE6N,King,Redmond,53033022605,WA,POINT (-122.13158 47.67858)
LEAF,1N4AZ1BV5R,Kitsap,Bainbridge Island,53035090800,WA,POINT (-122.521 47.62759)
MODEL Y,7SAYGDEF5P,Snohomish,Lake Stevens,53061052604,WA,POINT (-122.06402 48.01497)
HARDTOP,WMW13DJ00R,King,Sammamish,53033032317,WA,POINT (-122.02054 47.60326)
MODEL 3,5YJ3E1EB3S,King,Bellevue,53033024901,WA,POINT (-122.12096 47.55584)
MODEL X,7SAXCBE64R,King,Seattle,53033008003,WA,POINT (-122.34468 47.61578)
MODEL Y,7SAYGAEE3S,King,Shoreline,53033021100,WA,POINT (-122.30304 47.75494)
ID.4,1V2WNPE89P,King,Seattle,53033006500,WA,POINT (-122.32427 47.63433)
R1S,7PDSGFBA0T,Clark,Vancouver,53011041009,WA,POINT (-122.64443 45.67871)
MODEL Y,7SAYGDEE3P,Snohomish,Everett,53061041610,WA,POINT (-122.18637 47.89251)
MODEL X,5YJXCAE2XL,King,Kirkland,53033022402,WA,POINT (-122.2066 47.67887)
R1S,7PDSGABA0P,King,Kirkland,53033022501,WA,POINT (-122.2066 47.67887)
AVIATOR,5LMYJ9YY7M,King,Seattle,53033006300,WA,POINT (-122.30207 47.64085)
MODEL Y,7SAYGAEE6R,Clark,Vancouver,53011041206,WA,POINT (-122.59219 45.62158)
XC90,YV4BR0CL1N,King,Seattle,53033005402,WA,POINT (-122.35436 47.67596)
MODEL 3,5YJ3E1EB3L,King,Seattle,53033006400,WA,POINT (-122.30207 47.64085)
MODEL 3,5YJ3E1EA7K,King,Shoreline,53033020800,WA,POINT (-122.37238 47.74068)
MODEL Y,7SAYGDEE3T,King,Bellevue,53033023806,WA,POINT (-122.1872 47.61001)
MUSTANG MACH-E,3FMTK3SU4R,Clark,Vancouver,53011041336,WA,POINT (-122.48723 45.63701)
Q4,WA1LUBFZ2R,King,Seattle,53033007002,WA,POINT (-122.34845 47.63283)
MODEL Y,5YJYGDEEXM,King,Bellevue,53033023202,WA,POINT (-122.11867 47.63131)
MODEL Y,5YJYGDEF2M,Clark,Brush Prairie,53011040505,WA,POINT (-122.54578 45.73473)
COUNTRYMAN,WMZ53GA0XS,King,Lake Forest Park,53033021400,WA,POINT (-122.30304 47.75494)
BOLT EUV,1G1FZ6S04N,King,Seattle,53033001400,WA,POINT (-122.37238 47.74068)
MODEL Y,7SAYGDEE3T,King,Kent,53033029701,WA,POINT (-122.19976 47.37483)
MODEL Y,7SAYGDEE6P,King,Bothell,53033021905,WA,POINT (-122.20563 47.76144)
PRIUS PRIME (PHEV),JTDKARFP0J,Yakima,Yakima,53077000800,WA,POINT (-120.51904 46.59782)
MUSTANG MACH-E,3FMTK4SX8N,King,Bellevue,53033023807,WA,POINT (-122.1872 47.61001)
BOLT EV,1G1FW6S00P,King,Seattle,53033000102,WA,POINT (-122.30253 47.72656)
XC40,YV4ED3UR0M,King,Seattle,53033009400,WA,POINT (-122.30866 47.57874)
I4,WBY23HD00S,King,Clyde Hill,53033024100,WA,POINT (-122.1872 47.61001)
IONIQ 5,KM8KRDAF8P,King,Seattle,53033001100,WA,POINT (-122.30253 47.72656)
EQUINOX,3GN7DSRR4S,King,Auburn,53033031207,WA,POINT (-122.18263 47.31825)
R1T,7FCTGAAA2P,King,Covington,53033031710,WA,POINT (-122.10798 47.37124)
Q5 E,WA1E2AFY1P,Clark,Vancouver,53011041309,WA,POINT (-122.49212 45.60365)
C40,YV4ED3GM2P,King,Shoreline,53033021000,WA,POINT (-122.33364 47.73709)
MODEL Y,7SAYGDEE6R,King,Bellevue,53033023805,WA,POINT (-122.1872 47.61001)
IONIQ 5,7YAKRDDC3T,King,Seattle,53033007405,WA,POINT (-122.32427 47.63433)
LEAF,1N4AZ1BV5M,Clark,Vancouver,53011040803,WA,POINT (-122.62731 45.71668)
MODEL Y,7SAYGAEE4S,King,Kent,53033029702,WA,POINT (-122.19976 47.37483)
F-150,1FT6W1EV6P,Clark,Ridgefield,53011040303,WA,POINT (-122.74595 45.81539)
BOLT EV,1G1FY6S01K,King,Seattle,53033006300,WA,POINT (-122.30207 47.64085)
MODEL 3,5YJ3E1EB5N,Snohomish,Mukilteo,53061042006,WA,POINT (-122.29196 47.89908)
BOLT EV,1G1FW6S09J,King,Seattle,53033009000,WA,POINT (-122.30866 47.57874)
IONIQ 9,7YAMYFS57T,Clark,Vancouver,53011041329,WA,POINT (-122.49212 45.60365)
MODEL S,5YJSA1E21J,King,Bellevue,53033024001,WA,POINT (-122.1872 47.61001)
TAYCAN,WP0AA2Y15N,King,Covington,53033031705,WA,POINT (-122.10798 47.37124)
SPORTAGE,KNDPZDAH7P,Clark,Vancouver,53011041321,WA,POINT (-122.48723 45.63701)
ESPRINTER,W1Y4VCHY7R,King,Bothell,53033022001,WA,POINT (-122.20563 47.76144)
MODEL 3,5YJ3E1EB8J,King,Seattle,53033006200,WA,POINT (-122.30207 47.64085)
FOCUS,1FADP3R43D,King,Kirkland,53033022501,WA,POINT (-122.2066 47.67887)
TAYCAN,WP0AB2Y1XL,King,Sammamish,53033032215,WA,POINT (-122.03539 47.61344)
XC90,YV4BR0CLXN,King,Seattle,53033001000,WA,POINT (-122.30253 47.72656)
MODEL S,5YJSA1E2XJ,Clark,Vancouver,53011040905,WA,POINT (-122.70303 45.70954)
X5,5UX43EU07S,King,Bellevue,53033025007,WA,POINT (-122.12096 47.55584)
PROLOGUE,3GPKHXRJ1R,Yakima,Selah,53077003100,WA,POINT (-120.53145 46.65405)
BOLT EV,1G1FX6S03H,King,Kirkland,53033022604,WA,POINT (-122.2066 47.67887)
LEAF,1N4BZ0CP5G,Clark,Vancouver,53011041325,WA,POINT (-122.49212 45.60365)
MODEL 3,5YJ3E1EA8P,Thurston,Tumwater,53067010910,WA,POINT (-123.04078 46.94792)
EV6,KNDC3DLC4R,King,Seattle,53033000500,WA,POINT (-122.37238 47.74068)
PRIUS,JTDKN3DP0C,King,Renton,53033025805,WA,POINT (-122.19488 47.44034)
MODEL Y,7SAYGAEE8P,King,Mercer Island,53033024301,WA,POINT (-122.21238 47.57816)
MUSTANG MACH-E,3FMTK4SE7P,Clark,Vancouver,53011040713,WA,POINT (-122.55149 45.69345)
MODEL 3,5YJ3E1EB9J,Clark,Vancouver,53011040909,WA,POINT (-122.70303 45.70954)
X5,5UX43EU09T,King,Bothell,53033022001,WA,POINT (-122.20563 47.76144)
MODEL Y,5YJYGAEE4M,King,Seattle,53033001100,WA,POINT (-122.30253 47.72656)
POLESTAR 2,YSMET3KAXP,Snohomish,Everett,53061041814,WA,POINT (-122.18637 47.89251)
MODEL Y,7SAYGAEE7P,King,Bellevue,53033023902,WA,POINT (-122.1872 47.61001)
BOLT EV,1G1FX6S0XH,Jefferson,Port Townsend,53031950604,WA,POINT (-122.77263 48.1212)
R1S,7PDSGABA0P,King,Burien,53033027800,WA,POINT (-122.34731 47.45207)
MODEL 3,5YJ3E1EC2P,King,Kirkland,53033022205,WA,POINT (-122.22901 47.72201)
MODEL Y,7SAYGAEE4S,King,Bellevue,53033024001,WA,POINT (-122.1872 47.61001)
MODEL S,5YJSA1E67M,Kitsap,Bremerton,53035091500,WA,POINT (-122.61158 47.62691)
MODEL Y,7SAYGDEE5N,King,Kirkland,53033022203,WA,POINT (-122.22901 47.72201)
VOLT,1G1RA6S56H,King,Issaquah,53033032104,WA,POINT (-122.03439 47.5301)
MODEL 3,5YJ3E1EA1P,King,Seattle,53033007502,WA,POINT (-122.31009 47.60803)
G80,KMTGE4S1XR,Yakima,Zillah,53077002201,WA,POINT (-120.26226 46.40199)
MODEL Y,7SAYGDEE6T,King,Newcastle,53033025001,WA,POINT (-122.18839 47.51197)
SQ6,WA135BGF4S,King,Bothell,53033021804,WA,POINT (-122.20563 47.76144)
SPORTAGE,KNDPYDDH8S,King,Shoreline,53033020302,WA,POINT (-122.33364 47.73709)
IONIQ 6,KMHM34AC6S,King,Shoreline,53033020302,WA,POINT (-122.33364 47.73709)
CORSAIR,5LMTJ5DZ3T,King,Issaquah,53033032103,WA,POINT (-122.03439 47.5301)
I4,WBY33AW05R,King,Bellevue,53033023805,WA,POINT (-122.1872 47.61001)
MODEL 3,5YJ3E1EA5S,King,Seattle,53033002200,WA,POINT (-122.30253 47.72656)
MODEL Y,7SAYGDEEXP,King,Bellevue,53033025007,WA,POINT (-122.12096 47.55584)
ID.4,1V2WSPE82S,King,Issaquah,53033032220,WA,POINT (-122.01656 47.57118)
VOLT,1G1RD6E44B,King,Seattle,53033007406,WA,POINT (-122.32427 47.63433)
MODEL Y,7SAYGDEEXP,King,Bellevue,53033025001,WA,POINT (-122.12096 47.55584)
LEAF,1N4AZ1CP2J,King,Seattle,53033000500,WA,POINT (-122.37238 47.74068)
IX,WB533CF01R,King,Lake Forest Park,53033021500,WA,POINT (-122.30304 47.75494)
MODEL X,5YJXCDE26H,Clark,Vancouver,53011040904,WA,POINT (-122.70303 45.70954)
MODEL 3,5YJ3E1EAXM,Kitsap,Bremerton,53035081200,WA,POINT (-122.65223 47.57192)
MODEL Y,7SAYGDEEXP,Clark,Battle Ground,53011040415,WA,POINT (-122.5331 45.78092)
VOLT,1G1RC6S52H,Kitsap,Kingston,53035090102,WA,POINT (-122.4977 47.79802)
R1S,7PDSGBBA2S,King,Bellevue,53033023603,WA,POINT (-122.12056 47.61334)
CYBERTRUCK,7G2CEHED6R,King,Bellevue,53033024001,WA,POINT (-122.1872 47.61001)
MODEL 3,5YJ3E1EB7N,King,Redmond,53033032323,WA,POINT (-122.13158 47.67858)
MODEL 3,5YJ3E1EB0J,Snohomish,Stanwood,53061053201,WA,POINT (-122.37265 48.24159)
WRANGLER,1C4RJXN64R,Kitsap,Bremerton,53035080600,WA,POINT (-122.65223 47.57192)
BZ4X,JTMABACA2P,King,Seattle,53033007901,WA,POINT (-122.31009 47.60803)
MODEL Y,7SAYGDEE3T,King,Renton,53033025304,WA,POINT (-122.18839 47.51197)
MODEL Y,7SAYGDEF8R,King,Kent,53033029405,WA,POINT (-122.17743 47.41185)
BOLT EV,1G1FZ6S04M,King,Bellevue,53033023500,WA,POINT (-122.1621 47.64441)
MODEL Y,7SAYGDEE0T,King,Bellevue,53033023500,WA,POINT (-122.1621 47.64441)
MODEL Y,7SAYGDEEXP,King,Kirkland,53033022701,WA,POINT (-122.2066 47.67887)
MODEL Y,7SAYGDEE4T,Yakima,Yakima,53077000800,WA,POINT (-120.51904 46.59782)
MODEL Y,7SAYGAEE4R,King,Kent,53033029203,WA,POINT (-122.23741 47.3807)
AIR,50EA1DAAXN,Island,Coupeville,53029971000,WA,POINT (-122.68558 48.21857)
MODEL Y,5YJYGDEE3L,King,Redmond,53033032321,WA,POINT (-122.13158 47.67858)
MODEL 3,5YJ3E1EB2K,King,Redmond,53033032330,WA,POINT (-122.13158 47.67858)
MODEL 3,5YJ3E1EB5N,Clark,Vancouver,53011040709,WA,POINT (-122.57722 45.64251)
I4,WBY83FB04R,King,Sammamish,53033032224,WA,POINT (-122.03539 47.61344)
MODEL Y,7SAYGDEE0P,Clark,Washougal,53011040513,WA,POINT (-122.35341 45.57923)
MODEL 3,5YJ3E1EC6N,King,Renton,53033025304,WA,POINT (-122.18839 47.51197)
BZ4X,JTMABACA0R,King,Auburn,53033030600,WA,POINT (-122.2229 47.307)
EQUINOX,3GN7DNRR8T,Jefferson,Port Townsend,53031950602,WA,POINT (-122.77263 48.1212)
MODEL X,5YJXCBE25J,King,Bellevue,53033022901,WA,POINT (-122.11867 47.63131)
ARIYA HATCHBACK,JN1AF0BA1R,Snohomish,Everett,53061041606,WA,POINT (-122.18637 47.89251)
MODEL Y,7SAYGDEE7R,King,Redmond,53033032330,WA,POINT (-122.13158 47.67858)
MODEL Y,7SAYGDEFXR,King,Kent,53033029603,WA,POINT (-122.19976 47.37483)
CYBERTRUCK,7G2CEHED2R,Kitsap,Seabeck,53035092000,WA,POINT (-122.81585 47.64509)
RANGE ROVER SPORT,SAL1L9E46S,Kitsap,Bainbridge Island,53035090902,WA,POINT (-122.521 47.62759)
MUSTANG MACH-E,3FMTK3SU7P,King,Kent,53033029306,WA,POINT (-122.17743 47.41185)
IONIQ 5,7YAKM4DB6T,King,Seattle,53033010002,WA,POINT (-122.30866 47.57874)
MODEL Y,7SAYGDEF3P,King,Bothell,53033021804,WA,POINT (-122.20563 47.76144)
ID.4,1V2JSPE80S,Yakima,Yakima,53077001000,WA,POINT (-120.51904 46.59782)
IONIQ 5,7YAKRDDC8S,King,Kent,53033029405,WA,POINT (-122.17743 47.41185)
ID.4,1V2BMPE84R,King,Bellevue,53033023604,WA,POINT (-122.12056 47.61334)
MODEL Y,7SAYGDEEXS,King,Issaquah,53033032104,WA,POINT (-122.03439 47.5301)
MODEL S,5YJSA1H16E,King,Bellevue,53033022805,WA,POINT (-122.1621 47.64441)
MODEL Y,7SAYGDEE3S,Clark,Vancouver,53011041331,WA,POINT (-122.55149 45.69345)
MODEL Y,5YJYGDEE3M,King,Seattle,53033011902,WA,POINT (-122.25031 47.49481)
MODEL Y,7SAYGAEE3R,King,Kent,53033029508,WA,POINT (-122.19976 47.37483)
R1T,7FCTGAAL3N,King,Kirkland,53033022701,WA,POINT (-122.2066 47.67887)
BZ,JTMBCAEB5T,King,Federal Way,53033030007,WA,POINT (-122.3303 47.30151)
XC40,YV4ED3UL0P,Thurston,Olympia,53067011100,WA,POINT (-122.92018 47.04575)
NIRO,KNDCR3LF0P,King,Seattle,53033011902,WA,POINT (-122.25031 47.49481)
MODEL Y,7SAYGDEEXT,King,Kent,53033029504,WA,POINT (-122.19976 47.37483)
MODEL Y,7SAYGDEE7T,King,Seattle,53033009500,WA,POINT (-122.30866 47.57874)
XC90,YV4H60PEXS,King,Redmond,53033022802,WA,POINT (-122.13158 47.67858)
ESCAPE,1FMCU0EZ5N,King,Kirkland,53033022003,WA,POINT (-122.22901 47.72201)
ID.4,WVGTMPE2XM,King,Renton,53033029305,WA,POINT (-122.19488 47.44034)
MODEL Y,7SAYGDEE0R,King,Bothell,53033022001,WA,POINT (-122.20563 47.76144)
MODEL Y,7SAYGDEE3S,Snohomish,Mukilteo,53061042001,WA,POINT (-122.29196 47.89908)
MODEL Y,5YJYGDEEXM,Clark,Camas,53011040608,WA,POINT (-122.40177 45.58705)
MODEL Y,7SAYGDEE7T,Snohomish,Bothell,53061052107,WA,POINT (-122.20105 47.84423)
MODEL 3,5YJ3E1EB2M,King,Seattle,53033006701,WA,POINT (-122.34845 47.63283)
MODEL S,5YJSA1CN6D,King,Bellevue,53033022901,WA,POINT (-122.11867 47.63131)
RAV4 PRIME (PHEV),JTMAB3FV9P,King,Seattle,53033003601,WA,POINT (-122.35436 47.67596)
C40,YV4ED3GM6P,King,Bellevue,53033024701,WA,POINT (-122.12096 47.55584)
LEAF,JN1AZ0CP4B,Thurston,Olympia,53067010300,WA,POINT (-122.89165 47.03954)
IONIQ 6,KMHM34ACXR,King,Seattle,53033006500,WA,POINT (-122.32427 47.63433)
IONIQ 6,KMHM34AC5P,Clark,Vancouver,53011040709,WA,POINT (-122.57722 45.64251)
MODEL Y,7SAYGDED7T,King,Kirkland,53033022604,WA,POINT (-122.2066 47.67887)
LEAF,1N4BZ0CP6G,King,Kent,53033029203,WA,POINT (-122.19976 47.37483)
EV9,5XYAFFS52T,King,Redmond,53033022902,WA,POINT (-122.13158 47.67858)
MODEL Y,7SAYGDEE0R,King,Kirkland,53033022201,WA,POINT (-122.22901 47.72201)
MODEL Y,7SAYGDEE9P,King,Bellevue,53033024001,WA,POINT (-122.1872 47.61001)
XC90,YV4H60PG1S,King,Seattle,53033012100,WA,POINT (-122.36322 47.49736)
MODEL Y,7SAYGDEE1P,Clark,Vancouver,53011040709,WA,POINT (-122.57722 45.64251)
MODEL Y,7SAYGDEE1T,King,Kent,53033031800,WA,POINT (-122.10798 47.37124)
MODEL Y,7SAYGDEE2T,King,Bellevue,53033023100,WA,POINT (-122.11867 47.63131)
MODEL Y,7SAYGAEE7P,King,Burien,53033027400,WA,POINT (-122.29411 47.48924)
OPTIQ,3GYK3DM4XT,King,Bellevue,53033023403,WA,POINT (-122.11867 47.63131)
SORENTO,KNDRJDLH1N,King,Kent,53033029403,WA,POINT (-122.17743 47.41185)
PRIUS,JTDKN3DP1C,Kitsap,Olalla,53035092803,WA,POINT (-122.54729 47.42602)
MUSTANG MACH-E,3FMTK3SS4P,King,Kent,53033029504,WA,POINT (-122.19976 47.37483)
MODEL Y,5YJYGDEE5M,King,Seattle,53033001400,WA,POINT (-122.37238 47.74068)
WRANGLER,1C4JJXR6XM,King,Bellevue,53033025001,WA,POINT (-122.12096 47.55584)
LEAF,1N4BZ1CPXK,Kitsap,Poulsbo,53035090201,WA,POINT (-122.64681 47.73689)
MODEL Y,5YJYGDEE4M,King,Bellevue,53033023805,WA,POINT (-122.1872 47.61001)
MODEL Y,7SAYGDEE7R,King,Kirkland,53033022603,WA,POINT (-122.2066 47.67887)
MODEL Y,7SAYGAEE4S,King,Redmond,53033022803,WA,POINT (-122.13158 47.67858)
MODEL Y,7SAYGDED3S,King,Redmond,53033022902,WA,POINT (-122.13158 47.67858)
IONIQ,KMHC75LD0M,Clark,Vancouver,53011040604,WA,POINT (-122.55149 45.69345)
IONIQ 5,7YAKRDDC5S,Clark,Brush Prairie,53011040504,WA,POINT (-122.54578 45.73473)
MODEL Y,5YJYGDEF0M,King,Kent,53033029407,WA,POINT (-122.17743 47.41185)
MODEL Y,7SAYGDEE1P,King,Kent,53033031704,WA,POINT (-122.10798 47.37124)
MODEL S,5YJSA1E20M,King,Seattle,53033009400,WA,POINT (-122.30866 47.57874)
LEAF,1N4AZ0CP3E,King,Shoreline,53033020200,WA,POINT (-122.37238 47.74068)
MODEL Y,7SAYGDEE6P,King,Shoreline,53033021000,WA,POINT (-122.33364 47.73709)
BLAZER,3GNKDCRJ5R,King,Kirkland,53033022603,WA,POINT (-122.2066 47.67887)
MODEL 3,5YJ3E1EAXP,Snohomish,Edmonds,53061042005,WA,POINT (-122.31768 47.87166)
MUSTANG MACH-E,3FMTK3SUXS,King,Bellevue,53033025007,WA,POINT (-122.12096 47.55584)
BLAZER,3GNKDGRJXT,Thurston,Olympia,53067010100,WA,POINT (-122.89165 47.03954)
VOLT,1G1RB6S50H,King,Shoreline,53033020500,WA,POINT (-122.30304 47.75494)
EQUINOX,3GN7DMRP0T,King,Kirkland,53033022603,WA,POINT (-122.2066 47.67887)
NIRO,KNDCT3L11S,King,Seattle,53033000202,WA,POINT (-122.30253 47.72656)
COUNTRYMAN,WMZ53GA03S,King,Kirkland,53033022603,WA,POINT (-122.2066 47.67887)
MODEL Y,5YJYGDEE0L,King,Shoreline,53033020100,WA,POINT (-122.37238 47.74068)
SORENTO,KNDRMDLH2P,Thurston,Olympia,53067010600,WA,POINT (-122.92018 47.04575)
MODEL S,5YJSA1E24J,King,Redmond,53033032330,WA,POINT (-122.13158 47.67858)
BOLT EV,1G1FW6S08N,Clark,Vancouver,53011041206,WA,POINT (-122.59219 45.62158)
MODEL Y,7SAYGAEE3R,King,Sammamish,53033032318,WA,POINT (-122.02054 47.60326)
MODEL Y,7SAYGDEF2P,King,Renton,53033026004,WA,POINT (-122.20489 47.47532)
X3,5UXTS1C02M,King,Renton,53033025704,WA,POINT (-122.20489 47.47532)
LEAF,1N4BZ1BVXN,King,Seattle,53033002000,WA,POINT (-122.31676 47.68156)
SILVERADO,1GC10VEL8R,King,Kenmore,53033022101,WA,POINT (-122.24369 47.75892)
GLE-CLASS,4JGFB4GB5R,King,Bellevue,53033024001,WA,POINT (-122.1872 47.61001)
MUSTANG MACH-E,3FMTK4SX1R,King,Seattle,53033012000,WA,POINT (-122.36322 47.49736)
FUSION,3FA6P0SU2F,King,Renton,53033029309,WA,POINT (-122.19488 47.44034)
HARDTOP,WMW13DJ06P,King,Redmond,53033032323,WA,POINT (-122.13158 47.67858)
C40,YV4ED3GB1N,King,Seattle,53033006703,WA,POINT (-122.34845 47.63283)
MODEL Y,7SAYGDEE3R,King,Bellevue,53033023403,WA,POINT (-122.11867 47.63131)
MODEL Y,5YJYGDEEXM,King,Kirkland,53033022203,WA,POINT (-122.22901 47.72201)
MODEL Y,7SAYGAEE5P,King,Sammamish,53033032224,WA,POINT (-122.03539 47.61344)
MODEL Y,7SAYGDEE8P,King,Bothell,53033022001,WA,POINT (-122.20563 47.76144)
BZ,JTMBDAFB4T,King,Seattle,53033007001,WA,POINT (-122.36381 47.63046)
MODEL Y,7SAYGDEE7T,Yakima,Yakima,53077002804,WA,POINT (-120.60272 46.59656)
MODEL Y,5YJYGAEE7M,Clark,Camas,53011040605,WA,POINT (-122.40177 45.58705)
NIRO,KNDCR3L11P,King,Seattle,53033001202,WA,POINT (-122.30253 47.72656)
BLAZER,3GNKDCRJ4R,King,Auburn,53033030600,WA,POINT (-122.2229 47.307)
MODEL Y,7SAYGDEE2N,King,Redmond,53033032321,WA,POINT (-122.13158 47.67858)
XC90,YV4H600A0P,King,Seattle,53033001000,WA,POINT (-122.30253 47.72656)
IONIQ 5,7YAKNDDC2T,King,Shoreline,53033020700,WA,POINT (-122.33364 47.73709)
PRIUS PRIME (PHEV),JTDACACUXR,Kitsap,Port Orchard,53035092902,WA,POINT (-122.68516 47.50645)
MODEL 3,5YJ3E1EB6J,King,Seattle,53033006900,WA,POINT (-122.36381 47.63046)
MODEL Y,7SAYGDEE6T,King,Kirkland,53033022603,WA,POINT (-122.2066 47.67887)
CYBERTRUCK,7G2CEHEE4R,King,Seattle,53033007002,WA,POINT (-122.34845 47.63283)
RX,JTJCJMGA9S,King,Kirkland,53033022300,WA,POINT (-122.22901 47.72201)
KONA,KM8HA3A66S,King,Shoreline,53033021000,WA,POINT (-122.30304 47.75494)
C40,YV4ED3GM2P,Clark,Ridgefield,53011040303,WA,POINT (-122.74595 45.81539)
I4,WBY33HD09S,King,Lake Forest Park,53033021400,WA,POINT (-122.30304 47.75494)
MODEL Y,7SAYGDEE5T,King,Redmond,53033032321,WA,POINT (-122.13158 47.67858)
MODEL Y,7SAYGDEE1P,King,Bellevue,53033024001,WA,POINT (-122.1872 47.61001)
SORENTO,KNDRJDJH8T,King,Seattle,53033010402,WA,POINT (-122.31449 47.53917)
PROLOGUE,3GPKHZRJ8R,Kitsap,Bainbridge Island,53035090902,WA,POINT (-122.521 47.62759)
WRANGLER,1C4JJXP66P,King,Shoreline,53033020600,WA,POINT (-122.30304 47.75494)
HARDTOP,WMW13DJ01P,King,Seattle,53033007902,WA,POINT (-122.31009 47.60803)
MODEL S,5YJSA1E28H,King,Seattle,53033006500,WA,POINT (-122.32427 47.63433)
CAYENNE,WP1AE2AYXS,King,Clyde Hill,53033024100,WA,POINT (-122.1872 47.61001)
MODEL 3,5YJ3E1EA8P,Kitsap,Bainbridge Island,53035090700,WA,POINT (-122.521 47.62759)
XC90,YV4BC0PM0H,King,Bellevue,53033024904,WA,POINT (-122.12096 47.55584)
R1S,7PDSGABA9R,King,Kirkland,53033022501,WA,POINT (-122.2066 47.67887)
MODEL Y,7SAYGDEE1T,King,Redmond,53033032330,WA,POINT (-122.13158 47.67858)
CORSAIR,5LMTJ5DZ0S,King,Issaquah,53033032103,WA,POINT (-122.03439 47.5301)
MODEL 3,5YJ3E1EA0S,King,Seattle,53033006703,WA,POINT (-122.34845 47.63283)
XC90,YV4BR00LXM,King,Kirkland,53033022401,WA,POINT (-122.2066 47.67887)
IONIQ 5,7YAKNDDC4S,Cowlitz,Kelso,53015001200,WA,POINT (-122.89867 46.14424)
NIRO,KNDCR3LF6R,Thurston,Rainier,53067012530,WA,POINT (-122.68993 46.88897)
MODEL Y,7SAYGDEE1T,King,Redmond,53033022902,WA,POINT (-122.13158 47.67858)
CX-90,JM3KKEHA4S,King,Kent,53033029403,WA,POINT (-122.17743 47.41185)
MODEL Y,7SAYGDEE6P,Clark,Vancouver,53011041310,WA,POINT (-122.49212 45.60365)
LEAF,1N4AZ0CP3F,King,Seattle,53033002000,WA,POINT (-122.31676 47.68156)
MODEL Y,5YJYGDEE1L,King,Bellevue,53033023801,WA,POINT (-122.1872 47.61001)
MODEL Y,7SAYGAEE9R,King,Seattle,53033004301,WA,POINT (-122.31307 47.66127)
MODEL Y,7SAYGAEE5S,King,Seattle,53033001900,WA,POINT (-122.35436 47.67596)
LEAF,1N4BZ1DP2L,Kitsap,Bainbridge Island,53035090700,WA,POINT (-122.521 47.62759)
LYRIQ,1GYKPRRL8T,King,Sammamish,53033032215,WA,POINT (-122.03539 47.61344)
MODEL 3,5YJ3E1EAXJ,King,Redmond,53033022803,WA,POINT (-122.13158 47.67858)
NIRO,KNDCR3L19T,King,Seattle,53033011901,WA,POINT (-122.25031 47.49481)
MODEL Y,7SAYGDEE8S,King,Bellevue,53033024904,WA,POINT (-122.12096 47.55584)
MODEL 3,5YJ3E1EA8S,King,Seattle,53033001400,WA,POINT (-122.37238 47.74068)
OUTLANDER,JA4J24A52K,Cowlitz,Kalama,53015001601,WA,POINT (-122.84226 46.00813)
R1S,7PDSGCBAXR,King,Bellevue,53033023902,WA,POINT (-122.12096 47.55584)
MODEL Y,7SAYGDED4T,King,Kirkland,53033021905,WA,POINT (-122.22901 47.72201)
RAV4 PRIME (PHEV),JTMFB3FV2S,King,Shoreline,53033020800,WA,POINT (-122.37238 47.74068)
LEAF,1N4AZ0CP4F,King,Seattle,53033001600,WA,POINT (-122.37238 47.74068)
MODEL Y,7SAYGDEE9R,King,Seattle,53033006000,WA,POINT (-122.34845 47.63283)
MODEL 3,5YJ3E1EB4M,King,Kirkland,53033022701,WA,POINT (-122.2066 47.67887)
Q4,WA1MUBFZ0S,King,Seattle,53033006300,WA,POINT (-122.30207 47.64085)
ID.4,1V2DNPE88P,Thurston,Olympia,53067010600,WA,POINT (-122.92018 47.04575)
MODEL 3,5YJ3E1ET9R,Clark,Vancouver,53011040703,WA,POINT (-122.57722 45.64251)
BOLT EUV,1G1FY6S07N,Jefferson,Port Townsend,53031950604,WA,POINT (-122.77263 48.1212)
EV6,KNDC4DLC7N,King,Seattle,53033006100,WA,POINT (-122.32427 47.63433)
HORNET,ZACPDFCWXR,King,Bellevue,53033023807,WA,POINT (-122.1872 47.61001)
MODEL Y,7SAYGDED2T,King,Kenmore,53033022101,WA,POINT (-122.24369 47.75892)
IONIQ,KMHC85LJ7L,King,Seattle,53033006200,WA,POINT (-122.30207 47.64085)
MODEL S,5YJSA1CN6D,King,Bellevue,53033023901,WA,POINT (-122.1872 47.61001)
IX,WB533CF04P,Clark,Vancouver,53011041310,WA,POINT (-122.49212 45.60365)
MODEL Y,7SAYGDEE0T,King,Kirkland,53033022003,WA,POINT (-122.22901 47.72201)
TAYCAN,WP0AA2Y1XS,King,Bellevue,53033023902,WA,POINT (-122.12096 47.55584)
MODEL Y,5YJYGDED2M,King,Kirkland,53033022300,WA,POINT (-122.22901 47.72201)
MODEL 3,5YJ3E1EB1N,King,Seattle,53033002900,WA,POINT (-122.35436 47.67596)
PRIUS PRIME (PHEV),JTDACACU3R,Clark,Vancouver,53011040908,WA,POINT (-122.70303 45.70954)
BOLT EV,1G1FX6S02J,King,Bothell,53033021804,WA,POINT (-122.20563 47.76144)
MODEL Y,7SAYGDEE2T,King,Renton,53033025303,WA,POINT (-122.20489 47.47532)
MODEL Y,5YJYGDEE5L,King,Kent,53033029405,WA,POINT (-122.17743 47.41185)
MODEL Y,7SAYGDEE4R,Kitsap,Bremerton,53035080700,WA,POINT (-122.65223 47.57192)
RAV4 PRIME (PHEV),JTMEB3FV1P,King,Kirkland,53033021905,WA,POINT (-122.22901 47.72201)
BOLT EV,1G1FY6S04L,King,Kirkland,53033022203,WA,POINT (-122.22901 47.72201)
MODEL Y,7SAYGDEE0T,Clark,Camas,53011040608,WA,POINT (-122.40177 45.58705)
MODEL Y,7SAYGDEE8S,Yakima,Yakima,53077001601,WA,POINT (-120.50729 46.60464)
MODEL Y,7SAYGAEEXS,King,Kent,53033029306,WA,POINT (-122.17743 47.41185)
MODEL Y,7SAYGDEE9N,King,Kirkland,53033021903,WA,POINT (-122.22901 47.72201)
MODEL Y,5YJYGDEE1M,King,Lake Forest Park,53033020402,WA,POINT (-122.30304 47.75494)
E-GOLF,WVWKR7AUXK,King,Duvall,53033032402,WA,POINT (-121.98609 47.74068)
MODEL 3,5YJ3E1EA6R,King,Seattle,53033011300,WA,POINT (-122.35163 47.54287)
I5,WBY43FK05R,Yakima,Selah,53077003200,WA,POINT (-120.53145 46.65405)
MODEL Y,7SAYGDEE1P,King,Tukwila,53033026300,WA,POINT (-122.29411 47.48924)
XC90,YV4BC0PM9G,King,Seattle,53033005803,WA,POINT (-122.40092 47.65908)
R1S,7PDSGBBA7R,King,Sammamish,53033032225,WA,POINT (-122.02054 47.60326)
MODEL Y,7SAYGDED1T,King,Kirkland,53033022005,WA,POINT (-122.22901 47.72201)
Q5 E,WA1E2AFY8M,King,Seattle,53033007303,WA,POINT (-122.34845 47.63283)
MODEL Y,5YJYGDEE9L,King,Kirkland,53033022005,WA,POINT (-122.22901 47.72201)
XC90,YV4H60CX1P,King,Kirkland,53033022402,WA,POINT (-122.2066 47.67887)
LYRIQ,1GYKPPRK7R,King,Redmond,53033022803,WA,POINT (-122.13158 47.67858)
IX,WB563CF03T,Clark,Vancouver,53011040904,WA,POINT (-122.70303 45.70954)
VOLT,1G1RH6E46D,King,Shoreline,53033020600,WA,POINT (-122.30304 47.75494)
PRIUS,JTDKN3DP1D,Clark,Camas,53011041325,WA,POINT (-122.40177 45.58705)
BLAZER,3GNKDGRJ4S,King,Bellevue,53033023806,WA,POINT (-122.1872 47.61001)
GRAND CHEROKEE,1C4RJYD69N,King,Des Moines,53033029003,WA,POINT (-122.30615 47.38542)
IONIQ 5,KM8KRDAF8P,King,Seattle,53033011902,WA,POINT (-122.25031 47.49481)
MODEL 3,5YJ3E1EB8K,King,Seattle,53033002700,WA,POINT (-122.35436 47.67596)
MODEL 3,5YJ3E1EA8R,King,Bellevue,53033024901,WA,POINT (-122.12096 47.55584)
MODEL Y,7SAYGDEE0P,King,Federal Way,53033030311,WA,POINT (-122.36217 47.31011)
MODEL Y,7SAYGDEE6N,King,Kent,53033029306,WA,POINT (-122.17743 47.41185)
SOLTERRA,JTMABABAXS,Kitsap,Bremerton,53035080600,WA,POINT (-122.65223 47.57192)
Q5 E,WA1E2AFY6M,King,Kirkland,53033022003,WA,POINT (-122.22901 47.72201)
X5,5UX43EU0XT,King,Seattle,53033002600,WA,POINT (-122.31676 47.68156)
I3,WBY1Z4C55E,King,Seattle,53033010402,WA,POINT (-122.31449 47.53917)
RAV4 PRIME (PHEV),JTMAB3FV8P,Cowlitz,Woodland,53015001503,WA,POINT (-122.74017 45.9094)
MODEL Y,7SAYGDEF5R,Cowlitz,Kelso,53015001100,WA,POINT (-122.89867 46.14424)
EQUINOX,3GN7DNRR9S,King,Bellevue,53033022901,WA,POINT (-122.11867 47.63131)
MUSTANG MACH-E,3FMTK4SE4P,King,Redmond,53033022605,WA,POINT (-122.13158 47.67858)
MODEL Y,7SAYGAEE7P,King,Sammamish,53033032225,WA,POINT (-122.02054 47.60326)
LEAF,1N4AZ0CP2D,King,Seattle,53033003302,WA,POINT (-122.38591 47.67597)
MODEL Y,7SAYGAEE9P,King,Redmond,53033032323,WA,POINT (-122.13158 47.67858)
MODEL Y,5YJYGDEE3M,Clark,Vancouver,53011040803,WA,POINT (-122.62731 45.71668)
R1T,7FCTGFAA4T,Kitsap,Poulsbo,53035091100,WA,POINT (-122.64681 47.73689)
LEAF,1N4AZ0CP3D,King,Redmond,53033032323,WA,POINT (-122.13158 47.67858)
GV60,KMUKCDTC1P,King,Kirkland,53033022501,WA,POINT (-122.2066 47.67887)
MODEL X,5YJXCBE40L,Kitsap,Bremerton,53035080900,WA,POINT (-122.65223 47.57192)
LEAF,JN1AZ0CP2B,King,Seattle,53033011300,WA,POINT (-122.35163 47.54287)
PACIFICA,2C4RC1N79J,King,Kirkland,53033022006,WA,POINT (-122.22901 47.72201)
ARIYA MPV,JN8CF0BFXS,King,Renton,53033025704,WA,POINT (-122.19488 47.44034)
X5,5UX43EU04R,King,Newcastle,53033025005,WA,POINT (-122.11589 47.50243)
Q5 E,WA1F2AFY5R,Thurston,Yelm,53067012412,WA,POINT (-122.60735 46.94239)
MODEL X,5YJXCDE2XL,Clark,Vancouver,53011041208,WA,POINT (-122.59219 45.62158)
MODEL Y,7SAYGDEEXP,King,Kirkland,53033022006,WA,POINT (-122.22901 47.72201)
ID.4,WVGGNPE26N,King,Shoreline,53033021300,WA,POINT (-122.30304 47.75494)
I4,WBY33AW01P,Kitsap,Silverdale,53035091302,WA,POINT (-122.69275 47.65171)
SOLTERRA,JTMBDAFC5T,Clark,Vancouver,53011041208,WA,POINT (-122.59219 45.62158)
I4,WBY43HD0XS,King,Seattle,53033001600,WA,POINT (-122.37238 47.74068)
WRANGLER,1C4JJXP61M,Yakima,Grandview,53077001901,WA,POINT (-119.90116 46.25606)
MODEL Y,5YJYGDEE8L,King,Tukwila,53033028300,WA,POINT (-122.27979 47.44952)
MODEL Y,7SAYGDEE2P,King,Kirkland,53033021904,WA,POINT (-122.22901 47.72201)
MODEL S,5YJSA1E29H,King,Seattle,53033001600,WA,POINT (-122.37238 47.74068)
MODEL 3,5YJ3E1EA9K,Clark,Vancouver,53011041313,WA,POINT (-122.55149 45.69345)
X5,5UX43EU08S,King,Newcastle,53033025202,WA,POINT (-122.18839 47.51197)
MODEL 3,5YJ3E1EB0N,King,Bellevue,53033024905,WA,POINT (-122.12096 47.55584)
MODEL Y,5YJYGDEE1L,King,Renton,53033025201,WA,POINT (-122.18839 47.51197)
MODEL Y,7SAYGDEE4P,Snohomish,Everett,53061041814,WA,POINT (-122.18637 47.89251)
VOLT,1G1RD6E42F,King,Auburn,53033029602,WA,POINT (-122.18263 47.31825)
MODEL 3,5YJ3E1EB6P,King,Bellevue,53033023901,WA,POINT (-122.1872 47.61001)
GRAND CHEROKEE,1C4RJYB62R,King,Seattle,53033006800,WA,POINT (-122.34845 47.63283)
MODEL 3,5YJ3E1EC8N,King,Kirkland,53033022501,WA,POINT (-122.2066 47.67887)
R1S,7PDSGCBP9S,King,Seattle,53033009600,WA,POINT (-122.41067 47.57894)
MODEL Y,7SAYGDEE6N,King,Seattle,53033001800,WA,POINT (-122.35436 47.67596)
FUSION,3FA6P0PU0E,King,Seattle,53033000800,WA,POINT (-122.30253 47.72656)
MODEL Y,7SAYGDEE1T,King,Bellevue,53033024904,WA,POINT (-122.12096 47.55584)
KONA,KM8HC3A64R,King,Kirkland,53033021903,WA,POINT (-122.22901 47.72201)
MODEL 3,5YJ3E1EA5P,King,Issaquah,53033032221,WA,POINT (-122.01656 47.57118)
MODEL 3,5YJ3E1EB9L,Yakima,Yakima,53077001000,WA,POINT (-120.51904 46.59782)
I4,WBY73AW02P,King,Issaquah,53033025006,WA,POINT (-122.03439 47.5301)
OPTIQ,3GYK3EM43T,King,Seattle,53033007406,WA,POINT (-122.32427 47.63433)
MODEL 3,5YJ3E1EA0P,King,Seattle,53033006703,WA,POINT (-122.34845 47.63283)
MODEL Y,7SAYGDEFXP,King,Sammamish,53033032317,WA,POINT (-122.02054 47.60326)
GRAND CHEROKEE,1C4RJYB65P,King,Bothell,53033021804,WA,POINT (-122.20563 47.76144)
C-MAX,1FADP5CU8G,King,Sammamish,53033032317,WA,POINT (-122.02054 47.60326)
MODEL 3,5YJ3E1EA0J,King,Bellevue,53033023807,WA,POINT (-122.1872 47.61001)
330E,WBA8E1C38H,King,Auburn,53033030600,WA,POINT (-122.2229 47.307)
PROLOGUE,3GPKHVRJ5R,King,Kent,53033031707,WA,POINT (-122.10798 47.37124)
PACIFICA,2C4RC1N76K,King,Auburn,53033030700,WA,POINT (-122.2229 47.307)
RAV4 PRIME (PHEV),JTMFB3FV8M,King,Renton,53033025704,WA,POINT (-122.20489 47.47532)
MODEL Y,7SAYGDEE0P,Clark,Camas,53011041400,WA,POINT (-122.40177 45.58705)
MODEL 3,5YJ3E1EB8N,King,Bellevue,53033024001,WA,POINT (-122.1872 47.61001)
IONIQ 5,7YAKMDDC2S,King,Sammamish,53033032215,WA,POINT (-122.03539 47.61344)
EV9,5XYAEFS53T,King,Seattle,53033006200,WA,POINT (-122.30207 47.64085)
RAV4 PRIME (PHEV),JTMAB3FV4P,King,Bellevue,53033024701,WA,POINT (-122.12096 47.55584)
BOLT EV,1G1FY6S09L,King,Kirkland,53033021905,WA,POINT (-122.22901 47.72201)
MODEL Y,7SAYGDEDXT,King,Kirkland,53033022205,WA,POINT (-122.22901 47.72201)
MODEL Y,5YJYGDEEXM,King,Kirkland,53033022701,WA,POINT (-122.2066 47.67887)
CAYENNE,WP1AM2AY7S,King,Kirkland,53033022402,WA,POINT (-122.2066 47.67887)
BOLT EUV,1G1FZ6S03P,King,Seattle,53033005902,WA,POINT (-122.36381 47.63046)
MODEL Y,7SAYGDEE6N,King,Redmond,53033022605,WA,POINT (-122.13158 47.67858)
MODEL 3,5YJ3E1EBXK,King,Seattle,53033000101,WA,POINT (-122.30253 47.72656)
EQUINOX,3GN7DNRP7R,Cowlitz,Kelso,53015000901,WA,POINT (-122.89867 46.14424)
OUTLANDER,JA4J2VA78N,Yakima,Zillah,53077002201,WA,POINT (-120.26226 46.40199)
MODEL Y,7SAYGDEE1P,King,Sammamish,53033032225,WA,POINT (-122.02054 47.60326)
SOLTERRA,JTMABABA9R,King,Seattle,53033005402,WA,POINT (-122.35436 47.67596)
BOLT EV,1G1FX6S03H,King,Kirkland,53033022401,WA,POINT (-122.2066 47.67887)
XC40,YV4ED3UR6N,King,Bellevue,53033023000,WA,POINT (-122.11867 47.63131)
MODEL 3,5YJ3E1EBXJ,King,Kent,53033031800,WA,POINT (-122.10798 47.37124)
IX,WB533CF0XP,King,Bothell,53033021804,WA,POINT (-122.20563 47.76144)
LEAF,1N4AZ1CP6J,King,Redmond,53033022802,WA,POINT (-122.13158 47.67858)
MODEL Y,7SAYGDEE5S,King,Bellevue,53033023201,WA,POINT (-122.12056 47.61334)
MODEL Y,7SAYGDEE6T,King,Issaquah,53033032104,WA,POINT (-122.03439 47.5301)
ID.4,WVGTMPE21M,King,Kent,53033031708,WA,POINT (-122.10798 47.37124)
SILVERADO,1GC10UED8R,Thurston,Tumwater,53067010801,WA,POINT (-122.89165 47.03954)
MODEL 3,5YJ3E1EB7J,King,Kirkland,53033022401,WA,POINT (-122.2066 47.67887)
PRIUS PRIME (PHEV),JTDKARFP1J,King,Seattle,53033012100,WA,POINT (-122.36322 47.49736)
MODEL Y,7SAYGDEE2N,King,Redmond,53033032323,WA,POINT (-122.13158 47.67858)
GRAND CHEROKEE,1C4RJYB63R,King,Shoreline,53033021300,WA,POINT (-122.30304 47.75494)
LEAF,1N4BZ1CP8K,King,Kirkland,53033022005,WA,POINT (-122.22901 47.72201)
MODEL Y,7SAYGDEE9R,Kitsap,Silverdale,53035091205,WA,POINT (-122.69275 47.65171)
PROLOGUE,3GPKHVRJ2R,Clark,Vancouver,53011041600,WA,POINT (-122.62934 45.63201)
AIR,50EA1TEA1R,Kitsap,Kingston,53035090102,WA,POINT (-122.4977 47.79802)
MODEL Y,5YJYGDEF4M,King,Issaquah,53033032219,WA,POINT (-122.01656 47.57118)
MODEL Y,7SAYGDED3R,King,Maple Valley,53033032011,WA,POINT (-122.04526 47.39394)
MODEL Y,7SAYGAEE1P,King,Bellevue,53033023901,WA,POINT (-122.1872 47.61001)
PRIUS PRIME (PHEV),JTDACACU9T,King,Seattle,53033000402,WA,POINT (-122.37238 47.74068)
MODEL 3,5YJ3E1EB3P,King,Renton,53033025806,WA,POINT (-122.19488 47.44034)
FUSION,3FA6P0PUXG,King,Kent,53033029403,WA,POINT (-122.17743 47.41185)
MODEL Y,7SAYGDEE4T,King,Bellevue,53033023000,WA,POINT (-122.11867 47.63131)
EQUINOX,3GN7DSRP7S,King,Kirkland,53033022003,WA,POINT (-122.22901 47.72201)
NIRO,KNDCR3L11P,King,Seattle,53033001400,WA,POINT (-122.33364 47.73709)
MODEL X,7SAXCDE56N,King,Kent,53033029506,WA,POINT (-122.19976 47.37483)
MODEL Y,5YJYGDEE7M,King,Renton,53033025101,WA,POINT (-122.11589 47.50243)
LYRIQ,1GYKPNRL7T,King,Seattle,53033007700,WA,POINT (-122.30207 47.64085)
R1S,7PDSGBBA6S,King,Kirkland,53033022604,WA,POINT (-122.2066 47.67887)
BLAZER,3GNKD1RJ1S,Clark,Vancouver,53011040709,WA,POINT (-122.57722 45.64251)
ARIYA HATCHBACK,JN1CF0BB7R,King,Covington,53033032007,WA,POINT (-122.10798 47.37124)
F-150,1FT6W7L77R,King,Kirkland,53033022204,WA,POINT (-122.22901 47.72201)
MODEL Y,7SAYGAEE3R,King,Seattle,53033000700,WA,POINT (-122.30253 47.72656)
MODEL 3,5YJ3E1EA6K,Clark,Vancouver,53011040908,WA,POINT (-122.70303 45.70954)
TUCSON,KM8JFDA21N,King,Seattle,53033001600,WA,POINT (-122.37238 47.74068)
E-TRON,WA1VAAGE3K,King,Redmond,53033032321,WA,POINT (-122.13158 47.67858)
TX,5TDACAC68T,Yakima,Selah,53077003100,WA,POINT (-120.53145 46.65405)
TRANSIT,1FTBW9CK4N,Snohomish,Arlington,53061052803,WA,POINT (-122.1264 48.19471)
MODEL Y,7SAYGAEE6N,Kitsap,Poulsbo,53035091100,WA,POINT (-122.64681 47.73689)
IONIQ 5,7YAKRDDC7S,King,Auburn,53033029602,WA,POINT (-122.18263 47.31825)
I5,WBY33HG06T,King,Seattle,53033009300,WA,POINT (-122.32741 47.58616)
LYRIQ,1GYKPRRL2S,King,Bothell,53033022001,WA,POINT (-122.20563 47.76144)
MODEL Y,7SAYGDEE9R,Clark,Vancouver,53011040907,WA,POINT (-122.70303 45.70954)
ID.4,WVGGNPE22N,King,Redmond,53033032321,WA,POINT (-122.13158 47.67858)
MODEL Y,7SAYGDEE7P,King,Bellevue,53033024904,WA,POINT (-122.12096 47.55584)
MODEL 3,5YJ3E1EA7L,King,Woodinville,53033021802,WA,POINT (-122.15545 47.75448)
PRIUS PRIME (PHEV),JTDACACU8T,King,Kirkland,53033021903,WA,POINT (-122.22901 47.72201)
MODEL 3,5YJ3E1EB3P,King,Kirkland,53033022701,WA,POINT (-122.2066 47.67887)
MODEL 3,5YJ3E1EA5T,King,Redmond,53033032323,WA,POINT (-122.13158 47.67858)
MODEL Y,7SAYGDEE1P,King,Bothell,53033021804,WA,POINT (-122.20563 47.76144)
MODEL Y,7SAYGDEF3R,King,Kent,53033029505,WA,POINT (-122.19976 47.37483)
BOLT EV,1G1FX6S06H,Clark,Vancouver,53011042602,WA,POINT (-122.62934 45.63201)
R1S,7PDSGBBA5S,King,Kirkland,53033022604,WA,POINT (-122.2066 47.67887)
MODEL S,5YJSA1E24G,King,North Bend,53033032704,WA,POINT (-121.7831 47.49348)
IONIQ 5,KM8KNDAF8P,King,Kirkland,53033022603,WA,POINT (-122.2066 47.67887)
NIRO,KNDCE3LG3L,King,Seattle,53033007800,WA,POINT (-122.31009 47.60803)
ID.4,1V2WNPE88P,King,Kirkland,53033022702,WA,POINT (-122.2066 47.67887)
NIRO,KNDCC3LG4K,Klickitat,Goldendale,53039950103,WA,POINT (-120.82545 45.823)
MODEL S,5YJSA1E26J,King,Kirkland,53033021905,WA,POINT (-122.22901 47.72201)
BOLT EV,1G1FZ6S00M,Clark,Vancouver,53011041331,WA,POINT (-122.55149 45.69345)
500E,ZFAFFAA42R,King,Shoreline,53033020200,WA,POINT (-122.37238 47.74068)
NX,JTJKKCFZ6R,King,Kirkland,53033021903,WA,POINT (-122.22901 47.72201)
MODEL Y,7SAYGDEE3T,King,Kirkland,53033022702,WA,POINT (-122.2066 47.67887)
C-MAX,1FADP5EUXH,King,Seattle,53033007800,WA,POINT (-122.31009 47.60803)
AIR,50EA1GBA5N,King,Federal Way,53033030310,WA,POINT (-122.36217 47.31011)
MODEL 3,5YJ3E1EA4S,King,Seattle,53033000404,WA,POINT (-122.33364 47.73709)
BOLT EV,1G1FZ6S04L,King,Enumclaw,53033031400,WA,POINT (-121.99136 47.20433)
BOLT EV,1G1FZ6S07K,King,Kirkland,53033022702,WA,POINT (-122.2066 47.67887)
RZ,JTJAAAAB4P,King,Bellevue,53033023601,WA,POINT (-122.1872 47.61001)
OPTIQ,3GYK3EM46T,King,Redmond,53033022902,WA,POINT (-122.13158 47.67858)
X5,5UX43EU02S,King,Sammamish,53033032318,WA,POINT (-122.02054 47.60326)
I4,WBY43HD04S,Snohomish,Stanwood,53061053302,WA,POINT (-122.37265 48.24159)
MODEL Y,7SAYGDED0T,King,Redmond,53033032323,WA,POINT (-122.13158 47.67858)
MODEL Y,7SAYGDED6T,King,Renton,53033025806,WA,POINT (-122.19488 47.44034)
OUTLANDER,JA4J24A58K,King,Seattle,53033011902,WA,POINT (-122.25031 47.49481)
ARIYA HATCHBACK,JN1DF0BB2R,King,Seattle,53033006800,WA,POINT (-122.36381 47.63046)
MODEL S,5YJSA1E54N,King,Seattle,53033007001,WA,POINT (-122.36381 47.63046)
MODEL 3,5YJ3E1EA6J,King,Covington,53033031705,WA,POINT (-122.10798 47.37124)
BOLT EUV,1G1FY6S05P,Kitsap,Bainbridge Island,53035090902,WA,POINT (-122.521 47.62759)
MODEL 3,5YJ3E1EB3J,King,Sammamish,53033032207,WA,POINT (-122.03539 47.61344)
XC90,YV4BC0PL1G,Clark,Ridgefield,53011040403,WA,POINT (-122.74595 45.81539)
SOLTERRA,JTMABABA2P,King,Seattle,53033003601,WA,POINT (-122.35436 47.67596)
MODEL Y,7SAYGAEE5S,King,Kent,53033029702,WA,POINT (-122.19976 47.37483)
MODEL 3,5YJ3E1EC5M,King,North Bend,53033032705,WA,POINT (-121.7831 47.49348)
LYRIQ,1GYKPURL4T,King,Seattle,53033005803,WA,POINT (-122.40092 47.65908)
EV6,KNDC4DLC7P,Kitsap,Poulsbo,53035090502,WA,POINT (-122.64681 47.73689)
MODEL Y,7SAYGDEEXT,Clark,Vancouver,53011041208,WA,POINT (-122.59219 45.62158)
VOLT,1G1RD6E45E,Yakima,Yakima,53077000903,WA,POINT (-120.60272 46.59656)
CAYENNE,WP1BN2AY7S,King,Seattle,53033006400,WA,POINT (-122.30207 47.64085)
PROLOGUE,3GPKHZRJ5S,Cowlitz,Woodland,53015001504,WA,POINT (-122.74017 45.9094)
BOLT EV,1G1FW6S02H,King,Seattle,53033000601,WA,POINT (-122.30253 47.72656)
MODEL Y,7SAYGDEE7R,King,North Bend,53033032704,WA,POINT (-121.7831 47.49348)
MODEL Y,7SAYGAEE6P,King,Redmond,53033032321,WA,POINT (-122.13158 47.67858)
XC90,YV4BR0CK3K,King,Kirkland,53033022006,WA,POINT (-122.2066 47.67887)
E-TRON,WA1ACBGE8N,King,Issaquah,53033032220,WA,POINT (-122.01656 47.57118)
MODEL Y,7SAYGDEE9T,King,Bellevue,53033023300,WA,POINT (-122.12056 47.61334)
TONALE,ZASPATCW2R,Kitsap,Bainbridge Island,53035091002,WA,POINT (-122.521 47.62759)
MODEL 3,5YJ3E1EB2L,King,Seattle,53033000102,WA,POINT (-122.30253 47.72656)
R1S,7PDSGABLXP,Kitsap,Bremerton,53035091500,WA,POINT (-122.61158 47.62691)
500,3C3CFFGE0H,Clark,Camas,53011040608,WA,POINT (-122.40177 45.58705)
VOLT,1G1RB6S54H,King,Bellevue,53033023604,WA,POINT (-122.1621 47.64441)
MODEL Y,7SAYGDEE4R,Snohomish,Lake Stevens,53061052607,WA,POINT (-122.06402 48.01497)
MODEL 3,5YJ3E1EA6P,King,Kirkland,53033022300,WA,POINT (-122.22901 47.72201)
LEAF,1N4AZ0CP6D,King,Beaux Arts,53033023901,WA,POINT (-122.1872 47.61001)
Q5 E,WA1E2AFY1M,King,Seattle,53033005000,WA,POINT (-122.35436 47.67596)
XC60,YV4H60RM0S,King,Redmond,53033032323,WA,POINT (-122.13158 47.67858)
MODEL Y,7SAYGAEEXN,King,Issaquah,53033023404,WA,POINT (-122.03439 47.5301)
RAV4 PRIME (PHEV),JTMCB3FVXN,Clark,Vancouver,53011041337,WA,POINT (-122.48723 45.63701)
RAV4 PRIME (PHEV),JTMEB3FVXM,Clark,Vancouver,53011040803,WA,POINT (-122.62731 45.71668)
MODEL Y,5YJYGDEE9M,Kitsap,Bainbridge Island,53035090700,WA,POINT (-122.521 47.62759)
IONIQ 9,7YAMUFS37T,King,Seattle,53033002200,WA,POINT (-122.30253 47.72656)
LEAF,JN1AZ0CP9B,Jefferson,Port Townsend,53031950603,WA,POINT (-122.77263 48.1212)
MODEL Y,7SAYGDED6P,King,Seattle,53033004500,WA,POINT (-122.31307 47.66127)
BOLT,1G1FY6EV6V,Thurston,Olympia,53067010200,WA,POINT (-122.87741 47.05997)
MODEL 3,5YJ3E1EB3P,King,Issaquah,53033032221,WA,POINT (-122.01656 47.57118)
LEAF,1N4BZ1CP8K,Thurston,Tumwater,53067010910,WA,POINT (-123.04078 46.94792)
LEAF,1N4AZ0CP1F,Clark,Camas,53011040605,WA,POINT (-122.40177 45.58705)
R1S,7PDSGBBP0T,King,Seattle,53033001400,WA,POINT (-122.37238 47.74068)
GLC-CLASS,W1NKM5GBXS,King,Seattle,53033006701,WA,POINT (-122.34845 47.63283)
GLC-CLASS,W1N0G5DB3L,King,Renton,53033029308,WA,POINT (-122.19488 47.44034)
MODEL 3,5YJ3E1EB3S,King,Des Moines,53033028801,WA,POINT (-122.30615 47.38542)
MODEL Y,7SAYGDEE7P,King,Seattle,53033008300,WA,POINT (-122.34223 47.61085)
IONIQ 5,KM8KNDDF7R,King,Kent,53033031707,WA,POINT (-122.10798 47.37124)
ZDX,4W5KHNRL7R,King,Auburn,53033029602,WA,POINT (-122.18263 47.31825)
R1S,7PDSGABA0P,King,Bothell,53033021905,WA,POINT (-122.20563 47.76144)
MODEL Y,5YJYGDED5M,King,Newcastle,53033025005,WA,POINT (-122.11589 47.50243)
MODEL Y,7SAYGAEE6P,Clark,Camas,53011040609,WA,POINT (-122.40177 45.58705)
MODEL Y,7SAYGDEE3S,Kitsap,Bainbridge Island,53035090902,WA,POINT (-122.521 47.62759)
MODEL 3,5YJ3E1EA3J,King,Shoreline,53033020200,WA,POINT (-122.37238 47.74068)
SOLTERRA,JTMABABA8R,King,Bellevue,53033023401,WA,POINT (-122.12056 47.61334)
PRIUS PRIME (PHEV),JTDKAMFP9N,King,Renton,53033029309,WA,POINT (-122.19488 47.44034)
BOLT EUV,1G1FZ6S07N,King,Redmond,53033022902,WA,POINT (-122.13158 47.67858)
E-GOLF,WVWKR7AU0K,King,Seattle,53033002000,WA,POINT (-122.31676 47.68156)
EV6,KNDC3DLCXN,King,Bellevue,53033023902,WA,POINT (-122.12096 47.55584)
MODEL 3,5YJ3E1EB0L,King,Renton,53033025602,WA,POINT (-122.11589 47.50243)
ID.4,1V2JNPE8XP,King,Redmond,53033032323,WA,POINT (-122.13158 47.67858)
R1S,7PDSGABA0P,King,Seattle,53033000700,WA,POINT (-122.30253 47.72656)
ARIYA HATCHBACK,JN1CF0BB8R,King,Seattle,53033002900,WA,POINT (-122.38418 47.70044)
MODEL 3,5YJ3E1EA6S,King,Renton,53033025302,WA,POINT (-122.18839 47.51197)
MODEL Y,7SAYGAEE5S,King,Kirkland,53033021905,WA,POINT (-122.22901 47.72201)
X5,5UX43EU09S,King,Kent,53033029702,WA,POINT (-122.19976 47.37483)
MODEL Y,7SAYGDED1T,Snohomish,Everett,53061041606,WA,POINT (-122.18637 47.89251)
C-HR,JTMAAAAD9T,Clark,Vancouver,53011041319,WA,POINT (-122.48723 45.63701)
BOLT EV,1G1FZ6S01M,King,Seattle,53033006400,WA,POINT (-122.30207 47.64085)
POLESTAR 2,LPSED3KA7N,King,Seattle,53033002200,WA,POINT (-122.30253 47.72656)
MODEL S,5YJSA1DP1D,Kitsap,Bainbridge Island,53035091002,WA,POINT (-122.521 47.62759)
MODEL 3,5YJ3E1EA7R,King,Sammamish,53033032225,WA,POINT (-122.02054 47.60326)
EQUINOX,3GN7DLRR1R,Kitsap,Olalla,53035092803,WA,POINT (-122.54729 47.42602)
MODEL 3,5YJ3E1EB0K,King,Redmond,53033022902,WA,POINT (-122.13158 47.67858)
MODEL Y,7SAYGDEE8S,King,Bellevue,53033023603,WA,POINT (-122.12056 47.61334)
MODEL Y,7SAYGDEE1N,King,Kirkland,53033022401,WA,POINT (-122.2066 47.67887)
MODEL S,5YJSA1E28H,King,Auburn,53033031207,WA,POINT (-122.18263 47.31825)
MODEL 3,5YJ3E1EA6P,King,Kirkland,53033022005,WA,POINT (-122.22901 47.72201)
MODEL X,7SAXCBE66P,King,Clyde Hill,53033024100,WA,POINT (-122.1872 47.61001)
MODEL Y,7SAYGDED0S,King,Kirkland,53033022702,WA,POINT (-122.2066 47.67887)
PRIUS PRIME (PHEV),JTDACACUXS,Clark,Battle Ground,53011040416,WA,POINT (-122.5331 45.78092)
LEAF,JN1AZ0CP9B,King,Seattle,53033005804,WA,POINT (-122.36381 47.63046)
EQS-CLASS SUV,4JGDM4EB1P,King,Sammamish,53033032217,WA,POINT (-122.02054 47.60326)
MODEL Y,7SAYGDEE4P,Snohomish,Bothell,53061051926,WA,POINT (-122.18384 47.8031)
MODEL Y,5YJYGDEE9M,King,Shoreline,53033020800,WA,POINT (-122.37238 47.74068)
PROLOGUE,3GPKHZRJ0S,King,Seattle,53033006400,WA,POINT (-122.30207 47.64085)
MODEL X,5YJXCDE24J,King,Bellevue,53033024704,WA,POINT (-122.12096 47.55584)
EQB-CLASS,W1N9M0KB7P,King,Seattle,53033000102,WA,POINT (-122.30253 47.72656)
MODEL 3,5YJ3E1EC2M,King,Federal Way,53033030201,WA,POINT (-122.36217 47.31011)
MODEL 3,5YJ3E1EA3M,King,Seattle,53033000601,WA,POINT (-122.30253 47.72656)
ESCAPE,1FMCU0KZ1N,Clark,Camas,53011041500,WA,POINT (-122.40177 45.58705)
MODEL 3,5YJ3E1EC6N,Cowlitz,Kelso,53015001700,WA,POINT (-122.89867 46.14424)
F-150,1FT6W1EV5P,Thurston,Tumwater,53067010801,WA,POINT (-122.89165 47.03954)
R1S,7PDSGABLXP,King,Seattle,53033005600,WA,POINT (-122.40092 47.65908)
MODEL Y,7SAYGDEE4R,King,Sammamish,53033032317,WA,POINT (-122.02054 47.60326)
MODEL Y,7SAYGDEFXR,Snohomish,Snohomish,53061052112,WA,POINT (-122.1389 47.87115)
E-CLASS,W1KLF6DB8T,Clark,Ridgefield,53011040304,WA,POINT (-122.74595 45.81539)
MODEL 3,5YJ3E1EA2P,Clark,Ridgefield,53011040305,WA,POINT (-122.74595 45.81539)
IONIQ 5,7YAKNDDCXS,King,Seattle,53033007800,WA,POINT (-122.31009 47.60803)
ZDX,4W5XHPRL6R,King,Sammamish,53033032215,WA,POINT (-122.03539 47.61344)
LEAF,JN1AZ2BA7T,King,Kirkland,53033022701,WA,POINT (-122.2066 47.67887)
A3,WAUUPBFFXH,Clark,Vancouver,53011040904,WA,POINT (-122.70303 45.70954)
MODEL Y,5YJYGDEE3M,King,Sammamish,53033032225,WA,POINT (-122.02054 47.60326)
LEAF,JN1AZ0CP2B,King,Kirkland,53033021904,WA,POINT (-122.22901 47.72201)
MODEL Y,7SAYGDEE0R,King,Renton,53033029309,WA,POINT (-122.19488 47.44034)
MODEL Y,7SAYGDEE2S,King,Auburn,53033031208,WA,POINT (-122.18263 47.31825)
MODEL 3,5YJ3E1EB8S,King,Bellevue,53033023100,WA,POINT (-122.11867 47.63131)
E-GOLF,WVWPR7AU7K,Snohomish,Mukilteo,53061042001,WA,POINT (-122.29196 47.89908)
LEAF,JN1AZ0CP3C,King,Seattle,53033000800,WA,POINT (-122.30253 47.72656)
GRAND CHEROKEE,1C4RJYB68N,King,Kirkland,53033022003,WA,POINT (-122.22901 47.72201)
EV6,KNDC3DLC1R,Clark,Vancouver,53011040810,WA,POINT (-122.64443 45.67871)
MODEL X,5YJXCBE21J,King,Federal Way,53033030310,WA,POINT (-122.36217 47.31011)
BOLT EUV,1G1FZ6S00P,Kitsap,Bremerton,53035080600,WA,POINT (-122.65223 47.57192)
MODEL Y,7SAYGAEE2R,King,Redmond,53033032321,WA,POINT (-122.13158 47.67858)
RAV4 PRIME (PHEV),JTMFB3FVXN,King,Kirkland,53033022702,WA,POINT (-122.2066 47.67887)
FUSION,3FA6P0SU4D,King,Renton,53033025602,WA,POINT (-122.11589 47.50243)
VOLT,1G1RD6E40D,Yakima,Wapato,53077940001,WA,POINT (-120.42083 46.44779)
RAV4 PRIME (PHEV),JTMFB3FV3M,King,Bothell,53033021802,WA,POINT (-122.20563 47.76144)
NIRO,KNDCT3L10S,King,Seattle,53033000800,WA,POINT (-122.30253 47.72656)
F-150,1FT6W1EV5P,Yakima,Yakima,53077000301,WA,POINT (-120.51904 46.59782)
MODEL X,7SAXCDE50P,King,Seattle,53033008102,WA,POINT (-122.32945 47.60357)
MUSTANG MACH-E,3FMTK1R42P,Thurston,Yelm,53067012421,WA,POINT (-122.60735 46.94239)
MODEL 3,5YJ3E1EA4R,King,Seattle,53033005804,WA,POINT (-122.36381 47.63046)
MODEL 3,5YJ3E1ET6T,Clark,Vancouver,53011041309,WA,POINT (-122.49212 45.60365)
MODEL Y,7SAYGDEE0T,King,Bellevue,53033023604,WA,POINT (-122.1621 47.64441)
BZ4X,JTMABACA0R,King,Seattle,53033011902,WA,POINT (-122.25031 47.49481)
LYRIQ,1GYKPTRL8S,King,Duvall,53033032402,WA,POINT (-121.98609 47.74068)
IONIQ 5,7YAKNDDCXT,King,Redmond,53033022803,WA,POINT (-122.13158 47.67858)
IONIQ 5,7YAKRDDC6T,King,Shoreline,53033021000,WA,POINT (-122.33364 47.73709)
XC90,YV4H60PM1T,King,Mercer Island,53033024301,WA,POINT (-122.21238 47.57816)
GLC-CLASS,W1NKM5GB3S,King,Bothell,53033022001,WA,POINT (-122.20563 47.76144)
Q6,WA134BGF1S,King,Auburn,53033031206,WA,POINT (-122.18263 47.31825)
MODEL 3,5YJ3E1EA3P,King,Seattle,53033007303,WA,POINT (-122.34845 47.63283)
XC60,YV4BR0DK8M,King,Seattle,53033005201,WA,POINT (-122.31307 47.66127)
MODEL Y,7SAYGAEE5R,King,Seattle,53033012100,WA,POINT (-122.36322 47.49736)
E-GOLF,WVWKR7AU0H,King,Seattle,53033002700,WA,POINT (-122.35436 47.67596)
RAV4 PRIME (PHEV),JTMFB3FV6N,King,Issaquah,53033025006,WA,POINT (-122.03439 47.5301)
XC90,YV4H60CXXP,King,Bothell,53033022001,WA,POINT (-122.20563 47.76144)
SOLTERRA,JTMABABA1S,Clark,Vancouver,53011041312,WA,POINT (-122.55149 45.69345)
CX-90,JM3KKDHA8R,King,Bothell,53033021804,WA,POINT (-122.20563 47.76144)
ARIYA MPV,JN8BF0BE9S,King,Bellevue,53033023300,WA,POINT (-122.12056 47.61334)
XC60,YV4BR0DM5N,Kitsap,Bainbridge Island,53035090700,WA,POINT (-122.521 47.62759)
CX-90,JM3KKEHAXR,King,Woodinville,53033032320,WA,POINT (-122.15545 47.75448)
RZ,JTJAAAAB5P,King,Kent,53033029504,WA,POINT (-122.19976 47.37483)
IONIQ 9,7YAMYFS59T,King,Bellevue,53033023603,WA,POINT (-122.12056 47.61334)
R1S,7PDSGABP6T,King,Seattle,53033001400,WA,POINT (-122.37238 47.74068)
RAV4 PRIME (PHEV),JTMEB3FV6R,King,Bellevue,53033023902,WA,POINT (-122.1872 47.61001)
NIRO,KNDCR3LFXR,King,Bellevue,53033023806,WA,POINT (-122.1872 47.61001)
E-TRON,WA1AAAGE4M,King,Seattle,53033007503,WA,POINT (-122.31009 47.60803)
MUSTANG MACH-E,3FMTK4SX8S,Kitsap,Olalla,53035092803,WA,POINT (-122.54729 47.42602)
XC60,YV4H60RM7S,King,Kirkland,53033022701,WA,POINT (-122.2066 47.67887)
LEAF,1N4BZ1DV0N,Snohomish,Everett,53061041815,WA,POINT (-122.27557 47.88936)
RAV4 PRIME (PHEV),JTMEB3FV9S,Jefferson,Port Townsend,53031950603,WA,POINT (-122.77263 48.1212)
MODEL 3,5YJ3E1EB2J,King,Seattle,53033007002,WA,POINT (-122.34845 47.63283)
TAYCAN,WP0AB2Y1XS,King,Bellevue,53033024001,WA,POINT (-122.1872 47.61001)
MODEL X,5YJXCBE22H,King,Bellevue,53033024901,WA,POINT (-122.12096 47.55584)
MODEL Y,5YJYGAEE3M,Snohomish,Lake Stevens,53061052607,WA,POINT (-122.06402 48.01497)
MODEL 3,5YJ3E1EB8J,King,Seattle,53033006900,WA,POINT (-122.36381 47.63046)
BOLT EUV,1G1FZ6S02P,King,Kirkland,53033022502,WA,POINT (-122.2066 47.67887)
PRIUS PRIME (PHEV),JTDKARFP5K,Clark,Vancouver,53011040803,WA,POINT (-122.62731 45.71668)
LEAF,1N4BZ1BVXN,King,Seattle,53033000601,WA,POINT (-122.30253 47.72656)
F-150,1FTVW3LK4S,King,Kent,53033029407,WA,POINT (-122.17743 47.41185)
SOLTERRA,JTMABABA1R,Thurston,Rochester,53067012720,WA,POINT (-123.08743 46.82175)
MODEL 3,5YJ3E1EB9J,King,Kirkland,53033022701,WA,POINT (-122.2066 47.67887)
MODEL Y,5YJYGDEE7M,King,Seattle,53033007800,WA,POINT (-122.31009 47.60803)
XC40,YV4ED3UM6P,King,Seattle,53033001400,WA,POINT (-122.37238 47.74068)
MODEL Y,7SAYGDEE0P,King,Kirkland,53033021903,WA,POINT (-122.22901 47.72201)
NIRO,KNDCC3LG0N,Kitsap,Bremerton,53035080200,WA,POINT (-122.61136 47.5752)
MUSTANG MACH-E,3FMTK3SU2R,King,Seattle,53033001400,WA,POINT (-122.37238 47.74068)
MODEL Y,7SAYGDEE2N,King,Kirkland,53033022003,WA,POINT (-122.22901 47.72201)
MODEL X,7SAXCAE52R,King,Renton,53033029305,WA,POINT (-122.19488 47.44034)
EQUINOX,3GN7DNRP9T,King,Seattle,53033008300,WA,POINT (-122.32945 47.60357)
MODEL Y,5YJYGDEE9L,King,Federal Way,53033030310,WA,POINT (-122.36217 47.31011)
RAV4 PRIME (PHEV),JTMAB3FV1M,Clark,Vancouver,53011041900,WA,POINT (-122.67156 45.63248)
MODEL Y,7SAYGDEF4R,King,Kent,53033031707,WA,POINT (-122.10798 47.37124)
LEAF,1N4BZ1CV1N,King,Duvall,53033032402,WA,POINT (-121.98609 47.74068)
EV6,KNDC3DLCXN,King,Seattle,53033011902,WA,POINT (-122.25031 47.49481)
MODEL S,5YJSA1E69P,Yakima,Yakima,53077000903,WA,POINT (-120.60272 46.59656)
BOLT EV,1G1FX6S08J,King,Redmond,53033032323,WA,POINT (-122.13158 47.67858)
POLESTAR 4,YSRPA3A43T,Snohomish,Bothell,53061041704,WA,POINT (-122.20105 47.84423)
500,3C3CFFGE8F,King,Seattle,53033011902,WA,POINT (-122.25031 47.49481)
POLESTAR 2,LPSED3KA8M,Clark,Camas,53011040610,WA,POINT (-122.40177 45.58705)
CX-90,JM3KKBHA8R,King,Duvall,53033032402,WA,POINT (-121.98609 47.74068)
I5,WBY33FK05R,King,Kirkland,53033022203,WA,POINT (-122.22901 47.72201)
XC60,YV4H60RC4S,King,Issaquah,53033032220,WA,POINT (-122.01656 47.57118)
X5,5UX43EU04R,Kitsap,Bainbridge Island,53035091002,WA,POINT (-122.521 47.62759)
MODEL 3,5YJ3E1EB5P,Clark,Vancouver,53011041331,WA,POINT (-122.55149 45.69345)
MODEL Y,7SAYGDEE9R,King,Redmond,53033032325,WA,POINT (-122.13158 47.67858)
SOLTERRA,JTMABABA9R,Clark,Vancouver,53011040713,WA,POINT (-122.55149 45.69345)
OUTLANDER,JA4T5WA90S,King,Bellevue,53033023201,WA,POINT (-122.12056 47.61334)
I5,WBY43FK06S,Yakima,Yakima,53077000800,WA,POINT (-120.51904 46.59782)
LEAF,1N4AZ0CP7F,King,Seattle,53033006400,WA,POINT (-122.30207 47.64085)
MODEL 3,5YJ3E1EA6K,King,Seattle,53033009500,WA,POINT (-122.30866 47.57874)
MODEL Y,7SAYGDEE0P,King,Bellevue,53033024905,WA,POINT (-122.12096 47.55584)
MODEL 3,5YJ3E1EA0P,King,Seattle,53033006400,WA,POINT (-122.30207 47.64085)
MODEL S,5YJSA1E52T,King,Kent,53033029408,WA,POINT (-122.17743 47.41185)
MODEL X,5YJXCDE26J,King,Bellevue,53033024800,WA,POINT (-122.12096 47.55584)
WRANGLER,1C4RJXN69S,King,Redmond,53033032321,WA,POINT (-122.13158 47.67858)
MODEL 3,5YJ3E1EC9P,Snohomish,Lake Stevens,53061052607,WA,POINT (-122.06402 48.01497)
LEAF,1N4BZ1CV2N,King,Renton,53033025601,WA,POINT (-122.11589 47.50243)
Q5 E,WA1E2AFYXL,King,Seattle,53033011200,WA,POINT (-122.31449 47.53917)
MODEL 3,5YJ3E1EC3N,King,Newcastle,53033024703,WA,POINT (-122.18839 47.51197)
ARIYA MPV,JN8DF0BF3S,King,Kirkland,53033022501,WA,POINT (-122.2066 47.67887)
MODEL 3,5YJ3E1EB4R,King,Bellevue,53033023300,WA,POINT (-122.11867 47.63131)
MODEL 3,5YJ3E1EB7T,King,Woodinville,53033021802,WA,POINT (-122.15545 47.75448)
MODEL Y,7SAYGDED6S,King,Seattle,53033007101,WA,POINT (-122.34845 47.63283)
BOLT EUV,1G1FZ6S04P,Clark,Vancouver,53011040810,WA,POINT (-122.64443 45.67871)
MODEL 3,5YJ3E1EB4N,Clark,Vancouver,53011040904,WA,POINT (-122.70303 45.70954)
MODEL Y,7SAYGDEEXS,Cowlitz,Kelso,53015000902,WA,POINT (-122.89867 46.14424)
I4,WBY73AW09N,King,Newcastle,53033024703,WA,POINT (-122.18839 47.51197)
ID. BUZZ,WVGAWVEB8S,Clark,Vancouver,53011040604,WA,POINT (-122.55149 45.69345)
X5,5UXTA6C04N,King,Bellevue,53033024704,WA,POINT (-122.12096 47.55584)
S-CLASS,WDDUG6DB6H,Clark,Vancouver,53011041319,WA,POINT (-122.48723 45.63701)
PROLOGUE,3GPKHVRJ6S,Clark,Vancouver,53011040714,WA,POINT (-122.55149 45.69345)
MODEL Y,7SAYGDEF8P,King,Bellevue,53033024701,WA,POINT (-122.12096 47.55584)
CX-90,JM3KKBHA4S,Snohomish,Everett,53061041610,WA,POINT (-122.18637 47.89251)
MODEL 3,5YJ3E1EA6J,Island,Coupeville,53029971100,WA,POINT (-122.68558 48.21857)
IX,WB523CF06R,King,Sammamish,53033032225,WA,POINT (-122.02054 47.60326)
MODEL 3,5YJ3E1EB6K,Clark,La Center,53011040201,WA,POINT (-122.67248 45.86156)
BLAZER,3GNKDBRJ0R,Clark,Brush Prairie,53011040715,WA,POINT (-122.54578 45.73473)
MODEL 3,5YJ3E1EB5S,Clark,Vancouver,53011040713,WA,POINT (-122.55149 45.69345)
EX90,7JDE23VL6S,King,Bellevue,53033025007,WA,POINT (-122.12096 47.55584)
MODEL Y,7SAYGDEE2S,Kitsap,Bainbridge Island,53035090800,WA,POINT (-122.521 47.62759)
R1T,7FCTGAAA7P,King,Woodinville,53033021906,WA,POINT (-122.15545 47.75448)
LEAF,1N4BZ0CP1H,Snohomish,Bothell,53061051916,WA,POINT (-122.18384 47.8031)
MODEL Y,5YJYGDEE0M,King,Kirkland,53033022501,WA,POINT (-122.2066 47.67887)
LEAF,1N4AZ0CP2E,King,Seattle,53033009702,WA,POINT (-122.41067 47.57894)
MODEL Y,7SAYGDEDXT,King,Bothell,53033022001,WA,POINT (-122.20563 47.76144)
IONIQ 5,KM8KN4AE4P,King,Renton,53033025602,WA,POINT (-122.11589 47.50243)
MUSTANG MACH-E,3FMTK4SX6M,King,Burien,53033027600,WA,POINT (-122.34731 47.45207)
SPORTAGE,KNDPZDDH7S,King,Issaquah,53033032104,WA,POINT (-122.03439 47.5301)
MODEL Y,7SAYGDEE3P,King,Shoreline,53033020800,WA,POINT (-122.37238 47.74068)
CAYENNE,WP1AE2A27J,Clark,Vancouver,53011040908,WA,POINT (-122.70303 45.70954)
MUSTANG MACH-E,3FMTK1SS7M,Snohomish,Bothell,53061052005,WA,POINT (-122.20105 47.84423)
CX-90,JM3KKBHA0R,King,Kent,53033029506,WA,POINT (-122.19976 47.37483)
MODEL X,7SAXCBE57P,King,Duvall,53033032402,WA,POINT (-121.98609 47.74068)
LEAF,1N4AZ0CP4D,King,Seattle,53033000800,WA,POINT (-122.30253 47.72656)
MODEL 3,5YJ3E1EB5L,Stevens,Nine Mile Falls,53065951402,WA,POINT (-117.54392 47.77676)
MODEL 3,5YJ3E1EA8P,Clark,Vancouver,53011040812,WA,POINT (-122.62731 45.71668)
MODEL Y,7SAYGAEEXP,King,Normandy Park,53033028600,WA,POINT (-122.34731 47.45207)
R1S,7PDSGFBA0T,King,Kirkland,53033022501,WA,POINT (-122.2066 47.67887)
I5,WBY43FK09R,King,Seattle,53033000900,WA,POINT (-122.30253 47.72656)
MODEL Y,7SAYGAEE7P,King,Seattle,53033000102,WA,POINT (-122.30253 47.72656)
MODEL Y,7SAYGDEE8P,King,Seattle,53033010702,WA,POINT (-122.36893 47.54701)
BOLT EV,1G1FY6S03L,King,Seattle,53033009600,WA,POINT (-122.41067 47.57894)
MODEL Y,7SAYGDEE9T,King,Newcastle,53033025005,WA,POINT (-122.11589 47.50243)
MODEL Y,7SAYGAEE8P,King,Kenmore,53033022101,WA,POINT (-122.24369 47.75892)
EV6,KNDC4DLC1R,Clark,Vancouver,53011040713,WA,POINT (-122.55149 45.69345)
AVIATOR,5LMYJ8XY4N,King,Renton,53033025304,WA,POINT (-122.18839 47.51197)
MODEL S,5YJSA1E23H,King,Beaux Arts,53033023901,WA,POINT (-122.1872 47.61001)
BOLT EV,1G1FY6S02K,King,Kent,53033029407,WA,POINT (-122.17743 47.41185)
MODEL S,5YJSA1E40J,King,Seattle,53033006500,WA,POINT (-122.32427 47.63433)
PROLOGUE,3GPKHZRJ3R,King,Kent,53033029506,WA,POINT (-122.19976 47.37483)
LEAF,1N4AZ1CP9K,King,Shoreline,53033021000,WA,POINT (-122.33364 47.73709)
XC40,YV4ED3UB2N,King,Seattle,53033006300,WA,POINT (-122.30207 47.64085)
MODEL 3,5YJ3E1EA4P,Clark,Vancouver,53011042602,WA,POINT (-122.62934 45.63201)
MODEL Y,7SAYGDEE6T,King,Sammamish,53033032318,WA,POINT (-122.02054 47.60326)
BOLT EUV,1G1FZ6S09P,King,Seattle,53033005700,WA,POINT (-122.40092 47.65908)
CAYENNE,WP1AE2AY2L,Jefferson,Port Townsend,53031950502,WA,POINT (-122.77263 48.1212)
MODEL Y,5YJYGDEE4L,King,Issaquah,53033032220,WA,POINT (-122.01656 47.57118)
MODEL 3,5YJ3E1EB6R,King,Seattle,53033009300,WA,POINT (-122.31449 47.53917)
E-TRON,WA1LAAGE3N,King,Redmond,53033022902,WA,POINT (-122.13158 47.67858)
EV6,KNDC3DLC5N,King,Woodinville,53033021906,WA,POINT (-122.15545 47.75448)
Q5 E,WA1F2AFY1P,King,Seattle,53033000500,WA,POINT (-122.37238 47.74068)
X5,5UXTA6C05N,King,Seattle,53033010402,WA,POINT (-122.31449 47.53917)
XC90,YV4H60JE0S,Clark,Camas,53011040609,WA,POINT (-122.40177 45.58705)
WRANGLER,1C4JJXR60M,Thurston,Yelm,53067012531,WA,POINT (-122.60735 46.94239)
MODEL Y,7SAYGDEE7N,King,Bellevue,53033024001,WA,POINT (-122.1872 47.61001)
X5,5UXTA6C07M,King,Kirkland,53033022603,WA,POINT (-122.2066 47.67887)
RAV4 PRIME (PHEV),JTMAB3FV1S,King,Seattle,53033000700,WA,POINT (-122.30253 47.72656)
MODEL Y,7SAYGDEE7P,King,Renton,53033025304,WA,POINT (-122.18839 47.51197)
I3,WBY1Z4C50E,King,Seattle,53033011902,WA,POINT (-122.25031 47.49481)
AIR,50EA1TEA3R,King,Bellevue,53033023901,WA,POINT (-122.1872 47.61001)
MODEL 3,5YJ3E1EA6P,King,Newcastle,53033025005,WA,POINT (-122.11589 47.50243)
MODEL 3,5YJ3E1EA5P,King,Newcastle,53033024704,WA,POINT (-122.18839 47.51197)
EV9,KNDADFS51R,King,Kirkland,53033022603,WA,POINT (-122.2066 47.67887)
EV9,KNDAEFS53R,King,Seattle,53033000700,WA,POINT (-122.30253 47.72656)
MODEL 3,5YJ3E1EA2S,King,Renton,53033031910,WA,POINT (-122.08747 47.4466)
X5,5UXTA6C06N,King,Sammamish,53033032225,WA,POINT (-122.02054 47.60326)
EQS-CLASS SUV,4JGDM4EB7P,King,Kent,53033029207,WA,POINT (-122.17743 47.41185)
IONIQ 5,7YAKRDDC4T,King,Seattle,53033009500,WA,POINT (-122.30866 47.57874)
EV9,KNDAFFS51R,Clark,Washougal,53011040513,WA,POINT (-122.35341 45.57923)
Q6,WA124BGFXS,King,Bellevue,53033023805,WA,POINT (-122.1872 47.61001)
MODEL Y,7SAYGDEE3R,King,Shoreline,53033021100,WA,POINT (-122.30304 47.75494)
EQE-CLASS SUV,4JGGM1CB3S,King,Kirkland,53033021904,WA,POINT (-122.22901 47.72201)
I5,WBY33HG05T,King,Bellevue,53033023702,WA,POINT (-122.1621 47.64441)
MODEL 3,5YJ3E1EB4L,King,Kirkland,53033022501,WA,POINT (-122.2066 47.67887)
MODEL 3,5YJ3E1EB3S,King,Kent,53033029504,WA,POINT (-122.19976 47.37483)
MODEL Y,7SAYGDEE8N,King,Seattle,53033009600,WA,POINT (-122.41067 47.57894)
R1S,7PDSGGBA8T,King,Kirkland,53033022701,WA,POINT (-122.2066 47.67887)
MODEL 3,5YJ3E1EAXR,King,Sammamish,53033032215,WA,POINT (-122.03539 47.61344)
EV9,KNDADFS52R,King,Shoreline,53033020500,WA,POINT (-122.30304 47.75494)
PRIUS PRIME (PHEV),JTDKAMFP9M,Thurston,Yelm,53067012421,WA,POINT (-122.60735 46.94239)
PACIFICA,2C4RC1N74M,Kitsap,Poulsbo,53035090502,WA,POINT (-122.64681 47.73689)
MODEL Y,7SAYGDEF2P,King,Seattle,53033002900,WA,POINT (-122.38418 47.70044)
EX90,7JDEV3VL3S,King,Seattle,53033000900,WA,POINT (-122.30253 47.72656)
S60,7JRH60FM9R,King,Newcastle,53033024703,WA,POINT (-122.18839 47.51197)
NX,JTJKKCFZ8N,Clark,Camas,53011040609,WA,POINT (-122.40177 45.58705)
BLAZER,3GNKDBRJ3R,King,Maple Valley,53033032008,WA,POINT (-122.04526 47.39394)
ARIYA MPV,JN8DF0BF4S,King,Redmond,53033032323,WA,POINT (-122.13158 47.67858)
EV6,KNDC34LA5R,Clark,Vancouver,53011040812,WA,POINT (-122.62731 45.71668)
SPORTAGE,KNDPYDDH4S,King,Seattle,53033001300,WA,POINT (-122.33364 47.73709)
VOLT,1G1RB6S57H,King,Bothell,53033021804,WA,POINT (-122.20563 47.76144)
EX30,YV4EK3ZK0T,King,Seattle,53033006400,WA,POINT (-122.30207 47.64085)
LEAF,1N4CZ1CV2S,Island,Coupeville,53029971100,WA,POINT (-122.68558 48.21857)
MODEL Y,7SAYGDEEXT,King,Bellevue,53033023805,WA,POINT (-122.1872 47.61001)
MUSTANG MACH-E,3FMTK2SU3N,Thurston,Olympia,53067010100,WA,POINT (-122.89165 47.03954)
BOLT EV,1G1FY6S07M,King,Seattle,53033012100,WA,POINT (-122.36322 47.49736)
RANGE ROVER SPORT,SAL119F4XR,King,Renton,53033024704,WA,POINT (-122.18839 47.51197)
Q5 E,WA1E2AFY8R,King,Bellevue,53033023701,WA,POINT (-122.1621 47.64441)
MODEL 3,5YJ3E1EA5N,King,Seattle,53033007600,WA,POINT (-122.30207 47.64085)
E-TRON,WA1VAAGE4K,King,Bellevue,53033024905,WA,POINT (-122.12096 47.55584)
SOUL,KNDJX3AE9G,Thurston,Olympia,53067010200,WA,POINT (-122.87741 47.05997)
MODEL Y,7SAYGDEE0R,King,Seattle,53033006100,WA,POINT (-122.32427 47.63433)
500,3C3CFFGE1G,Kitsap,Port Orchard,53035092901,WA,POINT (-122.68516 47.50645)
ID.4,1V2JSPE89S,Clark,Vancouver,53011041208,WA,POINT (-122.59219 45.62158)
LEAF,1N4AZ1CP0J,Clark,Vancouver,53011041323,WA,POINT (-122.49212 45.60365)
MODEL 3,5YJ3E1EB1M,King,Renton,53033025304,WA,POINT (-122.18839 47.51197)
ID.4,WVGGNPE23M,Kitsap,Bainbridge Island,53035091002,WA,POINT (-122.521 47.62759)
MODEL Y,7SAYGDEE9N,King,Maple Valley,53033032008,WA,POINT (-122.04526 47.39394)
TUCSON,KM8JBDD26R,King,Seattle,53033011902,WA,POINT (-122.25031 47.49481)
MODEL Y,5YJYGDEF1M,King,Seattle,53033007303,WA,POINT (-122.34845 47.63283)
ID.4,1V2BMPE85R,Snohomish,Bothell,53061051933,WA,POINT (-122.20105 47.84423)
RAV4 PRIME (PHEV),JTMFB3FV8S,Yakima,Selah,53077003200,WA,POINT (-120.53145 46.65405)
PRIUS PRIME (PHEV),JTDKAMFP9M,King,Federal Way,53033030203,WA,POINT (-122.3303 47.30151)
MODEL Y,7SAYGDEF4N,King,Seattle,53033000800,WA,POINT (-122.30253 47.72656)
LEAF,1N4AZ1CP7J,King,Shoreline,53033021100,WA,POINT (-122.30304 47.75494)
MODEL Y,7SAYGDEE0P,Clark,Ridgefield,53011040403,WA,POINT (-122.74595 45.81539)
MUSTANG MACH-E,3FMTK3SU7P,King,Seatac,53033027300,WA,POINT (-122.29411 47.48924)
R1S,7PDSGABA4P,King,Auburn,53033031208,WA,POINT (-122.18263 47.31825)
MODEL Y,7SAYGDEE8T,Clark,Camas,53011040610,WA,POINT (-122.40177 45.58705)
ARIYA MPV,JN8CF0BF0S,King,Renton,53033025704,WA,POINT (-122.19488 47.44034)
LEAF,JN1AZ0CP3B,Clark,Vancouver,53011041312,WA,POINT (-122.55149 45.69345)
LEAF,1N4BZ0CP0G,King,Seattle,53033011902,WA,POINT (-122.25031 47.49481)
MODEL 3,5YJ3E1EA6P,Thurston,Yelm,53067012412,WA,POINT (-122.60735 46.94239)
X5,5UX43EU07S,King,Bothell,53033022001,WA,POINT (-122.20563 47.76144)
RZ,JTJAAAAB1P,King,Seattle,53033002600,WA,POINT (-122.31676 47.68156)
MODEL 3,5YJ3E1EA5M,King,Redmond,53033032323,WA,POINT (-122.13158 47.67858)
PRIUS PRIME (PHEV),JTDACACU5R,Yakima,Zillah,53077002201,WA,POINT (-120.26226 46.40199)
MODEL Y,7SAYGDEE1T,King,Sammamish,53033032316,WA,POINT (-122.02054 47.60326)
ESCAPE,1FMCU0KZ7N,King,Seattle,53033003400,WA,POINT (-122.38591 47.67597)
MODEL Y,7SAYGDEE0N,King,Renton,53033025201,WA,POINT (-122.18839 47.51197)
MODEL Y,5YJYGDEE1M,King,Seattle,53033004800,WA,POINT (-122.35436 47.67596)
XC40,YV4ED3UB5N,Clark,Vancouver,53011040908,WA,POINT (-122.70303 45.70954)
MODEL 3,5YJ3E1EB6M,King,Sammamish,53033032224,WA,POINT (-122.03539 47.61344)
F-150,1FTVW1EL8P,King,Kent,53033029406,WA,POINT (-122.17743 47.41185)
MODEL Y,7SAYGDED5R,King,Auburn,53033031208,WA,POINT (-122.18263 47.31825)
EV6,5XYC3DJC8S,Clark,Vancouver,53011040713,WA,POINT (-122.55149 45.69345)
MODEL 3,5YJ3E1EA8M,Thurston,Tumwater,53067010910,WA,POINT (-123.04078 46.94792)
XC60,YV4H60RM2S,King,Redmond,53033032323,WA,POINT (-122.13158 47.67858)
LEAF,1N4AZ0CP1F,Clark,Vancouver,53011041328,WA,POINT (-122.49212 45.60365)
BOLT EV,1G1FY6S04M,King,Seattle,53033000900,WA,POINT (-122.30253 47.72656)
MODEL Y,5YJYGDEE3L,King,Sammamish,53033032217,WA,POINT (-122.02054 47.60326)
BOLT EUV,1G1FY6S07P,King,Bellevue,53033023603,WA,POINT (-122.1621 47.64441)
IONIQ 5,KM8KRDAF9P,King,Seattle,53033002000,WA,POINT (-122.31676 47.68156)
MODEL Y,7SAYGDEE2T,Kitsap,Seabeck,53035091302,WA,POINT (-122.81585 47.64509)
MODEL S,5YJSA1CP8C,King,Auburn,53033030801,WA,POINT (-122.18263 47.31825)
MODEL Y,7SAYGDEE2P,Kitsap,Bainbridge Island,53035090800,WA,POINT (-122.521 47.62759)
BOLT EUV,1G1FZ6S01P,King,Renton,53033025500,WA,POINT (-122.18839 47.51197)
MODEL Y,7SAYGDED3T,King,Seattle,53033005902,WA,POINT (-122.36381 47.63046)
MODEL S,5YJSA1E50R,King,Seattle,53033002000,WA,POINT (-122.31676 47.68156)
MODEL Y,7SAYGDEE9P,Kitsap,Bainbridge Island,53035090800,WA,POINT (-122.521 47.62759)
BOLT EUV,1G1FY6S0XN,King,Mercer Island,53033024302,WA,POINT (-122.21238 47.57816)
MODEL 3,5YJ3E1EA2L,Clark,Camas,53011040609,WA,POINT (-122.40177 45.58705)
MODEL X,7SAXCDE56R,King,Bellevue,53033022901,WA,POINT (-122.11867 47.63131)
LEAF,1N4BZ1DV0M,King,Auburn,53033029602,WA,POINT (-122.18263 47.31825)
BLAZER,3GNKDHRK6R,King,Shoreline,53033020800,WA,POINT (-122.37238 47.74068)
MODEL Y,5YJYGDEE0M,King,Kirkland,53033022203,WA,POINT (-122.22901 47.72201)
MODEL Y,7SAYGDEE9P,Klickitat,White Salmon,53039950301,WA,POINT (-121.48704 45.72776)
IONIQ 5,KM8KNDAFXP,King,Seattle,53033001400,WA,POINT (-122.37238 47.74068)
MODEL X,7SAXCBE66R,King,Redmond,53033032330,WA,POINT (-122.13158 47.67858)
MODEL Y,7SAYGDEEXP,King,Bellevue,53033024901,WA,POINT (-122.12096 47.55584)
IONIQ 5,7YAKRDDC5S,Clark,Vancouver,53011041319,WA,POINT (-122.48723 45.63701)
LYRIQ,1GYKPPRK6R,Clark,Vancouver,53011041319,WA,POINT (-122.48723 45.63701)
MODEL S,5YJSA1E49K,King,Seattle,53033007001,WA,POINT (-122.36381 47.63046)
COUNTRYMAN,WMZ53GA03S,King,Seattle,53033008401,WA,POINT (-122.34223 47.61085)
PRIUS PRIME (PHEV),JTDKARFP6K,King,Seattle,53033000900,WA,POINT (-122.30253 47.72656)
EX30,YV4EK3ZK0S,King,Seattle,53033006400,WA,POINT (-122.30207 47.64085)
RAV4 PRIME (PHEV),JTMFB3FV3S,Clark,Brush Prairie,53011040603,WA,POINT (-122.54578 45.73473)
OPTIQ,3GYK3EM45T,King,Seattle,53033000700,WA,POINT (-122.30253 47.72656)
HARDTOP,WMW13DJ02R,King,Bellevue,53033023100,WA,POINT (-122.11867 47.63131)
ID.4,1V2DNPE84P,King,Shoreline,53033020800,WA,POINT (-122.37238 47.74068)
NIRO,KNDCR3L19P,King,Seattle,53033000800,WA,POINT (-122.30253 47.72656)
IONIQ 5,KM8KN4DE6R,King,Seattle,53033001100,WA,POINT (-122.30253 47.72656)
MODEL Y,7SAYGAEE0S,King,Bellevue,53033024001,WA,POINT (-122.1872 47.61001)
HARDTOP,WMW13DJ02R,King,Bellevue,53033023807,WA,POINT (-122.1872 47.61001)
RAV4 PRIME (PHEV),JTMAB3FV2R,King,Seattle,53033007001,WA,POINT (-122.36381 47.63046)
MODEL X,5YJXCAE29H,King,Bellevue,53033023500,WA,POINT (-122.1621 47.64441)
LEAF,1N4BZ0CP5G,King,Redmond,53033022606,WA,POINT (-122.13158 47.67858)
XC60,YV4H60DMXR,King,Kirkland,53033022401,WA,POINT (-122.2066 47.67887)
LEAF,1N4AZ1CP5K,King,Seattle,53033011902,WA,POINT (-122.25031 47.49481)
PROLOGUE,3GPKHZRJ0T,King,Covington,53033031709,WA,POINT (-122.10798 47.37124)
LEAF,1N4AZ0CP2D,King,Redmond,53033032323,WA,POINT (-122.13158 47.67858)
MODEL 3,5YJ3E1EB1N,Clark,Battle Ground,53011040408,WA,POINT (-122.5331 45.78092)
E-GOLF,WVWKP7AU2F,King,Seattle,53033006400,WA,POINT (-122.30207 47.64085)
BOLT EUV,1G1FY6S03P,Kitsap,Bainbridge Island,53035090700,WA,POINT (-122.521 47.62759)
Q5 E,WA1G2AFY1M,King,Kirkland,53033022501,WA,POINT (-122.2066 47.67887)
IONIQ 5,KM8KRDDFXR,King,Shoreline,53033021300,WA,POINT (-122.30304 47.75494)
MODEL Y,7SAYGDEE3S,King,Kirkland,53033022006,WA,POINT (-122.2066 47.67887)
MODEL Y,7SAYGDEE7N,King,Sammamish,53033032318,WA,POINT (-122.02054 47.60326)
XC40,YV4ED3URXN,King,Seattle,53033000102,WA,POINT (-122.30253 47.72656)
MODEL Y,7SAYGDEE2T,King,Kirkland,53033022702,WA,POINT (-122.2066 47.67887)
F-150,1FTVW1EL3N,Snohomish,Lake Stevens,53061052706,WA,POINT (-122.06402 48.01497)
ID.4,WVGKMPE22M,King,Seattle,53033003400,WA,POINT (-122.38591 47.67597)
EQUINOX,3GN7DNRP4R,Clark,Vancouver,53011040709,WA,POINT (-122.57722 45.64251)
XC90,YV4BR00Z5N,King,Seattle,53033006500,WA,POINT (-122.32427 47.63433)
MODEL Y,7SAYGAEEXT,Clark,Washougal,53011040510,WA,POINT (-122.35341 45.57923)
FUSION,3FA6P0SU7F,Thurston,Yelm,53067012412,WA,POINT (-122.60735 46.94239)
LEAF,1N4AZ0CPXF,King,Kirkland,53033022203,WA,POINT (-122.22901 47.72201)
MODEL S,5YJSA1DP3C,King,Kirkland,53033022501,WA,POINT (-122.2066 47.67887)
VOLT,1G1RC6S58K,King,Seattle,53033004301,WA,POINT (-122.31307 47.66127)
R1T,7FCTGAAP3T,King,Medina,53033024200,WA,POINT (-122.23892 47.61613)
X5,5UX43EU06R,King,Bellevue,53033023604,WA,POINT (-122.12056 47.61334)
MODEL Y,7SAYGDEE6N,Cowlitz,Woodland,53015001504,WA,POINT (-122.74017 45.9094)
XC90,YV4BC0PLXG,King,Redmond,53033032324,WA,POINT (-122.13158 47.67858)
SPORTAGE,KNDPZDAH9P,King,Bellevue,53033023202,WA,POINT (-122.11867 47.63131)
BOLT EV,1G1FY6S09K,King,Auburn,53033030801,WA,POINT (-122.28802 47.30264)
MODEL Y,7SAYGDEE5P,Snohomish,Bothell,53061051933,WA,POINT (-122.20105 47.84423)
MODEL Y,7SAYGDEE4S,King,Kenmore,53033022101,WA,POINT (-122.24369 47.75892)
MODEL 3,5YJ3E1EA4L,King,Seattle,53033008102,WA,POINT (-122.32945 47.60357)
MODEL X,7SAXCBE56P,King,Kirkland,53033022203,WA,POINT (-122.22901 47.72201)
EQUINOX,3GN7DSRR1T,Kitsap,Bainbridge Island,53035091002,WA,POINT (-122.521 47.62759)
EV6,KNDC4DLC9P,Snohomish,Everett,53061041701,WA,POINT (-122.18637 47.89251)
MODEL Y,7SAYGDED6T,King,Auburn,53033030503,WA,POINT (-122.2229 47.307)
MODEL Y,7SAYGDEE7T,King,Sammamish,53033032224,WA,POINT (-122.03539 47.61344)
XC60,YV4H60RC6T,King,Seattle,53033012100,WA,POINT (-122.36322 47.49736)
MODEL Y,7SAYGDEE8P,King,Bellevue,53033024904,WA,POINT (-122.12096 47.55584)
MODEL Y,7SAYGAEEXR,King,Seattle,53033009500,WA,POINT (-122.30866 47.57874)
LEAF,1N4BZ0CP2H,King,Seattle,53033004800,WA,POINT (-122.38591 47.67597)
BOLT EV,1G1FX6S06H,King,Kirkland,53033022005,WA,POINT (-122.22901 47.72201)
MODEL 3,5YJ3E1EA0K,King,Redmond,53033032323,WA,POINT (-122.13158 47.67858)
R1S,7PDSGBBA9P,Snohomish,Bothell,53061052107,WA,POINT (-122.20105 47.84423)
MODEL 3,5YJ3E1EB8J,King,Kirkland,53033022003,WA,POINT (-122.22901 47.72201)
BOLT EV,1G1FW6S09H,King,Duvall,53033032401,WA,POINT (-121.98609 47.74068)
MODEL Y,7SAYGDEE0P,King,Kirkland,53033022203,WA,POINT (-122.22901 47.72201)
CYBERTRUCK,7G2CEHEE5R,Clark,Camas,53011041400,WA,POINT (-122.40177 45.58705)
MODEL 3,5YJ3E1EA8P,King,Burien,53033026700,WA,POINT (-122.36322 47.49736)
MODEL 3,5YJ3E1EBXL,King,Federal Way,53033030308,WA,POINT (-122.36217 47.31011)
GLC-CLASS,WDC0G5EB7K,King,Kent,53033029407,WA,POINT (-122.17743 47.41185)
PRIUS PRIME (PHEV),JTDKARFP9H,Thurston,Olympia,53067010600,WA,POINT (-122.92018 47.04575)
RAV4 PRIME (PHEV),JTMAB3FV7P,King,Seattle,53033001000,WA,POINT (-122.30253 47.72656)
MODEL 3,5YJ3E1EB2P,Clark,Vancouver,53011040909,WA,POINT (-122.70303 45.70954)
MODEL Y,5YJYGDEE7M,King,Covington,53033032005,WA,POINT (-122.10798 47.37124)
MODEL Y,7SAYGDEE9N,King,Bellevue,53033023701,WA,POINT (-122.1872 47.61001)
MODEL 3,5YJ3E1EA7P,Clark,Camas,53011040610,WA,POINT (-122.40177 45.58705)
COUNTRYMAN,WMZ53GA07S,Clark,Vancouver,53011041309,WA,POINT (-122.49212 45.60365)
MODEL 3,5YJ3E1EB9L,King,Sammamish,53033032215,WA,POINT (-122.03539 47.61344)
I4,WBY43HD06T,King,Seattle,53033012100,WA,POINT (-122.36322 47.49736)
TAYCAN,WP0BC2Y10T,King,Kirkland,53033022701,WA,POINT (-122.2066 47.67887)
VOLT,1G1RC6S52G,Clark,Vancouver,53011041317,WA,POINT (-122.48723 45.63701)
PRIUS PRIME (PHEV),JTDKAMFP8M,Clark,Vancouver,53011042000,WA,POINT (-122.67156 45.63248)
SPORTAGE,KNDPYDAH3P,Kitsap,Silverdale,53035091302,WA,POINT (-122.69275 47.65171)
Q5 E,WA1E2AFY1M,Snohomish,Everett,53061041605,WA,POINT (-122.18637 47.89251)
SORENTO,KNDRJDLH3N,Cowlitz,Silverlake,53015002004,WA,POINT (-122.8112 46.29694)
MODEL Y,5YJYGDEE5M,King,Kirkland,53033022003,WA,POINT (-122.22901 47.72201)
Q8,WA16AAGE6R,King,Seattle,53033001600,WA,POINT (-122.37238 47.74068)
MODEL X,7SAXCBE5XN,King,Kirkland,53033022401,WA,POINT (-122.2066 47.67887)
PACIFICA,2C4RC1N74L,King,Burien,53033027500,WA,POINT (-122.34731 47.45207)
HARDTOP,WMW13DJ07P,King,Bellevue,53033023300,WA,POINT (-122.12056 47.61334)
IONIQ 5,KM8KRDDF4R,King,Kirkland,53033022603,WA,POINT (-122.2066 47.67887)
BZ4X,JTMABACA1P,King,Burien,53033028600,WA,POINT (-122.34731 47.45207)
MODEL S,5YJSA1DP1D,King,Kent,53033029403,WA,POINT (-122.17743 47.41185)
MODEL S,5YJSA1E57T,King,Bellevue,53033023901,WA,POINT (-122.1872 47.61001)
R1S,7PDSGFBA0T,Kitsap,Bainbridge Island,53035090700,WA,POINT (-122.521 47.62759)
WRANGLER,1C4JJXR63M,Kitsap,Poulsbo,53035940100,WA,POINT (-122.64681 47.73689)
ARIYA HATCHBACK,JN1BF0BA3R,King,Seattle,53033008800,WA,POINT (-122.31009 47.60803)
MODEL 3,5YJ3E1EB2J,King,Burien,53033027800,WA,POINT (-122.34731 47.45207)
MODEL Y,7SAYGDED2T,King,Kent,53033029405,WA,POINT (-122.17743 47.41185)
E-TRON SPORTBACK,WA12AAGE3N,King,Bellevue,53033023902,WA,POINT (-122.1872 47.61001)
IX,WB523CF03S,King,Bellevue,53033023901,WA,POINT (-122.1872 47.61001)
MODEL 3,5YJ3E1EB3S,Clark,Vancouver,53011040904,WA,POINT (-122.70303 45.70954)
MODEL 3,5YJ3E1EA2P,King,Auburn,53033031207,WA,POINT (-122.18263 47.31825)
MODEL X,7SAXCBE58P,King,Renton,53033025304,WA,POINT (-122.18839 47.51197)
RAV4 PRIME (PHEV),JTMFB3FV7P,King,Burien,53033027800,WA,POINT (-122.34731 47.45207)
MUSTANG MACH-E,3FMTK3SU0S,King,Seattle,53033000602,WA,POINT (-122.33364 47.73709)
X5,5UX43EU02T,King,Bellevue,53033023702,WA,POINT (-122.1621 47.64441)
MODEL 3,5YJ3E1EBXK,King,Redmond,53033032323,WA,POINT (-122.13158 47.67858)
MODEL Y,7SAYGDEE3R,King,Renton,53033025601,WA,POINT (-122.18839 47.51197)
IONIQ 5,KM8KRDDF1R,King,Seattle,53033000900,WA,POINT (-122.30253 47.72656)
BOLT EV,1G1FZ6S07L,Yakima,Selah,53077003200,WA,POINT (-120.53145 46.65405)
MODEL Y,7SAYGAEE7N,King,Seattle,53033006300,WA,POINT (-122.30207 47.64085)
HARDTOP,WMW13DJ0XN,King,Seattle,53033007501,WA,POINT (-122.32427 47.63433)
LEAF,1N4AZ0CP6F,King,Seattle,53033002900,WA,POINT (-122.38418 47.70044)
MUSTANG MACH-E,3FMTK4SX7R,Kitsap,Bainbridge Island,53035090700,WA,POINT (-122.521 47.62759)
XC60,YV4H60RC3S,King,Seattle,53033007001,WA,POINT (-122.36381 47.63046)
MODEL Y,7SAYGAEE0P,King,Bellevue,53033024001,WA,POINT (-122.1872 47.61001)
R1S,7PDSGBBA5S,King,Bellevue,53033023000,WA,POINT (-122.11867 47.63131)
IONIQ 5,7YAKRDDC4T,King,Bellevue,53033022901,WA,POINT (-122.11867 47.63131)
RAV4 PRIME (PHEV),JTMFB3FV7M,King,Sammamish,53033032318,WA,POINT (-122.02054 47.60326)
MODEL Y,7SAYGAEE2P,Snohomish,Bothell,53061052107,WA,POINT (-122.20105 47.84423)
BOLT EV,1G1FX6S01H,King,Kirkland,53033022703,WA,POINT (-122.2066 47.67887)
BZ4X,JTMABACA2P,Clark,Vancouver,53011041313,WA,POINT (-122.55149 45.69345)
BOLT EV,1G1FZ6S05L,Clark,Vancouver,53011040910,WA,POINT (-122.70303 45.70954)
PRIUS PRIME (PHEV),JTDACACU0T,King,Bellevue,53033024701,WA,POINT (-122.12096 47.55584)
BOLT EV,1G1FX6S00H,Kitsap,Olalla,53035092803,WA,POINT (-122.54729 47.42602)
MODEL S,5YJSA1E49K,King,Bellevue,53033023901,WA,POINT (-122.1872 47.61001)
MODEL X,5YJXCBE27K,Clark,Vancouver,53011041206,WA,POINT (-122.59219 45.62158)
SPORTAGE,KNDPYDDH8S,King,Redmond,53033022902,WA,POINT (-122.13158 47.67858)
MODEL X,7SAXCBE69N,King,Newcastle,53033025005,WA,POINT (-122.11589 47.50243)
I4,WBY43HD0XS,King,Seattle,53033005600,WA,POINT (-122.40092 47.65908)
MODEL 3,5YJ3E1EB2K,Clark,Vancouver,53011040908,WA,POINT (-122.70303 45.70954)
F-150,1FT6W3LU7S,King,Auburn,53033030802,WA,POINT (-122.2229 47.307)
BOLT EV,1G1FW6S02P,King,Redmond,53033032321,WA,POINT (-122.13158 47.67858)
MUSTANG MACH-E,3FMTK3SUXS,King,Bellevue,53033023604,WA,POINT (-122.1621 47.64441)
MODEL Y,7SAYGDEE3P,King,Newcastle,53033024703,WA,POINT (-122.18839 47.51197)
MODEL Y,7SAYGDEF5P,King,Woodinville,53033021802,WA,POINT (-122.15545 47.75448)
IONIQ 5,KM8KRDDF6R,Clark,Vancouver,53011041336,WA,POINT (-122.48723 45.63701)
MODEL Y,7SAYGDEEXN,King,Kirkland,53033022401,WA,POINT (-122.2066 47.67887)
MODEL 3,5YJ3E1EC1P,King,Bellevue,53033024701,WA,POINT (-122.12096 47.55584)
MODEL X,5YJXCDE20L,King,Maple Valley,53033031603,WA,POINT (-122.04526 47.39394)
BOLT EV,1G1FZ6S08M,Clark,Vancouver,53011040812,WA,POINT (-122.62731 45.71668)
X5,5UX43EU02R,Kitsap,Poulsbo,53035940100,WA,POINT (-122.64681 47.73689)
IONIQ 6,KMHM54AC2R,King,Seattle,53033005803,WA,POINT (-122.40092 47.65908)
EQUINOX,3GN7DSRP9T,Kitsap,Seabeck,53035091301,WA,POINT (-122.81585 47.64509)
MODEL 3,5YJ3E1EA6K,King,Bellevue,53033023805,WA,POINT (-122.1872 47.61001)
330E,3MW39FS00P,King,Bellevue,53033023805,WA,POINT (-122.1872 47.61001)
TAYCAN,WP0AA2Y1XP,King,Shoreline,53033020800,WA,POINT (-122.37238 47.74068)
MODEL Y,7SAYGDEE8N,Thurston,Olympia,53067011822,WA,POINT (-123.04078 46.94792)
LEAF,1N4CZ1CV9S,King,Renton,53033025601,WA,POINT (-122.11589 47.50243)
WRANGLER,1C4JJXR62P,Clark,Washougal,53011040513,WA,POINT (-122.35341 45.57923)
MODEL Y,7SAYGDEF7S,Clark,Vancouver,53011040713,WA,POINT (-122.55149 45.69345)
MODEL Y,5YJYGDED7M,Clark,Vancouver,53011040803,WA,POINT (-122.62731 45.71668)
MODEL 3,5YJ3E1EB8M,King,Auburn,53033029602,WA,POINT (-122.18263 47.31825)
R1S,7PDSGABA2R,Kitsap,Silverdale,53035091205,WA,POINT (-122.69275 47.65171)
IONIQ,KMHC85LJ9L,King,Seattle,53033010401,WA,POINT (-122.31449 47.53917)
PACIFICA,2C4RC1L7XJ,King,Redmond,53033032321,WA,POINT (-122.13158 47.67858)
BLAZER,3GNKDCRJ6R,Kitsap,Kingston,53035090102,WA,POINT (-122.4977 47.79802)
SORENTO,KNDRMDJH8S,King,Seattle,53033003601,WA,POINT (-122.31676 47.68156)
A3,WAUUPBFF6J,King,Seattle,53033012100,WA,POINT (-122.36322 47.49736)
R1S,7PDSGBBA0P,King,Lake Forest Park,53033021300,WA,POINT (-122.30304 47.75494)
NIRO,KNDCT3L13P,King,Seattle,53033007800,WA,POINT (-122.31009 47.60803)
RANGE ROVER SPORT,SAL119F44R,Thurston,Olympia,53067011901,WA,POINT (-122.92018 47.04575)
MODEL Y,7SAYGDEE6R,King,Woodinville,53033032320,WA,POINT (-122.15545 47.75448)
NIRO,KNDCR3L15R,King,Kirkland,53033022604,WA,POINT (-122.2066 47.67887)
MODEL 3,5YJ3E1EA0R,King,Kent,53033029507,WA,POINT (-122.19976 47.37483)
MODEL 3,5YJ3E1EAXJ,King,Renton,53033029305,WA,POINT (-122.19488 47.44034)
IONIQ 5,KM8KNDAFXP,King,Kirkland,53033022003,WA,POINT (-122.22901 47.72201)
XC90,YV4H60CM6N,King,Seattle,53033000500,WA,POINT (-122.37238 47.74068)
MODEL 3,5YJ3E1EA9P,King,Kirkland,53033021904,WA,POINT (-122.22901 47.72201)
MODEL 3,5YJ3E1EAXM,King,Seattle,53033008401,WA,POINT (-122.34223 47.61085)
BOLT EUV,1G1FY6S01P,Clark,Vancouver,53011041331,WA,POINT (-122.55149 45.69345)
NIRO,KNDCE3LG9N,Kitsap,Bremerton,53035080600,WA,POINT (-122.62749 47.565)
NIRO,KNDCC3LG3N,King,Kirkland,53033022401,WA,POINT (-122.2066 47.67887)
EV6,KNDC34LB4R,Snohomish,Lake Stevens,53061052604,WA,POINT (-122.06402 48.01497)
ID.4,1V2WNPE89P,King,Auburn,53033030504,WA,POINT (-122.2229 47.307)
MODEL 3,5YJ3E1EA2K,King,Bellevue,53033023701,WA,POINT (-122.1621 47.64441)
WRANGLER,1C4RJXR66R,King,Kirkland,53033022603,WA,POINT (-122.2066 47.67887)
MODEL 3,5YJ3E1EA5M,King,Seattle,53033000202,WA,POINT (-122.30253 47.72656)
HARDTOP,WMW13DJ07R,King,Redmond,53033032321,WA,POINT (-122.13158 47.67858)
EV6,KNDC3DLC0R,Thurston,Olympia,53067010300,WA,POINT (-122.89165 47.03954)
MODEL Y,7SAYGDEE3T,King,Kent,53033029408,WA,POINT (-122.17743 47.41185)
LEAF,1N4AZ0CP7F,Kitsap,Poulsbo,53035090502,WA,POINT (-122.64681 47.73689)
EQUINOX,3GN7DSRR2S,Clark,Vancouver,53011041335,WA,POINT (-122.48723 45.63701)
WRANGLER,1C4RJXN66R,King,Maple Valley,53033032010,WA,POINT (-122.04526 47.39394)
HORNET,ZACPDFCW9R,King,Lake Forest Park,53033021500,WA,POINT (-122.30304 47.75494)
LEAF,1N4AZ0CP0F,Clark,Vancouver,53011040713,WA,POINT (-122.55149 45.69345)
MODEL Y,5YJYGAEE0M,King,Bellevue,53033024800,WA,POINT (-122.12096 47.55584)
MODEL Y,7SAYGDED8P,King,Issaquah,53033032220,WA,POINT (-122.01656 47.57118)
LEAF,1N4BZ1BV8M,King,Seattle,53033001202,WA,POINT (-122.30253 47.72656)
MODEL 3,5YJ3E1EA3J,Clark,Vancouver,53011040709,WA,POINT (-122.57722 45.64251)
ID.4,1V2WSPE80R,Kitsap,Bainbridge Island,53035090700,WA,POINT (-122.521 47.62759)
500,3C3CFFGE8F,King,Bellevue,53033023201,WA,POINT (-122.12056 47.61334)
MODEL 3,5YJ3E1EA2R,King,Redmond,53033032321,WA,POINT (-122.13158 47.67858)
RAV4 PRIME (PHEV),JTMFB3FV7R,King,Des Moines,53033028902,WA,POINT (-122.30615 47.38542)
PACIFICA,2C4RC1N79N,King,Kirkland,53033022203,WA,POINT (-122.22901 47.72201)
LEAF,1N4AZ1CP4J,King,Shoreline,53033020200,WA,POINT (-122.37238 47.74068)
LEAF,1N4AZ1CP0J,Clark,Vancouver,53011040811,WA,POINT (-122.62731 45.71668)
MODEL Y,7SAYGDEF1P,King,Renton,53033025202,WA,POINT (-122.18839 47.51197)
500,3C3CFFGE3F,King,Seattle,53033006100,WA,POINT (-122.32427 47.63433)
MODEL 3,5YJ3E1EB2N,King,Seattle,53033008300,WA,POINT (-122.34223 47.61085)
MODEL 3,5YJ3E1EBXJ,King,Bellevue,53033023806,WA,POINT (-122.1872 47.61001)
XC60,YV4H60RM1T,King,Seattle,53033006300,WA,POINT (-122.30207 47.64085)
LEAF,1N4AZ1BV0N,King,Sammamish,53033032217,WA,POINT (-122.03539 47.61344)
I3,WBY1Z8C50H,Snohomish,Edmonds,53061050700,WA,POINT (-122.37695 47.81113)
EX30,YV4EK3ZL4S,King,Seattle,53033006702,WA,POINT (-122.34845 47.63283)
MODEL Y,7SAYGDED8T,King,Redmond,53033032323,WA,POINT (-122.13158 47.67858)
LEAF,1N4BZ0CP2H,King,Seattle,53033002900,WA,POINT (-122.38418 47.70044)
KONA,KM8K33AG9P,King,Kirkland,53033022005,WA,POINT (-122.22901 47.72201)
F-150,1FT6W5L79R,King,Seattle,53033012100,WA,POINT (-122.36322 47.49736)
R1S,7PDSGBBA6S,Kitsap,Poulsbo,53035090501,WA,POINT (-122.64681 47.73689)
BZ,JTMBDAFB0T,King,Normandy Park,53033028600,WA,POINT (-122.34731 47.45207)
IONIQ 6,KMHM34AA5S,King,Redmond,53033032321,WA,POINT (-122.13158 47.67858)
BOLT EV,1G1FZ6S08K,King,Duvall,53033032402,WA,POINT (-121.98609 47.74068)
LEAF,1N4BZ1DV2M,King,Seattle,53033000402,WA,POINT (-122.33364 47.73709)
IX,WB533CF00P,Clark,Vancouver,53011041313,WA,POINT (-122.55149 45.69345)
E-GOLF,WVWKP7AU0G,King,Seattle,53033000700,WA,POINT (-122.30253 47.72656)
MODEL Y,7SAYGAEE2P,King,Kenmore,53033022102,WA,POINT (-122.24369 47.75892)
NIRO,KNDCC3LD7J,King,Bellevue,53033023300,WA,POINT (-122.11867 47.63131)
RS E-TRON GT,WAUAHBFW6N,King,Bellevue,53033024001,WA,POINT (-122.1872 47.61001)
TAYCAN,WP0AC2Y12M,King,Bellevue,53033024002,WA,POINT (-122.1872 47.61001)
IONIQ 5,7YAKNDDCXS,King,Kirkland,53033022003,WA,POINT (-122.22901 47.72201)
CX-90,JM3KKEHA3R,King,Seattle,53033004800,WA,POINT (-122.38591 47.67597)
MODEL Y,7SAYGDED3T,King,Bellevue,53033023801,WA,POINT (-122.1872 47.61001)
LEAF,1N4AZ1BV3P,Snohomish,Bothell,53061052009,WA,POINT (-122.20105 47.84423)
MODEL 3,5YJ3E1EB3R,King,Kirkland,53033022603,WA,POINT (-122.2066 47.67887)
ID.4,1V2JSPE87S,King,Bellevue,53033023902,WA,POINT (-122.1872 47.61001)
GRAND CHEROKEE,1C4RJYB69R,Clark,Vancouver,53011041208,WA,POINT (-122.59219 45.62158)
BOLT EV,1G1FX6S04J,Clark,Vancouver,53011041335,WA,POINT (-122.48723 45.63701)
MODEL Y,7SAYGDEE0R,Snohomish,Bothell,53061051934,WA,POINT (-122.20105 47.84423)
IX,WB523CF02S,King,Sammamish,53033032318,WA,POINT (-122.02054 47.60326)
MUSTANG MACH-E,3FMTK3SS8P,King,Auburn,53033030802,WA,POINT (-122.2229 47.307)
BLAZER,3GNKDBRJ4R,King,Auburn,53033030504,WA,POINT (-122.2229 47.307)
MODEL 3,5YJ3E1EB7K,Yakima,Yakima,53077000800,WA,POINT (-120.51904 46.59782)
MODEL Y,7SAYGDEEXN,King,Seattle,53033006400,WA,POINT (-122.30207 47.64085)
LEAF,1N4AZ1CP3K,King,Bellevue,53033023300,WA,POINT (-122.11867 47.63131)
MODEL 3,5YJ3E1EBXR,Thurston,Olympia,53067010200,WA,POINT (-122.87741 47.05997)
MODEL Y,7SAYGDEE5R,Clark,Vancouver,53011040803,WA,POINT (-122.62731 45.71668)
RAV4 PRIME (PHEV),JTMEB3FV9R,Yakima,Yakima,53077003002,WA,POINT (-120.60272 46.59656)
I5,WBY33HG0XT,King,Seattle,53033009300,WA,POINT (-122.32741 47.58616)
E-GOLF,WVWKR7AUXK,Clark,Vancouver,53011040803,WA,POINT (-122.62731 45.71668)
IX,WB523CF02S,King,Bothell,53033022001,WA,POINT (-122.20563 47.76144)
MODEL Y,7SAYGDEE7P,King,Renton,53033029308,WA,POINT (-122.19488 47.44034)
MODEL Y,7SAYGDEF6P,King,Renton,53033029304,WA,POINT (-122.08747 47.4466)
CX-70,JM3KJEHA2S,King,Seattle,53033001400,WA,POINT (-122.37238 47.74068)
MODEL Y,7SAYGAEE5N,King,Sammamish,53033032215,WA,POINT (-122.03539 47.61344)
XC90,YV4H60CF9R,Snohomish,Mukilteo,53061041301,WA,POINT (-122.29196 47.89908)
EV9,KNDAEFS57R,Clark,Camas,53011040610,WA,POINT (-122.40177 45.58705)
PRIUS PRIME (PHEV),JTDKARFP0H,King,Seattle,53033012100,WA,POINT (-122.36322 47.49736)
LEAF,1N4AZ0CP8D,Thurston,Olympia,53067010200,WA,POINT (-122.87741 47.05997)
LEAF,JN1AZ0CP1C,King,Shoreline,53033021000,WA,POINT (-122.33364 47.73709)
TAYCAN,WP0AA2Y14N,King,Kirkland,53033022703,WA,POINT (-122.2066 47.67887)
GRAND CHEROKEE,1C4RJYB69R,Kitsap,Bremerton,53035091500,WA,POINT (-122.61158 47.62691)
ESCAPE,1FMCU0EZ0N,Clark,Vancouver,53011040412,WA,POINT (-122.62731 45.71668)
X3,5UXTS1C08M,King,Seattle,53033001600,WA,POINT (-122.37238 47.74068)
XC90,YV4H600L7N,King,Renton,53033025201,WA,POINT (-122.18839 47.51197)
MODEL Y,7SAYGDEE2P,Clark,Washougal,53011040511,WA,POINT (-122.35341 45.57923)
ARIYA MPV,JN8DF0CH6S,King,Seattle,53033011902,WA,POINT (-122.25031 47.49481)
MODEL 3,5YJ3E1EA9L,King,Kent,53033029505,WA,POINT (-122.19976 47.37483)
X3,5UXTS1C04M,Snohomish,Mukilteo,53061041301,WA,POINT (-122.29196 47.89908)
MODEL Y,7SAYGDEEXT,Clark,Vancouver,53011041205,WA,POINT (-122.59219 45.62158)
WRANGLER,1C4RJXP67R,Yakima,Selah,53077003200,WA,POINT (-120.53145 46.65405)
BOLT EV,1G1FZ6S08K,King,Seattle,53033006600,WA,POINT (-122.32427 47.63433)
G-CLASS,W1NWM0AB7S,King,Bellevue,53033023901,WA,POINT (-122.1872 47.61001)
MODEL Y,7SAYGDET7T,King,Issaquah,53033032104,WA,POINT (-122.03439 47.5301)
RAV4 PRIME (PHEV),JTMAB3FV4M,Kitsap,Poulsbo,53035940100,WA,POINT (-122.64681 47.73689)
MODEL 3,5YJ3E1EA0L,Cowlitz,Longview,53015000502,WA,POINT (-122.95058 46.14681)
MODEL 3,5YJ3E1EA7P,King,Shoreline,53033020500,WA,POINT (-122.30304 47.75494)
IX,WB523CF06R,Snohomish,Marysville,53061940001,WA,POINT (-122.17138 48.10433)
MODEL 3,5YJ3E1EB0N,Clark,Vancouver,53011041331,WA,POINT (-122.55149 45.69345)
MODEL 3,5YJ3E1EB0S,King,Renton,53033031910,WA,POINT (-122.08747 47.4466)
MODEL Y,7SAYGDEE8P,King,Renton,53033025304,WA,POINT (-122.18839 47.51197)
COUNTRYMAN,WMZ23BS02M,King,Seattle,53033001202,WA,POINT (-122.30253 47.72656)
CAYENNE,WP1AN2AY6S,King,Redmond,53033022605,WA,POINT (-122.13158 47.67858)
NIRO,KNDCS3LF3S,King,Renton,53033025303,WA,POINT (-122.20489 47.47532)
MODEL 3,5YJ3E1ECXL,Clark,Vancouver,53011040812,WA,POINT (-122.62731 45.71668)
R1T,7FCTGAAL7N,Kitsap,Silverdale,53035091206,WA,POINT (-122.69275 47.65171)
PRIUS,JTDKN3DP5C,King,Shoreline,53033020500,WA,POINT (-122.30304 47.75494)
I3,WBY7Z4C59J,King,Normandy Park,53033028600,WA,POINT (-122.34731 47.45207)
MODEL Y,7SAYGAEE2R,Kitsap,Bainbridge Island,53035090700,WA,POINT (-122.521 47.62759)
MACAN,WP1AA2XA9R,King,Shoreline,53033020800,WA,POINT (-122.37238 47.74068)
NX,JTJHKCFZ2S,King,Renton,53033025806,WA,POINT (-122.19488 47.44034)
MODEL Y,7SAYGAEE8P,Snohomish,Bothell,53061051917,WA,POINT (-122.18384 47.8031)
R1S,7PDSGFBA9T,King,Seattle,53033006800,WA,POINT (-122.36381 47.63046)
MODEL 3,5YJ3E1EB6J,Yakima,Union Gap,53077001400,WA,POINT (-120.71847 46.55029)
R1S,7PDSGBBP1T,King,Seattle,53033001702,WA,POINT (-122.37238 47.74068)
E-TRON GT,WAUFJBFWXR,King,Seattle,53033000500,WA,POINT (-122.37238 47.74068)
BOLT,1G1FY6EV1V,King,Seattle,53033000602,WA,POINT (-122.33364 47.73709)
MODEL 3,5YJ3E1EA9P,King,Kirkland,53033022701,WA,POINT (-122.2066 47.67887)
PACIFICA,2C4RC1N71J,King,Bellevue,53033023701,WA,POINT (-122.1621 47.64441)
PROLOGUE,3GPKHZRJ8R,King,Issaquah,53033032220,WA,POINT (-122.01656 47.57118)
MODEL Y,7SAYGDED0S,King,Bellevue,53033022805,WA,POINT (-122.1621 47.64441)
MODEL Y,7SAYGDEE1T,King,Bellevue,53033024001,WA,POINT (-122.1872 47.61001)
VOLT,1G1RC6S54J,King,Seattle,53033001202,WA,POINT (-122.30253 47.72656)
MODEL 3,5YJ3E1EB2N,King,Auburn,53033029602,WA,POINT (-122.18263 47.31825)
RAV4 PRIME (PHEV),JTMAB3FV8M,Clark,Vancouver,53011040907,WA,POINT (-122.70303 45.70954)
XC90,YV4H60LE6R,King,Seattle,53033006703,WA,POINT (-122.34845 47.63283)
500,3C3CFFGE9H,King,Seattle,53033000102,WA,POINT (-122.30253 47.72656)
ID.4,1V2WNPE88P,King,Seattle,53033001000,WA,POINT (-122.30253 47.72656)
VOLT,1G1RD6E47E,Kitsap,Bremerton,53035080600,WA,POINT (-122.62749 47.565)
E-GOLF,WVWKR7AU1K,King,Kirkland,53033022401,WA,POINT (-122.2066 47.67887)
PACIFICA,2C4RC1L77L,King,Seattle,53033000403,WA,POINT (-122.33364 47.73709)
MODEL Y,7SAYGDEE1T,Thurston,Olympia,53067011901,WA,POINT (-122.92018 47.04575)
MODEL Y,7SAYGDEE3P,King,Bellevue,53033022804,WA,POINT (-122.12056 47.61334)
BOLT EV,1G1FW6S00J,Thurston,Olympia,53067010100,WA,POINT (-122.89165 47.03954)
R1S,7PDSGABA2P,King,Seattle,53033000900,WA,POINT (-122.30253 47.72656)
ID.4,WVGJNPE20N,King,Seattle,53033000402,WA,POINT (-122.33364 47.73709)
LEAF,1N4BZ0CP9H,King,Seattle,53033012000,WA,POINT (-122.36322 47.49736)
RZ,JTJAAAAB6R,Kitsap,Silverdale,53035091205,WA,POINT (-122.69275 47.65171)
IONIQ 5,7YAKNDDC9T,King,Seattle,53033011300,WA,POINT (-122.35163 47.54287)
MODEL 3,5YJ3E1EB6M,Clark,Vancouver,53011040713,WA,POINT (-122.55149 45.69345)
BOLT EUV,1G1FY6S03P,King,Seattle,53033000900,WA,POINT (-122.30253 47.72656)
MODEL Y,7SAYGDEEXR,King,Seattle,53033006900,WA,POINT (-122.36381 47.63046)
MODEL Y,7SAYGAEE6S,King,Kent,53033031800,WA,POINT (-122.10798 47.37124)
MUSTANG MACH-E,3FMTK3SU1R,King,Seattle,53033009600,WA,POINT (-122.41067 47.57894)
ARIYA HATCHBACK,JN1BF0BA7P,King,Redmond,53033032324,WA,POINT (-122.13158 47.67858)
MODEL 3,5YJ3E1EA7P,King,Redmond,53033022606,WA,POINT (-122.13158 47.67858)
MODEL 3,5YJ3E1EA5L,Clark,Vancouver,53011040703,WA,POINT (-122.57722 45.64251)
MUSTANG MACH-E,3FMTK3SUXM,King,Kent,53033029701,WA,POINT (-122.19976 47.37483)
ID.4,1V2DNPE88P,King,Bellevue,53033023808,WA,POINT (-122.1872 47.61001)
GV60,KMUKEDSBXS,King,Woodinville,53033032319,WA,POINT (-122.15545 47.75448)
R1S,7PDSGBBA9P,King,Bellevue,53033023902,WA,POINT (-122.1872 47.61001)
SPORTAGE,KNDPZDDH4S,Yakima,Yakima,53077000800,WA,POINT (-120.51904 46.59782)
MODEL 3,5YJ3E1EC2P,King,Bellevue,53033024904,WA,POINT (-122.12096 47.55584)
MODEL Y,7SAYGDEF3P,King,Kirkland,53033022006,WA,POINT (-122.22901 47.72201)
KONA,KM8HC3A68R,King,Kirkland,53033022003,WA,POINT (-122.22901 47.72201)
MODEL Y,7SAYGDEF4P,Kitsap,Bainbridge Island,53035090800,WA,POINT (-122.521 47.62759)
X3,5UXTS1C06M,King,Seattle,53033000102,WA,POINT (-122.30253 47.72656)
MODEL Y,7SAYGDEE4R,King,Bellevue,53033024001,WA,POINT (-122.1872 47.61001)
MODEL Y,7SAYGDEE7T,King,Bellevue,53033024901,WA,POINT (-122.12096 47.55584)
MODEL 3,5YJ3E1EA8J,Thurston,Yelm,53067012412,WA,POINT (-122.60735 46.94239)
EV6,5XYC4DJC9S,King,Maple Valley,53033031604,WA,POINT (-122.04526 47.39394)
MODEL Y,7SAYGDEE0P,King,Redmond,53033032323,WA,POINT (-122.13158 47.67858)
CLARITY,JHMZC5F30L,King,Seattle,53033009600,WA,POINT (-122.41067 47.57894)
NIRO,KNDCS3LF4S,Thurston,Yelm,53067012422,WA,POINT (-122.60735 46.94239)
BOLT EV,1G1FY6S0XK,Klickitat,White Salmon,53039950301,WA,POINT (-121.48704 45.72776)
A3,WAUTPBFF8H,Kitsap,Port Orchard,53035092500,WA,POINT (-122.63848 47.5414)
MODEL S,5YJSA1E22H,King,Bellevue,53033023901,WA,POINT (-122.1872 47.61001)
MODEL Y,7SAYGAEEXR,King,Bellevue,53033023201,WA,POINT (-122.12056 47.61334)
ID.4,WVGJNPE21N,King,Seattle,53033003000,WA,POINT (-122.38418 47.70044)
NX,JTJHKCFZ4S,King,Bellevue,53033023403,WA,POINT (-122.11867 47.63131)
XC60,YV4H60RM6S,Kitsap,Bainbridge Island,53035090800,WA,POINT (-122.521 47.62759)
COUNTRYMAN,WMZ53GA05S,King,Seattle,53033000500,WA,POINT (-122.37238 47.74068)
ID.4,1V2WNPE83P,King,Sammamish,53033032316,WA,POINT (-122.02054 47.60326)
MODEL 3,5YJ3E1EA5T,Clark,Vancouver,53011040910,WA,POINT (-122.70303 45.70954)
MODEL S,5YJSA1E58R,King,Bellevue,53033024001,WA,POINT (-122.1872 47.61001)
R1S,7PDSGBBA5S,King,Seattle,53033006500,WA,POINT (-122.32427 47.63433)
LEAF,1N4BZ0CP0H,King,Seattle,53033001202,WA,POINT (-122.30253 47.72656)
F-150,1FTVW1EL8P,King,Shoreline,53033020200,WA,POINT (-122.37238 47.74068)
MODEL 3,5YJ3E1EB1N,King,Kirkland,53033022401,WA,POINT (-122.2066 47.67887)
IX,WB523CF02S,King,Kirkland,53033022703,WA,POINT (-122.2066 47.67887)
ID.4,1V2DSPE80R,King,Seattle,53033007901,WA,POINT (-122.31009 47.60803)
MODEL Y,7SAYGDED8R,Kitsap,Bremerton,53035091900,WA,POINT (-122.61158 47.62691)
MODEL Y,7SAYGDEEXR,King,Renton,53033025803,WA,POINT (-122.08747 47.4466)
IX,WB523CF05S,King,Bellevue,53033023201,WA,POINT (-122.12056 47.61334)
MODEL Y,7SAYGDEE0T,Clark,Vancouver,53011040803,WA,POINT (-122.62731 45.71668)
IONIQ 6,KMHM24AB8R,King,Lake Forest Park,53033021400,WA,POINT (-122.30304 47.75494)
ESCAPE,1FMCU0E13S,Kitsap,Bremerton,53035081000,WA,POINT (-122.65223 47.57192)
MODEL 3,5YJ3E1EB7L,King,Kirkland,53033022501,WA,POINT (-122.2066 47.67887)
MODEL Y,7SAYGDEE2N,King,Kirkland,53033022401,WA,POINT (-122.2066 47.67887)
E-GOLF,WVWKR7AU0K,King,Seattle,53033012100,WA,POINT (-122.36322 47.49736)
C40,YV4ED3GB3N,Kitsap,Bainbridge Island,53035090800,WA,POINT (-122.521 47.62759)
R1T,7FCTGAAL5N,King,Kirkland,53033021904,WA,POINT (-122.22901 47.72201)
BLAZER,3GNKDBRJ8R,King,Bellevue,53033024704,WA,POINT (-122.12096 47.55584)
MODEL 3,5YJ3E1EA4J,King,Seattle,53033007001,WA,POINT (-122.36381 47.63046)
IONIQ 6,KMHM34AC0S,King,Auburn,53033029602,WA,POINT (-122.18263 47.31825)
MODEL 3,5YJ3E1EB8J,King,Seattle,53033002700,WA,POINT (-122.35436 47.67596)
MODEL 3,5YJ3E1EA5M,King,Seattle,53033004401,WA,POINT (-122.31676 47.68156)
V60,YV1H60EP3N,King,Bellevue,53033023401,WA,POINT (-122.1621 47.64441)
MODEL Y,7SAYGDEE6R,Snohomish,Mukilteo,53061042006,WA,POINT (-122.29196 47.89908)
BZ,JTMBCAEB6T,King,Federal Way,53033030203,WA,POINT (-122.3303 47.30151)
MODEL Y,7SAYGDEE3T,King,Redmond,53033032324,WA,POINT (-122.13158 47.67858)
PROLOGUE,3GPKHXRJ7T,King,Bellevue,53033024902,WA,POINT (-122.12096 47.55584)
ID.4,1V2WNPE81P,King,Shoreline,53033020401,WA,POINT (-122.30304 47.75494)
MODEL Y,7SAYGDEE5P,Clark,Vancouver,53011040810,WA,POINT (-122.64443 45.67871)
SOLTERRA,JTMABABA8R,King,Bothell,53033021804,WA,POINT (-122.20563 47.76144)
PRIUS,JTDKN3DP3D,King,Seattle,53033006702,WA,POINT (-122.34845 47.63283)
SIERRA,1GT10MED8S,King,Kirkland,53033022203,WA,POINT (-122.22901 47.72201)
TAYCAN,WP0AB2Y17M,King,Seattle,53033012000,WA,POINT (-122.36322 47.49736)
MODEL Y,5YJYGDEF3M,King,Issaquah,53033032220,WA,POINT (-122.01656 47.57118)
PANAMERA,WP0AE2A77K,King,Redmond,53033032330,WA,POINT (-122.13158 47.67858)
LEAF,1N4AZ1CV9M,King,Seattle,53033008600,WA,POINT (-122.31009 47.60803)
MODEL Y,7SAYGDEEXP,King,Seattle,53033007700,WA,POINT (-122.31009 47.60803)
IONIQ 5,KM8KNDAF4P,Kitsap,Bainbridge Island,53035090800,WA,POINT (-122.521 47.62759)
MODEL S,5YJSA1E67M,King,Kirkland,53033022300,WA,POINT (-122.22901 47.72201)
I4,WBY43HD0XS,King,Seattle,53033007301,WA,POINT (-122.34845 47.63283)
SPORTAGE,KNDPZDDH5R,King,Bellevue,53033023000,WA,POINT (-122.11867 47.63131)
SILVERADO,1GC10UED0R,Thurston,Tumwater,53067010801,WA,POINT (-122.89165 47.03954)
MODEL Y,7SAYGDEF8S,King,Auburn,53033031208,WA,POINT (-122.18263 47.31825)
EQS-CLASS SUV,4JGDM2EB7P,King,Sammamish,53033032224,WA,POINT (-122.03539 47.61344)
MODEL Y,7SAYGDEE9P,Clark,Vancouver,53011041322,WA,POINT (-122.49212 45.60365)
MODEL 3,5YJ3E1EA4P,King,Shoreline,53033021000,WA,POINT (-122.30304 47.75494)
MODEL 3,5YJ3E1EB8N,King,Sammamish,53033032216,WA,POINT (-122.03539 47.61344)
RAV4 PRIME (PHEV),JTM7ERAV9T,King,Seattle,53033011901,WA,POINT (-122.25031 47.49481)
BOLT EV,1G1FX6S05H,Clark,Vancouver,53011041317,WA,POINT (-122.48723 45.63701)
BOLT EUV,1G1FZ6S04P,Snohomish,Stanwood,53061053202,WA,POINT (-122.37265 48.24159)
IONIQ 5,KM8KMDAF4N,King,Redmond,53033032323,WA,POINT (-122.13158 47.67858)
KONA,KM8HA3A63S,King,Bellevue,53033024800,WA,POINT (-122.12096 47.55584)
MODEL X,5YJXCBE24H,King,Kirkland,53033022300,WA,POINT (-122.22901 47.72201)
NIRO,KNDCR3L11P,King,Seattle,53033001202,WA,POINT (-122.30253 47.72656)
VISTIQ,1GYC3MML3T,King,Shoreline,53033020600,WA,POINT (-122.30304 47.75494)
BOLT EUV,1G1FZ6S00N,Kitsap,Bainbridge Island,53035090700,WA,POINT (-122.521 47.62759)
WAGONEER S,3C4RJNAK2S,Clark,Vancouver,53011041203,WA,POINT (-122.57722 45.64251)
Q6,WA124BGF6S,King,Bothell,53033022001,WA,POINT (-122.20563 47.76144)
MODEL X,5YJXCBE25J,King,Sammamish,53033032215,WA,POINT (-122.02054 47.60326)
MODEL 3,5YJ3E1EA7S,King,Lake Forest Park,53033021300,WA,POINT (-122.30304 47.75494)
EQS-CLASS SEDAN,W1KCG4EB2N,Clark,Vancouver,53011041208,WA,POINT (-122.59219 45.62158)
MODEL 3,5YJ3E1EA5M,King,Kent,53033029407,WA,POINT (-122.17743 47.41185)
MODEL S,5YJSA1E57N,King,Seattle,53033008401,WA,POINT (-122.32945 47.60357)
SPORTAGE,KNDPYDAH7P,King,Seattle,53033002600,WA,POINT (-122.31676 47.68156)
LEAF,1N4AZ1BV2P,King,Kirkland,53033021905,WA,POINT (-122.22901 47.72201)
IONIQ 5,7YAKRDDC6T,King,Auburn,53033030600,WA,POINT (-122.2229 47.307)
MODEL Y,7SAYGAEE9P,King,Kirkland,53033022402,WA,POINT (-122.2066 47.67887)
MODEL 3,5YJ3E1EC8N,King,Seattle,53033001600,WA,POINT (-122.37238 47.74068)
MODEL Y,7SAYGDED8T,King,Bellevue,53033022804,WA,POINT (-122.12056 47.61334)
EV6,5XYC3DJC7S,Clark,Vancouver,53011041323,WA,POINT (-122.49212 45.60365)
EX30,YV4EK3ZL1S,King,Seattle,53033003602,WA,POINT (-122.35436 47.67596)
MODEL Y,7SAYGDEE8R,Clark,Ridgefield,53011040905,WA,POINT (-122.74595 45.81539)
I4,WBY43HD07S,King,Seattle,53033000500,WA,POINT (-122.37238 47.74068)
MODEL Y,5YJYGDEE0M,King,Seattle,53033007800,WA,POINT (-122.31009 47.60803)
MODEL Y,7SAYGDEE7P,King,Woodinville,53033021906,WA,POINT (-122.15545 47.75448)
I3,WBY1Z4C53G,King,Newcastle,53033025001,WA,POINT (-122.18839 47.51197)
LYRIQ,1GYKPVRL7R,King,Seattle,53033003400,WA,POINT (-122.38591 47.67597)
EV9,5XYAFFS51T,King,Seattle,53033000402,WA,POINT (-122.37238 47.74068)
MODEL 3,5YJ3E1EB8S,King,Kent,53033029305,WA,POINT (-122.17743 47.41185)
IONIQ 5,KM8KRDAF4P,King,Seattle,53033000900,WA,POINT (-122.30253 47.72656)
EV9,5XYAFFS54T,King,Seattle,53033003201,WA,POINT (-122.38591 47.67597)
MODEL Y,5YJYGDEE2M,King,Seattle,53033007302,WA,POINT (-122.34223 47.61085)
MODEL Y,7SAYGDEE5P,King,Renton,53033029309,WA,POINT (-122.19488 47.44034)
X5,5UX43EU0XS,Snohomish,Lake Stevens,53061052506,WA,POINT (-122.06402 48.01497)
TAYCAN,WP0BA2Y19N,King,Redmond,53033032321,WA,POINT (-122.13158 47.67858)
X5,5UXTA6C05P,King,Bellevue,53033023603,WA,POINT (-122.12056 47.61334)
SQ6,WA125BGF5V,King,Shoreline,53033020800,WA,POINT (-122.37238 47.74068)
RAV4 PRIME (PHEV),JTMAB3FV1P,Jefferson,Port Townsend,53031950604,WA,POINT (-122.77263 48.1212)
MACAN,WP1AB2XA9S,King,Seattle,53033006800,WA,POINT (-122.36381 47.63046)
MODEL Y,7SAYGDEE8P,King,Kirkland,53033022603,WA,POINT (-122.2066 47.67887)
R1S,7PDSGFBA3T,King,Kirkland,53033022604,WA,POINT (-122.2066 47.67887)
MODEL Y,7SAYGDED5T,King,Bothell,53033022001,WA,POINT (-122.20563 47.76144)
NIRO,KNDCT3L13S,King,Kirkland,53033022604,WA,POINT (-122.2066 47.67887)
X5,5UXKT0C33H,Stevens,Colville,53065950500,WA,POINT (-117.90454 48.54657)
HARDTOP,WMW13DJ0XP,Clark,Battle Ground,53011040408,WA,POINT (-122.5331 45.78092)
MODEL Y,7SAYGAEE9S,King,Redmond,53033032323,WA,POINT (-122.13158 47.67858)
IONIQ 5,KM8KNDDF9R,King,Seattle,53033004800,WA,POINT (-122.38591 47.67597)
MODEL Y,7SAYGDEE1R,King,Bellevue,53033024901,WA,POINT (-122.12096 47.55584)
XC60,YV4H60DA2P,King,Bellevue,53033024001,WA,POINT (-122.1872 47.61001)
MODEL Y,7SAYGDEE0N,King,Shoreline,53033021100,WA,POINT (-122.30304 47.75494)
MODEL Y,7SAYGDEE7P,King,Seattle,53033002200,WA,POINT (-122.30253 47.72656)
XC90,YV4H600N6P,King,Normandy Park,53033028600,WA,POINT (-122.34731 47.45207)
TRANSIT,1FTBW9CK6P,King,Seattle,53033002900,WA,POINT (-122.38418 47.70044)
MODEL Y,7SAYGDEE2T,King,Kirkland,53033022003,WA,POINT (-122.22901 47.72201)
LEAF,1N4AZ1CP3L,King,Des Moines,53033029001,WA,POINT (-122.30615 47.38542)
EQB-CLASS,W1N9M0KB0N,King,Bellevue,53033023805,WA,POINT (-122.1872 47.61001)
BZ4X,JTMABACA5R,King,Seattle,53033001000,WA,POINT (-122.30253 47.72656)
VOLT,1G1RD6S58J,King,Seattle,53033003301,WA,POINT (-122.38591 47.67597)
MODEL X,5YJXCAE21J,King,Renton,53033025401,WA,POINT (-122.18839 47.51197)
XC40,YV4ED3UR1N,Kitsap,Bainbridge Island,53035090800,WA,POINT (-122.521 47.62759)
R1S,7PDSGABP4T,King,Bellevue,53033024002,WA,POINT (-122.1872 47.61001)
IONIQ 5,KM8KRDDF6R,King,Shoreline,53033020600,WA,POINT (-122.33364 47.73709)
F-150,1FT6W1BM3S,King,Des Moines,53033028700,WA,POINT (-122.30615 47.38542)
BZ,JTMBCAEB8T,Snohomish,Lake Stevens,53061052606,WA,POINT (-122.06402 48.01497)
Q8,WA15AAGE5R,King,Kirkland,53033022006,WA,POINT (-122.22901 47.72201)
MODEL 3,5YJ3E1EB0J,King,Redmond,53033032321,WA,POINT (-122.13158 47.67858)
IONIQ 6,KMHM54AC2S,King,Seattle,53033000402,WA,POINT (-122.33364 47.73709)
IONIQ 5,7YAKRDDC3T,King,Seattle,53033012000,WA,POINT (-122.36322 47.49736)
MODEL Y,5YJYGAEE3M,Clark,Vancouver,53011042300,WA,POINT (-122.67156 45.63248)
RAV4 PRIME (PHEV),JTMFB3FVXS,King,Seattle,53033001800,WA,POINT (-122.35436 47.67596)
PRIUS PRIME (PHEV),JTDKARFP4J,King,Kirkland,53033022603,WA,POINT (-122.2066 47.67887)
I4,WBY33AW01P,King,Seattle,53033004800,WA,POINT (-122.38591 47.67597)
R1S,7PDSGBBA2S,Kitsap,Bainbridge Island,53035090700,WA,POINT (-122.521 47.62759)
MODEL Y,7SAYGDEEXT,King,Shoreline,53033020800,WA,POINT (-122.33364 47.73709)
X5,5UXKT0C38H,King,Redmond,53033032321,WA,POINT (-122.13158 47.67858)
MODEL S,5YJSA1E29H,King,Seattle,53033000900,WA,POINT (-122.30253 47.72656)
MODEL Y,7SAYGDEE3T,King,Kirkland,53033022401,WA,POINT (-122.2066 47.67887)
PROLOGUE,3GPKHZRJ7R,King,Sammamish,53033032215,WA,POINT (-122.03539 47.61344)
MODEL 3,5YJ3E1EB1N,King,North Bend,53033032704,WA,POINT (-121.7831 47.49348)
XC60,YV4H60RC6T,King,Renton,53033024704,WA,POINT (-122.18839 47.51197)
IX,WB523CF08N,King,Seattle,53033001201,WA,POINT (-122.33364 47.73709)
MODEL Y,7SAYGDEE9T,King,Kent,53033031708,WA,POINT (-122.10798 47.37124)
MODEL Y,7SAYGDEE1R,King,Kirkland,53033022603,WA,POINT (-122.2066 47.67887)
IONIQ 5,KM8KRDAF7P,King,Seattle,53033002600,WA,POINT (-122.31676 47.68156)
MUSTANG MACH-E,3FMTK3SU6S,King,Des Moines,53033028801,WA,POINT (-122.30615 47.38542)
OUTLANDER,JA4T5VA9XR,Snohomish,Tulalip,53061940001,WA,POINT (-122.17138 48.10433)
NX,JTJHKCFZ3T,King,Des Moines,53033030003,WA,POINT (-122.30615 47.38542)
NIRO,KNDCS3LF9P,King,Seattle,53033000601,WA,POINT (-122.30253 47.72656)
MODEL Y,7SAYGDEE1R,Snohomish,Lynnwood,53061041812,WA,POINT (-122.27981 47.85727)
R1S,7PDSGBBA4S,Clark,Camas,53011040609,WA,POINT (-122.40177 45.58705)
MODEL Y,5YJYGDEE5M,Jefferson,Port Townsend,53031950501,WA,POINT (-122.77263 48.1212)
MODEL 3,5YJ3E1EA5P,King,Kirkland,53033021903,WA,POINT (-122.22901 47.72201)
MODEL 3,5YJ3E1EA7S,King,Bellevue,53033024001,WA,POINT (-122.1872 47.61001)
MODEL Y,7SAYGDED4S,King,Seattle,53033007303,WA,POINT (-122.34845 47.63283)
330E,WBA8E1C38H,King,Seattle,53033009400,WA,POINT (-122.30866 47.57874)
TRANSIT,1FTBW9CK4N,Snohomish,Arlington,53061052803,WA,POINT (-122.1264 48.19471)
SPARK,KL8CK6S09G,King,Seattle,53033011902,WA,POINT (-122.25031 47.49481)
SOLTERRA,JTMABABAXR,Cowlitz,Kalama,53015001602,WA,POINT (-122.84226 46.00813)
MODEL Y,7SAYGDED1S,King,Kirkland,53033021903,WA,POINT (-122.22901 47.72201)
FORTWO ELECTRIC DRIVE,WMEEJ9AA8E,Jefferson,Port Townsend,53031950502,WA,POINT (-122.77263 48.1212)
BLAZER,3GNKDJRJ0T,Snohomish,Snohomish,53061052502,WA,POINT (-122.09305 47.91265)
EV6,KNDC3DLCXN,King,Bellevue,53033023603,WA,POINT (-122.12056 47.61334)
R1S,7PDSGABA2R,King,Seattle,53033009600,WA,POINT (-122.41067 47.57894)
IONIQ 6,KMHM34AC5P,King,Seattle,53033001100,WA,POINT (-122.30253 47.72656)
SOLTERRA,JTMABABA7P,King,Burien,53033027400,WA,POINT (-122.29411 47.48924)
MODEL Y,7SAYGDED6T,King,Kirkland,53033021905,WA,POINT (-122.22901 47.72201)
MODEL Y,7SAYGDEE7R,Thurston,Tumwater,53067010910,WA,POINT (-123.04078 46.94792)
BOLT EV,1G1FY6S0XK,King,Seattle,53033002900,WA,POINT (-122.38418 47.70044)
MODEL X,5YJXCAE43G,King,Bellevue,53033023901,WA,POINT (-122.1872 47.61001)
MUSTANG MACH-E,3FMTK3SU1R,Clark,Vancouver,53011041329,WA,POINT (-122.49212 45.60365)
R1T,7FCTGBAA4S,King,Bellevue,53033023701,WA,POINT (-122.1621 47.64441)
A6,WAU3DAGH3S,King,Seattle,53033000900,WA,POINT (-122.30253 47.72656)
X5,5UX43EU06S,Yakima,Yakima,53077000904,WA,POINT (-120.60272 46.59656)
MODEL 3,5YJ3E1ET6T,King,Sammamish,53033032222,WA,POINT (-122.01656 47.57118)
MODEL Y,5YJYGDEE3L,King,Seattle,53033006200,WA,POINT (-122.30207 47.64085)
EV9,KNDAEFS5XS,Yakima,Selah,53077003200,WA,POINT (-120.53145 46.65405)
MODEL 3,5YJ3E1EB9K,King,Redmond,53033032325,WA,POINT (-122.13158 47.67858)
MODEL Y,7SAYGDED2R,King,Kirkland,53033022005,WA,POINT (-122.22901 47.72201)
MODEL X,7SAXCDE5XR,King,Bellevue,53033025007,WA,POINT (-122.12096 47.55584)
MODEL X,5YJXCBE46L,King,Redmond,53033022803,WA,POINT (-122.13158 47.67858)
XC60,YV4H60RM9S,King,Kirkland,53033022603,WA,POINT (-122.2066 47.67887)
BZ4X,JTMAAAAA2S,King,Seattle,53033000602,WA,POINT (-122.33364 47.73709)
MODEL Y,7SAYGDEFXN,King,Auburn,53033031208,WA,POINT (-122.18263 47.31825)
E-TRON,WA1VABGE6K,King,Renton,53033029309,WA,POINT (-122.19488 47.44034)
MODEL Y,5YJYGDEE5M,King,Woodinville,53033032319,WA,POINT (-122.15545 47.75448)
MODEL 3,5YJ3E1EA7J,King,Bellevue,53033023801,WA,POINT (-122.1872 47.61001)
X5,5UX43EU08S,King,Kirkland,53033022300,WA,POINT (-122.22901 47.72201)
CYBERTRUCK,7G2CEHEE8R,Clark,Vancouver,53011040908,WA,POINT (-122.70303 45.70954)
BOLT EV,1G1FW6S0XL,King,Renton,53033025304,WA,POINT (-122.18839 47.51197)
MODEL Y,7SAYGDEE6N,King,Kirkland,53033022603,WA,POINT (-122.2066 47.67887)
MODEL 3,5YJ3E1EA2P,King,Seattle,53033003000,WA,POINT (-122.38418 47.70044)
MODEL Y,7SAYGDEE5T,King,Kirkland,53033022603,WA,POINT (-122.2066 47.67887)
I3,WBY1Z4C52F,King,Seattle,53033009400,WA,POINT (-122.30866 47.57874)
CX-90,JM3KKCHA0S,King,Seattle,53033001600,WA,POINT (-122.37238 47.74068)
E-TRON SPORTBACK,WA12AAGE1M,Yakima,Zillah,53077002201,WA,POINT (-120.26226 46.40199)
COUNTRYMAN,WMZ53GA03S,King,Sammamish,53033032217,WA,POINT (-122.02054 47.60326)
MODEL 3,5YJ3E1EB3N,King,Seattle,53033007302,WA,POINT (-122.34223 47.61085)
ID.4,1V2WNPE89P,King,Seattle,53033000800,WA,POINT (-122.30253 47.72656)
XC40,YV4ED3UR7N,King,Seattle,53033006900,WA,POINT (-122.36381 47.63046)
PRIUS PRIME (PHEV),JTDKARFP6L,King,Bellevue,53033023100,WA,POINT (-122.11867 47.63131)
X3,5UXTS1C00M,Kitsap,Bainbridge Island,53035091002,WA,POINT (-122.521 47.62759)
CX-70,JM3KJEHA8S,Kitsap,Bremerton,53035080500,WA,POINT (-122.62749 47.565)
PACIFICA,2C4RC1N78L,King,Renton,53033025602,WA,POINT (-122.11589 47.50243)
NIRO,KNDCR3L10R,King,Seattle,53033002200,WA,POINT (-122.30253 47.72656)
MODEL Y,7SAYGDEE6P,King,Redmond,53033032321,WA,POINT (-122.13158 47.67858)
XC60,LYVBR0DM3K,King,Bothell,53033022001,WA,POINT (-122.20563 47.76144)
MODEL Y,7SAYGDEE8R,King,Seattle,53033008300,WA,POINT (-122.34223 47.61085)
MODEL 3,5YJ3E1EA9J,King,Seattle,53033001100,WA,POINT (-122.30253 47.72656)
SOLTERRA,JTMBEAGC0T,Clark,Ridgefield,53011040412,WA,POINT (-122.74595 45.81539)
MODEL Y,7SAYGDEE4T,King,Sammamish,53033032213,WA,POINT (-122.03539 47.61344)
MODEL Y,7SAYGDED3S,King,Renton,53033025805,WA,POINT (-122.19488 47.44034)
MODEL Y,7SAYGDEE8P,King,North Bend,53033032704,WA,POINT (-121.7831 47.49348)
LEAF,1N4BZ1CVXM,King,Auburn,53033030504,WA,POINT (-122.2229 47.307)
MODEL Y,5YJYGDEE3L,King,Bothell,53033022001,WA,POINT (-122.20563 47.76144)
BOLT EV,1G1FZ6S02L,King,Redmond,53033022605,WA,POINT (-122.13158 47.67858)
RAV4 PRIME (PHEV),JTMAB3FV4R,Jefferson,Port Ludlow,53031950302,WA,POINT (-122.68475 47.92989)
MODEL Y,7SAYGAEE5R,King,Maple Valley,53033032010,WA,POINT (-122.04526 47.39394)
MODEL 3,5YJ3E1EB8M,King,Seattle,53033007203,WA,POINT (-122.34845 47.63283)
MODEL Y,7SAYGAEE1P,King,Issaquah,53033023404,WA,POINT (-122.03439 47.5301)
PROLOGUE,3GPKHZRJ3S,King,Des Moines,53033028700,WA,POINT (-122.30615 47.38542)
MODEL Y,7SAYGAEE6P,King,Burien,53033027600,WA,POINT (-122.36322 47.49736)
MODEL Y,7SAYGDEE2P,King,Seattle,53033001400,WA,POINT (-122.33364 47.73709)
MODEL Y,7SAYGDEE9T,King,Sammamish,53033032318,WA,POINT (-122.02054 47.60326)
XC60,YV4H60DX3P,King,Seattle,53033001000,WA,POINT (-122.30253 47.72656)
MODEL 3,5YJ3E1EB7R,King,Seattle,53033009600,WA,POINT (-122.41067 47.57894)
ID.4,WVGUNPE27N,King,Burien,53033028000,WA,POINT (-122.32472 47.44519)
SORENTO,KNDRJDJH2T,King,Seatac,53033028403,WA,POINT (-122.27979 47.44952)
MODEL Y,5YJYGDEE8M,Clark,Camas,53011040608,WA,POINT (-122.40177 45.58705)
MODEL Y,7SAYGDEF7P,King,Maple Valley,53033031604,WA,POINT (-122.04526 47.39394)
500E,ZFAFFAC44S,King,Seattle,53033011902,WA,POINT (-122.25031 47.49481)
MODEL Y,7SAYGDEE4P,Snohomish,Bothell,53061051933,WA,POINT (-122.20105 47.84423)
MODEL 3,5YJ3E1EB7R,King,Sammamish,53033032318,WA,POINT (-122.02054 47.60326)
MODEL Y,7SAYGDEF5R,King,Newcastle,53033024703,WA,POINT (-122.18839 47.51197)
GRAND CHEROKEE,1C4RJYC61P,Snohomish,Monroe,53061052208,WA,POINT (-121.98087 47.8526)
LEAF,1N4AZ0CP2G,King,Seattle,53033009400,WA,POINT (-122.30866 47.57874)
MODEL 3,5YJ3E1EAXS,King,Kirkland,53033022501,WA,POINT (-122.2066 47.67887)
IONIQ 5,KM8KNDAF2P,King,Bothell,53033022001,WA,POINT (-122.20563 47.76144)
LYRIQ,1GYKPMRK6R,King,Bellevue,53033024901,WA,POINT (-122.12096 47.55584)
RAV4 PRIME (PHEV),JTMEB3FV3N,Thurston,Olympia,53067011000,WA,POINT (-123.04078 46.94792)
MODEL 3,5YJ3E1EB7M,King,Auburn,53033029602,WA,POINT (-122.18263 47.31825)
BLAZER,3GNKDBRJ4R,Thurston,Olympia,53067012100,WA,POINT (-122.87741 47.05997)
MODEL 3,5YJ3E1EA0P,King,Tukwila,53033026200,WA,POINT (-122.29411 47.48924)
MODEL 3,5YJ3E1EB2R,King,Seattle,53033011902,WA,POINT (-122.25031 47.49481)
PRIUS PRIME (PHEV),JTDKARFP5L,King,Seattle,53033008401,WA,POINT (-122.32945 47.60357)
MODEL 3,5YJ3E1EAXP,King,Mercer Island,53033024500,WA,POINT (-122.21238 47.57816)
Q5 E,WA1E2AFY7M,King,Bellevue,53033024001,WA,POINT (-122.1872 47.61001)
MODEL 3,5YJ3E1EA3T,King,Redmond,53033022802,WA,POINT (-122.13158 47.67858)
IONIQ 6,KMHM34ACXP,King,Kent,53033029505,WA,POINT (-122.19976 47.37483)
XC40,YV4ED3UM7P,King,Seattle,53033005600,WA,POINT (-122.40092 47.65908)
CLARITY,JHMZC5F13J,King,Sammamish,53033032225,WA,POINT (-122.02054 47.60326)
MODEL Y,7SAYGDED0T,King,Redmond,53033032321,WA,POINT (-122.13158 47.67858)
MODEL Y,7SAYGDEE9T,Clark,Battle Ground,53011040407,WA,POINT (-122.5331 45.78092)
MODEL Y,7SAYGDEE6P,Kitsap,Bremerton,53035080600,WA,POINT (-122.65223 47.57192)
X5,5UXTA6C07P,King,Seattle,53033007303,WA,POINT (-122.34845 47.63283)
MODEL Y,5YJYGDEE0M,King,Seatac,53033028300,WA,POINT (-122.27979 47.44952)
NIRO,KNDCM3LD4J,King,Burien,53033027000,WA,POINT (-122.29411 47.48924)
MODEL 3,5YJ3E1EA4J,King,Renton,53033029309,WA,POINT (-122.19488 47.44034)
MODEL Y,7SAYGAEE6R,Clark,Vancouver,53011040713,WA,POINT (-122.55149 45.69345)
WRANGLER,1C4RJXN68R,King,Bellevue,53033023807,WA,POINT (-122.1872 47.61001)
ZEVO,2G5ZJ2TY9R,King,Burien,53033028000,WA,POINT (-122.29411 47.48924)
MODEL 3,5YJ3E1EAXL,King,Kent,53033029208,WA,POINT (-122.23741 47.3807)
NX,JTJHKCFZXS,King,Bellevue,53033023806,WA,POINT (-122.1872 47.61001)
PRIUS PRIME (PHEV),JTDKARFP6H,Kitsap,Bremerton,53035081200,WA,POINT (-122.62749 47.565)
RAV4 PRIME (PHEV),JTMEB3FV0R,Clark,Vancouver,53011040713,WA,POINT (-122.55149 45.69345)
MODEL 3,5YJ3E1EB0M,Kitsap,Poulsbo,53035091100,WA,POINT (-122.64681 47.73689)
MUSTANG MACH-E,3FMTK3SU9M,King,Bellevue,53033023901,WA,POINT (-122.1872 47.61001)
MODEL 3,5YJ3E1EB2R,King,Bellevue,53033023604,WA,POINT (-122.12056 47.61334)
SPORTAGE,KNDPZDAH2P,King,Seattle,53033007002,WA,POINT (-122.34845 47.63283)
GRAND CHEROKEE,1C4RJYC69P,Kitsap,Port Orchard,53035092802,WA,POINT (-122.68516 47.50645)
Q5 E,WA1F2AFYXM,King,Seattle,53033002000,WA,POINT (-122.31676 47.68156)
Q5 E,WA1E2AFY6L,King,Bellevue,53033023300,WA,POINT (-122.11867 47.63131)
MODEL Y,7SAYGDEE8N,Snohomish,Bothell,53061052010,WA,POINT (-122.20105 47.84423)
HARDTOP,WMW13DJ01R,King,Seattle,53033006900,WA,POINT (-122.36381 47.63046)
IX,WB523CF03R,King,Bellevue,53033023702,WA,POINT (-122.12056 47.61334)
MUSTANG MACH-E,3FMTK3SU5P,Cowlitz,Kelso,53015001200,WA,POINT (-122.89867 46.14424)
HORNET,ZACPDFDW6R,King,Kirkland,53033022401,WA,POINT (-122.2066 47.67887)
RZ,JTJBCACB6T,King,Issaquah,53033025006,WA,POINT (-122.03439 47.5301)
MODEL 3,5YJ3E1EB9S,King,Redmond,53033032321,WA,POINT (-122.13158 47.67858)
MODEL S,5YJSA1CN7D,King,Bellevue,53033024001,WA,POINT (-122.1872 47.61001)
MODEL 3,5YJ3E1EB3M,Kitsap,Port Orchard,53035092902,WA,POINT (-122.68516 47.50645)
MODEL 3,5YJ3E1EA6K,King,Redmond,53033032324,WA,POINT (-122.13158 47.67858)
VOLT,1G1RB6S56J,Snohomish,Lake Stevens,53061052505,WA,POINT (-122.06402 48.01497)
LYRIQ,1GYKPURKXS,King,Kent,53033029405,WA,POINT (-122.17743 47.41185)
PRIUS PRIME (PHEV),JTDKAMFP4N,Island,Oak Harbor,53029970900,WA,POINT (-122.64682 48.29077)
IONIQ 6,KMHM24AA8S,King,Lake Forest Park,53033021400,WA,POINT (-122.30304 47.75494)
MODEL Y,7SAYGDEE7T,Clark,La Center,53011040201,WA,POINT (-122.67248 45.86156)
MODEL Y,7SAYGAEE6P,Snohomish,Everett,53061041813,WA,POINT (-122.18637 47.89251)
EQS-CLASS SUV,4JGDM2EB8R,Clark,Vancouver,53011040907,WA,POINT (-122.70303 45.70954)
MODEL X,7SAXCBE52R,King,Kirkland,53033021904,WA,POINT (-122.22901 47.72201)
MODEL 3,5YJ3E1EB5T,King,Bellevue,53033023401,WA,POINT (-122.12056 47.61334)
MODEL Y,7SAYGAEE6R,King,Seattle,53033011901,WA,POINT (-122.25031 47.49481)
NX,JTJKKCFZ7T,King,Renton,53033029308,WA,POINT (-122.19488 47.44034)
LEAF,1N4AZ0CP5F,King,Seattle,53033006600,WA,POINT (-122.34845 47.63283)
PROLOGUE,3GPKHZRJ6S,Clark,Vancouver,53011040908,WA,POINT (-122.70303 45.70954)
IONIQ 5,KM8KRDAF2P,King,Seattle,53033002700,WA,POINT (-122.35436 47.67596)
MODEL 3,5YJ3E1EA3S,King,Kirkland,53033022300,WA,POINT (-122.22901 47.72201)
EV6,KNDC3DLC5N,King,Bothell,53033021804,WA,POINT (-122.20563 47.76144)
MODEL 3,5YJ3E1EB6M,King,Bellevue,53033024001,WA,POINT (-122.1872 47.61001)
MODEL 3,5YJ3E1EA4P,Clark,Camas,53011040605,WA,POINT (-122.40177 45.58705)
MODEL Y,7SAYGAEE6P,King,Sammamish,53033032318,WA,POINT (-122.02054 47.60326)
MODEL Y,7SAYGDEE3T,King,Kirkland,53033022005,WA,POINT (-122.22901 47.72201)
MODEL 3,5YJ3E1EC7P,King,Seattle,53033000500,WA,POINT (-122.37238 47.74068)
MODEL Y,7SAYGDEE0P,King,Tukwila,53033026200,WA,POINT (-122.29411 47.48924)
LEAF,1N4CZ1CV4P,King,Seattle,53033000402,WA,POINT (-122.37238 47.74068)
MODEL Y,7SAYGDEE2N,King,Sammamish,53033032215,WA,POINT (-122.03539 47.61344)
MODEL 3,5YJ3E1EA5P,King,Kent,53033029506,WA,POINT (-122.19976 47.37483)
MODEL 3,5YJ3E1EB2J,King,Seattle,53033006800,WA,POINT (-122.36381 47.63046)
MODEL Y,5YJYGDEF8M,Cowlitz,Longview,53015000902,WA,POINT (-122.95058 46.14681)
EQUINOX,3GN7DNRP5S,King,Renton,53033031910,WA,POINT (-122.08747 47.4466)
MODEL X,5YJXCAE29L,King,Renton,53033029309,WA,POINT (-122.19488 47.44034)
MODEL 3,5YJ3E1ETXR,King,Redmond,53033032321,WA,POINT (-122.13158 47.67858)
MODEL Y,7SAYGDEE8P,King,Bellevue,53033023806,WA,POINT (-122.1872 47.61001)
MODEL 3,5YJ3E1EB4N,King,Bellevue,53033023805,WA,POINT (-122.1872 47.61001)
EV6,KNDC3DLC4P,King,Kirkland,53033022006,WA,POINT (-122.2066 47.67887)
IX,WB543CF08T,Kitsap,Bainbridge Island,53035091002,WA,POINT (-122.521 47.62759)
BZ4X,JTMABACA2P,King,Bellevue,53033023000,WA,POINT (-122.11867 47.63131)
MODEL Y,5YJYGDEE9M,King,Bellevue,53033024001,WA,POINT (-122.1872 47.61001)
LEAF,1N4BZ0CP2G,King,Seattle,53033006400,WA,POINT (-122.30207 47.64085)
MODEL Y,7SAYGDEE6R,King,Kent,53033029403,WA,POINT (-122.17743 47.41185)
RAV4 PRIME (PHEV),JTMFB3FV2S,Clark,Vancouver,53011041334,WA,POINT (-122.55149 45.69345)
RAV4 PRIME (PHEV),JTMAB3FV2R,Snohomish,Lynnwood,53061041703,WA,POINT (-122.27981 47.85727)
MUSTANG MACH-E,3FMTK1R48S,King,Seattle,53033002000,WA,POINT (-122.31676 47.68156)
F-150,1FTVW3LU6S,King,Redmond,53033032313,WA,POINT (-122.03287 47.68555)
PROLOGUE,3GPKHVRJ7R,Thurston,Yelm,53067012412,WA,POINT (-122.60735 46.94239)
EV9,KNDAEFS56R,King,North Bend,53033032704,WA,POINT (-121.7831 47.49348)
LEAF,1N4AZ1CV9M,Snohomish,Everett,53061041907,WA,POINT (-122.27557 47.88936)
MODEL 3,5YJ3E1EB0M,Clark,Camas,53011040609,WA,POINT (-122.40177 45.58705)
MODEL Y,7SAYGDEF4N,King,Bellevue,53033023807,WA,POINT (-122.1872 47.61001)
MODEL Y,7SAYGAEE7R,King,Kent,53033029508,WA,POINT (-122.19976 47.37483)
MODEL 3,5YJ3E1EBXM,Clark,Vancouver,53011041317,WA,POINT (-122.48723 45.63701)
MODEL 3,5YJ3E1EA0P,King,Redmond,53033032323,WA,POINT (-122.13158 47.67858)
MODEL 3,5YJ3E1EA5P,King,Bellevue,53033023300,WA,POINT (-122.12056 47.61334)
MODEL Y,7SAYGDEFXN,Snohomish,Lynnwood,53061041816,WA,POINT (-122.27981 47.85727)
PACIFICA,2C4RC1N70M,King,Redmond,53033032323,WA,POINT (-122.13158 47.67858)
MODEL Y,7SAYGDED7T,King,Redmond,53033032321,WA,POINT (-122.13158 47.67858)
X5,5UXTA6C0XP,Clark,Ridgefield,53011040305,WA,POINT (-122.74595 45.81539)
PACIFICA,2C4RC1S74R,King,Bellevue,53033023202,WA,POINT (-122.12056 47.61334)
IX,WB543CF0XT,King,Bellevue,53033023702,WA,POINT (-122.1621 47.64441)
MUSTANG MACH-E,3FMTK3R7XR,King,Seattle,53033008800,WA,POINT (-122.31009 47.60803)
MODEL Y,7SAYGDED2T,King,Sammamish,53033032217,WA,POINT (-122.02054 47.60326)
MODEL 3,5YJ3E1EA5L,King,Seattle,53033005600,WA,POINT (-122.40092 47.65908)
MODEL Y,7SAYGAEE1S,King,Bellevue,53033023701,WA,POINT (-122.1621 47.64441)
NIRO,KNDCR3L18T,King,Sammamish,53033032317,WA,POINT (-122.02054 47.60326)
MODEL Y,7SAYGDEFXN,King,Redmond,53033032313,WA,POINT (-122.13158 47.67858)
IX,WB523CF03S,King,Kirkland,53033022501,WA,POINT (-122.2066 47.67887)
RAV4 PRIME (PHEV),JTM7ERAV6T,Kitsap,Bremerton,53035081100,WA,POINT (-122.65223 47.57192)
LYRIQ,1GYKPURL0T,King,Redmond,53033022803,WA,POINT (-122.13158 47.67858)
IONIQ 5,KM8KNDDF6R,King,Seattle,53033006703,WA,POINT (-122.34845 47.63283)
VOLT,1G1RD6S59H,King,Burien,53033026700,WA,POINT (-122.36322 47.49736)
MODEL Y,7SAYGDED1T,King,Kirkland,53033022603,WA,POINT (-122.2066 47.67887)
PACIFICA,2C4RC1S78R,Thurston,Rochester,53067012730,WA,POINT (-123.08743 46.82175)
ID.4,1V2VMPE81P,King,Seattle,53033011200,WA,POINT (-122.31449 47.53917)
BOLT EV,1G1FY6S03L,King,Bellevue,53033023808,WA,POINT (-122.1872 47.61001)
KONA,KM8HC3A64R,King,Seattle,53033000101,WA,POINT (-122.30253 47.72656)
IONIQ 5,7YAKNDDC7T,King,Bothell,53033021804,WA,POINT (-122.20563 47.76144)
MODEL 3,5YJ3E1EA3P,Clark,Vancouver,53011041337,WA,POINT (-122.48723 45.63701)
MODEL Y,7SAYGDEE0R,King,Renton,53033025806,WA,POINT (-122.19488 47.44034)
X3,5UXTS1C01M,King,Redmond,53033022803,WA,POINT (-122.13158 47.67858)
BZ4X,JTMAAAAA4S,King,Seattle,53033001202,WA,POINT (-122.30253 47.72656)
Q5 E,WA1F2AFY8R,King,Bellevue,53033024001,WA,POINT (-122.1872 47.61001)
MODEL Y,7SAYGDEE6N,King,Seattle,53033001202,WA,POINT (-122.30253 47.72656)
BLAZER,3GNKDCRJ8R,Yakima,Moxee,53077001702,WA,POINT (-120.39197 46.55621)
MODEL Y,7SAYGDEE7P,King,Bellevue,53033023604,WA,POINT (-122.12056 47.61334)
LEAF,JN1AZ0CP6C,King,Tukwila,53033026200,WA,POINT (-122.25031 47.49481)
MODEL 3,5YJ3E1EA4M,Clark,Vancouver,53011040412,WA,POINT (-122.62731 45.71668)
LEAF,1N4BZ1CP5K,King,Bellevue,53033023902,WA,POINT (-122.1872 47.61001)
X5,5UXTA6C09N,Clark,Camas,53011040610,WA,POINT (-122.40177 45.58705)
MODEL Y,7SAYGDEE5R,Snohomish,Marysville,53061052807,WA,POINT (-122.17138 48.10433)
X5,5UX43EU05R,Jefferson,Port Townsend,53031950604,WA,POINT (-122.77263 48.1212)
ID.4,WVGTMPE28N,Thurston,Olympia,53067010100,WA,POINT (-122.89165 47.03954)
MODEL Y,7SAYGDEE8T,King,Kirkland,53033021903,WA,POINT (-122.22901 47.72201)
MODEL Y,7SAYGDEEXT,Clark,Vancouver,53011043000,WA,POINT (-122.59219 45.62158)
R1T,7FCTGAAAXN,King,Renton,53033025304,WA,POINT (-122.18839 47.51197)
MODEL Y,7SAYGDEE4P,King,Seattle,53033011902,WA,POINT (-122.25031 47.49481)
PRIUS PRIME (PHEV),JTDACACU5R,King,Renton,53033025804,WA,POINT (-122.08747 47.4466)
SOLTERRA,JTMBEAGC8T,King,Kirkland,53033022006,WA,POINT (-122.22901 47.72201)
IONIQ 5,KM8KRDDF6R,Snohomish,Lynnwood,53061042004,WA,POINT (-122.27981 47.85727)
MODEL 3,5YJ3E1EA1T,Thurston,Tenino,53067012610,WA,POINT (-122.85135 46.85752)
MUSTANG MACH-E,3FMTK2SU6P,King,Bellevue,53033025007,WA,POINT (-122.12096 47.55584)
R1S,7PDSGABA6P,King,Redmond,53033032323,WA,POINT (-122.13158 47.67858)
MODEL 3,5YJ3E1EB9L,King,Kent,53033029508,WA,POINT (-122.19976 47.37483)
RAV4 PRIME (PHEV),JTMEB3FVXS,Clark,Vancouver,53011040803,WA,POINT (-122.62731 45.71668)
RZ,JTJAAAAB3P,King,Shoreline,53033020500,WA,POINT (-122.30304 47.75494)
R1S,7PDSGBBA6S,Snohomish,Bothell,53061051927,WA,POINT (-122.20105 47.84423)
IONIQ 6,KMHM34AC7R,King,Bothell,53033021804,WA,POINT (-122.20563 47.76144)
SOLTERRA,JTMABABA5P,King,Kirkland,53033022501,WA,POINT (-122.2066 47.67887)
ARIYA HATCHBACK,JN1DF0CD8P,Clark,Vancouver,53011040713,WA,POINT (-122.55149 45.69345)
BZ,JTMBDAFB2T,Clark,Ridgefield,53011040305,WA,POINT (-122.74595 45.81539)
AIR,50EA1PFA0P,King,Seattle,53033000700,WA,POINT (-122.30253 47.72656)
MODEL Y,7SAYGDEE7R,King,Kirkland,53033022603,WA,POINT (-122.2066 47.67887)
LEAF,1N4BZ0CP7H,King,Shoreline,53033020800,WA,POINT (-122.37238 47.74068)
BOLT EUV,1G1FY6S00P,Kitsap,Port Orchard,53035092200,WA,POINT (-122.63848 47.5414)
Q8,WA15AAGE5R,King,Seattle,53033008900,WA,POINT (-122.30866 47.57874)
BLAZER,3GNKDCRJ9R,King,Seattle,53033002900,WA,POINT (-122.38418 47.70044)
BLAZER,3GNKDKRJ5S,King,Bellevue,53033023902,WA,POINT (-122.1872 47.61001)
OPTIQ,3GYK3DM4XT,King,Renton,53033026200,WA,POINT (-122.20489 47.47532)
EV9,KNDAB5S17R,Clark,Vancouver,53011041319,WA,POINT (-122.48723 45.63701)
MODEL S,5YJSA1H1XE,King,Seattle,53033001400,WA,POINT (-122.37238 47.74068)
MODEL Y,7SAYGDEF2P,King,Kirkland,53033022501,WA,POINT (-122.2066 47.67887)
MODEL Y,5YJYGDEF1L,King,Sammamish,53033032213,WA,POINT (-122.03539 47.61344)
RANGE ROVER SPORT,SAL119F49R,King,Seattle,53033006300,WA,POINT (-122.30207 47.64085)
TAYCAN,WP0AA2Y13T,King,Bellevue,53033023702,WA,POINT (-122.1621 47.64441)
MODEL 3,5YJ3E1EA2K,King,Kirkland,53033022401,WA,POINT (-122.2066 47.67887)
MODEL 3,5YJ3E1EA7R,King,Renton,53033025805,WA,POINT (-122.19488 47.44034)
FUSION,3FA6P0PU7G,Clark,Vancouver,53011040713,WA,POINT (-122.55149 45.69345)
ARIYA HATCHBACK,JN1DF0BB3R,Cowlitz,Kelso,53015001300,WA,POINT (-122.89867 46.14424)
R1S,7PDSGBBA6R,King,Redmond,53033022802,WA,POINT (-122.13158 47.67858)
RX,JTJCJMGA4T,King,Seattle,53033000602,WA,POINT (-122.33364 47.73709)
MODEL Y,5YJYGDEF9M,King,Normandy Park,53033028600,WA,POINT (-122.34731 47.45207)
MODEL Y,5YJYGDEE1L,King,Kirkland,53033022603,WA,POINT (-122.2066 47.67887)
MODEL Y,7SAYGDEE3R,King,Seattle,53033002000,WA,POINT (-122.31676 47.68156)
BOLT EV,1G1FW6S01P,King,Kent,53033031704,WA,POINT (-122.10798 47.37124)
MODEL Y,7SAYGDEE3P,King,Bellevue,53033024902,WA,POINT (-122.12096 47.55584)
MODEL Y,7SAYGDEEXR,King,Carnation,53033032500,WA,POINT (-121.91353 47.64901)
500,3C3CFFGE3H,King,Seattle,53033008900,WA,POINT (-122.30866 47.57874)
EV6,KNDC3DLCXR,Kitsap,Indianola,53035940000,WA,POINT (-122.51843 47.7487)
MODEL Y,7SAYGAEE2R,King,Auburn,53033029902,WA,POINT (-122.28802 47.30264)
TRANSIT,1FTBW1YK3P,King,Renton,53033025703,WA,POINT (-122.19488 47.44034)
VOLT,1G1RB6E4XD,Jefferson,Port Townsend,53031950604,WA,POINT (-122.77263 48.1212)
VISTIQ,1GYC3MML8T,Kitsap,Bainbridge Island,53035090700,WA,POINT (-122.521 47.62759)
LYRIQ,1GYKPURL1T,King,Bellevue,53033023601,WA,POINT (-122.1621 47.64441)
LEAF,JN1AZ0CP6C,King,Seattle,53033003301,WA,POINT (-122.38591 47.67597)
MODEL Y,7SAYGDED9T,King,Sammamish,53033032318,WA,POINT (-122.02054 47.60326)
MODEL Y,5YJYGDEE5M,King,Tukwila,53033027200,WA,POINT (-122.29411 47.48924)
XC60,YV4BR0DK3M,King,Seattle,53033007002,WA,POINT (-122.34845 47.63283)
BZ,JTMBDAFB0T,King,Seattle,53033008401,WA,POINT (-122.34223 47.61085)
MODEL Y,7SAYGDEEXP,King,Medina,53033024200,WA,POINT (-122.23892 47.61613)
XC90,YV4H60LE7R,King,Lake Forest Park,53033021300,WA,POINT (-122.30304 47.75494)
MODEL Y,7SAYGDED3T,King,Bothell,53033021804,WA,POINT (-122.20563 47.76144)
MODEL Y,7SAYGDEE2N,King,Seattle,53033007203,WA,POINT (-122.34845 47.63283)
I4,WBY43AW0XP,King,Mercer Island,53033024302,WA,POINT (-122.21238 47.57816)
MODEL S,5YJSA1CG7D,King,Bellevue,53033023806,WA,POINT (-122.1872 47.61001)
OUTLANDER,JA4J24A50J,King,Seattle,53033012100,WA,POINT (-122.36322 47.49736)
TUCSON,KM8JBDD2XR,King,Kent,53033029403,WA,POINT (-122.17743 47.41185)
MODEL Y,5YJYGDEE1L,King,Federal Way,53033030101,WA,POINT (-122.36217 47.31011)
MODEL Y,7SAYGDEE6T,King,Kirkland,53033022703,WA,POINT (-122.2066 47.67887)
MODEL S,5YJSA1E22G,King,Issaquah,53033032104,WA,POINT (-122.03439 47.5301)
BOLT EV,1G1FX6S05H,King,Enumclaw,53033031302,WA,POINT (-121.99136 47.20433)
RAV4 PRIME (PHEV),JTMAB3FV5M,Clark,Ridgefield,53011040403,WA,POINT (-122.74595 45.81539)
MODEL 3,5YJ3E1EA1J,King,Renton,53033025601,WA,POINT (-122.18839 47.51197)
PACIFICA,2C4RC1S73R,Kitsap,Bainbridge Island,53035090700,WA,POINT (-122.521 47.62759)
R1S,7PDSGBBA1R,King,Bothell,53033021905,WA,POINT (-122.20563 47.76144)
EV6,KNDC4DLC1N,Clark,Vancouver,53011040904,WA,POINT (-122.70303 45.70954)
MODEL Y,7SAYGDEE1R,Yakima,Zillah,53077002201,WA,POINT (-120.26226 46.40199)
BZ4X,JTMABACA4R,Clark,Vancouver,53011040908,WA,POINT (-122.70303 45.70954)
EV6,KNDC3DLC5P,King,Kirkland,53033021904,WA,POINT (-122.22901 47.72201)
MODEL Y,5YJYGDEE2L,King,Kirkland,53033022401,WA,POINT (-122.2066 47.67887)
MODEL 3,5YJ3E1EA4S,Island,Oak Harbor,53029970800,WA,POINT (-122.64682 48.29077)
BLAZER,3GNKDBRJ7R,Thurston,Olympia,53067010100,WA,POINT (-122.89165 47.03954)
MODEL Y,7SAYGDEEXT,Thurston,Lacey,53067011200,WA,POINT (-122.78598 47.08476)
PROLOGUE,3GPKHXRJ1R,King,Seattle,53033000800,WA,POINT (-122.30253 47.72656)
MODEL 3,5YJ3E1EA3S,King,Bellevue,53033023806,WA,POINT (-122.1872 47.61001)
MODEL Y,7SAYGDEE5S,Island,Oak Harbor,53029970401,WA,POINT (-122.64682 48.29077)
MODEL 3,5YJ3E1EA2P,Clark,Camas,53011041400,WA,POINT (-122.40177 45.58705)
LEAF,1N4BZ0CP3H,King,Seattle,53033001400,WA,POINT (-122.37238 47.74068)
MODEL 3,5YJ3E1EA9N,King,Bellevue,53033023806,WA,POINT (-122.1872 47.61001)
MODEL Y,5YJYGDEE9M,King,Redmond,53033032323,WA,POINT (-122.13158 47.67858)
MODEL 3,5YJ3E1EA3J,King,Renton,53033025401,WA,POINT (-122.18839 47.51197)
MODEL Y,7SAYGDEE0S,King,Kirkland,53033022005,WA,POINT (-122.22901 47.72201)
MODEL Y,7SAYGDEE7R,Clark,Washougal,53011040605,WA,POINT (-122.35341 45.57923)
RAV4 PRIME (PHEV),JTMEB3FV7M,King,Normandy Park,53033028600,WA,POINT (-122.34731 47.45207)
MODEL Y,7SAYGDEF4N,King,Bellevue,53033024901,WA,POINT (-122.12096 47.55584)
MODEL Y,5YJYGDEE5L,King,Normandy Park,53033028600,WA,POINT (-122.34731 47.45207)
LEAF,1N4BZ0CPXH,King,Renton,53033029304,WA,POINT (-122.08747 47.4466)
EX30,YV4EK3ZL9S,Clark,Vancouver,53011040709,WA,POINT (-122.57722 45.64251)
PACIFICA,2C4RC1N77J,King,Burien,53033027901,WA,POINT (-122.34731 47.45207)
CORSAIR,5LMTJ5DZ5S,King,Issaquah,53033032103,WA,POINT (-122.03439 47.5301)
MODEL Y,7SAYGDEF2R,Snohomish,Edmonds,53061042004,WA,POINT (-122.31768 47.87166)
MODEL 3,5YJ3E1EB4S,King,Redmond,53033022803,WA,POINT (-122.13158 47.67858)
MODEL 3,5YJ3E1EA7R,King,Covington,53033031709,WA,POINT (-122.10798 47.37124)
LEAF,1N4AZ0CP3G,King,Seattle,53033001400,WA,POINT (-122.37238 47.74068)
MODEL X,5YJXCBE43G,King,Auburn,53033030504,WA,POINT (-122.2229 47.307)
MODEL X,5YJXCBE20J,Snohomish,Woodway,53061050600,WA,POINT (-122.37695 47.81113)
LEAF,1N4BZ0CP2G,King,Shoreline,53033020700,WA,POINT (-122.33364 47.73709)
XC90,YV4H60CE3R,King,Maple Valley,53033032008,WA,POINT (-122.04526 47.39394)
E-GOLF,WVWKR7AU4K,Jefferson,Port Townsend,53031950603,WA,POINT (-122.77263 48.1212)
XC90,YV4H60CL3N,King,Burien,53033027800,WA,POINT (-122.34731 47.45207)
MODEL 3,5YJ3E1EA4P,King,Kent,53033031704,WA,POINT (-122.10798 47.37124)
LEAF,1N4BZ1CV5M,King,Shoreline,53033020700,WA,POINT (-122.33364 47.73709)
MODEL Y,7SAYGDEE1P,King,Sammamish,53033032318,WA,POINT (-122.02054 47.60326)
MODEL Y,7SAYGDED5R,King,Seattle,53033009400,WA,POINT (-122.30866 47.57874)
MODEL 3,5YJ3E1EB3N,Clark,Vancouver,53011040908,WA,POINT (-122.70303 45.70954)
MODEL 3,5YJ3E1EA0P,King,Bellevue,53033024904,WA,POINT (-122.12096 47.55584)
BOLT EUV,1G1FZ6S07P,King,Seattle,53033009702,WA,POINT (-122.41067 47.57894)
SORENTO,KNDRJDJH7S,Clark,Vancouver,53011040409,WA,POINT (-122.62731 45.71668)
COUNTRYMAN,WMZ53GA07T,Kitsap,Bainbridge Island,53035090700,WA,POINT (-122.521 47.62759)
LEAF,1N4AZ0CP7D,Clark,Vancouver,53011041329,WA,POINT (-122.49212 45.60365)
HARDTOP,WMW13DJ0XP,Clark,Camas,53011040610,WA,POINT (-122.40177 45.58705)
LEAF,1N4AZ1BV9S,King,Kirkland,53033022603,WA,POINT (-122.2066 47.67887)
RAV4 PRIME (PHEV),JTMFB3FV8N,King,Bellevue,53033024701,WA,POINT (-122.12096 47.55584)
VOLT,1G1RA6E49D,Thurston,Tenino,53067012610,WA,POINT (-122.85135 46.85752)
CLARITY,JHMZC5F15K,King,Sammamish,53033032318,WA,POINT (-122.02054 47.60326)
I4,WBY43HD06S,King,Kirkland,53033022005,WA,POINT (-122.22901 47.72201)
POLESTAR 2,YSMED3KA0P,King,Bellevue,53033024001,WA,POINT (-122.1872 47.61001)
R1S,7PDSGABA8P,King,Seattle,53033006200,WA,POINT (-122.30207 47.64085)
BZ4X,JTMABACA0P,King,Shoreline,53033020800,WA,POINT (-122.33364 47.73709)
X5,5UXTA6C03M,Kitsap,Bainbridge Island,53035090800,WA,POINT (-122.521 47.62759)
MODEL Y,7SAYGDED5T,King,Kirkland,53033022401,WA,POINT (-122.2066 47.67887)
MODEL Y,7SAYGDEE2R,King,Seattle,53033006701,WA,POINT (-122.34845 47.63283)
IONIQ 5,7YAKNDDC4S,King,Kirkland,53033022005,WA,POINT (-122.22901 47.72201)
KONA,KM8K23AG2P,King,Shoreline,53033020800,WA,POINT (-122.33364 47.73709)
XC90,YV4BC0PL3G,King,Kirkland,53033021903,WA,POINT (-122.22901 47.72201)
WRANGLER,1C4JJXR66M,King,Bellevue,53033024704,WA,POINT (-122.12096 47.55584)
MODEL 3,5YJ3E1EA2M,Kitsap,Port Orchard,53035092200,WA,POINT (-122.63848 47.5414)
LEAF,1N4AZ0CP7F,Clark,Vancouver,53011040812,WA,POINT (-122.62731 45.71668)
MODEL Y,7SAYGDEE5T,Yakima,Grandview,53077001901,WA,POINT (-119.90116 46.25606)
BOLT EV,1G1FZ6S06K,King,Bellevue,53033022804,WA,POINT (-122.12056 47.61334)
MODEL 3,5YJ3E1EA6P,King,Kirkland,53033022702,WA,POINT (-122.2066 47.67887)
MODEL Y,7SAYGDED0T,King,Redmond,53033032323,WA,POINT (-122.13158 47.67858)
MODEL 3,5YJ3E1EB9L,King,Seattle,53033006300,WA,POINT (-122.30207 47.64085)
MODEL 3,5YJ3E1EA4S,Thurston,Yelm,53067012421,WA,POINT (-122.60735 46.94239)
MODEL Y,7SAYGDEE4T,King,Bellevue,53033023806,WA,POINT (-122.1872 47.61001)
MODEL Y,5YJYGDEE1L,Kitsap,Port Orchard,53035092200,WA,POINT (-122.63848 47.5414)
MODEL S,5YJSA1E5XR,Clark,Ridgefield,53011040412,WA,POINT (-122.74595 45.81539)
MODEL Y,7SAYGDEE0P,King,Sammamish,53033032224,WA,POINT (-122.03539 47.61344)
R2,7PD2EAAB0V,King,Renton,53033025601,WA,POINT (-122.18839 47.51197)
MODEL Y,7SAYGDEF2N,King,Issaquah,53033032221,WA,POINT (-122.01656 47.57118)
MODEL 3,5YJ3E1EB1R,King,Redmond,53033032323,WA,POINT (-122.13158 47.67858)
IONIQ 5,KM8KNDAF6P,King,Renton,53033025803,WA,POINT (-122.08747 47.4466)
I3,WBY1Z6C37H,Thurston,Olympia,53067010300,WA,POINT (-122.89165 47.03954)
MODEL 3,5YJ3E1EA3P,King,Seatac,53033027300,WA,POINT (-122.29411 47.48924)
LEAF,1N4AZ0CP5D,Clark,Vancouver,53011040703,WA,POINT (-122.57722 45.64251)
MODEL Y,5YJYGDEFXL,King,Seattle,53033012000,WA,POINT (-122.36322 47.49736)
MODEL Y,7SAYGDED9R,King,Issaquah,53033025006,WA,POINT (-122.03439 47.5301)
MODEL 3,5YJ3E1EB7N,King,Seattle,53033000900,WA,POINT (-122.30253 47.72656)
CYBERTRUCK,7G2CEHEDXR,King,Bellevue,53033024001,WA,POINT (-122.1872 47.61001)
MODEL Y,5YJYGDEE6M,King,Renton,53033029305,WA,POINT (-122.19488 47.44034)
MODEL X,5YJXCDE23L,King,Kent,53033029603,WA,POINT (-122.19976 47.37483)
I5,WBY33HG0XT,King,Seattle,53033000402,WA,POINT (-122.37238 47.74068)
MODEL Y,7SAYGDEE4P,King,Bellevue,53033024001,WA,POINT (-122.1872 47.61001)
MODEL Y,7SAYGDEE3P,Island,Oak Harbor,53029970700,WA,POINT (-122.64682 48.29077)
MODEL 3,5YJ3E1EA5P,Snohomish,Mill Creek,53061052004,WA,POINT (-122.20105 47.84423)
MODEL S,5YJSA1E17G,King,Sammamish,53033032317,WA,POINT (-122.02054 47.60326)
MODEL S,5YJSA1E58N,Clark,Vancouver,53011040803,WA,POINT (-122.62731 45.71668)
X5,5UXTA6C06M,King,Woodinville,53033032319,WA,POINT (-122.15545 47.75448)
MODEL Y,7SAYGDEE8P,King,Seattle,53033006500,WA,POINT (-122.32427 47.63433)
MODEL 3,5YJ3E1EB7L,King,Bellevue,53033024002,WA,POINT (-122.1872 47.61001)
PACIFICA,2C4RC1S79R,King,Bellevue,53033023701,WA,POINT (-122.1872 47.61001)
MODEL X,5YJXCAE46J,King,Sammamish,53033032216,WA,POINT (-122.03539 47.61344)
MODEL 3,5YJ3E1EB1L,King,Kenmore,53033021500,WA,POINT (-122.24369 47.75892)
RAV4 PRIME (PHEV),JTMAB3FV3R,King,Maple Valley,53033031604,WA,POINT (-122.04526 47.39394)
SOLTERRA,JTMBDAFC1T,Clark,Vancouver,53011040910,WA,POINT (-122.70303 45.70954)
XC40,YV4ED3UMXP,King,Clyde Hill,53033024100,WA,POINT (-122.1872 47.61001)
IONIQ 5,7YAKRDDC6S,King,Seattle,53033012100,WA,POINT (-122.36322 47.49736)
MODEL Y,7SAYGDEFXP,Snohomish,Arlington,53061053505,WA,POINT (-122.1264 48.19471)
MODEL 3,5YJ3E1EA2K,King,Sammamish,53033032225,WA,POINT (-122.02054 47.60326)
MODEL Y,5YJYGDEE7M,King,Bellevue,53033024001,WA,POINT (-122.1872 47.61001)
MUSTANG MACH-E,3FMTK4SX5P,King,Redmond,53033032330,WA,POINT (-122.13158 47.67858)
FUSION,3FA6P0SU0E,Yakima,Moxee,53077001702,WA,POINT (-120.39197 46.55621)
MODEL S,5YJSA1H27E,King,Bellevue,53033023805,WA,POINT (-122.1872 47.61001)
R1T,7FCTGAAA0N,King,Bellevue,53033023604,WA,POINT (-122.12056 47.61334)
Q4,WA12UBFZ4T,King,Sammamish,53033032215,WA,POINT (-122.03539 47.61344)
MODEL Y,5YJYGDEE8M,Thurston,Olympia,53067012332,WA,POINT (-122.80933 46.99531)
MODEL Y,7SAYGDEF9N,King,Kirkland,53033022300,WA,POINT (-122.22901 47.72201)
MODEL 3,5YJ3E1ET4R,King,Shoreline,53033020500,WA,POINT (-122.30304 47.75494)
BOLT EUV,1G1FZ6S00P,Jefferson,Port Townsend,53031950603,WA,POINT (-122.77263 48.1212)
PACIFICA,2C4RC1S72R,Clark,Vancouver,53011041008,WA,POINT (-122.64443 45.67871)
LEAF,1N4AZ0CP5D,King,Sammamish,53033032317,WA,POINT (-122.02054 47.60326)
SANTA FE,KM8S6DA2XN,Kitsap,Olalla,53035092803,WA,POINT (-122.54729 47.42602)
WRANGLER,1C4RJXN61R,King,Federal Way,53033030007,WA,POINT (-122.3303 47.30151)
C-MAX,1FADP5CUXE,King,Federal Way,53033030006,WA,POINT (-122.3303 47.30151)
MODEL Y,7SAYGDEE4P,King,Kirkland,53033022300,WA,POINT (-122.22901 47.72201)
MODEL Y,7SAYGAEE6N,King,Seattle,53033011902,WA,POINT (-122.25031 47.49481)
LEAF,1N4CZ1CV8P,Jefferson,Port Ludlow,53031950302,WA,POINT (-122.68475 47.92989)
SOLTERRA,JTMABABA0S,King,Burien,53033027500,WA,POINT (-122.36322 47.49736)
MODEL Y,7SAYGAEE8R,King,Bellevue,53033024001,WA,POINT (-122.1872 47.61001)
MODEL Y,7SAYGDEE7T,King,Bellevue,53033023801,WA,POINT (-122.1872 47.61001)
LEAF,JN1AZ0CP0B,Jefferson,Port Townsend,53031950604,WA,POINT (-122.77263 48.1212)
C-MAX,1FADP5CU4G,King,Renton,53033025805,WA,POINT (-122.19488 47.44034)
MODEL Y,7SAYGDEE6P,King,Redmond,53033032321,WA,POINT (-122.13158 47.67858)
MODEL Y,5YJYGDEE9M,King,Seattle,53033011002,WA,POINT (-122.31449 47.53917)
MODEL Y,7SAYGDEE7T,Kitsap,Bremerton,53035092000,WA,POINT (-122.65223 47.57192)
MODEL X,5YJXCDE43L,King,Bellevue,53033023801,WA,POINT (-122.1872 47.61001)
MODEL Y,7SAYGDEF3R,Clark,Vancouver,53011041205,WA,POINT (-122.59219 45.62158)
Q5 E,WA1G2AFY6S,King,Renton,53033025304,WA,POINT (-122.18839 47.51197)
MODEL Y,7SAYGDEE3P,King,Seattle,53033000402,WA,POINT (-122.37238 47.74068)
OUTLANDER,JA4T5UA93P,Clark,Vancouver,53011042100,WA,POINT (-122.67156 45.63248)
MACAN,WP1AA2XA9R,King,Seattle,53033006300,WA,POINT (-122.30207 47.64085)
HARDTOP,WMW13DJ06R,King,Seattle,53033002000,WA,POINT (-122.31676 47.68156)
R1T,7FCTGBAA1S,King,Seattle,53033007800,WA,POINT (-122.31009 47.60803)
MODEL 3,5YJ3E1EB2P,King,Shoreline,53033020100,WA,POINT (-122.37238 47.74068)
MODEL Y,7SAYGDED5T,King,Renton,53033025304,WA,POINT (-122.18839 47.51197)
LEAF,1N4AZ0CP3F,King,Seattle,53033000900,WA,POINT (-122.30253 47.72656)
MODEL Y,7SAYGDEE0R,King,Bellevue,53033024800,WA,POINT (-122.12096 47.55584)
AIR,50EA1GBA8N,Yakima,Grandview,53077001901,WA,POINT (-119.90116 46.25606)
MODEL Y,5YJYGDEE3M,Snohomish,Lynnwood,53061051804,WA,POINT (-122.27981 47.85727)
MODEL Y,7SAYGDEE2N,King,Bellevue,53033024704,WA,POINT (-122.12096 47.55584)
LEAF,1N4AZ0CP3F,King,Bellevue,53033023201,WA,POINT (-122.12056 47.61334)
BOLT EV,1G1FW6S05P,King,Kirkland,53033022402,WA,POINT (-122.2066 47.67887)
MODEL X,5YJXCAE25H,King,Bellevue,53033023100,WA,POINT (-122.11867 47.63131)
MODEL X,5YJXCBE20H,King,Sammamish,53033032224,WA,POINT (-122.03539 47.61344)
BOLT EUV,1G1FZ6S08P,Jefferson,Port Townsend,53031950501,WA,POINT (-122.77263 48.1212)
BOLT EV,1G1FY6S06L,King,Sammamish,53033032216,WA,POINT (-122.02054 47.60326)
ID.4,1V2VMPE85P,Clark,Vancouver,53011041317,WA,POINT (-122.48723 45.63701)
MODEL 3,5YJ3E1EB4K,King,Redmond,53033032323,WA,POINT (-122.13158 47.67858)
MODEL 3,5YJ3E1EA9P,King,Pacific,53033030902,WA,POINT (-122.24692 47.26465)
MODEL Y,7SAYGDEF1R,Thurston,Yelm,53067012532,WA,POINT (-122.60735 46.94239)
SORENTO,KNDRMDJH9T,King,Kirkland,53033022501,WA,POINT (-122.2066 47.67887)
MODEL Y,7SAYGAEE8P,King,Seattle,53033001400,WA,POINT (-122.37238 47.74068)
MODEL S,5YJSA1E51P,Thurston,Olympia,53067012331,WA,POINT (-122.80933 46.99531)
MODEL Y,7SAYGDEE7T,King,Bellevue,53033023806,WA,POINT (-122.1872 47.61001)
Q5 E,WA1E2AFY1S,King,Seattle,53033006900,WA,POINT (-122.36381 47.63046)
IONIQ 6,KMHM34AC6P,King,Seattle,53033004800,WA,POINT (-122.38591 47.67597)
ID. BUZZ,WVGNYVEB9S,King,Issaquah,53033032104,WA,POINT (-122.03439 47.5301)
MODEL 3,5YJ3E1EA8R,King,Kent,53033029702,WA,POINT (-122.19976 47.37483)
MODEL 3,5YJ3E1EA4P,King,Kirkland,53033022501,WA,POINT (-122.2066 47.67887)
BOLT EV,1G1FY6S09L,King,Seattle,53033002000,WA,POINT (-122.31676 47.68156)
GV70,5NMMCET12R,King,Kenmore,53033022102,WA,POINT (-122.24369 47.75892)
MODEL 3,5YJ3E1EC6N,King,Sammamish,53033032318,WA,POINT (-122.02054 47.60326)
LEAF,1N4AZ1CP8K,King,Seattle,53033000800,WA,POINT (-122.30253 47.72656)
MODEL Y,7SAYGAEE7S,King,Bellevue,53033024904,WA,POINT (-122.12096 47.55584)
BOLT EUV,1G1FY6S00P,Jefferson,Port Townsend,53031950604,WA,POINT (-122.77263 48.1212)
MODEL Y,7SAYGDEE4T,King,Bellevue,53033023806,WA,POINT (-122.1872 47.61001)
EV6,KNDC3DLC8N,King,Seattle,53033007002,WA,POINT (-122.34845 47.63283)
ARIYA HATCHBACK,JN1BF0BA5R,Clark,Vancouver,53011040907,WA,POINT (-122.70303 45.70954)
MODEL 3,5YJ3E1EBXS,King,Bellevue,53033023603,WA,POINT (-122.12056 47.61334)
LEAF,1N4BZ0CP6H,Clark,Vancouver,53011040904,WA,POINT (-122.70303 45.70954)
F-150,1FT6W5L73S,Clark,Vancouver,53011040904,WA,POINT (-122.70303 45.70954)
MODEL Y,7SAYGAEE4T,King,Covington,53033031709,WA,POINT (-122.10798 47.37124)
MODEL Y,7SAYGDEE0T,King,Redmond,53033032323,WA,POINT (-122.13158 47.67858)
MODEL 3,5YJ3E1EA9L,King,Maple Valley,53033032010,WA,POINT (-122.04526 47.39394)
CAYENNE,WP1AE2AY9K,King,Kirkland,53033022401,WA,POINT (-122.2066 47.67887)
MODEL Y,7SAYGDEE1T,Clark,Battle Ground,53011040407,WA,POINT (-122.5331 45.78092)
IX,WB523CF04R,King,Kirkland,53033021903,WA,POINT (-122.22901 47.72201)
PRIUS PRIME (PHEV),JTDKAMFP3M,Kitsap,Bainbridge Island,53035091002,WA,POINT (-122.521 47.62759)
MODEL Y,7SAYGDEE7P,King,Kirkland,53033022003,WA,POINT (-122.22901 47.72201)
CAYENNE,WP1AE2A26H,Kitsap,Seabeck,53035092000,WA,POINT (-122.81585 47.64509)
MODEL Y,5YJYGAEE5M,King,Seattle,53033002700,WA,POINT (-122.35436 47.67596)
RAV4 PRIME (PHEV),JTMEB3FV8R,Clark,Vancouver,53011040713,WA,POINT (-122.55149 45.69345)
MODEL Y,7SAYGAEE2P,King,Seattle,53033002000,WA,POINT (-122.31676 47.68156)
IONIQ 5,7YAKRDDC2T,Yakima,Yakima,53077002900,WA,POINT (-120.60272 46.59656)
WRANGLER,1C4RJXN68R,King,Seattle,53033005902,WA,POINT (-122.36381 47.63046)
MODEL Y,7SAYGDEF0S,Clark,Vancouver,53011040412,WA,POINT (-122.62731 45.71668)
Q5 E,WA1F2AFY2M,King,Kirkland,53033022300,WA,POINT (-122.22901 47.72201)
MODEL 3,5YJ3E1EA0J,King,Seattle,53033004402,WA,POINT (-122.31307 47.66127)
KONA,KM8K33AG9N,King,Seattle,53033007502,WA,POINT (-122.31009 47.60803)
MODEL Y,7SAYGAEE4N,King,Sammamish,53033032215,WA,POINT (-122.03539 47.61344)
MODEL Y,7SAYGDEE4T,King,Bellevue,53033024002,WA,POINT (-122.1872 47.61001)
IONIQ 5,7YAKM4DB9S,King,Kirkland,53033022501,WA,POINT (-122.2066 47.67887)
PACIFICA,2C4RC1N74M,King,Normandy Park,53033028600,WA,POINT (-122.34731 47.45207)
X5,5UXTA6C00P,Clark,Camas,53011040609,WA,POINT (-122.40177 45.58705)
E-GOLF,WVWPR7AU4K,Clark,Vancouver,53011041003,WA,POINT (-122.64695 45.65675)
Q4,WA1L2BFZ5P,King,Seattle,53033000800,WA,POINT (-122.30253 47.72656)
IX,WB543CF07T,King,Bellevue,53033023702,WA,POINT (-122.1621 47.64441)
MODEL Y,7SAYGDED8R,King,Auburn,53033029602,WA,POINT (-122.18263 47.31825)
MODEL 3,5YJ3E1EB1J,King,Seattle,53033006500,WA,POINT (-122.32427 47.63433)
MODEL S,5YJSA1E57M,King,Bothell,53033022001,WA,POINT (-122.20563 47.76144)
BOLT EV,1G1FX6S03J,Yakima,Yakima,53077000800,WA,POINT (-120.51904 46.59782)
MODEL Y,7SAYGDEE4R,King,Shoreline,53033020401,WA,POINT (-122.30304 47.75494)
MODEL 3,5YJ3E1EB5K,Snohomish,Mukilteo,53061042001,WA,POINT (-122.29196 47.89908)
MODEL Y,7SAYGDEF8P,King,Kent,53033029306,WA,POINT (-122.17743 47.41185)
MODEL S,5YJSA1E22H,Thurston,Olympia,53067012330,WA,POINT (-122.78598 47.08476)
MUSTANG MACH-E,3FMTK3SUXR,King,Kent,53033029702,WA,POINT (-122.19976 47.37483)
BOLT EV,1G1FX6S08H,King,Seattle,53033004702,WA,POINT (-122.38591 47.67597)
POLESTAR 2,LPSED3KAXN,King,Seattle,53033007800,WA,POINT (-122.31009 47.60803)
TUCSON,KM8JFDD21R,Snohomish,Bothell,53061051914,WA,POINT (-122.18384 47.8031)
RAV4 PRIME (PHEV),JTMFB3FV1P,Clark,Vancouver,53011040910,WA,POINT (-122.70303 45.70954)
MODEL 3,5YJ3E1EA7L,King,Bellevue,53033024001,WA,POINT (-122.1872 47.61001)
CYBERTRUCK,7G2CEHEE5R,Clark,Brush Prairie,53011040715,WA,POINT (-122.54578 45.73473)
MODEL Y,7SAYGDEE0P,King,North Bend,53033032704,WA,POINT (-121.7831 47.49348)
SQ6,WA135BGF9S,King,Seattle,53033006500,WA,POINT (-122.32427 47.63433)
MODEL 3,5YJ3E1EA1P,King,Kirkland,53033022006,WA,POINT (-122.22901 47.72201)
MODEL 3,5YJ3E1EB0N,King,Federal Way,53033030310,WA,POINT (-122.36217 47.31011)
NIRO,KNDCT3L14T,Clark,Washougal,53011040509,WA,POINT (-122.35341 45.57923)
PACIFICA,2C4RC1L74J,King,Tukwila,53033027300,WA,POINT (-122.29411 47.48924)
MODEL Y,7SAYGDEE6T,King,Bellevue,53033023500,WA,POINT (-122.1621 47.64441)
PRIUS PRIME (PHEV),JTDKARFP5J,Clark,Vancouver,53011041319,WA,POINT (-122.48723 45.63701)
XC90,YV4H60CW0P,King,Bothell,53033022001,WA,POINT (-122.20563 47.76144)
MODEL Y,5YJYGDEE4M,King,Seattle,53033006100,WA,POINT (-122.32427 47.63433)
MODEL Y,7SAYGDEEXN,Clark,Vancouver,53011040713,WA,POINT (-122.55149 45.69345)
MODEL X,5YJXCBE22J,King,Bellevue,53033024001,WA,POINT (-122.1872 47.61001)
POLESTAR 3,7SYEE3YB2S,King,Seattle,53033008300,WA,POINT (-122.32945 47.60357)
SPORTAGE,KNDPYDDH0S,King,Bellevue,53033024901,WA,POINT (-122.12096 47.55584)
MODEL Y,7SAYGDEF8P,King,Seattle,53033000102,WA,POINT (-122.30253 47.72656)
PRIUS PRIME (PHEV),JTDACACU5R,King,Kirkland,53033021905,WA,POINT (-122.22901 47.72201)
TRANSIT,1FTBW1YKXP,King,Seattle,53033008002,WA,POINT (-122.34468 47.61578)
I4,WBY33AW06N,King,Seattle,53033005402,WA,POINT (-122.35436 47.67596)
MODEL Y,7SAYGDEEXT,King,Bellevue,53033023805,WA,POINT (-122.1872 47.61001)
PACIFICA,2C4RC1N70L,Clark,Vancouver,53011040809,WA,POINT (-122.64443 45.67871)
MODEL X,5YJXCBE20G,King,Renton,53033024704,WA,POINT (-122.18839 47.51197)
C-MAX,1FADP5CU4F,Clark,Vancouver,53011040904,WA,POINT (-122.70303 45.70954)
C-MAX,1FADP5CU8D,King,Kent,53033029203,WA,POINT (-122.23741 47.3807)
BOLT EV,1G1FX6S09P,Clark,Vancouver,53011040803,WA,POINT (-122.62731 45.71668)
MODEL Y,7SAYGDEE6T,Kitsap,Poulsbo,53035090201,WA,POINT (-122.64681 47.73689)
MODEL X,5YJXCDE22J,King,Sammamish,53033032217,WA,POINT (-122.02054 47.60326)
MODEL Y,7SAYGDEE2T,Clark,Camas,53011040605,WA,POINT (-122.40177 45.58705)
MODEL 3,5YJ3E1EA5M,King,Kent,53033029405,WA,POINT (-122.17743 47.41185)
X3,5UXTS1C0XM,King,Seattle,53033005000,WA,POINT (-122.35436 47.67596)
MODEL 3,5YJ3E1EAXS,King,Federal Way,53033030311,WA,POINT (-122.36217 47.31011)
MODEL Y,5YJYGDEE6M,King,Seattle,53033001202,WA,POINT (-122.30253 47.72656)
XC60,YV4BR0DM4M,King,Seattle,53033009600,WA,POINT (-122.41067 47.57894)
MODEL Y,7SAYGDEE3P,Clark,Vancouver,53011040603,WA,POINT (-122.55149 45.69345)
E-GOLF,WVWKR7AU9H,King,Maple Valley,53033032008,WA,POINT (-122.04526 47.39394)
MODEL 3,5YJ3E1EAXM,King,Seattle,53033006200,WA,POINT (-122.30207 47.64085)
MODEL 3,5YJ3E1EB3J,King,Issaquah,53033032221,WA,POINT (-122.01656 47.57118)
F-150,1FT6W3L77R,King,Seattle,53033000602,WA,POINT (-122.33364 47.73709)
MODEL X,7SAXCBE63R,Clark,Camas,53011041325,WA,POINT (-122.40177 45.58705)
IONIQ 6,KMHM24AA4R,King,Shoreline,53033021100,WA,POINT (-122.30304 47.75494)
MODEL Y,7SAYGDEE1R,King,Renton,53033025601,WA,POINT (-122.18839 47.51197)
MODEL Y,7SAYGDEE7P,Kitsap,Silverdale,53035090400,WA,POINT (-122.69275 47.65171)
X5,5UX43EU07T,King,Redmond,53033032323,WA,POINT (-122.13158 47.67858)
EV9,5XYAFFS58T,King,Bellevue,53033023801,WA,POINT (-122.1872 47.61001)
MODEL Y,7SAYGDEE8R,King,Sammamish,53033032224,WA,POINT (-122.03539 47.61344)
MODEL Y,7SAYGAEE9P,King,Sammamish,53033032215,WA,POINT (-122.03539 47.61344)
MODEL Y,7SAYGDEE0T,King,Bellevue,53033023807,WA,POINT (-122.1872 47.61001)
IONIQ 5,KM8KNDAF7P,King,Kent,53033029407,WA,POINT (-122.17743 47.41185)
EQUINOX,3GN7DNRP0R,Kitsap,Bremerton,53035092000,WA,POINT (-122.65223 47.57192)
PACIFICA,2C4RC1N76H,Jefferson,Sequim,53031950501,WA,POINT (-123.10367 48.07965)
MODEL Y,7SAYGDED8T,King,Kirkland,53033021904,WA,POINT (-122.22901 47.72201)
MODEL Y,7SAYGDEE0P,King,Bellevue,53033024001,WA,POINT (-122.1872 47.61001)
MODEL Y,7SAYGDEE7R,King,Bellevue,53033024904,WA,POINT (-122.12096 47.55584)
I3,WBY1Z4C5XF,Jefferson,Port Townsend,53031950604,WA,POINT (-122.77263 48.1212)
NIRO,KNDCC3LD5K,Kitsap,Bremerton,53035080600,WA,POINT (-122.65223 47.57192)
MODEL 3,5YJ3E1EBXS,King,Bellevue,53033025001,WA,POINT (-122.12096 47.55584)
MODEL X,7SAXCDE51R,King,Renton,53033025304,WA,POINT (-122.18839 47.51197)
I3,WBY8P4C54K,King,Bellevue,53033022901,WA,POINT (-122.11867 47.63131)
R1S,7PDSGBBA2S,Snohomish,Lynnwood,53061051916,WA,POINT (-122.29245 47.82557)
MODEL Y,5YJYGDEE8L,King,Sammamish,53033032217,WA,POINT (-122.03539 47.61344)
MODEL X,5YJXCBE26K,Clark,Ridgefield,53011040905,WA,POINT (-122.74595 45.81539)
MODEL Y,7SAYGDEE3T,King,Bellevue,53033023000,WA,POINT (-122.11867 47.63131)
BOLT EV,1G1FW6S09H,King,Seattle,53033001400,WA,POINT (-122.37238 47.74068)
MODEL Y,7SAYGDEE3T,King,Bellevue,53033023805,WA,POINT (-122.1872 47.61001)
X5,5UXKT0C31H,Clark,Vancouver,53011040703,WA,POINT (-122.57722 45.64251)
MODEL 3,5YJ3E1EB4M,King,Kirkland,53033022501,WA,POINT (-122.2066 47.67887)
IX,WB523CF03N,King,Seattle,53033009500,WA,POINT (-122.30866 47.57874)
WRANGLER,1C4RJXU60R,King,Bellevue,53033023100,WA,POINT (-122.11867 47.63131)
MODEL 3,5YJ3E1ET0R,Snohomish,Lynnwood,53061042004,WA,POINT (-122.27981 47.85727)
F-150,1FT6W3L7XR,King,North Bend,53033032704,WA,POINT (-121.7831 47.49348)
MODEL Y,7SAYGDEE0P,King,Seattle,53033008401,WA,POINT (-122.31009 47.60803)
IX,WB533CF09P,King,Bothell,53033021905,WA,POINT (-122.20563 47.76144)
MODEL Y,7SAYGAEE5P,King,Kirkland,53033022401,WA,POINT (-122.2066 47.67887)
EQS-CLASS SUV,4JGDM2EB5P,King,Redmond,53033022902,WA,POINT (-122.13158 47.67858)
MODEL 3,5YJ3E1EA5P,Cowlitz,Kelso,53015001700,WA,POINT (-122.89867 46.14424)
SORENTO,KNDRMDJH8S,King,Seattle,53033001400,WA,POINT (-122.37238 47.74068)
IX,WB533CF05P,King,Bothell,53033021804,WA,POINT (-122.20563 47.76144)
F-150,1FT6W5L73S,King,Duvall,53033032401,WA,POINT (-121.98609 47.74068)
F-150,1FT6W5L72R,King,Des Moines,53033029001,WA,POINT (-122.30615 47.38542)
BOLT EUV,1G1FY6S0XP,Clark,Vancouver,53011040803,WA,POINT (-122.62731 45.71668)
MODEL Y,7SAYGDEE3T,King,Renton,53033025202,WA,POINT (-122.18839 47.51197)
RAV4 PRIME (PHEV),JTMFB3FV8P,King,Seattle,53033007001,WA,POINT (-122.36381 47.63046)
ELR,1G6RM1E44G,Kitsap,Port Orchard,53035092802,WA,POINT (-122.68516 47.50645)
MODEL S,5YJSA1DP7C,King,Bellevue,53033022805,WA,POINT (-122.1621 47.64441)
MODEL 3,5YJ3E1EA0J,King,Duvall,53033032402,WA,POINT (-121.98609 47.74068)
LEAF,1N4BZ0CP7G,King,Seattle,53033000300,WA,POINT (-122.33364 47.73709)
MODEL 3,5YJ3E1EA7J,King,Seattle,53033006400,WA,POINT (-122.30207 47.64085)
MODEL Y,7SAYGDEF4R,King,Kent,53033031704,WA,POINT (-122.10798 47.37124)
KONA,KM8K53AG8L,King,Shoreline,53033021400,WA,POINT (-122.30304 47.75494)
LEAF,1N4AZ0CP2D,King,Renton,53033025805,WA,POINT (-122.19488 47.44034)
MODEL Y,7SAYGAEE5P,King,Bellevue,53033023201,WA,POINT (-122.12056 47.61334)
Q5 E,WA1E2AFYXL,Kitsap,Port Orchard,53035092600,WA,POINT (-122.63848 47.5414)
MODEL 3,5YJ3E1EAXJ,King,Seattle,53033007002,WA,POINT (-122.34845 47.63283)
TAYCAN,WP0AC2Y18R,King,Bellevue,53033023801,WA,POINT (-122.1872 47.61001)
VOLT,1G1RD6S51H,King,Seattle,53033001400,WA,POINT (-122.37238 47.74068)
PRIUS PRIME (PHEV),JTDACACUXR,Clark,Vancouver,53011041208,WA,POINT (-122.59219 45.62158)
RAV4 PRIME (PHEV),JTMFB3FVXS,King,Seattle,53033001000,WA,POINT (-122.30253 47.72656)
MODEL Y,7SAYGDEE8N,King,Redmond,53033032330,WA,POINT (-122.13158 47.67858)
MODEL Y,7SAYGDEE2P,King,Seattle,53033008600,WA,POINT (-122.31009 47.60803)
IONIQ 5,7YAKRDDC9T,Snohomish,Lynnwood,53061041703,WA,POINT (-122.27981 47.85727)
Q4,WA1H2BFZ9N,King,Seattle,53033012100,WA,POINT (-122.36322 47.49736)
LEAF,1N4BZ0CP0G,King,Shoreline,53033020900,WA,POINT (-122.33364 47.73709)
COUNTRYMAN,WMZYU7C45J,King,Seattle,53033000700,WA,POINT (-122.30253 47.72656)
WRANGLER,1C4JJXP67P,Snohomish,Monroe,53061052207,WA,POINT (-121.98087 47.8526)
MODEL Y,7SAYGDEF2S,Clark,Vancouver,53011041320,WA,POINT (-122.48723 45.63701)
GRAVITY,7UUG1GHK8T,King,Redmond,53033032324,WA,POINT (-122.13158 47.67858)
MODEL 3,5YJ3E1EAXT,King,Seattle,53033007302,WA,POINT (-122.34223 47.61085)
B-CLASS,WDDVP9AB6E,Clark,Vancouver,53011040904,WA,POINT (-122.70303 45.70954)
MODEL Y,7SAYGDEE2P,King,Bellevue,53033024001,WA,POINT (-122.1872 47.61001)
MODEL 3,5YJ3E1EA7R,King,Seattle,53033008600,WA,POINT (-122.31009 47.60803)
ID.4,1V2GNPE82P,King,Seattle,53033001100,WA,POINT (-122.30253 47.72656)
MODEL 3,5YJ3E1EB7L,Jefferson,Port Townsend,53031950604,WA,POINT (-122.77263 48.1212)
IONIQ 9,7YAMYFS59T,King,Shoreline,53033020800,WA,POINT (-122.37238 47.74068)
Q6,WA124BGFXS,Clark,Vancouver,53011042800,WA,POINT (-122.62934 45.63201)
MODEL 3,5YJ3E1EA8P,King,Bellevue,53033024704,WA,POINT (-122.12096 47.55584)
NIRO,KNDCD3LD0K,King,Redmond,53033032324,WA,POINT (-122.13158 47.67858)
MODEL 3,5YJ3E1EA8J,King,Des Moines,53033028700,WA,POINT (-122.32472 47.44519)
NIRO,KNDCS3LF2P,King,Bellevue,53033024800,WA,POINT (-122.12096 47.55584)
R1S,7PDSGBBAXS,King,Redmond,53033022902,WA,POINT (-122.13158 47.67858)
LEAF,1N4AZ0CP6D,Clark,Vancouver,53011040904,WA,POINT (-122.70303 45.70954)
MODEL 3,5YJ3E1EA8S,Thurston,Olympia,53067012331,WA,POINT (-122.80933 46.99531)
EQS-CLASS SEDAN,W1KCG5FB8R,Kitsap,Bainbridge Island,53035090700,WA,POINT (-122.521 47.62759)
WRANGLER,1C4JJXP6XM,Jefferson,Quilcene,53031950202,WA,POINT (-122.8775 47.82642)
MODEL Y,7SAYGDEE4P,King,Bellevue,53033024002,WA,POINT (-122.1872 47.61001)
MODEL Y,7SAYGDEE1T,King,Redmond,53033032323,WA,POINT (-122.13158 47.67858)
SQ8,WA14CBGE9R,Snohomish,Mukilteo,53061041301,WA,POINT (-122.29196 47.89908)
EX30,YV4EK3ZK6S,King,Seattle,53033006500,WA,POINT (-122.32427 47.63433)
MODEL S,5YJSA1E53S,King,Bellevue,53033024901,WA,POINT (-122.12096 47.55584)
MODEL Y,7SAYGDEF6P,King,Kirkland,53033022603,WA,POINT (-122.2066 47.67887)
MODEL 3,5YJ3E1EA1K,King,Renton,53033029309,WA,POINT (-122.19488 47.44034)
MODEL Y,7SAYGDEF9P,Clark,Vancouver,53011041323,WA,POINT (-122.49212 45.60365)
MODEL X,7SAXCAE54P,King,Bellevue,53033023300,WA,POINT (-122.11867 47.63131)
MODEL Y,5YJYGDEF7M,Clark,Vancouver,53011042900,WA,POINT (-122.62934 45.63201)
MODEL 3,5YJ3E1EBXJ,King,Shoreline,53033021100,WA,POINT (-122.30304 47.75494)
ARIYA MPV,JN8DF0BF2S,King,North Bend,53033032704,WA,POINT (-121.7831 47.49348)
MUSTANG MACH-E,3FMTK3SU9N,Clark,Ridgefield,53011040303,WA,POINT (-122.74595 45.81539)
LEAF,1N4BZ1BV4N,King,Bellevue,53033023603,WA,POINT (-122.12056 47.61334)
R1S,7PDSGABA3R,King,Bothell,53033021804,WA,POINT (-122.20563 47.76144)
MODEL 3,5YJ3E1EA4R,Snohomish,Edmonds,53061050102,WA,POINT (-122.31768 47.87166)
MODEL Y,7SAYGDEE9T,King,Kirkland,53033021903,WA,POINT (-122.22901 47.72201)
ID.4,WVGGNPE20M,King,Seattle,53033008002,WA,POINT (-122.34468 47.61578)
MODEL 3,5YJ3E1EA3J,King,Covington,53033031710,WA,POINT (-122.10798 47.37124)
RAV4 PRIME (PHEV),JTMEB3FV6M,King,Seattle,53033007800,WA,POINT (-122.31009 47.60803)
MODEL Y,7SAYGDEE3P,Kitsap,Seabeck,53035091301,WA,POINT (-122.81585 47.64509)
Q8,WA15AAGE6R,King,Shoreline,53033021000,WA,POINT (-122.30304 47.75494)
RAV4 PRIME (PHEV),JTMAB3FV9P,King,Renton,53033025500,WA,POINT (-122.18839 47.51197)
MUSTANG MACH-E,3FMTK3R46P,King,Seattle,53033001000,WA,POINT (-122.30253 47.72656)
MODEL Y,7SAYGDEFXP,Kitsap,Bainbridge Island,53035090902,WA,POINT (-122.521 47.62759)
LEAF,1N4AZ1CP0J,King,Seattle,53033007001,WA,POINT (-122.36381 47.63046)
EV9,5XYAEFS56T,King,Seattle,53033006500,WA,POINT (-122.32427 47.63433)
MODEL Y,7SAYGAEE8S,Kitsap,Bainbridge Island,53035090902,WA,POINT (-122.521 47.62759)
MODEL 3,5YJ3E1EB4N,Clark,Vancouver,53011040803,WA,POINT (-122.62731 45.71668)
MODEL X,7SAXCAE51R,Snohomish,Lynnwood,53061041816,WA,POINT (-122.27981 47.85727)
MODEL 3,5YJ3E1EA2S,King,Kirkland,53033022005,WA,POINT (-122.22901 47.72201)
GLC-CLASS,W1NKM5GB9T,King,Redmond,53033022606,WA,POINT (-122.13158 47.67858)
MODEL 3,5YJ3E1EC3N,Clark,Vancouver,53011041332,WA,POINT (-122.55149 45.69345)
MODEL S,5YJSA1E6XP,Clark,Camas,53011040610,WA,POINT (-122.40177 45.58705)
RZ,JTJABABB4R,King,Bellevue,53033024701,WA,POINT (-122.12096 47.55584)
MODEL 3,5YJ3E1EB4M,King,Seattle,53033009500,WA,POINT (-122.30866 47.57874)
R1S,7PDSGBBA5R,King,Seattle,53033003500,WA,POINT (-122.35436 47.67596)
MODEL 3,5YJ3E1EB1R,Clark,Battle Ground,53011040414,WA,POINT (-122.5331 45.78092)
MODEL 3,5YJ3E1EA3N,Clark,Camas,53011041400,WA,POINT (-122.40177 45.58705)
LEAF,1N4AZ0CP0D,Kitsap,Bremerton,53035091600,WA,POINT (-122.61158 47.62691)
ID.4,1V2JNPE89P,King,Seattle,53033009801,WA,POINT (-122.41067 47.57894)
GRAND CHEROKEE,1C4RJYB60R,King,Seattle,53033000800,WA,POINT (-122.30253 47.72656)
PACIFICA,2C4RC1S7XM,King,Seattle,53033008700,WA,POINT (-122.31009 47.60803)
MODEL Y,7SAYGDEE2P,Snohomish,Bothell,53061051926,WA,POINT (-122.18384 47.8031)
R1S,7PDSGABA2P,King,Newcastle,53033025005,WA,POINT (-122.11589 47.50243)
MODEL X,7SAXCDE53R,King,Covington,53033031709,WA,POINT (-122.10798 47.37124)
TUCSON,KM8JFDD28T,King,Bellevue,53033023801,WA,POINT (-122.1872 47.61001)
X5,5UXTA6C09M,King,Seattle,53033007800,WA,POINT (-122.31009 47.60803)
MODEL 3,5YJ3E1EA8J,King,Woodinville,53033021906,WA,POINT (-122.15545 47.75448)
MODEL Y,7SAYGDEF6P,Clark,Vancouver,53011042800,WA,POINT (-122.62934 45.63201)
MODEL Y,7SAYGDEFXP,Clark,Vancouver,53011041319,WA,POINT (-122.48723 45.63701)
MODEL X,7SAXCDE51T,King,Sammamish,53033032225,WA,POINT (-122.02054 47.60326)
MODEL 3,5YJ3E1EB9J,Cowlitz,Longview,53015000902,WA,POINT (-122.95058 46.14681)
BZ,JTMBCAEB5T,Snohomish,Lake Stevens,53061052506,WA,POINT (-122.06402 48.01497)
LEAF,1N4CZ1CV6S,King,Seattle,53033001701,WA,POINT (-122.33364 47.73709)
Q4,WA1LUBFZ6R,King,Seattle,53033007002,WA,POINT (-122.34845 47.63283)
MODEL X,7SAXCBE65R,King,Seattle,53033000601,WA,POINT (-122.30253 47.72656)
BOLT EV,1G1FZ6S07L,King,Redmond,53033032324,WA,POINT (-122.13158 47.67858)
R1T,7FCTGBAA5S,King,Renton,53033025101,WA,POINT (-122.11589 47.50243)
MODEL Y,7SAYGDEE0S,King,Bellevue,53033024904,WA,POINT (-122.12096 47.55584)
MODEL Y,7SAYGDEEXP,King,Auburn,53033029602,WA,POINT (-122.18263 47.31825)
MODEL Y,7SAYGDEE6T,Clark,Vancouver,53011040908,WA,POINT (-122.70303 45.70954)
MODEL 3,5YJ3E1EB6N,King,Bothell,53033021804,WA,POINT (-122.20563 47.76144)
MODEL X,7SAXCDE50R,King,Seattle,53033002200,WA,POINT (-122.30253 47.72656)
R1S,7PDSGBBA7S,King,Redmond,53033032323,WA,POINT (-122.13158 47.67858)
X5,5UX43EU0XR,King,Sammamish,53033032318,WA,POINT (-122.02054 47.60326)
SOLTERRA,JTMABABA3S,King,Redmond,53033032325,WA,POINT (-122.13158 47.67858)
MODEL Y,7SAYGDEE9T,King,Bellevue,53033024002,WA,POINT (-122.1872 47.61001)
LEAF,1N4AZ0CP5D,Kitsap,Silverdale,53035091205,WA,POINT (-122.69275 47.65171)
MODEL Y,7SAYGDEEXP,King,Sammamish,53033032211,WA,POINT (-122.01656 47.57118)
MODEL Y,7SAYGDEE0N,King,Seattle,53033009100,WA,POINT (-122.32945 47.60357)
X5,5UXKT0C58J,Snohomish,Snohomish,53061052206,WA,POINT (-122.09305 47.91265)
LEAF,1N4BZ1DP3L,King,Kirkland,53033022003,WA,POINT (-122.22901 47.72201)
MUSTANG MACH-E,3FMTK4SX6P,King,Issaquah,53033032103,WA,POINT (-122.03439 47.5301)
MODEL 3,5YJ3E1EB1J,King,Kent,53033029702,WA,POINT (-122.19976 47.37483)
MUSTANG MACH-E,3FMTK2R78M,Clark,Vancouver,53011040907,WA,POINT (-122.70303 45.70954)
MODEL 3,5YJ3E1EA8J,Snohomish,Bothell,53061051922,WA,POINT (-122.18384 47.8031)
LEAF,1N4AZ1BV1N,King,Kent,53033029504,WA,POINT (-122.19976 47.37483)
MODEL Y,7SAYGDEE5T,Clark,Vancouver,53011040714,WA,POINT (-122.55149 45.69345)
MODEL Y,7SAYGDEE0P,King,Bellevue,53033023801,WA,POINT (-122.1872 47.61001)
MODEL Y,7SAYGDEEXP,King,Bellevue,53033023604,WA,POINT (-122.12056 47.61334)
X5,5UX43EU07S,King,Bellevue,53033023901,WA,POINT (-122.1872 47.61001)
I4,WBY43HD06T,King,Bellevue,53033023702,WA,POINT (-122.1621 47.64441)
PRIUS,JTDKN3DP8E,King,Renton,53033025805,WA,POINT (-122.19488 47.44034)
MODEL Y,7SAYGAEE9R,King,Sammamish,53033032216,WA,POINT (-122.02054 47.60326)
MODEL Y,7SAYGDEE3P,King,Kent,53033029403,WA,POINT (-122.17743 47.41185)
MODEL Y,7SAYGDED9R,King,Bellevue,53033023805,WA,POINT (-122.1872 47.61001)
MODEL Y,7SAYGDEF6R,King,Kent,53033029408,WA,POINT (-122.17743 47.41185)
R1T,7FCTGBAA5P,King,Seattle,53033006900,WA,POINT (-122.36381 47.63046)
R1S,7PDSGABL8P,King,Seattle,53033006500,WA,POINT (-122.30207 47.64085)
VISTIQ,1GYC3NML8T,King,Bellevue,53033024002,WA,POINT (-122.1872 47.61001)
MODEL Y,7SAYGDEE2R,Clark,Vancouver,53011041329,WA,POINT (-122.49212 45.60365)
MODEL 3,5YJ3E1EB0L,Clark,Battle Ground,53011040416,WA,POINT (-122.5331 45.78092)
KONA,KM8K23AG5P,King,Covington,53033031705,WA,POINT (-122.10798 47.37124)
VOLT,1G1RB6E40C,Yakima,Yakima,53077000100,WA,POINT (-120.51904 46.59782)
F-150,1FTVW1EV4P,King,Kent,53033029306,WA,POINT (-122.17743 47.41185)
MODEL Y,7SAYGDEE1T,Thurston,Olympia,53067011901,WA,POINT (-123.04078 46.94792)
I4,WBY73AW00P,King,Sammamish,53033032316,WA,POINT (-122.02054 47.60326)
MODEL Y,7SAYGDEE8P,King,Federal Way,53033030310,WA,POINT (-122.36217 47.31011)
XC90,YV4H60CLXN,Clark,Vancouver,53011041900,WA,POINT (-122.67156 45.63248)
MODEL Y,5YJYGDEE8M,King,Bellevue,53033023500,WA,POINT (-122.1621 47.64441)
MODEL Y,7SAYGDEE8P,King,Seatac,53033028402,WA,POINT (-122.27979 47.44952)
LEAF,1N4AZ1CVXM,Yakima,Wapato,53077940008,WA,POINT (-120.42083 46.44779)
MODEL Y,5YJYGDEE9L,King,Auburn,53033030802,WA,POINT (-122.2229 47.307)
BOLT EV,1G1FX6S00H,Kitsap,Bainbridge Island,53035090902,WA,POINT (-122.521 47.62759)
POLESTAR 2,YSMFD3KAXR,King,Seattle,53033002900,WA,POINT (-122.38418 47.70044)
LEAF,1N4BZ0CP8H,King,Burien,53033026700,WA,POINT (-122.36322 47.49736)
RAV4 PRIME (PHEV),JTMAB3FV5R,King,Sammamish,53033032207,WA,POINT (-122.03539 47.61344)
MODEL Y,5YJYGDEE8M,Island,Oak Harbor,53029970700,WA,POINT (-122.64682 48.29077)
Q6,WA114BGFXS,King,Seattle,53033012000,WA,POINT (-122.36322 47.49736)
EV6,KNDC3DLCXN,King,Seattle,53033000900,WA,POINT (-122.30253 47.72656)
HUMMER EV SUV,1GKB0RDC8S,King,Kenmore,53033021600,WA,POINT (-122.24369 47.75892)
MODEL S,5YJSA1E16G,Cowlitz,Longview,53015001900,WA,POINT (-122.95058 46.14681)
MODEL S,5YJSA1E23L,King,Auburn,53033030503,WA,POINT (-122.2229 47.307)
IX,WB523CF0XR,King,Burien,53033028500,WA,POINT (-122.32472 47.44519)
LEAF,1N4AZ1CP1J,King,Seattle,53033012000,WA,POINT (-122.36322 47.49736)
RZ,JTJAAAAB5P,King,Kent,53033029407,WA,POINT (-122.17743 47.41185)
LEAF,1N4BZ0CP8H,Jefferson,Port Townsend,53031950502,WA,POINT (-122.77263 48.1212)
SPORTAGE,KNDPZDDH6T,King,Kirkland,53033021904,WA,POINT (-122.22901 47.72201)
MODEL 3,5YJ3E1EA0J,King,Kirkland,53033022401,WA,POINT (-122.2066 47.67887)
MODEL S,5YJSA1DN7D,King,Auburn,53033030503,WA,POINT (-122.2229 47.307)
R1T,7FCTGAAA8P,King,Seattle,53033007800,WA,POINT (-122.31009 47.60803)
MODEL Y,7SAYGDEE0N,King,Bellevue,53033022901,WA,POINT (-122.11867 47.63131)
XC90,YV4BR0CK7K,King,Seattle,53033003601,WA,POINT (-122.31676 47.68156)
LEAF,1N4CZ1CV3S,King,Seattle,53033000700,WA,POINT (-122.30253 47.72656)
R1S,7PDSGCBP5S,King,Redmond,53033032321,WA,POINT (-122.13158 47.67858)
IONIQ 5,KM8KRDDF0R,King,Des Moines,53033028902,WA,POINT (-122.30615 47.38542)
MODEL Y,7SAYGDEE9R,King,Seattle,53033001400,WA,POINT (-122.33364 47.73709)
IONIQ 5,7YAKNDDC9S,King,Seattle,53033001600,WA,POINT (-122.37238 47.74068)
NIRO,KNDCS3LF2S,King,Bellevue,53033023702,WA,POINT (-122.1621 47.64441)
VOLT,1G1RB6E42E,Thurston,Tenino,53067012610,WA,POINT (-122.85135 46.85752)
MODEL Y,7SAYGDEF0N,King,Kirkland,53033022604,WA,POINT (-122.2066 47.67887)
BOLT EV,1G1FW6S07H,Thurston,Olympia,53067011822,WA,POINT (-123.04078 46.94792)
MODEL X,7SAXCBE66T,King,Bellevue,53033023604,WA,POINT (-122.1621 47.64441)
MODEL Y,7SAYGDEE4P,King,Sammamish,53033032224,WA,POINT (-122.03539 47.61344)
BOLT EV,1G1FY6S0XL,King,Seattle,53033004301,WA,POINT (-122.31307 47.66127)
WRANGLER,1C4JJXP62M,King,Auburn,53033030504,WA,POINT (-122.2229 47.307)
MODEL Y,7SAYGDEE1P,King,Bellevue,53033023100,WA,POINT (-122.11867 47.63131)
MODEL Y,7SAYGDEE8P,King,Bellevue,53033023202,WA,POINT (-122.11867 47.63131)
IX,WB523CF01S,King,Kirkland,53033022501,WA,POINT (-122.2066 47.67887)
HARDTOP,WMW13DJ04R,King,Kirkland,53033022701,WA,POINT (-122.2066 47.67887)
ARIYA HATCHBACK,JN1AF0BA3R,King,Renton,53033025703,WA,POINT (-122.19488 47.44034)
RAV4 PRIME (PHEV),JTMFB3FV3S,Thurston,Rochester,53067012730,WA,POINT (-123.08743 46.82175)
MODEL 3,5YJ3E1EA2S,King,Bellevue,53033022901,WA,POINT (-122.11867 47.63131)
MODEL 3,5YJ3E1EB2L,Kitsap,Bainbridge Island,53035090902,WA,POINT (-122.521 47.62759)
MODEL Y,5YJYGDEE4M,Snohomish,Lake Stevens,53061052706,WA,POINT (-122.06402 48.01497)
Q4,WA132BFZ8R,Kitsap,Bainbridge Island,53035090700,WA,POINT (-122.521 47.62759)
MODEL Y,7SAYGDEE3R,Clark,Vancouver,53011040713,WA,POINT (-122.55149 45.69345)
MODEL Y,7SAYGDEE9T,King,Sammamish,53033032216,WA,POINT (-122.03539 47.61344)
ID.4,1V2DNPE84P,Clark,Vancouver,53011041208,WA,POINT (-122.59219 45.62158)
MODEL Y,7SAYGDEF7P,King,Issaquah,53033032220,WA,POINT (-122.01656 47.57118)
MODEL Y,7SAYGDEE1P,King,Sammamish,53033032223,WA,POINT (-122.01656 47.57118)
PRIUS,JTDKN3DP8D,King,Seattle,53033001400,WA,POINT (-122.33364 47.73709)
MODEL Y,7SAYGDET0T,Cowlitz,Silverlake,53015001800,WA,POINT (-122.8112 46.29694)
MODEL 3,5YJ3E1EA4P,King,Auburn,53033029602,WA,POINT (-122.18263 47.31825)
MUSTANG MACH-E,3FMTK1RM6N,King,Shoreline,53033020302,WA,POINT (-122.33364 47.73709)
RANGE ROVER,SALKP9F47S,King,Bellevue,53033023901,WA,POINT (-122.1872 47.61001)
MODEL S,5YJSA1H15E,King,Seattle,53033007800,WA,POINT (-122.31009 47.60803)
MODEL Y,7SAYGDEE3T,King,Kirkland,53033022203,WA,POINT (-122.22901 47.72201)
R1S,7PDSGABA1P,King,Kirkland,53033022501,WA,POINT (-122.2066 47.67887)
NIRO,KNDCS3LF9S,King,Des Moines,53033028901,WA,POINT (-122.30615 47.38542)
MODEL X,5YJXCBE27L,King,Seattle,53033007700,WA,POINT (-122.31009 47.60803)
LEAF,1N4BZ0CP3H,Kitsap,Suquamish,53035940100,WA,POINT (-122.55242 47.73162)
MODEL Y,7SAYGDED3S,King,Shoreline,53033020500,WA,POINT (-122.30304 47.75494)
MODEL Y,7SAYGDED4R,King,Kirkland,53033022401,WA,POINT (-122.2066 47.67887)
MODEL Y,7SAYGAEEXP,Clark,Vancouver,53011040703,WA,POINT (-122.57722 45.64251)
MODEL Y,7SAYGDEE9P,King,Kirkland,53033022603,WA,POINT (-122.2066 47.67887)
R1S,7PDSGABAXP,King,Seattle,53033001202,WA,POINT (-122.30253 47.72656)
500,3C3CFFGE3F,King,Shoreline,53033020600,WA,POINT (-122.33364 47.73709)
MODEL 3,5YJ3E1EC4N,Snohomish,Monroe,53061052203,WA,POINT (-121.98087 47.8526)
MODEL 3,5YJ3E1EA2M,King,Burien,53033027400,WA,POINT (-122.29411 47.48924)
MODEL 3,5YJ3E1EA8P,King,Federal Way,53033030008,WA,POINT (-122.3303 47.30151)
TAYCAN,WP0AE2Y15S,King,Seattle,53033001600,WA,POINT (-122.37238 47.74068)
R1T,7FCTGFAA6T,King,Kirkland,53033022501,WA,POINT (-122.2066 47.67887)
LEAF,1N4AZ0CPXF,King,Bellevue,53033023603,WA,POINT (-122.12056 47.61334)
X5,5UXTA6C01N,King,Bellevue,53033023601,WA,POINT (-122.1621 47.64441)
LEAF,1N4BZ0CP2H,King,Seattle,53033007700,WA,POINT (-122.31009 47.60803)
MODEL Y,7SAYGDEE5P,Clark,Vancouver,53011040806,WA,POINT (-122.57722 45.64251)
GRAND CHEROKEE,1C4RJYD61P,Kitsap,Bremerton,53035091500,WA,POINT (-122.61158 47.62691)
GLC-CLASS,W1NKM5GB4S,Snohomish,Mountlake Terrace,53061051200,WA,POINT (-122.31111 47.78803)
TAYCAN,WP0BC2Y19R,King,Seattle,53033006300,WA,POINT (-122.30207 47.64085)
NIRO,KNDCR3L11S,King,Lake Forest Park,53033021300,WA,POINT (-122.30304 47.75494)
KONA,KM8K53AG3P,Clark,Vancouver,53011040703,WA,POINT (-122.57722 45.64251)
GV60,KMUKEDSB0R,King,Renton,53033029309,WA,POINT (-122.19488 47.44034)
MODEL 3,5YJ3E1EB4N,King,Seattle,53033001100,WA,POINT (-122.30253 47.72656)
GV60,KMUKB4SA2R,King,Bothell,53033022001,WA,POINT (-122.20563 47.76144)
MUSTANG MACH-E,3FMTK3SU3P,King,Burien,53033027800,WA,POINT (-122.34731 47.45207)
X5,5UX43EU07S,King,Seattle,53033000900,WA,POINT (-122.30253 47.72656)
MODEL 3,5YJ3E1EA1R,Clark,Vancouver,53011040713,WA,POINT (-122.55149 45.69345)
PACIFICA,2C4RC1N70J,King,Kent,53033029305,WA,POINT (-122.17743 47.41185)
BOLT EV,1G1FZ6S09L,Jefferson,Port Townsend,53031950502,WA,POINT (-122.77263 48.1212)
MODEL S,5YJSA1E24J,King,Bellevue,53033024002,WA,POINT (-122.1872 47.61001)
LEAF,1N4BZ0CP1H,King,Kirkland,53033022603,WA,POINT (-122.2066 47.67887)
MUSTANG MACH-E,3FMTK3SS1M,King,Kirkland,53033022204,WA,POINT (-122.22901 47.72201)
R1T,7FCTGAAA7P,Kitsap,Port Orchard,53035092801,WA,POINT (-122.68516 47.50645)
EV9,5XYADFS55T,Kitsap,Bainbridge Island,53035091002,WA,POINT (-122.521 47.62759)
MODEL Y,7SAYGDEE4P,King,Bothell,53033022001,WA,POINT (-122.20563 47.76144)
MODEL Y,7SAYGDEE2P,King,Federal Way,53033030102,WA,POINT (-122.3303 47.30151)
F-150,1FTVW1EL5P,Yakima,Yakima,53077002801,WA,POINT (-120.60272 46.59656)
R1T,7FCTGBAP0T,King,Seattle,53033000500,WA,POINT (-122.37238 47.74068)
MODEL 3,5YJ3E1EA5P,King,Redmond,53033022802,WA,POINT (-122.13158 47.67858)
MODEL Y,7SAYGDED4S,Clark,Vancouver,53011040703,WA,POINT (-122.57722 45.64251)
I4,WBY43HD01S,King,Seattle,53033012100,WA,POINT (-122.36322 47.49736)
RAV4 PRIME (PHEV),JTMAB3FV5M,King,Seattle,53033002700,WA,POINT (-122.35436 47.67596)
EV6,KNDC3DLC6N,Snohomish,Bothell,53061052107,WA,POINT (-122.20105 47.84423)
SIERRA,1GT1ETEDXT,King,Kirkland,53033022203,WA,POINT (-122.22901 47.72201)
MODEL 3,5YJ3E1EA7M,Clallam,Sequim,53009002002,WA,POINT (-123.10367 48.07965)
MODEL X,7SAXCDE55R,King,Kirkland,53033022402,WA,POINT (-122.2066 47.67887)
IONIQ 5,7YAKMDDC7T,King,Renton,53033025201,WA,POINT (-122.18839 47.51197)
MODEL 3,5YJ3E1EAXK,King,Kirkland,53033022401,WA,POINT (-122.2066 47.67887)
MODEL Y,7SAYGDED2T,King,Kirkland,53033022603,WA,POINT (-122.2066 47.67887)
MUSTANG MACH-E,3FMTK3R7XM,Snohomish,Everett,53061041607,WA,POINT (-122.18637 47.89251)
KONA,KM8K53AG2M,King,Seattle,53033001400,WA,POINT (-122.37238 47.74068)
IONIQ 5,KM8KNDDF7R,King,Seattle,53033001400,WA,POINT (-122.33364 47.73709)
MODEL Y,7SAYGDEE1P,King,Bellevue,53033024002,WA,POINT (-122.1872 47.61001)
NX,JTJHKCFZ7T,King,Kirkland,53033022702,WA,POINT (-122.2066 47.67887)
MODEL X,7SAXCDE54R,King,Bellevue,53033024002,WA,POINT (-122.1872 47.61001)
EV9,KNDADFS59R,King,Seattle,53033007700,WA,POINT (-122.30207 47.64085)
RZ,JTJBCACB7T,Clark,Vancouver,53011040908,WA,POINT (-122.70303 45.70954)
MUSTANG MACH-E,3FMTK2SU2N,Thurston,Olympia,53067010100,WA,POINT (-122.89165 47.03954)
X5,5UXTA6C03P,King,Seattle,53033001600,WA,POINT (-122.37238 47.74068)
MODEL 3,5YJ3E1EB5P,King,Bellevue,53033025008,WA,POINT (-122.12096 47.55584)
PROLOGUE,3GPKHVRJ6R,King,Duvall,53033032402,WA,POINT (-121.98609 47.74068)
PRIUS PRIME (PHEV),JTDKARFP6H,King,Seattle,53033002100,WA,POINT (-122.31676 47.68156)
MODEL 3,5YJ3E1EB5M,King,Seattle,53033008002,WA,POINT (-122.34468 47.61578)
MODEL 3,5YJ3E1EA3P,King,Kent,53033029505,WA,POINT (-122.19976 47.37483)
NIRO,KNDCR3L19P,King,Seattle,53033009600,WA,POINT (-122.41067 47.57894)
IONIQ 5,KM8KN4DE2R,King,Seattle,53033007002,WA,POINT (-122.34845 47.63283)
MODEL X,5YJXCAE2XK,King,Auburn,53033030700,WA,POINT (-122.2229 47.307)
IONIQ 5,KM8KRDAF0P,Clark,Vancouver,53011040904,WA,POINT (-122.70303 45.70954)
MODEL Y,7SAYGDEF3P,King,Seattle,53033012000,WA,POINT (-122.36322 47.49736)
MODEL 3,5YJ3E1EB8L,Clark,Vancouver,53011041322,WA,POINT (-122.49212 45.60365)
PRIUS PRIME (PHEV),JTDACACUXS,King,Redmond,53033022803,WA,POINT (-122.13158 47.67858)
MODEL X,7SAXCBE57R,King,Sammamish,53033032316,WA,POINT (-122.02054 47.60326)
MODEL 3,5YJ3E1EB5K,King,Bellevue,53033023500,WA,POINT (-122.1621 47.64441)
GRAND CHEROKEE,1C4RJYB68N,King,Renton,53033025602,WA,POINT (-122.11589 47.50243)
MODEL Y,5YJYGDEF2L,Kitsap,Bremerton,53035080101,WA,POINT (-122.61136 47.5752)
LEAF,1N4AZ1CP6J,King,Maple Valley,53033032010,WA,POINT (-122.04526 47.39394)
MODEL Y,7SAYGDEE2T,King,Seattle,53033001300,WA,POINT (-122.33364 47.73709)
NIRO,KNDCC3LG6K,King,Seattle,53033000402,WA,POINT (-122.33364 47.73709)
VOLT,1G1RA6S54H,Thurston,Rainier,53067012530,WA,POINT (-122.68993 46.88897)
MODEL 3,5YJ3E1EB5M,King,Redmond,53033032330,WA,POINT (-122.13158 47.67858)
Q8,WA14AAGE1R,King,Shoreline,53033020200,WA,POINT (-122.37238 47.74068)
MODEL Y,7SAYGDEF1P,King,Bellevue,53033023801,WA,POINT (-122.1872 47.61001)
MODEL X,7SAXCBE5XR,King,Bellevue,53033024904,WA,POINT (-122.12096 47.55584)
MODEL Y,7SAYGDEE9P,King,Kent,53033029408,WA,POINT (-122.17743 47.41185)
C-MAX,1FADP5EU6H,King,Bothell,53033021804,WA,POINT (-122.20563 47.76144)
GRAVITY,7UUG1TJJ2T,King,Kirkland,53033022603,WA,POINT (-122.2066 47.67887)
MODEL 3,5YJ3E1EA3S,King,Seattle,53033008401,WA,POINT (-122.32945 47.60357)
X5,5UX43EU03T,King,Seattle,53033009300,WA,POINT (-122.32741 47.58616)
MODEL 3,5YJ3E1EA5P,King,Redmond,53033022803,WA,POINT (-122.13158 47.67858)
BOLT EUV,1G1FZ6S02N,King,Sammamish,53033032316,WA,POINT (-122.02054 47.60326)
MODEL 3,5YJ3E1EB3L,King,Seattle,53033002200,WA,POINT (-122.30253 47.72656)
MODEL Y,5YJYGDEE0M,Clark,Vancouver,53011040808,WA,POINT (-122.62731 45.71668)
BOLT EV,1G1FY6S02M,King,Seattle,53033006703,WA,POINT (-122.34845 47.63283)
Q4,WA1L2BFZ8R,King,North Bend,53033032704,WA,POINT (-121.7831 47.49348)
LEAF,JN1AZ0CP6C,Snohomish,Sultan,53061053802,WA,POINT (-121.81688 47.8623)
ARIYA HATCHBACK,JN1AF0BA4R,King,Kent,53033029504,WA,POINT (-122.19976 47.37483)
HORNET,ZACPDFDW0R,King,Seattle,53033004800,WA,POINT (-122.35436 47.67596)
R1S,7PDSGCBP2S,King,Renton,53033025602,WA,POINT (-122.11589 47.50243)
KONA,KM8HB3A72R,King,Shoreline,53033020302,WA,POINT (-122.33364 47.73709)
X5,5UX43EU03T,King,Bellevue,53033024905,WA,POINT (-122.12096 47.55584)
IONIQ 5,7YAKM4DB0S,King,Seattle,53033000404,WA,POINT (-122.33364 47.73709)
LYRIQ,1GYKPURL7S,King,Redmond,53033032321,WA,POINT (-122.13158 47.67858)
MODEL Y,7SAYGDEE8S,King,Bothell,53033021804,WA,POINT (-122.20563 47.76144)
EX30,YV4EK3ZK7S,King,Bellevue,53033024001,WA,POINT (-122.1872 47.61001)
MODEL Y,7SAYGAEE2P,King,Covington,53033032007,WA,POINT (-122.10798 47.37124)
MODEL 3,5YJ3E1EB7N,King,Redmond,53033022605,WA,POINT (-122.13158 47.67858)
EQS-CLASS SUV,4JGDM2EB4P,Clark,Ridgefield,53011040303,WA,POINT (-122.74595 45.81539)
PRIUS PRIME (PHEV),JTDACACU5S,King,Kent,53033029305,WA,POINT (-122.17743 47.41185)
MODEL Y,5YJYGAEE3M,King,Renton,53033029309,WA,POINT (-122.19488 47.44034)
MODEL Y,7SAYGDEE1P,King,Seattle,53033006400,WA,POINT (-122.30207 47.64085)
RAV4 PRIME (PHEV),JTMEB3FV7R,King,Seattle,53033000700,WA,POINT (-122.30253 47.72656)
MODEL S,5YJSA1H21F,King,Bellevue,53033023603,WA,POINT (-122.12056 47.61334)
MODEL S,5YJSA1E20K,King,Kirkland,53033022203,WA,POINT (-122.22901 47.72201)
MODEL 3,5YJ3E1EB0M,King,Renton,53033025201,WA,POINT (-122.18839 47.51197)
LEAF,1N4BZ0CP3G,Clark,Vancouver,53011041208,WA,POINT (-122.59219 45.62158)
NX,JTJHKCFZ7S,Clark,Battle Ground,53011040408,WA,POINT (-122.5331 45.78092)
MODEL Y,7SAYGDEF5P,King,Seattle,53033011300,WA,POINT (-122.35163 47.54287)
Q5 E,WA1F2AFYXM,King,Kirkland,53033022401,WA,POINT (-122.2066 47.67887)
CYBERTRUCK,7G2CEHED9R,Clark,Ridgefield,53011040303,WA,POINT (-122.74595 45.81539)
IX,WB523CF03P,King,Sammamish,53033032225,WA,POINT (-122.02054 47.60326)
RX,JTJCJMGAXS,King,Burien,53033027800,WA,POINT (-122.34731 47.45207)
MODEL Y,7SAYGDEDXS,Clark,Vancouver,53011041310,WA,POINT (-122.49212 45.60365)
550E,WBA13FK03T,King,Seattle,53033009300,WA,POINT (-122.32741 47.58616)
MODEL X,5YJXCBE42M,Thurston,Yelm,53067012510,WA,POINT (-122.60735 46.94239)
SPORTAGE,KNDPZDDH4S,King,Redmond,53033032323,WA,POINT (-122.13158 47.67858)
RZ,JTJAAAAB0P,King,Medina,53033024200,WA,POINT (-122.23892 47.61613)
MODEL 3,5YJ3E1EB7K,King,Auburn,53033031208,WA,POINT (-122.18263 47.31825)
RZ,JTJBCACB5T,King,Kirkland,53033021904,WA,POINT (-122.22901 47.72201)
MODEL 3,5YJ3E1EA1S,King,Kirkland,53033022300,WA,POINT (-122.22901 47.72201)
EV9,KNDAEFS57R,King,Lake Forest Park,53033021500,WA,POINT (-122.30304 47.75494)
E-TRON,WA1VAAGE5K,King,Sammamish,53033032217,WA,POINT (-122.03539 47.61344)
GRAND CHEROKEE,1C4RJYB64N,King,Seattle,53033000403,WA,POINT (-122.37238 47.74068)
MODEL 3,5YJ3E1EA3R,King,Bellevue,53033023100,WA,POINT (-122.11867 47.63131)
MODEL Y,7SAYGDEE7T,Thurston,Olympia,53067012331,WA,POINT (-122.80933 46.99531)
F-150,1FT6W1EV0P,Clark,Vancouver,53011040709,WA,POINT (-122.57722 45.64251)
F-150,1FTVW1EL0P,King,Burien,53033027600,WA,POINT (-122.34731 47.45207)
MODEL Y,7SAYGDEE2T,King,Kirkland,53033022005,WA,POINT (-122.22901 47.72201)
MODEL Y,5YJYGDEEXM,King,Seattle,53033001400,WA,POINT (-122.33364 47.73709)
OPTIQ,3GYK3GMR5S,King,Bellevue,53033023901,WA,POINT (-122.1872 47.61001)
BOLT EV,1G1FY6S07L,Kitsap,Bainbridge Island,53035090700,WA,POINT (-122.521 47.62759)
BOLT EV,1G1FW6S0XP,King,Woodinville,53033032319,WA,POINT (-122.15545 47.75448)
EV6,KNDC3DLC7R,King,Kirkland,53033022604,WA,POINT (-122.2066 47.67887)
RZ,JTJAAAAB0R,King,Kirkland,53033021903,WA,POINT (-122.22901 47.72201)
IONIQ 5,KM8KMDAF6N,King,Bellevue,53033023801,WA,POINT (-122.1872 47.61001)
CAYENNE,WP1AE2AY6M,Yakima,Yakima,53077000800,WA,POINT (-120.60272 46.59656)
MODEL 3,5YJ3E1EC7N,King,Seattle,53033006200,WA,POINT (-122.30207 47.64085)
EV6,KNDC4DLC8R,Clark,Vancouver,53011041336,WA,POINT (-122.48723 45.63701)
CYBERTRUCK,7G2CEHEEXS,Yakima,Yakima,53077001000,WA,POINT (-120.51904 46.59782)
MODEL Y,5YJYGDEE3M,King,Shoreline,53033020401,WA,POINT (-122.30304 47.75494)
MODEL 3,5YJ3E1EB2T,King,Bellevue,53033023902,WA,POINT (-122.1872 47.61001)
ID.4,WVGTMPE29N,King,Redmond,53033032330,WA,POINT (-122.13158 47.67858)
MODEL 3,5YJ3E1EA3L,King,Newcastle,53033024703,WA,POINT (-122.18839 47.51197)
F-150,1FT6W3L73R,Clark,Camas,53011040605,WA,POINT (-122.40177 45.58705)
MODEL Y,7SAYGDEE0P,Cowlitz,Kelso,53015001200,WA,POINT (-122.89867 46.14424)
MODEL Y,7SAYGDEE1T,Clark,Vancouver,53011040904,WA,POINT (-122.70303 45.70954)
LEAF,1N4AZ0CP4F,King,Kenmore,53033022101,WA,POINT (-122.24369 47.75892)
EV9,KNDAFFS58R,King,Redmond,53033032321,WA,POINT (-122.13158 47.67858)
MODEL Y,7SAYGAEE0S,King,Kirkland,53033022300,WA,POINT (-122.22901 47.72201)
PRIUS PRIME (PHEV),JTDKARFP6H,King,Bellevue,53033023801,WA,POINT (-122.1872 47.61001)
ID.4,1V25MPE81P,King,Woodinville,53033021906,WA,POINT (-122.15545 47.75448)
MODEL S,5YJSA1DP4D,King,Kirkland,53033022402,WA,POINT (-122.2066 47.67887)
MODEL Y,7SAYGDEE9T,King,Seattle,53033004703,WA,POINT (-122.38591 47.67597)
MODEL 3,5YJ3E1ET5R,King,Renton,53033029309,WA,POINT (-122.19488 47.44034)
SPORTAGE,KNDPYDDH7T,Clark,Vancouver,53011040713,WA,POINT (-122.55149 45.69345)
BOLT EV,1G1FY6S02L,King,Duvall,53033032402,WA,POINT (-121.98609 47.74068)
SORENTO,KNDRJDJH7S,King,Seattle,53033007203,WA,POINT (-122.34845 47.63283)
MODEL Y,5YJYGAEE3M,Kitsap,Silverdale,53035091206,WA,POINT (-122.69275 47.65171)
GLC-CLASS,W1NKM5GB1S,King,Bellevue,53033023603,WA,POINT (-122.12056 47.61334)
MODEL S,5YJSA1E22H,King,Duvall,53033032402,WA,POINT (-121.98609 47.74068)
MODEL 3,5YJ3E1EA0T,Snohomish,Bothell,53061051927,WA,POINT (-122.20105 47.84423)
XC60,YV4H60DJ6R,King,Seattle,53033005600,WA,POINT (-122.40092 47.65908)
CAYENNE,WP1AE2AY9S,King,Kirkland,53033022703,WA,POINT (-122.2066 47.67887)
MODEL Y,7SAYGDED0T,King,Bellevue,53033023500,WA,POINT (-122.1621 47.64441)
MODEL Y,5YJYGDEE4M,Clark,Vancouver,53011040803,WA,POINT (-122.62731 45.71668)
MODEL 3,5YJ3E1EB0J,King,Bellevue,53033023300,WA,POINT (-122.11867 47.63131)
SPARK,KL8CL6S06E,King,Bellevue,53033023000,WA,POINT (-122.11867 47.63131)
MODEL Y,7SAYGAEE2P,King,Renton,53033025304,WA,POINT (-122.18839 47.51197)
NIRO,KNDCC3LG6M,Thurston,Olympia,53067010200,WA,POINT (-122.87741 47.05997)
EV6,KNDC4DLC4P,King,Kent,53033029403,WA,POINT (-122.17743 47.41185)
MODEL Y,7SAYGDEE2T,King,Bothell,53033021804,WA,POINT (-122.20563 47.76144)
MODEL Y,7SAYGAEE0N,King,Kent,53033029306,WA,POINT (-122.17743 47.41185)
IONIQ 5,7YAKNDDCXT,King,Seattle,53033001202,WA,POINT (-122.30253 47.72656)
MODEL 3,5YJ3E1EB9K,King,Enumclaw,53033031400,WA,POINT (-121.99136 47.20433)
BZ,JTMBDAFB8T,Thurston,Tumwater,53067011720,WA,POINT (-122.89165 47.03954)
FUSION,3FA6P0PU3H,Clark,Battle Ground,53011040408,WA,POINT (-122.5331 45.78092)
R1T,7FCTGAAA8N,Snohomish,Everett,53061041703,WA,POINT (-122.18637 47.89251)
XC90,YV4BR0PL1J,King,Kent,53033029702,WA,POINT (-122.23741 47.3807)
BOLT EV,1G1FY6S07K,Kitsap,Bainbridge Island,53035091002,WA,POINT (-122.521 47.62759)
CAYENNE,WP1AE2AY8N,King,Lake Forest Park,53033021300,WA,POINT (-122.30304 47.75494)
500,3C3CFFGEXH,Cowlitz,Longview,53015001900,WA,POINT (-122.95058 46.14681)
MODEL Y,7SAYGDEE2T,King,Kirkland,53033022501,WA,POINT (-122.2066 47.67887)
WRANGLER,1C4RJXR67R,King,Shoreline,53033021100,WA,POINT (-122.30304 47.75494)
BOLT EUV,1G1FZ6S01P,King,Auburn,53033029602,WA,POINT (-122.18263 47.31825)
MODEL 3,5YJ3E1EA0S,King,Seattle,53033001400,WA,POINT (-122.37238 47.74068)
X5,5UXTA6C03P,King,Renton,53033029309,WA,POINT (-122.19488 47.44034)
BOLT EV,1G1FX6S0XP,King,Burien,53033026700,WA,POINT (-122.36322 47.49736)
EV9,5XYAFFS58T,Snohomish,Bothell,53061051927,WA,POINT (-122.20105 47.84423)
LEAF,JN1AZ0CP0B,Kitsap,Bainbridge Island,53035090800,WA,POINT (-122.521 47.62759)
LEAF,1N4AZ1CP5J,Kitsap,Bainbridge Island,53035090800,WA,POINT (-122.521 47.62759)
NIRO,KNDCC3LG8N,King,Seattle,53033011901,WA,POINT (-122.25031 47.49481)
R1S,7PDSGBBA1S,King,Seattle,53033000800,WA,POINT (-122.30253 47.72656)
MODEL Y,7SAYGDED5T,Clark,Battle Ground,53011040408,WA,POINT (-122.5331 45.78092)
BOLT EV,1G1FZ6S00K,King,Seattle,53033000800,WA,POINT (-122.30253 47.72656)
TRANSIT,1FTBW1XK8N,Kitsap,Bremerton,53035081000,WA,POINT (-122.65223 47.57192)
BOLT EV,1G1FZ6S05K,Thurston,Olympia,53067010100,WA,POINT (-122.89165 47.03954)
LEAF,1N4BZ1CP0K,King,Kenmore,53033021600,WA,POINT (-122.24369 47.75892)
MODEL Y,7SAYGDED9P,King,Issaquah,53033032220,WA,POINT (-122.01656 47.57118)
PRIUS PRIME (PHEV),JTDKARFP2H,King,Bellevue,53033023300,WA,POINT (-122.12056 47.61334)
MODEL 3,5YJ3E1EB2J,King,Bellevue,53033023300,WA,POINT (-122.11867 47.63131)
GLC-CLASS,W1NKM5GB5S,King,Bellevue,53033024002,WA,POINT (-122.1872 47.61001)
E-TRON GT,WAUFJBFW4N,King,Kirkland,53033022300,WA,POINT (-122.22901 47.72201)
MODEL 3,5YJ3E1EB9S,King,Des Moines,53033028700,WA,POINT (-122.32472 47.44519)
BOLT EUV,1G1FZ6S07N,Cowlitz,Kelso,53015001700,WA,POINT (-122.89867 46.14424)
MODEL Y,7SAYGDEE1P,King,Bothell,53033022102,WA,POINT (-122.20563 47.76144)
IONIQ 5,KM8KNDAF4P,King,Federal Way,53033030308,WA,POINT (-122.36217 47.31011)
R1T,7FCTGBAAXS,King,Bothell,53033022001,WA,POINT (-122.20563 47.76144)
MODEL Y,7SAYGDEE6P,King,Kirkland,53033022702,WA,POINT (-122.2066 47.67887)
ARIYA HATCHBACK,JN1BF0BA9P,Thurston,Yelm,53067012422,WA,POINT (-122.60735 46.94239)
BOLT EV,1G1FZ6S07L,King,Kirkland,53033022603,WA,POINT (-122.2066 47.67887)
MODEL Y,7SAYGDED2T,King,Federal Way,53033030201,WA,POINT (-122.36217 47.31011)
NIRO,KNDCR3L17S,Kitsap,Bainbridge Island,53035090700,WA,POINT (-122.521 47.62759)
EQB-CLASS,W1N9M0CBXR,King,Renton,53033025805,WA,POINT (-122.19488 47.44034)
MODEL Y,7SAYGDEE2P,King,Bothell,53033021905,WA,POINT (-122.20563 47.76144)
PROLOGUE,3GPKHXRJ8R,King,Issaquah,53033032220,WA,POINT (-122.01656 47.57118)
BOLT EUV,1G1FZ6S08P,Clark,Vancouver,53011041208,WA,POINT (-122.59219 45.62158)
MODEL Y,7SAYGDEE9P,King,Bellevue,53033025007,WA,POINT (-122.12096 47.55584)
PROLOGUE,3GPKHXRJ2R,Yakima,Yakima,53077001000,WA,POINT (-120.51904 46.59782)
MODEL S,5YJSA1E22G,King,Seattle,53033000900,WA,POINT (-122.30253 47.72656)
ID. BUZZ,WVG6YVEB5S,King,Shoreline,53033020800,WA,POINT (-122.37238 47.74068)
MODEL Y,7SAYGDEE3T,King,Redmond,53033032323,WA,POINT (-122.13158 47.67858)
MODEL 3,5YJ3E1EA0J,King,Seattle,53033000404,WA,POINT (-122.33364 47.73709)
CROSSTREK,JF2GTDNC6K,Yakima,Yakima,53077000904,WA,POINT (-120.60272 46.59656)
MODEL Y,7SAYGDED1T,Snohomish,Snohomish,53061052206,WA,POINT (-122.09305 47.91265)
MODEL Y,7SAYGDEE4P,Clark,Vancouver,53011041323,WA,POINT (-122.49212 45.60365)
LEAF,1N4AZ0CPXF,King,Kent,53033029603,WA,POINT (-122.19976 47.37483)
F-150,1FT6W5L77R,Stevens,Nine Mile Falls,53065951402,WA,POINT (-117.54392 47.77676)
BOLT EV,1G1FY6S0XK,Kitsap,Suquamish,53035940100,WA,POINT (-122.55242 47.73162)
F-150,1FTVW1EL8P,King,Kent,53033031800,WA,POINT (-122.10798 47.37124)
MODEL Y,7SAYGDEE7P,King,Maple Valley,53033031604,WA,POINT (-122.04526 47.39394)
ARIYA HATCHBACK,JN1AF0BA8P,Kitsap,Poulsbo,53035090502,WA,POINT (-122.64681 47.73689)
MODEL Y,7SAYGDEE0T,Cowlitz,Castle Rock,53015002001,WA,POINT (-122.90724 46.27509)
MODEL 3,5YJ3E1EC7P,King,Seattle,53033001400,WA,POINT (-122.37238 47.74068)
R1S,7PDSGBBA5S,King,Bellevue,53033024001,WA,POINT (-122.1872 47.61001)
NIRO,KNDCR3L11P,King,Kirkland,53033022401,WA,POINT (-122.2066 47.67887)
MODEL 3,5YJ3E1ECXP,Clark,Camas,53011040608,WA,POINT (-122.40177 45.58705)
XC90,YV4H60JE0T,King,Issaquah,53033032104,WA,POINT (-122.03439 47.5301)
SANTA FE,KM8S7DA22P,King,Sammamish,53033032217,WA,POINT (-122.02054 47.60326)
XC60,YV4H60RJ7S,King,Normandy Park,53033028600,WA,POINT (-122.34731 47.45207)
MODEL 3,5YJ3E1ET5T,King,Redmond,53033022802,WA,POINT (-122.13158 47.67858)
R1S,7PDSGBBA2R,Clark,Vancouver,53011041208,WA,POINT (-122.59219 45.62158)
MODEL 3,5YJ3E1EB6J,King,Bellevue,53033023300,WA,POINT (-122.12056 47.61334)
MODEL 3,5YJ3E1EA2L,King,Redmond,53033032323,WA,POINT (-122.13158 47.67858)
ID.4,1V2EMPE85P,King,Renton,53033025304,WA,POINT (-122.18839 47.51197)
MODEL 3,5YJ3E1EA9S,King,Bothell,53033021802,WA,POINT (-122.20563 47.76144)
LEAF,1N4AZ0CP0D,Kitsap,Bremerton,53035080400,WA,POINT (-122.61136 47.5752)
WRANGLER,1C4RJXN61R,Clark,Camas,53011041400,WA,POINT (-122.40177 45.58705)
SONATA,KMHE54L24G,Clark,Camas,53011040608,WA,POINT (-122.40177 45.58705)
SPARK,KL8CL6S08G,King,Seattle,53033004800,WA,POINT (-122.38591 47.67597)
EV6,KNDC3DLC9N,King,Seattle,53033000102,WA,POINT (-122.30253 47.72656)
MODEL 3,5YJ3E1EA9P,King,Seattle,53033009600,WA,POINT (-122.41067 47.57894)
TUCSON,KM8JBDD23T,King,Enumclaw,53033031400,WA,POINT (-121.99136 47.20433)
ID.4,1V2VMPE83P,King,Seattle,53033000102,WA,POINT (-122.30253 47.72656)
MODEL Y,7SAYGDEE4T,King,Seattle,53033005600,WA,POINT (-122.40092 47.65908)
MODEL 3,5YJ3E1ET6R,King,Renton,53033029305,WA,POINT (-122.19488 47.44034)
MODEL S,5YJSA1H15F,Kitsap,Bremerton,53035080300,WA,POINT (-122.61136 47.5752)
MODEL S,5YJSA1S12E,Yakima,Yakima,53077001202,WA,POINT (-120.51904 46.59782)
MODEL Y,7SAYGDEE9R,Kitsap,Bainbridge Island,53035090800,WA,POINT (-122.521 47.62759)
PACIFICA,2C4RC1N77L,King,Seattle,53033006900,WA,POINT (-122.36381 47.63046)
MODEL Y,7SAYGAEE6S,Snohomish,Lynnwood,53061041816,WA,POINT (-122.27981 47.85727)
GLE-CLASS,4JGFB4GB3R,King,Kirkland,53033022204,WA,POINT (-122.22901 47.72201)
MODEL 3,5YJ3E1EB3P,King,Seattle,53033006200,WA,POINT (-122.30207 47.64085)
NIRO,KNDCR3L1XS,King,Seattle,53033001400,WA,POINT (-122.37238 47.74068)
WRANGLER,1C4RJXP60R,King,Burien,53033027400,WA,POINT (-122.29411 47.48924)
CLARITY,JHMZC5F18L,Clark,Vancouver,53011041337,WA,POINT (-122.48723 45.63701)
BOLT,1G1FY6EV1V,King,Seattle,53033002000,WA,POINT (-122.31676 47.68156)
I4,WBY83FB00R,King,Renton,53033025202,WA,POINT (-122.18839 47.51197)
LEAF,1N4AZ0CP2F,King,Seattle,53033001600,WA,POINT (-122.37238 47.74068)
MODEL 3,5YJ3E1EA9P,King,Bellevue,53033023808,WA,POINT (-122.1872 47.61001)
MODEL Y,7SAYGAEE2R,King,Bellevue,53033024904,WA,POINT (-122.12096 47.55584)
MODEL Y,5YJYGDEE6L,King,Duvall,53033032402,WA,POINT (-121.98609 47.74068)
MODEL 3,5YJ3E1EA9J,King,Bellevue,53033024901,WA,POINT (-122.12096 47.55584)
SOUL,KNDJP3AE1G,Kitsap,Port Orchard,53035092600,WA,POINT (-122.63848 47.5414)
ID. BUZZ,WVG5WVEB8S,Clark,Camas,53011040605,WA,POINT (-122.40177 45.58705)
I4,WBY83FB01R,King,Kirkland,53033022501,WA,POINT (-122.2066 47.67887)
SPARK,KL8CL6S0XF,King,Burien,53033028500,WA,POINT (-122.32472 47.44519)
MODEL 3,5YJ3E1EC4P,King,Seattle,53033001400,WA,POINT (-122.37238 47.74068)
S60,7JRH60FJ7R,King,Bothell,53033021804,WA,POINT (-122.20563 47.76144)
MODEL Y,7SAYGDEE5N,King,Kirkland,53033022603,WA,POINT (-122.2066 47.67887)
MODEL Y,7SAYGDEE5P,King,Bellevue,53033023805,WA,POINT (-122.1872 47.61001)
MODEL Y,7SAYGDEE3P,King,Renton,53033025101,WA,POINT (-122.11589 47.50243)
LEAF,1N4BZ1CP1K,Kitsap,Port Orchard,53035092704,WA,POINT (-122.68516 47.50645)
MODEL 3,5YJ3E1EB3J,King,Redmond,53033032323,WA,POINT (-122.13158 47.67858)
MODEL 3,5YJ3E1EB1S,King,Kirkland,53033022701,WA,POINT (-122.2066 47.67887)
BOLT EV,1G1FX6S09H,Jefferson,Nordland,53031950400,WA,POINT (-122.69107 48.05105)
IONIQ 5,KM8KNDAFXP,Clark,Vancouver,53011042100,WA,POINT (-122.67156 45.63248)
MUSTANG MACH-E,3FMTK4SX0P,Clark,Vancouver,53011040907,WA,POINT (-122.70303 45.70954)
X5,5UX43EU08R,King,Seattle,53033008101,WA,POINT (-122.34223 47.61085)
C-MAX,1FADP5CU9G,King,Kirkland,53033022204,WA,POINT (-122.22901 47.72201)
MUSTANG MACH-E,3FMTK3SU7R,King,Seattle,53033002000,WA,POINT (-122.31676 47.68156)
FOCUS,1FADP3R45G,King,Lake Forest Park,53033020402,WA,POINT (-122.30304 47.75494)
MUSTANG MACH-E,3FMTK3SU8S,Clark,Ridgefield,53011040303,WA,POINT (-122.74595 45.81539)
R1S,7PDSGBBA7S,King,Sammamish,53033032317,WA,POINT (-122.02054 47.60326)
MODEL Y,7SAYGDEE7P,Snohomish,Lynnwood,53061041703,WA,POINT (-122.27981 47.85727)
C40,YV4ED3GM5P,Kitsap,Bremerton,53035080400,WA,POINT (-122.61136 47.5752)
IONIQ 5,KM8KRDAF5N,Jefferson,Port Ludlow,53031950302,WA,POINT (-122.68475 47.92989)
IONIQ 5,7YAKNDDC2T,King,Seattle,53033000800,WA,POINT (-122.30253 47.72656)
VOLT,1G1RD6E4XE,King,Shoreline,53033020900,WA,POINT (-122.33364 47.73709)
HARDTOP,WMW13DJ09N,King,Seattle,53033001400,WA,POINT (-122.37238 47.74068)
MODEL 3,5YJ3E1EB4J,King,Kirkland,53033021903,WA,POINT (-122.22901 47.72201)
LEAF,1N4AZ0CP1F,Clark,Vancouver,53011040909,WA,POINT (-122.70303 45.70954)
MODEL Y,7SAYGDEEXT,King,Kent,53033029408,WA,POINT (-122.17743 47.41185)
MODEL Y,7SAYGDEE3T,King,Seattle,53033001400,WA,POINT (-122.37238 47.74068)
MODEL Y,7SAYGAEE0N,King,Bellevue,53033023300,WA,POINT (-122.11867 47.63131)
IONIQ 5,KM8KRDAFXP,King,Bellevue,53033023100,WA,POINT (-122.11867 47.63131)
MODEL Y,7SAYGDEF7N,King,Sammamish,53033032224,WA,POINT (-122.03539 47.61344)
MODEL 3,5YJ3E1EB8M,King,Sammamish,53033032316,WA,POINT (-122.02054 47.60326)
BOLT EV,1G1FZ6S06L,King,Seattle,53033001400,WA,POINT (-122.37238 47.74068)
LEAF,1N4BZ1BP3L,King,Bellevue,53033023604,WA,POINT (-122.12056 47.61334)
ID.4,1V2BMPE8XR,King,Redmond,53033032321,WA,POINT (-122.13158 47.67858)
MODEL Y,7SAYGAEE2S,King,Woodinville,53033021906,WA,POINT (-122.15545 47.75448)
MODEL Y,7SAYGDEE1P,Thurston,Yelm,53067012532,WA,POINT (-122.60735 46.94239)
MODEL 3,5YJ3E1EB3K,King,Kent,53033029405,WA,POINT (-122.17743 47.41185)
MODEL Y,7SAYGDED3P,King,Kent,53033031800,WA,POINT (-122.10798 47.37124)
X5,5UX43EU09S,King,Seattle,53033000900,WA,POINT (-122.30253 47.72656)
EV6,KNDC3DLC1R,Thurston,Olympia,53067011000,WA,POINT (-123.04078 46.94792)
PACIFICA,2C4RC1H71J,King,Seattle,53033000800,WA,POINT (-122.30253 47.72656)
MODEL Y,7SAYGDEE7P,Clark,Camas,53011040610,WA,POINT (-122.40177 45.58705)
MODEL Y,7SAYGDEE0S,King,Bothell,53033022102,WA,POINT (-122.20563 47.76144)
MODEL Y,5YJYGDEE3M,King,Kirkland,53033022003,WA,POINT (-122.22901 47.72201)
MODEL Y,7SAYGDEE7P,King,Bellevue,53033023000,WA,POINT (-122.11867 47.63131)
MODEL Y,7SAYGDEE0S,King,Sammamish,53033032215,WA,POINT (-122.03539 47.61344)
PROLOGUE,3GPKHXRJ3R,Clark,Vancouver,53011040714,WA,POINT (-122.57722 45.64251)
VOLT,1G1RA6S56H,Cowlitz,Longview,53015000602,WA,POINT (-122.95058 46.14681)
EQE-CLASS SUV,4JGGM1CB1R,King,Sammamish,53033032225,WA,POINT (-122.02054 47.60326)
MODEL Y,7SAYGDEE8T,King,Shoreline,53033020500,WA,POINT (-122.30304 47.75494)
330E,WBA8E1C54J,King,Seattle,53033000900,WA,POINT (-122.30253 47.72656)
OUTLANDER,JA4J24A54J,King,Auburn,53033030801,WA,POINT (-122.2229 47.307)
EV6,5XYC4DJC0S,King,Seattle,53033002200,WA,POINT (-122.30253 47.72656)
IONIQ 5,KM8KM4AE4P,King,Kent,53033029403,WA,POINT (-122.17743 47.41185)
PRIUS PRIME (PHEV),JTDKAMFP7N,King,Seattle,53033002200,WA,POINT (-122.30253 47.72656)
MODEL Y,7SAYGDEF1N,Clark,Camas,53011041400,WA,POINT (-122.40177 45.58705)
R1S,7PDSGBBA6R,King,Bellevue,53033022805,WA,POINT (-122.1621 47.64441)
MODEL Y,7SAYGDEE2P,King,Sammamish,53033032215,WA,POINT (-122.03539 47.61344)
NIRO,KNDCE3LG5L,King,Shoreline,53033020500,WA,POINT (-122.30304 47.75494)
XC90,YV4H60CE8R,King,Seattle,53033011902,WA,POINT (-122.25031 47.49481)
IONIQ 5,KM8KRDAF0P,King,Seattle,53033004600,WA,POINT (-122.35436 47.67596)
AIR,50EA1PGA3R,King,Issaquah,53033032220,WA,POINT (-122.01656 47.57118)
IONIQ 9,7YAMUFS31T,King,Sammamish,53033032318,WA,POINT (-122.02054 47.60326)
MODEL 3,5YJ3E1EA0J,King,Bellevue,53033024001,WA,POINT (-122.1872 47.61001)
MODEL Y,7SAYGDEE8T,King,Redmond,53033022803,WA,POINT (-122.13158 47.67858)
F-150,1FT6W1EV0P,Thurston,Olympia,53067010100,WA,POINT (-122.89165 47.03954)
R1S,7PDSGBBA5P,King,Bellevue,53033023604,WA,POINT (-122.12056 47.61334)
BZ4X,JTMABACA6S,King,Sammamish,53033032223,WA,POINT (-122.01656 47.57118)
MODEL S,5YJSA1E15H,King,Kent,53033031704,WA,POINT (-122.10798 47.37124)
I4,WBY33AW09R,King,Bellevue,53033023901,WA,POINT (-122.1872 47.61001)
PRIUS,JTDKN3DP2D,King,Algona,53033030901,WA,POINT (-122.28802 47.30264)
X5,5UXKT0C50G,Clark,Vancouver,53011041206,WA,POINT (-122.59219 45.62158)
MODEL Y,7SAYGDEE0P,King,Kirkland,53033022003,WA,POINT (-122.22901 47.72201)
ID.4,WVGUNPE27M,Kitsap,Bremerton,53035080400,WA,POINT (-122.61136 47.5752)
MODEL Y,7SAYGDEE7P,King,Bellevue,53033024905,WA,POINT (-122.12096 47.55584)
ID.4,1V2JNPE81P,King,Redmond,53033032325,WA,POINT (-122.13158 47.67858)
E-TRON,WA1VABGE2N,King,Bellevue,53033024904,WA,POINT (-122.12096 47.55584)
MODEL 3,5YJ3E1EAXP,King,Bellevue,53033024002,WA,POINT (-122.1872 47.61001)
PACIFICA,2C4RC1L71N,Thurston,Olympia,53067010100,WA,POINT (-122.89165 47.03954)
SOLTERRA,JTMABABA5R,Stevens,Nine Mile Falls,53065951402,WA,POINT (-117.54392 47.77676)
LEAF,1N4AZ1BV5R,King,Seattle,53033004703,WA,POINT (-122.38591 47.67597)
MODEL Y,5YJYGDEE0M,King,Bellevue,53033024001,WA,POINT (-122.1872 47.61001)
AIR,50EA1PFA0P,King,Bellevue,53033023701,WA,POINT (-122.1621 47.64441)
MODEL Y,7SAYGDEE2P,King,Kent,53033029403,WA,POINT (-122.17743 47.41185)
VOLT,1G1RC6S58J,Clark,Vancouver,53011040908,WA,POINT (-122.70303 45.70954)
MODEL Y,5YJYGDEE6M,King,Kirkland,53033022003,WA,POINT (-122.22901 47.72201)
EV6,KNDC3DLC8P,King,Seattle,53033000300,WA,POINT (-122.33364 47.73709)
RAV4 PRIME (PHEV),JTMCB3FV8R,Cowlitz,Kalama,53015001601,WA,POINT (-122.84226 46.00813)
TAYCAN,WP0AA2Y14R,King,Kirkland,53033022501,WA,POINT (-122.2066 47.67887)
MODEL S,5YJSA1CN5D,King,Seattle,53033008402,WA,POINT (-122.31009 47.60803)
I3,WBY1Z4C54F,King,Kent,53033029403,WA,POINT (-122.17743 47.41185)
LEAF,1N4AZ0CP3G,King,Bellevue,53033024901,WA,POINT (-122.12096 47.55584)
