{"type":"FeatureCollection","crs":{"type":"name","properties":{"name":"EPSG:2264"}},"features":[{"type":"Feature","id":1,"geometry":{"type":"LineString","coordinates":[[1983041.65408334,787485.551861092,0],[1983306.51378985,787608.420709834,0]]},"properties":{"FID":1,"FeatureTyp":"Sharrows","Label":"West Rosemary Street","Fr_St":"Pritchard Avenue","To_St":"Columbia Street","Notes":" ","Shape_Leng":291.971604992,"GlobalID":"68dd959e-e845-46e3-80f6-7c90a329184e"}},{"type":"Feature","id":2,"geometry":{"type":"LineString","coordinates":[[1982545.63539034,785761.133065835,0],[1982546.50481117,785759.231822923,0],[1982597.01291226,785648.770101592,0],[1982610.58801635,785619.739647835,0],[1982634.81533009,785568.989421248,0],[1982656.91338301,785520.039059833,0],[1982698.03108293,785430.363386169,0],[1982738.5296896,785342.340596333,0],[1982830.87727392,785140.489294007,0],[1982874.14096692,785047.821500346,0],[1982885.09665367,785021.355673999,0],[1982918.7045261,784946.214092001,0],[1982940.00271185,784904.304727003,0],[1982941.67167176,784900.713198751,0],[1983068.71374051,784627.342026338,0],[1983126.9144115,784502.470228836,0],[1983210.52644901,784322.678593665,0],[1983254.51848701,784217.207347929,0],[1983296.32450576,784126.490665838,0],[1983301.78906175,784113.922449499,0],[1983306.62960325,784098.064541593,0],[1983309.67815359,784086.023555174,0],[1983312.99179526,784072.936311007,0],[1983315.99736667,784061.186334506,0],[1983319.54821259,784049.710307583,0],[1983324.74144368,784036.59484826,0],[1983333.75782984,784018.834385082,0],[1983345.23418485,784001.346559167,0],[1983358.62982734,783986.067062169,0],[1983368.73249742,783978.941420257,0],[1983378.56942001,783972.65599975,0],[1983450.2546441,783935.19347626,0],[1983506.99436,783899.974386588,0],[1983517.1026075,783894.509830594,0],[1983526.00482067,783892.194546506,0],[1983537.86897017,783891.504259169,0],[1983545.79316692,783892.597104758,0],[1983553.13075067,783892.196843088,0],[1983564.64680375,783890.137464002,0],[1983593.25731084,783882.193910345,0],[1983593.54897693,783882.112873763,0]]},"properties":{"FID":2,"FeatureTyp":"Sharrows","Label":"Ransom Street","Fr_St":"W. Cameron Ave","To_St":"S. Columbia St.","Notes":" ","Shape_Leng":2215.85197445,"GlobalID":"1a95e6f5-24f4-4ef6-9c6f-2cdc99f05534"}},{"type":"Feature","id":3,"geometry":{"type":"LineString","coordinates":[[1983314.27492918,787611.311452091,0],[1983341.86280051,787624.460047841,0],[1983447.72315308,787674.516378179,0],[1983572.58051492,787735.164222762,0],[1983649.777539,787773.579828337,0],[1983676.05373317,787786.627702504,0],[1983700.69902509,787798.043362096,0],[1983749.44564676,787817.61517334,0],[1983843.21448809,787860.715808928,0],[1983961.96753143,787917.087415338,0],[1984093.67166434,787979.873707086,0],[1984192.86667593,788025.237461507,0]]},"properties":{"FID":3,"FeatureTyp":"Sharrows","Label":"W. Rosemary Street","Fr_St":"Roberson Street","To_St":"Henderson Street","Notes":" ","Shape_Leng":971.355235532,"GlobalID":"e149be90-1324-4c14-b857-79a35838fb97"}},{"type":"Feature","id":4,"geometry":{"type":"LineString","coordinates":[[1981836.97210951,788960.826797679,0],[1981953.74024868,788716.061211094,0],[1981999.052494,788622.336661011,0],[1982039.71875125,788538.681644589,0],[1982060.01595476,788491.427474007,0],[1982068.95885026,788472.455399096,0],[1982079.22326542,788452.704126254,0],[1982152.22607218,788297.207061917,0],[1982179.7233925,788238.920433089,0],[1982216.90310818,788161.075772509,0],[1982334.07839876,787909.533624679,0],[1982369.65378693,787840.148920923,0],[1982442.30521642,787685.484204009,0],[1982488.0062405,787590.985377252,0],[1982510.66203509,787544.704301834,0],[1982531.18824075,787498.42355451,0],[1982633.89932142,787287.537165254,0],[1982653.44652642,787244.227212504,0],[1982744.82364026,787049.486132175,0],[1982790.20872009,786952.762572333,0]]},"properties":{"FID":4,"FeatureTyp":"Sharrows","Label":"Church Street","Fr_St":"School Ln.","To_St":"W. Franklin St.","Notes":"Bike Boxes","Shape_Leng":2222.9840889,"GlobalID":"af1e2e91-f075-4460-81ed-ccca49cb1bbd"}},{"type":"Feature","id":5,"geometry":{"type":"LineString","coordinates":[[1983311.88877909,787610.174315259,0],[1983341.86280051,787624.460047841,0],[1983447.72315308,787674.516378179,0],[1983572.58051492,787735.164222762,0],[1983649.777539,787773.579828337,0],[1983676.05373317,787786.627702504,0],[1983700.69902509,787798.043362096,0],[1983749.44564676,787817.61517334,0],[1983843.21448809,787860.715808928,0],[1983961.96753143,787917.087415338,0],[1984093.67166434,787979.873707086,0],[1984192.86667593,788025.237461507,0]]},"properties":{"FID":5,"FeatureTyp":"Sharrows","Label":"E. Rosemary Street","Fr_St":"Columbia Street","To_St":"Henderson Street","Notes":" ","Shape_Leng":973.998489667,"GlobalID":"f1740445-5d8b-4c16-a08b-8d2f5b427879"}},{"type":"Feature","id":6,"geometry":{"type":"LineString","coordinates":[[1981137.18545134,786573.594695508,0],[1981266.4794841,786630.574568421,0],[1981345.6541945,786671.502964258,0],[1981475.41541792,786733.712157428,0],[1981525.26374343,786759.442092836,0]]},"properties":{"FID":6,"FeatureTyp":"Sharrows","Label":"W. Rosemary Street","Fr_St":"N. Roberson St.","To_St":"Mitchell Ln.","Notes":"Eastbound sharrow/Westbound bike lane","Shape_Leng":430.420317769,"GlobalID":"1ce40dff-8d87-4184-9956-691e9183e5a4"}},{"type":"Feature","id":7,"geometry":{"type":"MultiLineString","coordinates":[[[1993635.17817184,802547.545031011,0],[1993546.50348042,802648.238071084,0],[1993485.49408801,802714.78616634,0],[1993381.86306167,802828.763628677,0],[1993240.2015996,802993.341055423,0],[1993157.923877,803080.097115502,0],[1993074.03723375,803175.545087337,0],[1993034.17642109,803221.482331425,0],[1993018.01405184,803235.401594922,0],[1992991.03182234,803264.310985923,0],[1992973.40390484,803285.974656507,0],[1992929.89578976,803324.134685174,0],[1992902.95916384,803347.256030008,0],[1992882.2987721,803361.841630757,0],[1992866.33915834,803379.930177256,0],[1992838.14564517,803397.674236253,0],[1992810.29891609,803418.72406292,0],[1992767.03555118,803437.682358339,0],[1992694.19186483,803469.733803421,0],[1992672.07412693,803479.213443249,0],[1992625.40788168,803494.282310754,0],[1992593.56706609,803503.275403008,0],[1992557.10946184,803512.511605009,0],[1992522.10920376,803520.046038762,0],[1992499.74802801,803524.177592173,0],[1992470.33798184,803529.039131001,0],[1992433.63693976,803532.1985735,0],[1992404.95589475,803533.900669843,0],[1992333.49770434,803536.817002594,0],[1992323.228696,803536.905257002,0],[1992268.27276917,803538.050267845,0],[1992127.53584592,803531.184796005,0],[1992098.35742658,803528.680864006,0],[1992048.53173885,803526.736970261,0],[1991953.07884575,803522.923001513,0],[1991896.10323793,803521.664801925,0],[1991849.33102176,803522.1513495,0],[1991819.19230251,803523.123460427,0],[1991781.82557935,803526.874437168,0],[1991741.72165692,803530.763865083,0],[1991684.16763817,803538.60571292,0],[1991651.84125926,803546.38325642,0],[1991642.57192084,803548.292373344,0],[1991606.0651041,803557.774637833,0],[1991531.12988651,803581.108908758,0],[1991493.69885901,803596.177776262,0],[1991465.77240567,803606.595406339,0],[1991410.11208393,803634.79121609,0],[1991355.06691842,803657.143533587,0],[1991311.07356809,803686.066704094,0],[1991289.83476542,803704.512861416,0],[1991267.79117434,803720.112895831,0],[1991246.72855243,803740.180769086,0],[1991210.75519918,803772.021256596,0],[1991197.47044884,803790.038937092,0],[1991158.34716751,803838.268827513,0],[1991118.88300759,803883.963289917,0],[1991086.34796767,803936.621977255,0],[1991022.0187,804011.415790915,0],[1990953.48307592,804098.72007826,0],[1990814.84490176,804271.258119002,0],[1990769.8423671,804324.802959427,0],[1990714.01865984,804398.691919252,0],[1990621.86858167,804500.39447175,0],[1990575.93133759,804550.32613042,0],[1990535.30805926,804592.723355338,0],[1990506.94427083,804622.481497929,0],[1990478.32851443,804644.9483165,0],[1990447.80921851,804669.529632166,0],[1990406.35129617,804702.309750333,0],[1990384.72010584,804717.621727586,0],[1990361.0377385,804733.177142665,0],[1990321.66248918,804756.996976927,0],[1990293.15139134,804772.552392006,0],[1990262.04056117,804790.053013176,0],[1990208.12367426,804822.800651088,0],[1990085.68789551,804869.226083174,0],[1990065.21155851,804876.388470426,0],[1990039.71882734,804888.330375671,0],[1989942.25347109,804919.441205844,0],[1989895.54555926,804931.488097757,0],[1989865.40684001,804939.995626673,0],[1989826.485658,804949.85485892,0],[1989747.24861176,804968.084481254,0],[1989715.96881868,804972.142872095,0],[1989682.42721909,804978.218319252,0],[1989642.005712,804981.685503915,0],[1989552.07610184,804995.783572838,0],[1989407.59541968,805012.650008917,0],[1989352.57453234,805021.060097083,0],[1989275.61635293,805032.823525012,0],[1989210.72081342,805044.733934253,0],[1989165.51191434,805054.699137419,0],[1989134.15797442,805061.990133345,0],[1989093.81061417,805073.657432839,0],[1989067.80344833,805082.406103,0],[1989043.94129135,805091.064550251,0],[1989012.16313967,805097.779103756,0],[1988987.0723106,805107.479543671,0],[1988965.2652676,805117.615350172,0],[1988937.17739725,805132.361383677,0],[1988902.66368675,805150.970598429,0],[1988866.69131775,805174.062743843,0],[1988857.27499801,805182.301244423,0],[1988805.76624276,805212.49606593,0],[1988778.84241208,805233.191234499,0],[1988762.89690593,805244.759124756,0],[1988710.01643425,805285.835158095,0],[1988696.31304958,805296.84530668,0],[1988615.64654426,805363.506262586,0],[1988548.29792568,805417.623608425,0],[1988517.43807925,805437.489382342,0],[1988379.81926,805537.770349756,0],[1988341.60575376,805556.397609085,0],[1988315.40173793,805569.565889835,0],[1988288.81123993,805580.678728506,0],[1988270.89165634,805591.083563343,0],[1988240.51442051,805603.736097082,0],[1988216.8750321,805613.752809346,0],[1988196.08898443,805622.185535252,0],[1988015.20155093,805673.867846593,0],[1987924.89530109,805691.964923263,0],[1987892.75100842,805695.61419417,0],[1987847.48075776,805706.257217512,0],[1987648.90536751,805724.486839846,0],[1987586.03082134,805730.109860092,0],[1987512.70189975,805735.837538928,0],[1987333.46439734,805752.332256585,0],[1987135.61768018,805770.076315582,0],[1987101.17122675,805776.017248586,0]],[[1984640.42319551,805742.218103588,0],[1984522.95427035,805734.936294004,0],[1984377.12221292,805732.992400259,0],[1984305.64335325,805731.475014836,0],[1984274.06664476,805730.804740593,0],[1983941.80910717,805736.638390332,0],[1983802.53510751,805738.978936836,0],[1983710.42079042,805740.526834011,0],[1983655.73225151,805741.742054671,0],[1983524.23907617,805744.416261926,0],[1983362.364728,805744.90149717,0],[1983296.98231284,805748.304377511,0],[1983125.62832484,805758.998253763,0],[1982753.13300684,805767.820414588,0]],[[1987099.37759517,805790.364988923,0],[1987023.12840384,805796.268848509,0],[1986949.2397721,805801.615950674,0],[1986913.2674031,805803.803282261,0],[1986880.45447659,805805.505378589,0],[1986832.32957284,805807.449600428,0],[1986795.62853076,805807.692710176,0],[1986758.19750325,805807.205178335,0],[1986723.44035493,805806.720927343,0],[1986684.7954191,805805.018831,0],[1986634.968419,805802.102498248,0],[1986526.32263893,805792.866296262,0],[1986399.93411218,805779.983776093,0],[1986389.37704667,805778.968686253,0],[1986248.2667646,805765.401456177,0],[1986115.07280526,805754.949705422,0],[1986023.95815809,805749.067827418,0],[1985930.5938435,805743.040280417,0],[1985885.3852725,805741.338512167,0],[1985703.09397042,805739.394290343,0],[1985505.97494209,805742.797170669,0],[1985444.48195484,805743.525843754,0],[1985261.94754301,805748.143944755,0],[1985067.26026835,805751.790262923,0],[1984992.88476093,805753.97759451,0],[1984845.10716935,805756.165254176,0],[1984648.47468859,805759.567806423,0],[1984648.30474143,805759.55730775,0]]]},"properties":{"FID":7,"FeatureTyp":"Bike Lane","Label":"Weaver Dairy Rd.","Fr_St":"Martin Luther King Jr. Boulevard","To_St":"Sage Road","Notes":" ","Shape_Leng":12010.2438379,"GlobalID":"6980d55e-d8e0-475d-bd0c-856976ca7660"}},{"type":"Feature","id":8,"geometry":{"type":"MultiLineString","coordinates":[[[1994913.60868584,796811.831436843,0],[1994914.16183434,796812.294362426,0],[1995034.81710485,796904.823376834,0]],[[1995037.92471017,796908.29121767,0],[1995248.75532526,797094.511645749,0],[1995396.084755,797215.345721677,0],[1995491.99335584,797295.673645005,0],[1995617.41403675,797388.521228343,0]]]},"properties":{"FID":8,"FeatureTyp":"Bike Lane","Label":"Legion Road","Fr_St":"Europa Drive","To_St":"Forsyth Drive","Notes":" ","Shape_Leng":905.763698428,"GlobalID":"e661981d-07b9-4b05-a836-df06b4554ace"}},{"type":"Feature","id":9,"geometry":{"type":"LineString","coordinates":[[1994549.00147542,796480.270420179,0],[1994414.18678442,796285.457489595,0],[1994574.4489311,796510.227709338,0],[1994602.54434735,796540.330339417,0],[1994652.1433295,796589.641592503,0],[1994704.60680726,796637.519777596,0],[1994746.75173609,796675.076461002,0],[1994913.60868584,796811.831436843,0],[1994914.16183434,796812.294362426,0]]},"properties":{"FID":9,"FeatureTyp":"Bike Lane","Label":"Legion Road","Fr_St":"TSI Healthcare","To_St":"Europa Drive","Notes":"Bike on one side","Shape_Leng":968.019390695,"GlobalID":"98700783-796c-4011-98f9-e541b2fe8ad0"}},{"type":"Feature","id":10,"geometry":{"type":"MultiLineString","coordinates":[[[1995087.73629034,801244.434448257,0],[1995040.09727801,801297.957635179,0],[1994933.03876509,801394.794711843,0],[1994933.42196642,801395.359015167,0],[1994931.10602617,801396.560128257,0],[1994808.53868601,801508.501833498,0],[1994539.09565534,801754.585658923,0],[1994468.67453635,801813.709884509,0],[1994360.58616984,801904.458718762,0],[1994332.3290085,801928.183080763,0],[1994282.9534511,801969.637722254,0],[1994217.33448784,802024.730459839,0],[1993959.12667093,802247.302849337,0],[1993959.09976809,802247.325815171,0],[1993912.36068834,802290.342789501,0]],[[1995086.60276243,801246.322895929,0],[1995144.00947176,801180.374208927,0],[1995184.79711984,801124.436000586,0],[1995214.80788659,801080.654592082,0],[1995253.42231068,801004.807630926,0],[1995283.11024342,800913.104074165,0],[1995330.92182758,800767.33927384,0],[1995398.82392275,800531.095651835,0],[1995444.04397668,800379.857109174,0],[1995489.48942384,800274.875035673,0],[1995535.60416101,800164.034050003,0],[1995566.71138225,800094.13130267,0],[1995620.80543417,799973.645651251,0],[1995657.87655425,799886.526730999,0],[1995706.22652318,799782.381598085,0],[1995733.15822785,799733.003744096,0],[1995785.66632493,799648.628584757,0],[1995813.17545626,799601.756303176,0],[1995856.6097526,799532.98380293,0],[1995912.26909009,799452.701483175,0],[1995976.95990559,799358.159677505,0],[1996026.36794326,799258.441701084,0],[1996036.83052076,799234.96372968,0],[1996061.94169101,799178.859511167,0],[1996114.42518184,799062.642880082,0],[1996191.71308501,798879.595017835,0]]]},"properties":{"FID":10,"FeatureTyp":"Bike Lane","Label":"Sage Road","Fr_St":"Weaver Dairy Road","To_St":"Fordham Boulevard","Notes":" ","Shape_Leng":4203.85525122,"GlobalID":"9e4a031e-f815-42f4-96b4-b95d59cf5144"}},{"type":"Feature","id":11,"geometry":{"type":"MultiLineString","coordinates":[[[1982410.90107976,779400.897754833,0],[1982297.02761984,779323.420875669,0],[1982161.67224751,779237.638238832,0],[1982127.12704101,779216.804619089,0],[1982091.35939601,779192.239707589,0],[1982057.10618368,779165.605246425,0],[1982024.48584209,779136.993427008,0],[1981993.61254425,779106.503986672,0],[1981964.59488575,779074.244536757,0],[1981937.53358817,779040.326953679,0],[1981912.52313951,779004.869675502,0],[1981889.65146609,778967.996389672,0],[1981868.99829218,778929.837017179,0],[1981850.63546801,778890.523775592,0],[1981834.62729792,778850.194788009,0],[1981821.0295561,778808.989817917,0],[1981809.88981459,778767.053550094,0],[1981801.04993726,778723.560526833,0],[1981780.94400634,778549.484431416,0],[1981773.06377275,778488.019003168,0],[1981730.55303101,778067.709476337,0],[1981723.07798034,777996.19649601,0],[1981717.85095668,777923.127744511,0],[1981715.01762901,777849.926775426,0],[1981714.58160625,777776.672328755,0],[1981716.54288842,777703.443472594,0],[1981720.89917892,777630.317306504,0],[1981727.64654076,777557.373226672,0],[1981736.77709992,777484.688660756,0],[1981748.28167009,777412.342020676,0],[1981762.14712793,777340.411062166,0],[1981778.68088751,777267.554908678,0],[1981840.60956943,777063.459844425,0],[1981898.42080551,776930.334782586,0],[1981950.04635842,776794.88229759,0],[1981964.25860034,776754.241630837,0],[1981975.96822259,776713.845714256,0],[1981985.46918784,776672.874339506,0],[1981992.73393708,776631.448241249,0],[1981997.74081685,776589.688810334,0],[1982000.47473526,776547.719078004,0],[1982000.9284745,776505.663059756,0],[1981999.1000661,776463.644443005,0],[1981994.99508743,776421.786587089,0],[1981988.62567759,776380.213179424,0],[1981980.01053734,776339.046595082,0],[1981969.1749291,776298.407896832,0],[1981956.15067692,776258.416835085,0],[1981940.97649467,776219.190863669,0],[1981923.69700168,776180.845467925,0],[1981904.36305083,776143.494820833,0],[1981883.03107251,776107.247518003,0],[1981859.76471484,776072.21051459,0],[1981834.63156301,776038.487156838,0],[1981807.70642,776006.176853999,0],[1981772.99061017,775968.838017926,0],[1981708.36573942,775867.072473422,0],[1981523.79983559,775596.444405749,0],[1981409.92014208,775432.125508666,0],[1981305.51024592,775273.313490346,0],[1981096.69898376,774963.573624253,0]],[[1982902.82824551,779967.107252344,0],[1982865.87228267,779889.151043415,0],[1982841.70894517,779840.817150593,0],[1982794.75333042,779765.573206589,0],[1982716.6160195,779673.05698742,0],[1982636.19918559,779579.398054004,0],[1982465.46396276,779424.634912089,0],[1982419.50900218,779396.684180588,0]],[[1982856.121646,780476.298163086,0],[1982858.11015908,780472.108538926,0],[1982911.21700826,780352.747557178,0],[1982936.37640676,780265.656195924,0],[1982946.96628059,780170.829285845,0],[1982933.38559909,780059.160217836,0],[1982906.98079626,779968.078050926,0]],[[1982635.07025084,780956.351993009,0],[1982676.74470818,780838.508068591,0],[1982734.80200675,780729.656580254,0],[1982855.40609625,780476.494685009,0]],[[1982633.64538492,780963.4287505,0],[1982621.74842709,781084.21853517,0],[1982660.40025267,781222.310778677,0],[1982729.5887626,781331.543171749,0],[1982816.93504459,781460.413648918,0],[1982895.06021643,781585.413727,0],[1982936.44169535,781821.126510173,0],[1982945.66313359,782116.521260589,0],[1982952.35176851,782293.747284085,0],[1982919.47880276,782431.553767011,0],[1982877.95493567,782560.424572259,0],[1982836.1456361,782685.567366585,0],[1982824.10596201,782824.372535169,0],[1982867.68100609,782924.953698844,0],[1983017.09967051,783139.262653425,0],[1983199.39130068,783386.587290004,0],[1983516.81422226,783817.256048083,0],[1983655.47700268,783965.622221172,0]]]},"properties":{"FID":11,"FeatureTyp":"Bike Lane","Label":"South Columbia Street","Fr_St":"Pittsboro Street","To_St":"Market Street","Notes":" ","Shape_Leng":10209.6686481,"GlobalID":"43f59f32-35ab-46d8-a1a2-ca221e7dc392"}},{"type":"Feature","id":12,"geometry":{"type":"MultiLineString","coordinates":[[[1981541.76863167,786760.746880248,0],[1982418.36399134,787175.840538248,0]],[[1982421.04279175,787174.257536173,0],[1982954.0801115,787426.66615209,0]]]},"properties":{"FID":12,"FeatureTyp":"Bike Lane","Label":"Rosemary Street","Fr_St":"Mitchell Lane","To_St":"Pritchard Avenue","Notes":" ","Shape_Leng":1559.68701237,"GlobalID":"31c4d46a-a009-4b8d-b830-f205d0498d8e"}},{"type":"Feature","id":13,"geometry":{"type":"LineString","coordinates":[[1997295.56225526,785180.071235836,0],[1997273.50750934,785189.943263337,0],[1997260.19191918,785195.903881341,0],[1997237.78185901,785202.51738517,0],[1997216.10539317,785208.028529003,0],[1997188.9200801,785212.803781927,0],[1997155.12224743,785215.743080512,0],[1997145.33486542,785215.92975992,0],[1997116.54686525,785216.478971422,0],[1997013.22030026,785217.253248096,0],[1996878.53356175,785220.283425748,0],[1996811.52713409,785227.017992333,0],[1996738.79663651,785244.526815593,0],[1996702.76849334,785255.638670012,0],[1996674.48410109,785266.750524417,0],[1996659.70788392,785272.864685416,0],[1996645.18954025,785278.87189126,0],[1996617.57935926,785293.013923332,0],[1996577.08895467,785318.260591999,0],[1996503.09402393,785364.398623094,0],[1996408.81501301,785422.987088591,0],[1996340.20327359,785466.097894758,0],[1996334.91096134,785469.432861835,0],[1996280.55608317,785503.686402261,0],[1996245.02465817,785526.077433586,0],[1996178.579253,785568.818161756,0],[1996135.48025784,785594.318766922,0],[1996086.56303284,785624.104140416,0],[1996077.51515068,785630.567054003,0],[1996034.11235034,785656.608668596,0],[1996023.51788335,785660.140157595,0],[1996019.11139609,785662.560428336,0],[1995985.34965259,785677.285792589,0],[1995960.20764251,785685.90618217,0],[1995942.61023676,785690.215884835,0],[1995922.85568309,785693.448817998,0],[1995896.15462101,785695.298879921,0],[1995886.57950893,785695.962264419,0],[1995858.20554993,785694.525587499,0],[1995831.98775458,785692.370736167,0],[1995618.82085809,785670.960017845,0],[1995588.83207293,785667.948212832,0]]},"properties":{"FID":13,"FeatureTyp":"Bike Lane","Label":"Sprunt Street","Fr_St":"Old Barn Lane","To_St":"Meadowmont Lane","Notes":" ","Shape_Leng":1836.35276716,"GlobalID":"ebc5c92e-dc06-4b9b-b9dd-2fc9d68bd275"}},{"type":"Feature","id":14,"geometry":{"type":"LineString","coordinates":[[1984675.09340176,805525.70049201,0],[1984677.5333575,805503.255326927,0],[1984684.24233359,805470.376127586,0],[1984701.84006742,805411.967123672,0],[1984717.01490584,805377.97736226,0],[1984739.67398126,805331.038807839,0],[1984759.29927009,805298.263282835,0],[1984798.75096284,805238.983217672,0],[1984816.15184668,805215.716531917,0],[1984838.60816659,805188.40326634,0],[1984862.48279075,805161.899054259,0],[1984885.95091967,805138.430597261,0],[1984915.49023068,805110.105850756,0],[1984962.02360217,805071.462883428,0],[1985062.77865,804988.106094763,0],[1985109.31234959,804951.688844755,0],[1985178.30335334,804892.814290583,0],[1985204.40271059,804872.177192762,0]]},"properties":{"FID":14,"FeatureTyp":"Bike Lane","Label":"Kingston Drive","Fr_St":"Silver Cedar Court","To_St":"Timberlyne Driveway","Notes":" ","Shape_Leng":864.403614786,"GlobalID":"5a37f77a-91e3-4bad-b691-e5912de1cd18"}},{"type":"Feature","id":15,"geometry":{"type":"LineString","coordinates":[[1997598.88218668,786720.885411426,0],[1997599.98454668,786672.760507673,0],[1997602.55639192,786547.484839588,0],[1997604.02554908,786449.76357834,0],[1997606.22928484,786359.38908717,0],[1997606.96484767,786273.055598423,0],[1997607.07902068,786271.840049669,0],[1997591.50752951,786124.710422665,0],[1997588.71652459,786077.455595925,0],[1997581.14764209,786024.666659504,0],[1997579.867789,785964.032266334,0],[1997579.8504006,785879.714193508,0],[1997577.12370001,785805.719590843,0],[1997575.36550142,785774.167816669,0],[1997572.85107076,785747.447397679,0],[1997568.04924309,785732.578004837,0],[1997567.70311518,785717.801787674,0],[1997555.07781234,785683.384533674,0],[1997541.55060843,785648.734668583,0],[1997523.49290176,785608.569722667,0],[1997506.88269876,785570.81750159,0],[1997493.08056101,785550.405140832,0],[1997469.67411175,785510.304499254,0],[1997461.32931218,785493.373430759,0],[1997450.871984,785485.218591422,0],[1997436.1184046,785463.305577502,0],[1997391.96757425,785388.471409589,0],[1997365.541446,785340.902935177,0],[1997313.31550059,785245.223336503,0],[1997277.80999418,785185.805476338,0],[1997276.06131001,785182.646690011,0],[1997256.68634875,785131.965360925,0],[1997243.47312059,785089.305013165,0],[1997235.92261076,785057.593462422,0],[1997234.41244318,785046.644337341,0],[1997228.37078859,785016.441641837,0],[1997227.78286326,784989.299963832,0],[1997226.4200051,784962.225214839,0],[1997223.77729385,784918.810603499,0],[1997227.55025217,784868.506898344,0],[1997230.04827867,784847.753002837,0],[1997230.48987883,784811.21600242,0],[1997231.76874767,784775.959183171,0],[1997230.48200484,784764.840110928,0],[1997232.81861433,784726.880869254,0],[1997235.16703483,784694.790710345,0],[1997235.45115501,784679.637525424,0],[1997236.2995785,784634.416815341,0],[1997234.47543517,784582.672496259,0],[1997236.03875226,784540.094497427,0],[1997237.21000975,784504.157233343,0],[1997237.33238484,784491.325238004,0],[1997237.37897268,784486.457793668,0],[1997237.6010851,784463.141895428,0],[1997238.3822515,784418.219413087,0],[1997237.99117617,784394.391704842,0],[1997236.81991868,784376.031833425,0],[1997234.86651051,784360.407520846,0],[1997231.74217293,784340.094241261,0],[1997224.31928751,784308.84495993,0],[1997223.58503701,784306.066750258,0],[1997212.37902267,784272.888667002,0],[1997193.96534559,784233.826737255,0],[1997182.86005284,784202.203768998,0],[1997158.06318642,784153.970269665,0],[1997130.72072142,784107.095691502,0],[1997060.967252,783979.175671756,0],[1997015.26360326,783881.128295675,0],[1996981.41163684,783828.465671346,0],[1996965.00550167,783791.35583742,0],[1996930.79920526,783735.532458261,0],[1996875.72090334,783629.672761843,0],[1996866.12348159,783613.149829,0]]},"properties":{"FID":15,"FeatureTyp":"Bike Lane","Label":"Meadowmont Lane","Fr_St":"Simerville Road","To_St":"NC 54","Notes":" ","Shape_Leng":3284.5734605,"GlobalID":"ac1094c7-7e5b-45c7-9f46-34dd350765e1"}},{"type":"Feature","id":16,"geometry":{"type":"LineString","coordinates":[[1997726.75627476,800806.0426085,0],[1997631.67542817,800840.879809171,0],[1997580.4760555,800860.374848917,0],[1997485.66226876,800896.476482749,0],[1997300.82077493,800966.857575595,0],[1997258.83660692,800979.733206004,0],[1997237.28448467,800985.051108763,0],[1997219.93182909,800988.409697846,0],[1997193.900057,800990.928721666,0],[1997171.51000993,800992.327997088,0],[1997156.39455459,800992.327997088,0],[1997149.12193134,800992.372288331,0],[1997110.62594534,800992.606539845,0],[1997066.56500985,800992.874583915,0],[1997052.08866084,800992.962510258,0],[1997014.02574484,800995.138358921,0],[1996992.27578834,800997.312895253,0],[1996969.16723876,801000.847337008,0],[1996945.78408343,801006.284990177,0],[1996920.49870092,801014.169816926,0],[1996900.65228392,801021.782334507,0],[1996876.45548192,801032.385331675,0],[1996861.58444868,801040.258347422,0],[1996834.85779609,801054.407597333,0],[1996792.17284209,801076.701187924,0],[1996763.89698,801091.111264095,0],[1996738.06894767,801102.257895336,0],[1996711.15266292,801113.133529752,0],[1996683.96603751,801121.560678259,0],[1996655.41753818,801129.17418009,0],[1996643.995645,801131.64005442,0],[1996631.49173301,801134.33952409,0],[1996604.30412334,801136.243063584,0],[1996574.66966817,801136.243063584,0],[1996562.63065025,801135.490768507,0],[1996548.56932667,801134.612161338,0],[1996523.01130693,801132.164987758,0],[1996489.84109767,801126.727334589,0],[1996469.72335576,801122.105624676,0],[1996441.71980284,801114.492122844,0],[1996420.23985893,801107.151914418,0],[1996397.32651892,801097.396356508,0],[1996357.54805517,801082.895401254,0],[1996337.28169151,801077.730385333,0],[1996330.26989451,801074.20414567,0],[1996295.8982441,801056.619535178,0],[1996281.6049656,801051.069677502,0],[1996242.62111968,801034.420104504,0],[1996208.63595143,801019.737719178,0],[1996183.44538501,801011.333208427,0],[1996150.54879725,801002.633422673,0],[1996134.48452492,800998.508759007,0],[1996114.90910476,800996.060601175,0],[1996077.55484876,800994.678386092,0],[1996047.05261317,800995.217427,0],[1995942.00590725,800995.42182292,0],[1995916.17689067,800994.606863916,0],[1995902.9046075,800993.339478001,0],[1995889.83967301,800992.136068344,0],[1995868.04214442,800990.599326,0],[1995845.47624467,800984.61902301,0],[1995807.36378808,800968.634803012,0],[1995792.33002551,800956.792307004,0],[1995771.96228409,800944.675861418,0],[1995744.33701126,800923.646047845,0],[1995698.67207634,800897.191376343,0],[1995651.94382334,800861.160936594,0],[1995628.77523451,800844.027112588,0],[1995612.02198717,800830.19413501,0],[1995589.20969684,800814.456633672,0],[1995553.31803635,800791.484566748,0],[1995520.033326,800768.828444093,0],[1995490.85556284,800753.96495676,0],[1995462.09184083,800741.229089841,0],[1995432.183108,800728.935151175,0]]},"properties":{"FID":16,"FeatureTyp":"Bike Lane","Label":"Old Sterling Drive","Fr_St":"Eastowne Drive","To_St":"Sage Road","Notes":" ","Shape_Leng":2454.92931229,"GlobalID":"f3b2e847-4cb1-4abc-b1d9-056ed05df331"}},{"type":"Feature","id":17,"geometry":{"type":"LineString","coordinates":[[1983574.34954026,786222.094414249,0],[1982555.63701075,785745.533359513,0],[1981094.04052451,785061.788007841,0]]},"properties":{"FID":17,"FeatureTyp":"Bike Lane","Label":"W. Cameron Ave.","Fr_St":"S. Merrit Mill Rd.","To_St":"Pittsboro St.","Notes":" ","Shape_Leng":2738.29212656,"GlobalID":"e68dfb64-e879-4644-9979-6570a399ec63"}},{"type":"Feature","id":18,"geometry":{"type":"LineString","coordinates":[[1980548.47304609,786499.708360344,0],[1981019.28968976,786552.857204169,0]]},"properties":{"FID":18,"FeatureTyp":"Bike Lane","Label":"W. Rosemary Street","Fr_St":"Merritt Mill Road","To_St":"North Robeson Street","Notes":" ","Shape_Leng":473.807040426,"GlobalID":"fcaaf52e-e918-48a5-b84e-3c0d6a5735ee"}},{"type":"Feature","id":19,"geometry":{"type":"LineString","coordinates":[[1983684.35456958,783940.621943086,0],[1983779.03187367,784070.544583499,0],[1983845.09932683,784144.31772992,0],[1983899.03786726,784211.02691409,0],[1983997.99633075,784289.151757836,0],[1984107.371112,784398.526867166,0],[1984185.49628384,784497.485330671,0],[1984263.62112759,784653.735346258,0],[1984289.66274217,784763.110127509,0],[1984325.50584634,784926.070103422,0]]},"properties":{"FID":19,"FeatureTyp":"Bike Lane","Label":"South Columbia Street","Fr_St":"Pittsboro Street","To_St":"Berryhill Hall","Notes":"Bike on one side","Shape_Leng":1206.4001869,"GlobalID":"e057472e-c8eb-42da-b297-d4c0f90b5c72"}},{"type":"Feature","id":20,"geometry":{"type":"LineString","coordinates":[[1984315.53605001,804426.735826418,0],[1984315.93237467,804490.84462209,0],[1984318.48650342,804514.828169927,0],[1984317.37626943,804542.22706525,0],[1984317.96288243,804566.474064007,0],[1984317.90612401,804589.26043576,0],[1984311.26473309,804635.657652676,0],[1984302.77393642,804665.238958344,0],[1984300.44552901,804672.66249992,0],[1984297.57775259,804684.653289586,0],[1984289.95243976,804704.205415845,0],[1984279.50725067,804725.518693417,0],[1984273.25004534,804736.663028091,0],[1984261.2664735,804758.480241671,0],[1984240.73665893,804787.808595091,0],[1984225.74357867,804806.320697173,0],[1984211.8610605,804822.549011171,0],[1984196.04875617,804839.982703343,0],[1984187.58059725,804847.35801667,0],[1984175.65444,804857.902615011,0],[1984156.06688076,804872.789724335,0],[1984142.58692084,804882.051516846,0],[1984116.21722293,804897.353651583,0],[1984080.58146742,804910.070161596,0],[1984053.20750642,804920.235495582,0],[1984024.26891601,804927.836858332,0],[1984009.60424717,804931.161654845,0],[1983990.83328734,804934.485467091,0],[1983973.04165626,804936.44117184,0],[1983932.95873117,804938.395892337,0],[1983913.60115834,804938.786967665,0],[1983895.22160192,804937.809279338,0],[1983880.16552967,804936.44117184,0],[1983864.13275334,804934.28992942,0],[1983827.37232818,804927.055691928,0],[1983666.10001293,804897.14170976,0],[1983410.02342534,804849.681502834,0],[1983190.44151543,804811.89450492,0]]},"properties":{"FID":20,"FeatureTyp":"Bike Lane","Label":"Westminister Drive","Fr_St":"Saluda Court","To_St":"Martin Luther King Jr. Boulevard","Notes":" ","Shape_Leng":1488.83325787,"GlobalID":"96a80fee-986f-4dce-8e5d-242e1be8d96f"}},{"type":"Feature","id":21,"geometry":{"type":"MultiLineString","coordinates":[[[1977604.17644125,799394.045760587,0],[1977603.16233568,799317.918288171,0],[1977602.25616951,799227.649439842,0],[1977601.57211576,799095.700884834,0],[1977601.37362534,798998.446486175,0],[1977600.86673659,798873.436237499,0],[1977599.80801168,798692.884761333,0],[1977598.6892475,798561.030038178,0],[1977596.90184951,798409.63992101,0],[1977595.49535626,798383.629474342,0],[1977592.45796075,798345.216821507,0],[1977590.285721,798322.214570925,0],[1977588.76899175,798304.201483592,0],[1977584.86315967,798270.130357504,0],[1977583.72569476,798261.813116923,0],[1977580.73849601,798239.96571967,0],[1977575.53017309,798211.970368832,0],[1977571.84087601,798192.222704917,0],[1977567.50098968,798172.908439085,0],[1977562.726721,798150.556449667,0],[1977557.95245235,798131.892773092,0],[1977552.95935209,798116.267476261,0],[1977547.16408809,798097.1740105,0],[1977541.89408551,798079.810856253,0],[1977527.57062334,798034.887389675,0],[1977515.2012255,797998.86285542,0],[1977503.69960809,797968.914752588,0],[1977500.26293518,797960.507617176,0],[1977458.37161475,797857.564253509,0]],[[1977454.06486484,797845.725038335,0],[1977458.37161475,797857.564253509,0],[1977433.60361968,797795.304863587,0],[1977415.15746234,797746.259029925,0],[1977401.05151942,797706.328335509,0],[1977388.89898467,797670.087266251,0],[1977376.96265684,797633.845868915,0],[1977376.85734209,797633.482352585,0],[1977366.76353025,797598.68977125,0],[1977358.51682758,797567.873559922,0],[1977348.96829025,797528.811302096,0],[1977345.54145984,797512.943223596,0],[1977338.98569867,797482.587641254,0],[1977334.88039193,797461.787157923,0],[1977309.39291009,797295.781584427,0],[1977309.39094159,797295.762883678,0],[1977305.13110758,797255.806926832,0],[1977302.09272784,797229.331914172,0],[1977295.58257025,797177.465220004,0],[1977292.32765551,797144.045995504,0],[1977288.20430417,797097.17010501,0],[1977285.16592443,797055.50384976,0],[1977285.09768309,797054.329639509,0]]]},"properties":{"FID":21,"FeatureTyp":"Bike Lane","Label":"Seawell School Road","Fr_St":"High School Road","To_St":"Carolina North/Carrboro Connector","Notes":"Bike on one side","Shape_Leng":2408.67191661,"GlobalID":"c0264723-fe2e-487e-a7be-8d3ae481c956"}},{"type":"Feature","id":22,"geometry":{"type":"MultiLineString","coordinates":[[[1982453.09029984,779338.889348671,0],[1982338.2073275,779260.725463003,0],[1982201.11737859,779173.843747005,0],[1982167.7588495,779153.725676998,0],[1982135.64703709,779131.671587259,0],[1982104.89447393,779107.759233505,0],[1982075.60811517,779082.071620837,0],[1982047.89032283,779054.698644087,0],[1982021.83853768,779025.736103594,0],[1981997.54298259,778995.285049006,0],[1981975.08895926,778963.451779336,0],[1981954.55487959,778930.347514838,0],[1981936.01259384,778896.088068917,0],[1981919.52640635,778860.79286392,0],[1981905.15438785,778824.585587248,0],[1981892.94640701,778787.592222929,0],[1981882.94544275,778749.942363843,0],[1981875.18627192,778711.767243341,0],[1981855.39464484,778540.412927255,0],[1981847.5823245,778479.475385085,0],[1981805.15950909,778060.037575677,0],[1981797.79928759,777989.620721757,0],[1981792.74713235,777919.000456169,0],[1981790.00894885,777848.252894253,0],[1981789.58736175,777777.453495175,0],[1981791.48302726,777706.678374261,0],[1981795.69332068,777636.002990678,0],[1981802.21463309,777565.503459752,0],[1981811.03909051,777495.254912585,0],[1981822.15816276,777425.332808346,0],[1981835.55905458,777355.812278092,0],[1981851.22798651,777286.767140582,0],[1981911.12386408,777089.371209919,0],[1981967.89474793,776958.642140672,0],[1982020.49897343,776820.62141934,0],[1982035.72630517,776777.077543169,0],[1982048.56945534,776732.771529421,0],[1982058.99036625,776687.833955258,0],[1982066.95819809,776642.397694424,0],[1982072.44965692,776596.595948756,0],[1982075.44833858,776550.563560501,0],[1982075.946041,776504.436356172,0],[1982073.9404676,776458.350162253,0],[1982069.43818001,776412.440805256,0],[1982062.45230159,776366.843127429,0],[1982053.0031735,776321.691314846,0],[1982041.11868285,776277.118569344,0],[1982026.83360642,776233.256452337,0],[1982010.19059509,776190.233572513,0],[1981991.23853326,776148.176569998,0],[1981970.03286701,776107.209788427,0],[1981946.63593218,776067.453634337,0],[1981921.11728242,776029.025233507,0],[1981893.55139267,775992.037446588,0],[1981864.01995568,775956.599525332,0],[1981832.60958542,775922.81580025,0],[1981771.0198136,775825.829773754,0],[1981585.60318968,775553.95466134,0],[1981471.54042567,775389.371329084,0],[1981363.72797726,775234.162978083,0],[1981255.91552883,775073.225307837,0]],[[1982947.89049134,779912.157559082,0],[1982935.11623867,779879.279344007,0],[1982889.28299701,779802.716833085,0],[1982847.61641367,779738.133300841,0],[1982765.84557985,779634.487510756,0],[1982675.22043301,779536.050043583,0],[1982506.99143876,779374.591705084,0],[1982457.29107884,779340.776484013,0]],[[1982923.07558034,780479.033393845,0],[1982936.17168276,780442.511485249,0],[1982957.48594458,780376.978151754,0],[1982984.56922376,780283.228339255,0],[1982992.13121651,780171.857499003,0],[1982984.31889617,780053.107408419,0],[1982964.00627276,779954.669941261,0],[1982945.00959159,779905.777322501,0]],[[1982669.82411835,780964.780125752,0],[1982722.42539109,780858.344315007,0],[1982779.37147142,780749.932458341,0],[1982919.04507659,780481.054059088,0]],[[1982668.47668009,780966.859517917,0],[1982657.22374985,781081.111257926,0],[1982692.71908568,781207.925964922,0],[1982758.86560692,781312.355874166,0],[1982846.271272,781441.313621506,0],[1982928.35378501,781604.426156178,0],[1982976.27790175,781816.988395095,0],[1982986.66961326,782112.027503178,0],[1982987.50721,782297.211516008,0],[1982960.8796386,782446.474996999,0],[1982911.21077468,782571.337280095,0],[1982870.65606576,782692.724176422,0],[1982869.054691,782815.840071917,0],[1982904.97555092,782904.529855177,0],[1983052.12191017,783115.579958007,0],[1983229.75705358,783359.794364586,0],[1983550.35319717,783775.122602165,0],[1983681.04781768,783941.723975003,0]]]},"properties":{"FID":22,"FeatureTyp":"Bike Lane","Label":"South Columbia Street","Fr_St":"Market Street","To_St":"Manning Drive","Notes":" ","Shape_Leng":10040.872571,"GlobalID":"18d5c9f9-f73b-41ba-b229-df7784ec0a51"}},{"type":"Feature","id":23,"geometry":{"type":"LineString","coordinates":[[1995182.84535208,784496.592287838,0],[1995201.5379,784527.296622753,0],[1995223.41187201,784563.626274511,0],[1995251.4216585,784627.014927253,0],[1995313.80014268,784745.977943927,0],[1995372.93683542,784857.203771338,0],[1995413.84981135,784930.653755665,0],[1995437.02857076,784964.862676755,0],[1995457.94650793,784992.091296837,0],[1995481.59016143,785009.989555001,0],[1995502.66951559,785025.719182342,0],[1995522.62420009,785038.198488086,0],[1995542.72389743,785050.913685754,0],[1995563.47516826,785062.78472501,0],[1995587.05320509,785072.833261341,0],[1995611.6830771,785081.409687757,0],[1995635.54621834,785084.824707165,0],[1995655.7633695,785086.836514175,0],[1995678.36503033,785086.37129201,0],[1995702.27410325,785084.689864919,0],[1995726.88330601,785083.778121337,0],[1995746.63195418,785078.825703427,0],[1995774.23327692,785070.553082168,0],[1995801.15907609,785060.504217759,0],[1995824.62195568,785048.562312499,0],[1995851.03102359,785035.21719484,0],[1995881.95058118,785011.823540837,0],[1995900.34555751,784992.424629509,0],[1995919.62603076,784971.300656006,0],[1995931.05448559,784955.944059417,0],[1995940.98819275,784940.237069845,0],[1995949.77524868,784922.569782332,0],[1995960.50226134,784905.299803749,0],[1995969.87297751,784880.476690665,0],[1995980.88017334,784857.599767923,0],[1995996.00219034,784829.366556674,0],[1996011.30826209,784810.833457261,0],[1996025.82266876,784792.954884082,0],[1996040.33707543,784779.748217583,0],[1996053.36592075,784766.940828502,0],[1996064.65592442,784759.698716998,0],[1996076.88359025,784751.542237252,0],[1996101.49377726,784739.246986255,0],[1996122.15285668,784727.702061832,0],[1996141.59769967,784718.284101665,0],[1996171.06844126,784707.347115666,0],[1996208.13365585,784699.447197095,0],[1996220.89412901,784697.320232838,0],[1996234.86982284,784695.800878927,0],[1996261.90946692,784695.497073755,0],[1996340.90307534,784693.067616671,0],[1996500.10452859,784688.509883001,0],[1996693.33183242,784682.128990263,0],[1996740.12143701,784681.521379918,0],[1996909.34878884,784676.661153421,0],[1997075.53841709,784671.495809421,0],[1997150.88603543,784669.065040007,0],[1997233.82845484,784667.849491253,0],[1997277.66334093,784663.750746176,0],[1997315.11766234,784664.260587677,0],[1997377.939059,784663.524696752,0],[1997417.98359834,784662.055539593,0],[1997453.61935385,784658.381662428,0],[1997492.92833035,784652.503721416,0],[1997519.01226768,784646.625780419,0],[1997546.93215933,784640.01227659,0],[1997559.45575634,784636.296404749,0],[1997575.07252301,784633.83053042,0],[1997582.22113076,784629.541497007,0],[1997588.7322726,784627.60941425,0],[1997623.42052342,784614.11797142,0],[1997663.89091492,784597.600944087,0],[1997715.64802925,784570.622979671,0],[1997748.13385667,784549.698480844,0],[1997779.24337451,784528.498063922,0],[1997785.48220718,784523.683112919,0],[1997810.84632967,784504.147390842,0],[1997835.27574275,784483.45451884,0],[1997858.71795309,784461.650100499,0],[1997863.4873005,784457.195056915,0],[1997892.670313,784424.158705667,0],[1997925.15614042,784385.889425263,0],[1997944.42742734,784360.287442341,0],[1997957.367034,784340.46530351,0],[1997974.98642135,784310.456833333,0],[1997991.23015526,784281.275133178,0],[1998004.99489151,784252.092120677,0],[1998014.90530476,784228.416643083,0],[1998029.22220525,784189.047299251,0],[1998038.58176659,784160.965662509,0],[1998045.46429875,784135.087761506,0],[1998051.52137326,784104.803373262,0],[1998057.57844776,784073.969773501,0],[1998060.60665692,784054.698158503,0],[1998062.5344746,784034.600429669,0],[1998065.56235567,783991.377747089,0],[1998066.66373143,783964.673076093,0],[1998065.83696142,783923.653145,0],[1998064.08499642,783885.522315755,0],[1998057.26184735,783847.687417671,0],[1998050.49939367,783813.875805512,0],[1998029.46203418,783739.491111755,0],[1997989.26362376,783603.869335756,0],[1997936.66858459,783424.668906748,0],[1997915.28181633,783349.630342916,0],[1997891.55909476,783221.615507096,0]]},"properties":{"FID":23,"FeatureTyp":"Bike Lane","Label":"E. Barbee Chapel Road","Fr_St":"NC 54","To_St":"NC 54","Notes":" ","Shape_Leng":4531.16158104,"GlobalID":"feda7b08-21f8-4146-8bfb-86d7fc0711a9"}},{"type":"Feature","id":24,"geometry":{"type":"LineString","coordinates":[[1983649.74538684,783957.247894093,0],[1983660.56951217,783993.248806342,0],[1983671.51273176,784059.538371921,0],[1983676.23319475,784101.730216667,0],[1983683.05175067,784196.349450007,0],[1983688.38441718,784270.349958166,0],[1983694.33683309,784338.703167915,0],[1983702.49068817,784419.656090006,0],[1983706.6376615,784490.032261595,0],[1983708.15832776,784515.837984249,0],[1983709.65110692,784541.184390262,0],[1983713.62813309,784574.636095002,0],[1983719.2009566,784683.110943675,0],[1983725.49425109,784743.006493166,0],[1983730.48505476,784781.635352924,0],[1983737.21273158,784828.075876832,0],[1983747.03259385,784889.383168921,0],[1983753.27208267,784928.33617501,0],[1983772.17361967,785045.587580919,0],[1983774.75071426,785061.574753672,0],[1983783.49118234,785112.930294007,0],[1983800.83137076,785232.321131334,0],[1983805.63582309,785278.68586801,0],[1983809.39467384,785329.019100666,0],[1983811.48325235,785361.808733255,0],[1983812.76835476,785376.835606083,0],[1983814.19814192,785393.554076582,0],[1983814.51113342,785398.150852174,0],[1983820.04557118,785479.392815679,0],[1983815.45174834,785569.197754174,0],[1983814.97865218,785585.518259585,0],[1983813.78016375,785626.841011584,0],[1983809.39467384,785673.623726428,0],[1983807.30609535,785692.837926835,0],[1983804.79986675,785704.324780509,0],[1983802.5610261,785712.161707088,0],[1983797.93209834,785728.778471753,0],[1983791.90225476,785744.939528674,0],[1983773.19428693,785785.999157846,0],[1983754.39773659,785827.580439508,0],[1983725.85383043,785881.222392589,0],[1983697.78958209,785943.886637345,0],[1983692.94444743,785954.704857171,0],[1983646.28181109,786056.656753004,0],[1983613.77957951,786128.052935675,0],[1983596.36622851,786166.303843424,0],[1983564.62088518,786233.553380832,0]]},"properties":{"FID":24,"FeatureTyp":"Bike Lane","Label":"Pittsboro/Cameron Ave.","Fr_St":"Cameron Avenue","To_St":"S. Columbia Street","Notes":"Bike on one side","Shape_Leng":2340.79325288,"GlobalID":"207abfcd-2919-4465-b9c0-d083da8142f0"}},{"type":"Feature","id":25,"geometry":{"type":"LineString","coordinates":[[1980099.54907517,801618.727991,0],[1980102.1527445,801655.428048834,0],[1980106.37025575,801733.528614417,0],[1980109.76066892,801813.715133846,0],[1980111.71407709,801820.048454508,0],[1980112.18881367,801839.168166921,0],[1980114.14779925,801862.524419427,0],[1980113.45784001,801873.811798424,0],[1980112.19898425,801890.649691254,0],[1980109.17963333,801920.286771089,0],[1980104.23115243,801949.716502249,0],[1980098.09566601,801984.316498667,0],[1980086.81648909,802018.316102594,0],[1980078.89524509,802047.011583254,0],[1980064.81784542,802075.250371918,0],[1980059.73485035,802086.477055505,0],[1980052.2023851,802102.152549088,0],[1980041.35398158,802122.671208844,0],[1980030.60367501,802141.308310673,0],[1980021.60041218,802158.026124999,0],[1980007.82091217,802180.788218588,0],[1980002.48266825,802190.735049084,0],[1979987.99385209,802207.880355999,0],[1979978.36395009,802222.451193005,0],[1979964.23865026,802239.916053087,0],[1979948.81807743,802259.900265083,0],[1979926.97199251,802283.275218338,0],[1979884.22699925,802341.091703758,0],[1979818.27896842,802428.818234339,0],[1979788.73408,802472.22694017,0],[1979756.17049684,802517.061824262,0],[1979734.94580175,802552.883931085,0],[1979715.52097183,802579.635189921,0],[1979697.44554867,802615.06917417,0],[1979676.78187609,802652.533994257,0],[1979660.10179134,802693.39907001,0],[1979645.01356693,802731.850108594,0],[1979621.97358675,802820.12945959,0],[1979600.15965401,802914.066607669,0],[1979584.24301918,803000.764925092,0],[1979579.691191,803040.431184337,0],[1979577.07997575,803079.756565005,0],[1979575.35885058,803142.783998013,0],[1979577.25812501,803182.793104336,0],[1979580.45201626,803209.891147256,0],[1979588.15508483,803264.456326842,0],[1979600.0595886,803317.678005174,0],[1979609.92439826,803359.405612007,0],[1979635.01588351,803426.335596249,0],[1979720.73126325,803642.075978428,0],[1979752.63703933,803723.156524926,0],[1979767.69179925,803762.589845002,0],[1979772.61140884,803783.980222166,0],[1979784.65862884,803818.502134755,0],[1979812.40102743,803881.298269004,0],[1979833.41049984,803922.615443587,0],[1979851.79891451,803953.66984342,0],[1979870.35662018,803977.830556259,0],[1979885.87496184,804002.733065501,0],[1979916.26597717,804035.363577679,0],[1979951.50081484,804086.394315511,0],[1979981.45416701,804129.142589584,0],[1979997.99251975,804159.997186676,0],[1980013.68868259,804194.010898173,0],[1980022.8615645,804218.220167339,0],[1980035.45537134,804264.71876201,0],[1980046.43992943,804300.946707919,0],[1980046.33100575,804359.476446509,0],[1980047.34445517,804566.045587167,0],[1980045.17090309,804885.087271929,0],[1980044.56427701,804982.405974925,0],[1980049.48257425,805054.570856839,0],[1980059.28701659,805123.341716677,0],[1980068.14067343,805171.079482093,0],[1980092.65079501,805252.115081176,0],[1980122.31313726,805335.359993428,0],[1980162.38064243,805413.802421838,0],[1980191.29265809,805458.141900092,0],[1980217.26537517,805493.757970586,0],[1980249.18886776,805531.793655679,0],[1980294.93713585,805582.804708511,0],[1980344.68900484,805624.402394339,0],[1980373.78113826,805647.352479666,0],[1980410.26597342,805674.353409916,0],[1980477.89608751,805716.081672922,0],[1980523.46456592,805736.459584922,0],[1980566.97366525,805757.408361927,0],[1980607.52181251,805771.094686255,0],[1980712.76602459,805794.554941177,0],[1980788.78194867,805804.648096845,0],[1980945.23045467,805806.095928594,0],[1981226.29222851,805796.57429409,0],[1981568.40473326,805791.958489671,0],[1981811.58370884,805783.179307759,0],[1982169.32151042,805829.009268582,0],[1982415.34726509,805842.297299758,0],[1982585.36234501,805845.009236589,0]]},"properties":{"FID":25,"FeatureTyp":"Bike Lane","Label":"Weaver Dairy Ext.","Fr_St":"Martin Luther King Jr. Blvd.","To_St":"Homestead Rd","Notes":" ","Shape_Leng":6632.06530526,"GlobalID":"d61a4147-4fdc-4dc4-871e-0c8338755624"}},{"type":"Feature","id":26,"geometry":{"type":"LineString","coordinates":[[1996767.40386276,783426.843771175,0],[1996682.59793001,783199.079791009,0],[1996661.76431026,782935.190883085,0],[1996668.70885018,782476.857482165,0],[1996667.2219765,782324.114349335,0]]},"properties":{"FID":26,"FeatureTyp":"Bike Lane","Label":"Friday Center","Fr_St":"Raleigh Road","To_St":"Friday Center Driveway","Notes":" ","Shape_Leng":1118.88647241,"GlobalID":"2dce8cb1-79cb-42f6-ba77-4d33cf39f00a"}},{"type":"Feature","id":27,"geometry":{"type":"LineString","coordinates":[[1981538.92054026,807740.295144171,0],[1980918.76692492,807759.796745583,0],[1979574.66921942,807764.990632832,0],[1979397.89759134,807768.913197175,0],[1979170.66805892,807803.483994171,0],[1978685.89868726,807888.973980665,0],[1978535.91670376,807909.067116335,0],[1978384.49968375,807919.113684177,0]]},"properties":{"FID":27,"FeatureTyp":"Bike Lane","Label":"Eubanks Road","Fr_St":"Kousa Trail","To_St":"Martin Luther King Jr. Boulevard","Notes":" ","Shape_Leng":3166.54905389,"GlobalID":"6e618077-a7de-4206-a40a-11ff6b59bda2"}},{"type":"Feature","id":28,"geometry":{"type":"LineString","coordinates":[[1975994.69606443,802049.545042753,0],[1976032.87577809,801886.017154589,0],[1976050.46006051,801805.077027753,0],[1976069.73758101,801718.812108427,0],[1976086.57448959,801644.12459375,0],[1976099.5268915,801584.330421999,0],[1976111.30803593,801535.474220499,0],[1976123.30702767,801487.335537255,0],[1976134.30602142,801441.054461837,0],[1976144.5901216,801405.20085901,0],[1976156.73215768,801366.775738999,0],[1976169.01625384,801330.493659332,0],[1976192.14120759,801274.918311179,0],[1976200.24716251,801258.473462179,0],[1976236.07058167,801183.021185249,0],[1976261.721449,801134.940572754,0],[1976280.77160776,801104.71655184,0]]},"properties":{"FID":28,"FeatureTyp":"Bike Lane","Label":"Rogers Road","Fr_St":"Tallyho Trail","To_St":"Homestead Road","Notes":" ","Shape_Leng":992.505138605,"GlobalID":"a5cd4dd0-6c0d-4d85-869c-13dc5aa58691"}},{"type":"Feature","id":29,"geometry":{"type":"LineString","coordinates":[[1978375.55449167,801409.200194836,0],[1978028.49514642,801428.625352845,0],[1977057.48790209,801453.270316675,0],[1976781.46581633,801403.980717093,0],[1976608.54227768,801346.533653513,0],[1976521.13989343,801302.607560262,0]]},"properties":{"FID":29,"FeatureTyp":"Bike Lane","Label":"Homestead Road","Fr_St":"Hearthstone Lane","To_St":"1804 Homestead Driveway","Notes":"Bike on one side","Shape_Leng":1879.34663624,"GlobalID":"77222b73-c2a4-4ab8-a7db-ef85f9da1268"}},{"type":"Feature","id":30,"geometry":{"type":"LineString","coordinates":[[1993691.08258758,796918.822692677,0],[1993891.67306568,796673.444246426,0],[1994025.95987059,796481.217268676,0],[1994191.24497309,796450.779009342,0],[1994320.56164359,796410.452318341,0],[1994381.23179784,796364.492436498,0],[1994438.23299618,796321.664110094,0]]},"properties":{"FID":30,"FeatureTyp":"Bike Lane","Label":"Novus Lane","Fr_St":"Legion Road","To_St":"Fordham Boulevard Service Road","Notes":" ","Shape_Leng":1002.35493101,"GlobalID":"be5e629f-dc6b-46fd-933b-3c8e5f93b9e9"}},{"type":"Feature","id":31,"geometry":{"type":"LineString","coordinates":[[1977521.83474243,810626.923885345,0],[1977484.54282226,809577.400721923,0],[1977561.53085725,808643.819911927,0],[1977658.93519001,808242.027408421,0],[1977813.84728175,807931.386953592,0]]},"properties":{"FID":31,"FeatureTyp":"Bike Lane","Label":"Millhouse Road","Fr_St":"Eubanks Road","To_St":"Clyde Road","Notes":" ","Shape_Leng":2747.49014515,"GlobalID":"f90e9e55-97de-4e05-8a50-75ccf52a1ad3"}},{"type":"Feature","id":32,"geometry":{"type":"LineString","coordinates":[[1992261.60874051,787183.370378837,0],[1992794.94461609,787179.984230757,0]]},"properties":{"FID":32,"FeatureTyp":"Bike Lane","Label":"Brandon Road","Fr_St":"U.S. 15-501","To_St":"Flemington Road","Notes":" ","Shape_Leng":533.3466248,"GlobalID":"cb38bd09-49c3-44bb-8fb6-5b2276d6e1be"}},{"type":"Feature","id":33,"geometry":{"type":"LineString","coordinates":[[1976245.96754351,801113.480641916,0],[1975599.04495284,800395.94500351,0],[1975370.74193175,799705.681948334,0],[1975220.0168395,799242.319358006,0]]},"properties":{"FID":33,"FeatureTyp":"Bike Lane","Label":"Homestead Road","Fr_St":"Rogers Road","To_St":"Winmore Avenue","Notes":" ","Shape_Leng":2180.40821892,"GlobalID":"762ab61d-0b86-418c-8b44-7bffa2c73276"}},{"type":"Feature","id":34,"geometry":{"type":"LineString","coordinates":[[1981787.07752426,807610.142845422,0],[1981686.98979792,807720.395577669,0],[1981558.07076442,807788.293735832,0],[1981440.61496259,807806.504985511,0],[1981126.50141759,807818.752008259,0],[1980913.27973117,807823.793664843,0],[1979572.86771384,807833.633540168,0],[1979533.07448635,807833.22146751,0],[1979399.04128984,807841.361543089,0],[1979174.36194918,807875.544217512,0]]},"properties":{"FID":34,"FeatureTyp":"Bike Lane","Label":"Eubanks Road","Fr_St":"Martin Luther King Jr. Boulevard","To_St":"Myrica Street","Notes":" ","Shape_Leng":2682.89396971,"GlobalID":"6200ec84-bfbd-40c9-8ceb-0897633c4824"}},{"type":"Feature","id":35,"geometry":{"type":"MultiLineString","coordinates":[[[1982883.91358517,801731.497122422,0],[1982883.16129009,801717.956795171,0],[1982883.04153967,801682.833833918,0],[1982880.24003609,801639.072110429,0],[1982875.0920805,801596.743454918,0],[1982868.91394326,801555.112632677,0],[1982865.94314867,801529.971934929,0],[1982857.74172151,801493.137362927,0],[1982850.81522617,801459.373650923,0],[1982844.1866305,801425.969518259,0],[1982835.63284184,801390.697935253,0],[1982801.43868451,801253.903261334,0],[1982770.64543901,801105.589581594,0]],[[1982689.41495842,805742.616724834,0],[1982797.54696001,805418.220063925,0],[1982891.9959181,805057.596769422,0],[1982937.28847842,804816.036885083,0],[1982956.71593301,804650.599223837,0],[1982974.73820667,804483.226527095,0],[1982991.08495876,804316.327582672,0],[1982991.54624392,804309.412898332,0],[1982994.03081901,804199.500060424,0],[1982994.49308842,804088.792276591,0],[1982992.91566376,803978.095647588,0],[1982989.2988731,803867.446262583,0],[1982983.79232243,803759.785716757,0],[1982969.02135459,803671.78162767,0],[1982952.00892143,803581.254905835,0],[1982933.23861776,803491.076280415,0],[1982912.71733335,803401.280528262,0],[1982889.86665726,803309.548756346,0],[1982872.16360867,803213.805509508,0],[1982857.19447851,803118.645266756,0],[1982844.78013326,803023.118226841,0],[1982834.93041542,802927.292303011,0],[1982827.65221475,802831.237377003,0],[1982822.95045251,802735.021690175,0],[1982820.82873759,802638.714796171,0],[1982821.27624325,802545.017148927,0],[1982817.06594984,802470.098335505,0],[1982815.10663617,802392.329134092,0],[1982815.55446993,802314.536638752,0],[1982818.4094511,802236.794996336,0],[1982823.66862692,802159.179337919,0],[1982831.32674809,802081.763810337,0],[1982841.37659676,802004.621904254,0],[1982853.80898659,801927.827766508,0],[1982868.2810705,801853.159936845,0],[1982875.28138459,801810.993682593,0],[1982880.18196534,801769.165026084,0],[1982882.82894167,801730.715299845,0]],[[1981948.44367135,807468.884925842,0],[1982002.77295901,807395.817158595,0],[1982054.53007334,807321.938369334,0],[1982104.17958035,807246.626840174,0],[1982151.68211001,807169.942938417,0],[1982196.99960467,807091.947359502,0],[1982240.095319,807012.7034235,0],[1982280.93513234,806932.273138165,0],[1982319.48689251,806850.721792087,0],[1982355.71943159,806768.113361508,0],[1982389.60420634,806684.514447331,0],[1982421.11365776,806599.991978586,0],[1982450.64017351,806513.388477251,0],[1982494.57085992,806390.551452592,0],[1982536.09538317,806267.890608668,0],[1982575.523782,806144.540461674,0],[1982612.84490159,806020.536444589,0],[1982644.23952384,805909.396575004,0],[1982683.44056092,805757.547797337,0],[1982688.3723096,805744.08817859,0]]]},"properties":{"FID":35,"FeatureTyp":"Bike Lane","Label":"Martin Luther King Jr. Boulevard","Fr_St":"Eubanks Road","To_St":"Homestead Road","Notes":" ","Shape_Leng":6595.92442114,"GlobalID":"ac914dfc-2df1-4e93-9c78-0bfc2ff3be3b"}},{"type":"Feature","id":36,"geometry":{"type":"LineString","coordinates":[[1980114.7235855,801329.477257177,0],[1980114.47194558,801357.954562426,0],[1980120.82527934,801477.225977421,0],[1980122.48505293,801501.266939834,0],[1980123.80886917,801534.370548174,0],[1980126.27736817,801570.960041925,0],[1980127.24849483,801607.331032172,0],[1980127.85216817,801635.098693177,0],[1980130.59691334,801686.059549257,0],[1980133.33411258,801724.354748249,0],[1980135.51619484,801770.075785428,0],[1980136.90595584,801817.687566832,0],[1980137.66874959,801863.531307176,0],[1980135.30556534,801901.419354752,0],[1980130.46699233,801940.265077591,0],[1980122.56280868,801979.265655756,0],[1980108.91880709,802025.495878249,0],[1980098.00117801,802057.384265929,0],[1980088.38603976,802084.049895003,0],[1980076.46710034,802114.393338248,0],[1980057.05506568,802144.851610675,0],[1980048.47010909,802160.461159512,0],[1980042.43337576,802173.344663918,0],[1980017.2280456,802207.491249174,0],[1980004.36422618,802223.34784475,0],[1979971.88955359,802273.301813096,0],[1979957.71110426,802290.893313333,0],[1979928.69738276,802329.89192301,0],[1979859.71950234,802423.327759758,0],[1979826.65067084,802467.694140837,0],[1979802.01718992,802497.709172666,0],[1979776.84565234,802538.873788506,0],[1979750.22562684,802578.157174513,0],[1979723.20829242,802625.668562427,0],[1979704.40616468,802661.310223415,0],[1979690.23887017,802695.743225425,0],[1979675.15884784,802732.703453332,0],[1979661.89050168,802790.616067171,0],[1979630.88039309,802920.18897076,0],[1979620.13074267,802976.030722588,0],[1979607.7088515,803052.616199344,0],[1979605.75708376,803086.04264167,0],[1979607.43523,803135.612096339,0],[1979607.79907443,803170.467013508,0],[1979610.293492,803208.712343842,0],[1979619.30233225,803252.632859677,0],[1979628.74457058,803303.85224542,0],[1979643.48240201,803352.214353427,0],[1979664.313069,803411.533460513,0],[1979753.16722201,803631.375868589,0],[1979785.63828567,803715.279900253,0],[1979804.0257161,803759.385783166,0],[1979815.98960292,803790.228569254,0],[1979827.54436985,803820.570044011,0],[1979840.36652267,803852.478116676,0],[1979851.88848126,803879.780883595,0],[1979862.97868218,803900.172575086,0],[1979880.12366101,803925.277839839,0],[1979913.92280601,803976.115336582,0],[1979947.11860576,804015.738616928,0],[1979984.75074834,804065.971456096,0],[1980026.77559868,804123.253821835,0],[1980044.17910717,804151.202912927,0],[1980056.95434409,804173.313761085,0],[1980065.37197818,804190.918384671,0],[1980074.45037208,804209.527599424,0],[1980083.30435701,804229.234581009,0],[1980094.49429525,804265.408721253,0],[1980114.65140717,804365.584045842,0],[1980118.86596568,804916.606893927,0],[1980119.7826305,804988.874794006,0],[1980123.70913184,805050.972766921,0],[1980133.13430984,805127.384031415,0],[1980138.44663517,805160.866904095,0],[1980161.8691605,805243.182028174,0],[1980189.81628309,805316.557537585,0],[1980230.68004651,805390.303781167,0],[1980253.55204801,805424.397216916,0],[1980279.82988259,805460.199638754,0],[1980308.98303951,805496.964000925,0],[1980348.74116209,805536.389118925,0],[1980398.79585201,805581.676758006,0],[1980426.86731817,805603.547121093,0],[1980455.62579083,805623.794455916,0],[1980524.83037683,805662.388210759,0],[1980558.28897133,805679.051235169,0],[1980604.09170125,805698.10795559,0],[1980645.25762942,805715.028197333,0],[1980738.21840151,805735.912998095,0],[1980829.81336267,805746.757136509,0],[1980941.03853393,805745.755170003,0],[1981231.124896,805739.528804511,0],[1981570.75840309,805732.067861423,0],[1981843.14499742,805723.394978508,0],[1982199.30832709,805763.346998334,0],[1982451.59423985,805770.971326917,0],[1982630.64735943,805768.975267917,0]]},"properties":{"FID":36,"FeatureTyp":"Bike Lane","Label":"Weaver Dairy Road Extension","Fr_St":"Homestead Road","To_St":"Martin Luther King Jr. Boulevard","Notes":" ","Shape_Leng":6866.18466463,"GlobalID":"ddc27615-dd0f-4141-a6de-e2a09b9ea528"}},{"type":"Feature","id":37,"geometry":{"type":"LineString","coordinates":[[1984640.29852384,805521.91801925,0],[1984642.91433226,805497.853762925,0],[1984650.26897635,805461.811184093,0],[1984668.97136676,805399.735192761,0],[1984685.26825017,805363.231984928,0],[1984708.83808492,805314.407279417,0],[1984729.69959176,805279.566797927,0],[1984770.14668934,805218.791328922,0],[1984788.60531384,805194.110275924,0],[1984812.07442701,805165.565057427,0],[1984837.08848459,805137.795756012,0],[1984861.46179542,805113.422117084,0],[1984892.16842693,805083.978278339,0],[1984939.68801692,805044.516086921,0],[1985040.83414009,804960.836136177,0],[1985087.15721017,804924.583584011,0],[1985156.081613,804865.765788257,0],[1985182.69442068,804844.722851336,0]]},"properties":{"FID":37,"FeatureTyp":"Bike Lane","Label":"Kingston Drive","Fr_St":"Timberlyne Driveway","To_St":"Silver Cedar Court","Notes":" ","Shape_Leng":892.190517646,"GlobalID":"27a14a68-d534-40ac-8712-39d27d50b3f3"}},{"type":"Feature","id":38,"geometry":{"type":"MultiLineString","coordinates":[[[1993668.39857784,802583.225077748,0],[1993573.18813834,802695.098869756,0],[1993513.79882142,802762.537383169,0],[1993415.12644659,802879.074223593,0],[1993264.47911009,803044.372121334,0],[1993182.31063926,803136.024825171,0],[1993094.19500184,803229.746422499,0],[1993058.07565151,803268.669573009,0],[1993039.74957268,803289.795186922,0],[1993012.01734467,803319.508054003,0],[1992985.43668917,803340.885964006,0],[1992940.54275009,803380.261541426,0],[1992913.62843384,803399.687683672,0],[1992892.06056359,803414.914031178,0],[1992866.05536626,803432.781449512,0],[1992836.0445995,803451.669207007,0],[1992810.93146075,803470.743643925,0],[1992763.63299893,803492.384676754,0],[1992720.42967325,803518.376750752,0],[1992675.28278193,803541.640811846,0],[1992631.9902176,803555.837633833,0],[1992600.58280009,803566.515105918,0],[1992562.89914842,803576.062002838,0],[1992527.45433742,803584.706342503,0],[1992504.14500085,803589.013092428,0],[1992472.82321309,803594.19057551,0],[1992434.03818567,803597.529479593,0],[1992404.4572081,803599.285053506,0],[1992331.98589633,803602.242724761,0],[1992322.83171517,803602.321136668,0],[1992267.56509343,803601.073107675,0],[1992124.89608742,803594.113475919,0],[1992096.74752167,803596.617407918,0],[1992046.48023376,803594.656453833,0],[1991947.19237459,803591.684346929,0],[1991890.87030876,803590.440583006,0],[1991846.01902051,803588.411715671,0],[1991817.37800168,803589.335598335,0],[1991782.96468468,803591.307051092,0],[1991744.42375125,803595.0449045,0],[1991672.92914359,803603.266016677,0],[1991642.35833859,803610.621316925,0],[1991623.42432134,803618.281734675,0],[1991588.02708243,803627.475613922,0],[1991535.57246293,803645.01330851,0],[1991499.87109075,803659.38565509,0],[1991478.53681584,803666.620548755,0],[1991425.07005925,803693.705140263,0],[1991381.98812443,803719.929825336,0],[1991339.4672121,803747.884821922,0],[1991324.63062759,803759.257830679,0],[1991302.62050101,803774.834243089,0],[1991277.48833342,803793.641948253,0],[1991243.32075085,803823.884341836,0],[1991223.81390008,803848.239608094,0],[1991180.76313317,803893.616813928,0],[1991168.74019134,803899.865817174,0],[1991078.3889941,804022.105730176,0],[1991038.77096309,804067.232608423,0],[1990972.90265651,804151.822990417,0],[1990836.28777225,804321.593976334,0],[1990791.286878,804375.136848256,0],[1990733.98154642,804448.126531675,0],[1990639.43711609,804549.774294257,0],[1990598.72886418,804598.692175418,0],[1990554.6636636,804642.845958501,0],[1990521.12173593,804671.876084179,0],[1990494.16115992,804695.069607332,0],[1990461.67795718,804722.265747175,0],[1990421.41786709,804755.17184934,0],[1990399.19087742,804770.905413672,0],[1990374.31920801,804788.105510503,0],[1990333.93903942,804812.532955095,0],[1990309.89282767,804828.413172677,0],[1990277.55463776,804846.604081169,0],[1990216.78671467,804877.369111508,0],[1990094.86668292,804931.225631088,0],[1990071.67217551,804938.785327256,0],[1990045.99571767,804948.545806423,0],[1989954.13730559,804981.401055679,0],[1989919.32372692,804993.184168592,0]],[[1989917.33718234,804991.48043184,0],[1989879.75556459,804999.452200666,0],[1989848.08010301,805008.992535919,0],[1989807.37677234,805017.432151586,0],[1989724.35430059,805034.287432835,0],[1989681.30254942,805038.524629086,0],[1989645.8111506,805043.816285178,0],[1989610.76561701,805045.69784309,0],[1989522.81664592,805058.208644837,0],[1989379.09514859,805080.094427839,0],[1989324.08541609,805087.668231592,0],[1989247.71713051,805099.341436595,0],[1989184.94035317,805106.843061998,0],[1989140.64877509,805116.606165841,0],[1989113.89095458,805124.43915543,0],[1989075.38873501,805135.572991416,0],[1989044.80152585,805144.731765762,0],[1989018.65131567,805154.220263839,0],[1988996.3360716,805161.024056002,0],[1988976.94109726,805172.393455833,0],[1988955.99658534,805182.167714506,0],[1988927.60425368,805197.073524594,0],[1988892.10727742,805213.991469756,0],[1988857.42230742,805236.257173255,0],[1988845.66380076,805244.945804179,0],[1988797.10943593,805273.408673748,0],[1988780.79089901,805289.412250668,0],[1988763.11114433,805303.907628506,0],[1988713.51708342,805342.715949833,0],[1988700.18771376,805351.756286085,0],[1988614.5136725,805420.086201921,0],[1988545.4468815,805475.584122419,0],[1988511.28586058,805495.122797251,0],[1988374.14341834,805595.056324422,0],[1988340.13561234,805612.826958179,0],[1988314.84465243,805631.332826674,0],[1988286.39457808,805646.79473801,0],[1988267.36935367,805657.841631919,0],[1988241.39466809,805669.878681332,0],[1988213.78908026,805681.57583642,0],[1988184.75993884,805688.039406165,0],[1988002.56050009,805740.096388668,0],[1987902.30610742,805755.352919832,0],[1987869.40722309,805759.0878205,0],[1987848.74847175,805761.432960168,0],[1987649.52478884,805779.721965596,0],[1987559.00298826,805787.022804007,0],[1987483.21869101,805793.580861762,0],[1987304.87816842,805808.401042089,0],[1987106.91924676,805826.155271679,0],[1986996.71474275,805834.688063011,0],[1986922.49605918,805840.059115261,0],[1986886.11621067,805842.271053091,0],[1986852.89678892,805843.994146749,0],[1986803.86834368,805845.975113928,0],[1986766.09939034,805846.225113422,0],[1986728.25727442,805845.732332259,0],[1986692.88037667,805845.239551082,0],[1986653.34535076,805843.498084754,0],[1986602.70404784,805840.534179926,0],[1986493.19901751,805831.224815339,0],[1986366.59067492,805818.319985509,0],[1986356.14745434,805817.315722421,0],[1986215.386581,805803.782284915,0],[1986082.81860468,805793.379418582,0],[1985991.98020367,805787.515585169,0],[1985899.15132108,805781.522486925,0],[1985855.01820725,805779.861401007,0],[1985673.82467201,805777.928662091,0],[1985477.15610209,805781.323996499,0],[1985415.82354759,805782.050701082,0],[1985233.42660268,805786.66519317,0],[1985038.82167692,805790.309870929,0],[1984964.36742951,805792.499499083,0],[1984812.11674976,805801.272775501,0],[1984659.08326317,805807.52243492,0],[1984593.67099242,805813.321635917,0]],[[1984579.72023292,805794.381385088,0],[1984529.09008484,805796.196670175,0],[1984500.08325309,805797.237022415,0],[1984355.06517042,805799.065102756,0],[1984283.42817459,805797.544436499,0],[1984252.62705509,805796.890566424,0],[1983921.13001467,805802.710764751,0],[1983781.84125125,805805.051639333,0],[1983689.83487359,805806.597568005,0],[1983635.21720067,805807.811148256,0],[1983503.33951168,805810.493229508,0],[1983342.09869242,805810.976496249,0],[1983277.90164234,805814.317696929,0],[1983105.98203868,805825.047006175,0],[1982732.71408442,805833.88753967,0]]]},"properties":{"FID":38,"FeatureTyp":"Bike Lane","Label":"Weaver Dairy Road","Fr_St":"Sage Road","To_St":"Martin Luther King Boulevard","Notes":" ","Shape_Leng":12062.6397447,"GlobalID":"1a2af0da-697c-4f86-a841-4fb8d576a192"}},{"type":"Feature","id":39,"geometry":{"type":"MultiLineString","coordinates":[[[1995122.37040742,801281.260818169,0],[1995184.90309076,801217.243229672,0],[1995230.94072834,801158.549777508,0],[1995259.08502901,801108.315954089,0],[1995301.34085001,801027.326614752,0],[1995331.89656317,800930.06040509,0],[1995380.13432759,800776.44621101,0],[1995456.33036943,800539.899111927,0],[1995501.96774533,800397.837060094,0],[1995540.60054208,800305.578058258,0],[1995589.77367209,800193.8312345,0],[1995619.55970176,800125.934716761,0],[1995675.66556068,799999.468762338,0],[1995709.45650358,799920.864588842,0],[1995736.89969018,799859.87816225,0],[1995784.46553992,799770.645073012,0],[1995834.50218526,799676.22925134,0],[1995857.1763525,799638.74277775,0],[1995898.95710884,799574.148418754,0],[1995957.96617718,799491.393663004,0],[1996022.14157376,799397.704874009,0],[1996073.559778,799293.929819092,0],[1996091.14077958,799266.383942425,0],[1996119.69912143,799200.070098668,0],[1996237.13589442,798926.750107259,0]],[[1995119.585308,801286.746699587,0],[1995045.56380251,801353.700962007,0],[1994964.31494926,801427.192612916,0],[1994970.44223359,801436.215888843,0],[1994932.82813559,801455.723723844,0],[1994814.14759867,801564.115567416,0],[1994544.08842751,801810.762055755,0],[1994473.02853025,801870.422697589,0],[1994364.94016376,801961.171531841,0],[1994336.68300243,801984.895893842,0],[1994287.307445,802026.350535333,0],[1994221.88762835,802081.275950417,0],[1994042.39947025,802236.373081177,0],[1994005.90348026,802266.434700832,0],[1993934.02731167,802327.560234755,0]]]},"properties":{"FID":39,"FeatureTyp":"Bike Lane","Label":"Sage Road","Fr_St":"Fordham Boulevard","To_St":"Weaver Dairy Road","Notes":" ","Shape_Leng":4211.50653375,"GlobalID":"a507b8c3-6bba-4fc3-8e58-512fe393590b"}},{"type":"Feature","id":40,"geometry":{"type":"LineString","coordinates":[[1997714.71528834,800773.179157168,0],[1997619.42709309,800808.092145085,0],[1997568.0216841,800827.665924832,0],[1997473.20789734,800863.767558679,0],[1997289.45006275,800933.735922679,0],[1997249.50591692,800945.985898167,0],[1997229.76186192,800950.857607588,0],[1997214.90952942,800953.732273757,0],[1997191.12217543,800956.034106418,0],[1997170.41749242,800957.328067094,0],[1997156.28792751,800957.328067094,0],[1997148.90867718,800957.37301451,0],[1997110.41301925,800957.607266009,0],[1997066.35208376,800957.875310093,0],[1997050.98302001,800957.968813837,0],[1997011.28493667,800960.237838179,0],[1996987.88603334,800962.577400416,0],[1996962.54782942,800966.452720761,0],[1996936.59807818,800972.487157509,0],[1996909.00987875,800981.090158671,0],[1996887.35408217,800989.396900594,0],[1996861.22290084,801000.847337008,0],[1996845.20816909,801009.325994596,0],[1996818.56813051,801023.42931284,0],[1996776.12497392,801045.596591339,0],[1996749.00134051,801059.419398338,0],[1996724.57684867,801069.960387751,0],[1996699.39481242,801080.135236174,0],[1996674.27150309,801087.922950253,0],[1996647.21053359,801095.139799342,0],[1996636.609833,801097.42818059,0],[1996626.55145417,801099.599764168,0],[1996602.51278834,801104.647982419,0],[1996584.84156384,801105.215238512,0],[1996567.65065335,801105.09876892,0],[1996547.92464292,801103.688666761,0],[1996526.94765076,801102.543655917,0],[1996500.00183851,801098.042352587,0],[1996479.93855843,801094.391769335,0],[1996454.24996151,801087.253332168,0],[1996431.31792076,801082.073552504,0],[1996401.99087967,801068.983355582,0],[1996386.89937443,801063.700557753,0],[1996371.09822492,801056.20155701,0],[1996353.45357518,801046.686484173,0],[1996346.10319617,801042.989969254,0],[1996310.24073508,801024.642893091,0],[1996294.81622526,801018.653731838,0],[1996256.43506843,801002.261376172,0],[1996221.13789493,800987.012390926,0],[1996193.46833085,800977.780782089,0],[1996159.37522317,800968.764395922,0],[1996141.03470868,800964.055415839,0],[1996117.73324609,800961.141379669,0],[1996077.89310268,800959.666973174,0],[1996046.70943801,800960.218153179,0],[1995942.52395085,800960.420908675,0],[1995918.39440593,800959.659427255,0],[1995906.17330176,800958.492434844,0],[1995892.67595342,800957.249327093,0],[1995873.80689667,800955.918949172,0],[1995856.78134017,800951.40681909,0],[1995825.28599635,800938.197856009,0],[1995812.19055009,800927.882259846,0],[1995791.57280917,800915.617192507,0],[1995763.78579126,800894.464347675,0],[1995718.21501626,800868.06413801,0],[1995673.03728509,800833.229233921,0],[1995650.33818351,800816.442522094,0],[1995633.14103943,800802.243075415,0],[1995608.58662659,800785.303804845,0],[1995572.60277468,800762.27268292,0],[1995537.89516692,800738.648058251,0],[1995505.89523092,800722.346909761,0],[1995475.83262701,800709.035912752,0],[1995445.48951185,800696.563168675,0]]},"properties":{"FID":40,"FeatureTyp":"Bike Lane","Label":"Old Sterling Drive","Fr_St":"Sage Road","To_St":"Eastowne Drive","Notes":" ","Shape_Leng":2431.5701581,"GlobalID":"a3dca3fb-cf8c-4ad1-b910-4f58cf971619"}},{"type":"Feature","id":41,"geometry":{"type":"LineString","coordinates":[[1993218.60617034,795614.573004588,0],[1993181.01208542,795678.412115753,0],[1993159.02295618,795707.49440667,0],[1993135.61519459,795723.099362344,0]]},"properties":{"FID":41,"FeatureTyp":"Bike Lane","Label":"Ephesus Church Road","Fr_St":"Rams Plaza Driveway","To_St":"Fordham Boulevard","Notes":" ","Shape_Leng":138.678174001,"GlobalID":"ba152d12-1b92-48d1-b1cb-6fbc52f4b350"}},{"type":"Feature","id":42,"geometry":{"type":"LineString","coordinates":[[1996842.48737401,783402.33233726,0],[1996758.23491783,783201.630967006,0],[1996728.98858526,782924.572794095,0],[1996735.90425384,782468.139979929,0],[1996734.4108185,782314.712465256,0]]},"properties":{"FID":42,"FeatureTyp":"Bike Lane","Label":"Friday Center Drive","Fr_St":"Friday Center Driveway","To_St":"Raleigh Road","Notes":" ","Shape_Leng":1106.18587077,"GlobalID":"8729b0be-ef08-439a-8195-c32a3047772a"}},{"type":"Feature","id":43,"geometry":{"type":"LineString","coordinates":[[1983024.82931384,787503.933386013,0],[1982962.48626268,787470.268427089,0],[1982645.16078185,787319.398322001,0],[1982324.09482293,787173.516067833,0],[1981981.20869768,787005.813647345,0],[1981581.5907305,786815.044343844,0],[1981304.7881345,786685.994405091,0],[1981161.39931367,786616.170397758,0],[1981070.37849835,786588.739350259,0],[1980814.77271034,786561.308630839,0],[1980543.5809955,786527.643343836,0]]},"properties":{"FID":43,"FeatureTyp":"Bike Lane","Label":"Rosemary Street","Fr_St":"Pritchard Avenue","To_St":"Merritt Mill Road","Notes":" ","Shape_Leng":2689.69296158,"GlobalID":"2e406cf9-7a06-42ec-bf44-beb4705c26fa"}},{"type":"Feature","id":44,"geometry":{"type":"LineString","coordinates":[[1983555.28166501,786262.854831427,0],[1982536.5691355,785786.293776676,0],[1981215.86770867,785166.138192832,0]]},"properties":{"FID":44,"FeatureTyp":"Bike Lane","Label":"Cameron Avenue","Fr_St":"Pittsboro Street","To_St":"Railroad Tracks","Notes":" ","Shape_Leng":2583.72762771,"GlobalID":"3f644ce9-2477-4e62-a5ae-d6ef01f7f7de"}},{"type":"Feature","id":45,"geometry":{"type":"LineString","coordinates":[[1982561.02741992,806565.689225674,0],[1982683.02225468,806648.932825595,0]]},"properties":{"FID":45,"FeatureTyp":"Bike Lane","Label":"Perkins Drive","Fr_St":"Martin Luther King Jr. Boulevard","To_St":"ABC Store Driveway","Notes":" ","Shape_Leng":147.68966326,"GlobalID":"ec8a6f48-b6a0-46e3-a7d1-d1f53bb4b936"}},{"type":"Feature","id":46,"geometry":{"type":"LineString","coordinates":[[1977488.27247359,810632.338244587,0],[1977450.24367826,809571.088398591,0],[1977531.18971059,808637.464937761,0],[1977628.15933293,808231.544817835,0],[1977685.4843495,808105.869544253,0]]},"properties":{"FID":46,"FeatureTyp":"Bike Lane","Label":"Millhouse Road","Fr_St":"Clyde Road","To_St":"Eubanks Road","Notes":" ","Shape_Leng":2554.53075296,"GlobalID":"c1465205-7676-499e-813b-a10bbb003cc7"}},{"type":"Feature","id":47,"geometry":{"type":"LineString","coordinates":[[1979133.65763426,807906.928341091,0],[1979135.54969084,807974.415082753,0],[1979164.56275618,808040.009767845,0],[1979180.33076926,808078.483444169,0],[1979184.1152105,808122.003042176,0],[1979172.76221484,808222.286962345,0],[1979172.1313106,808270.852482006,0]]},"properties":{"FID":47,"FeatureTyp":"Bike Lane","Label":"Myrica Street","Fr_St":"Eubanks Road","To_St":"Carraway Crossing","Notes":" ","Shape_Leng":373.995320733,"GlobalID":"0f8465ef-9b36-4aad-92b9-de6d7b20ee72"}},{"type":"Feature","id":48,"geometry":{"type":"LineString","coordinates":[[1979113.47460376,808433.577550262,0],[1979123.566119,808415.286576346,0],[1979128.61204067,808349.691891253,0],[1979137.44207551,808234.901438415,0],[1979138.07265167,808138.401631415,0],[1979131.13467342,808079.74492459,0],[1979112.21345143,808045.686265677,0],[1979091.39951667,807995.859593675,0],[1979081.93890567,807929.003428176,0]]},"properties":{"FID":48,"FeatureTyp":"Bike Lane","Label":"Myrica Street","Fr_St":"Carraway Crossing","To_St":"Eubanks Road","Notes":" ","Shape_Leng":517.858697341,"GlobalID":"764bfef3-4573-4e70-923a-593135e858b4"}},{"type":"Feature","id":49,"geometry":{"type":"LineString","coordinates":[[1995225.55327192,784470.59201175,0],[1995244.309468,784501.401005253,0],[1995267.87208493,784540.535113335,0],[1995296.47996734,784605.276781753,0],[1995358.01527734,784722.631862,0],[1995416.85538276,784833.299619675,0],[1995456.46783634,784904.414963007,0],[1995477.58623242,784935.583207756,0],[1995493.494009,784956.290187344,0],[1995511.63111185,784970.019818678,0],[1995530.92438035,784984.416771501,0],[1995549.24553792,784995.874425754,0],[1995568.51584059,785008.065018177,0],[1995585.76646225,785017.933436751,0],[1995605.09647609,785026.171609253,0],[1995623.55608484,785032.599417925,0],[1995641.56621942,785035.176840588,0],[1995657.73154142,785036.785433173,0],[1995676.09534983,785036.407481179,0],[1995699.5939905,785034.754925415,0],[1995719.79998684,785034.00623925,0],[1995733.36656076,785030.604343176,0],[1995758.29728517,785023.131917179,0],[1995781.01311901,785014.654243842,0],[1995802.00684342,785003.969225839,0],[1995824.45758593,784992.624104172,0],[1995848.50051685,784974.433195665,0],[1995863.73637876,784958.365970582,0],[1995881.008982,784939.44212392,0],[1995889.81047359,784927.615047842,0],[1995897.36065534,784915.676751509,0],[1995906.05716026,784898.191550255,0],[1995915.45051417,784883.069205165,0],[1995923.86814825,784860.770365253,0],[1995936.29332025,784834.946269929,0],[1995954.27819243,784801.367925003,0],[1995972.62231584,784779.156355262,0],[1995989.38212484,784758.512039587,0],[1996005.97395517,784743.415285006,0],[1996022.00935617,784727.652193174,0],[1996037.2826196,784717.854968667,0],[1996051.73928359,784708.21161525,0],[1996078.11259042,784695.035788596,0],[1996099.03971392,784683.340930089,0],[1996121.95699093,784672.240886673,0],[1996157.0852015,784659.204495415,0],[1996198.80723092,784650.312124759,0],[1996214.07622926,784647.766854256,0],[1996231.87999943,784645.831490666,0],[1996260.85992834,784645.505703926,0],[1996339.41915442,784643.089698255,0],[1996498.56384926,784638.533605009,0],[1996692.18190034,784632.139917001,0],[1996739.07911626,784631.530666262,0],[1996907.85436925,784626.683563083,0],[1997073.95574309,784621.520843759,0],[1997149.71346559,784619.076951012,0],[1997231.13062559,784617.883711919,0],[1997275.67056276,784613.719022095,0],[1997315.16523442,784614.256750673,0],[1997376.72941576,784613.535623506,0],[1997414.49935333,784612.149799511,0],[1997447.35525876,784608.762667179,0],[1997483.72296818,784603.324357837,0],[1997507.75376001,784597.909014344,0],[1997534.04832684,784591.680680335,0],[1997548.3973795,784587.423142925,0],[1997557.67852892,784585.957594678,0],[1997561.92688,784583.408715248,0],[1997572.53086142,784580.262068003,0],[1997604.91038984,784567.668589249,0],[1997642.84338485,784552.187321007,0],[1997690.50208217,784527.345507175,0],[1997720.51317701,784508.015165254,0],[1997749.86482434,784488.012580588,0],[1997754.95306876,784484.085751176,0],[1997779.41594633,784465.243925333,0],[1997802.07272518,784446.052690759,0],[1997824.62582967,784425.075042427,0],[1997827.60285784,784422.294208094,0],[1997854.871176,784391.425831512,0],[1997886.08994558,784354.64900218,0],[1997903.473441,784331.554888248,0],[1997914.85005867,784314.126773506,0],[1997931.57837167,784285.636344925,0],[1997946.72499493,784258.425113261,0],[1997959.30042909,784231.764077336,0],[1997968.32304884,784210.209002346,0],[1997982.00149918,784172.595232427,0],[1997990.6586341,784146.621531084,0],[1997996.74228334,784123.747889176,0],[1998002.47553959,784095.081279844,0],[1998008.33248326,784065.267035007,0],[1998010.9791315,784048.424548998,0],[1998012.70156901,784030.465595424,0],[1998015.634634,783988.599865511,0],[1998016.64316218,783964.146174252,0],[1998015.86035535,783925.304716513,0],[1998014.29014851,783891.131228417,0],[1998008.13989834,783857.028278261,0],[1998001.85414976,783825.600191504,0],[1997981.43457118,783753.399876595,0],[1997941.30637059,783618.014320582,0],[1997888.63718459,783438.561923593,0],[1997867.19693875,783363.335039929,0],[1997829.67700067,783217.581394419,0]]},"properties":{"FID":49,"FeatureTyp":"Bike Lane","Label":"E. Barbee Chapel Road","Fr_St":"NC 54","To_St":"NC 54","Notes":" ","Shape_Leng":4407.51951644,"GlobalID":"c7f4969b-c188-4e1b-a83a-4f517dfee4df"}},{"type":"Feature","id":50,"geometry":{"type":"LineString","coordinates":[[1997307.81879242,785207.453070834,0],[1997285.76404651,785217.325098336,0],[1997270.61283009,785224.10756509,0],[1997245.72639692,785231.451710507,0],[1997222.40557742,785237.381160587,0],[1997192.82230325,785242.577672511,0],[1997156.70984267,785245.718086168,0],[1997145.90704276,785245.924122512,0],[1997116.9454865,785246.476614833,0],[1997013.67010251,785247.250563428,0],[1996880.37378117,785250.249573171,0],[1996816.56124476,785256.66294618,0],[1996746.73592509,785273.47262384,0],[1996712.68809292,785283.973587096,0],[1996685.70487918,785294.574287668,0],[1996671.17833342,785300.585102424,0],[1996657.78334709,785306.127414167,0],[1996632.38018267,785319.139199167,0],[1996592.96195443,785343.717234001,0],[1996518.94799484,785389.867404178,0],[1996424.71294709,785448.428310677,0],[1996356.18060385,785491.489248171,0],[1996350.90502384,785494.81371659,0],[1996296.55047376,785529.066928923,0],[1996261.13715875,785551.383813426,0],[1996194.33775167,785594.351903334,0],[1996150.92018759,785620.041156426,0],[1996103.10499451,785649.155599505,0],[1996093.97738808,785655.675271511,0],[1996046.7232175,785684.027577013,0],[1996035.58052325,785687.741808429,0],[1996032.35677643,785689.512474179,0],[1995996.22922401,785705.269988582,0],[1995968.65808493,785714.723053679,0],[1995948.61022475,785719.632820755,0],[1995926.32253967,785726.868370593,0],[1995903.96923792,785729.532735333,0],[1995886.14118959,785730.320463419,0],[1995854.06481017,785730.921840176,0],[1995800.55507468,785724.40052776,0],[1995678.97296876,785712.291628093,0]]},"properties":{"FID":50,"FeatureTyp":"Bike Lane","Label":"Sprunt Street","Fr_St":"Meadowmont Lane","To_St":"Old Barn Lane","Notes":" ","Shape_Leng":1759.44278793,"GlobalID":"3b7cfce8-419c-4514-8e2c-12ab9e3de53e"}},{"type":"Feature","id":51,"geometry":{"type":"LineString","coordinates":[[1997650.52808076,786731.196414426,0],[1997651.63142501,786683.035749584,0],[1997654.20556684,786557.642299592,0],[1997655.67373976,786459.978781,0],[1997657.88010018,786369.506521001,0],[1997658.60680476,786284.213056415,0],[1997659.94046351,786261.78134276,0],[1997645.94114767,786118.045737833,0],[1997647.20918976,786080.232821345,0],[1997644.59731834,786030.956345096,0],[1997641.37914893,785976.111310422,0],[1997641.75414817,785893.471055761,0],[1997639.01399617,785813.233355343,0],[1997635.89031476,785775.740320086,0],[1997634.68099959,785738.00056617,0],[1997630.50942001,785717.145621002,0],[1997622.52780868,785684.463271677,0],[1997611.44351326,785646.063086003,0],[1997597.62300284,785603.032332167,0],[1997580.17389075,785563.373290762,0],[1997568.36649968,785534.261472344,0],[1997544.15952709,785494.827496082,0],[1997539.40494342,785482.301602513,0],[1997529.93252142,785468.232733011,0],[1997512.2206146,785449.273781419,0],[1997435.60396992,785332.243831754,0],[1997380.53780709,785236.040940166,0],[1997334.70948668,785177.386529922,0],[1997326.52347942,785158.029285178,0],[1997308.24923776,785110.227215424,0],[1997303.31880142,785081.768610924,0],[1997296.33587576,785052.441569835,0],[1997295.5159955,785029.59089376,0],[1997290.44317101,784998.195943415,0],[1997287.27815109,784978.022755429,0],[1997286.92218067,784962.704872668,0],[1997284.37067659,784921.770243257,0],[1997287.98648301,784874.506558254,0],[1997290.47073001,784848.999391422,0],[1997293.88738984,784810.282933429,0],[1997295.19119301,784786.454240918,0],[1997297.84702758,784761.524828836,0],[1997300.22956876,784722.821166083,0],[1997302.58553517,784694.031853586,0],[1997302.86768684,784678.983327255,0],[1997302.74563985,784630.982110918,0],[1997300.93101092,784579.507148251,0],[1997301.47136417,784544.84448792,0],[1997302.65607309,784508.50007242,0],[1997302.78172901,784495.322277263,0],[1997304.7994415,784472.717007503,0],[1997305.02024159,784449.51757884,0],[1997299.89525184,784423.916252092,0],[1997299.48416342,784398.872010842,0],[1997296.23876309,784374.9534235,0],[1997294.11967283,784358.005622759,0],[1997289.76207,784341.005656749,0],[1997281.97238742,784308.212087169,0],[1997278.18499343,784293.242957011,0],[1997270.72405034,784251.435625926,0],[1997263.50523275,784220.256226346,0],[1997254.35498859,784190.182467595,0],[1997233.56861284,784141.184534088,0],[1997207.24517468,784080.57048209,0],[1997140.09701501,783950.917854249,0],[1997098.711271,783857.618172094,0],[1997048.19234318,783748.530463755,0],[1997011.5739781,783686.935442582,0],[1996976.84832576,783622.79383859,0],[1996961.93201701,783575.053776592,0]]},"properties":{"FID":51,"FeatureTyp":"Bike Lane","Label":"Meadowmont Lane","Fr_St":"Raleigh Road","To_St":"Simerville Road","Notes":" ","Shape_Leng":3319.92748145,"GlobalID":"cdc51980-490b-4a99-89f0-5306e9bd274c"}},{"type":"Feature","id":52,"geometry":{"type":"LineString","coordinates":[[1993668.911044,796899.477258921,0],[1993869.0231766,796654.684113339,0],[1994007.57768951,796456.347567752,0],[1994179.75221393,796424.640282094,0],[1994304.58365718,796385.712538421,0],[1994362.49922375,796341.839594677,0],[1994419.53159,796298.987318173,0]]},"properties":{"FID":52,"FeatureTyp":"Bike Lane","Label":"Novus Lane","Fr_St":"Fordham Boulevard Service Road","To_St":"Legion Road","Notes":" ","Shape_Leng":1007.94197668,"GlobalID":"14185df4-f2ae-468c-9867-5097ae9ed060"}},{"type":"Feature","id":53,"geometry":{"type":"LineString","coordinates":[[1997847.36364509,799733.669097096,0],[1997807.13341059,799803.001963675,0],[1997765.19090918,799875.759036005,0],[1997740.36812417,799923.69299525,0],[1997719.82485817,799967.347107425,0],[1997703.56176734,800000.729586586,0],[1997692.43416493,800024.696730256,0],[1997668.41354367,800079.906265512,0],[1997651.29448342,800137.202410758,0],[1997642.30664051,800177.539600417,0]]},"properties":{"FID":53,"FeatureTyp":"Bike Lane","Label":"Eastowne Drive","Fr_St":"Fordham Boulevard","To_St":"UNC Healthcare Driveway","Notes":" ","Shape_Leng":491.257927609,"GlobalID":"8eac84db-efcc-49bd-b69f-004e41da03eb"}},{"type":"Feature","id":54,"geometry":{"type":"LineString","coordinates":[[1997806.27744117,799693.438534498,0],[1997760.05542076,799782.459025756,0],[1997719.82485817,799856.927708834,0],[1997689.86625667,799911.709423423,0],[1997664.18750225,799971.626954511,0],[1997647.92408334,800019.560913756,0],[1997631.87457475,800077.231402084,0],[1997610.47566742,800141.428780258,0],[1997601.11348142,800182.889327258,0]]},"properties":{"FID":54,"FeatureTyp":"Bike Lane","Label":"Eastowne Drive","Fr_St":"UNC Healthcare Driveway","To_St":"Fordham Boulevard","Notes":" ","Shape_Leng":533.226988429,"GlobalID":"4c28034b-393b-452d-a7b2-fdbf10ac33e5"}},{"type":"Feature","id":55,"geometry":{"type":"LineString","coordinates":[[1984268.9160645,804415.080009833,0],[1984279.26020393,804512.133949593,0],[1984281.35567218,804529.425253585,0],[1984282.54530235,804541.986252084,0],[1984281.42883475,804565.108253092,0],[1984280.87995134,804583.119371921,0],[1984278.14701718,804626.852880254,0],[1984269.10241584,804653.43911317,0],[1984267.05222309,804659.975189343,0],[1984263.429855,804671.523066506,0],[1984256.40887168,804689.525655165,0],[1984247.86886251,804708.919317171,0],[1984244.725168,804719.769361094,0],[1984232.925979,804741.340184093,0],[1984212.81840767,804770.538944587,0],[1984202.93883425,804783.651123092,0],[1984188.1957535,804796.46605809,0],[1984172.25779326,804814.374486834,0],[1984165.38707209,804820.35839875,0],[1984153.6941821,804830.257001013,0],[1984134.73490243,804844.66674909,0],[1984134.10695092,804845.143782258,0],[1984124.35008067,804850.806172505,0],[1984098.72480384,804865.676221505,0],[1984068.54835501,804880.947516426,0],[1984043.43948135,804890.271644756,0],[1984016.39754067,804898.860210255,0],[1984003.66889159,804901.746031255,0],[1983986.57443759,804904.772928089,0],[1983971.49769609,804909.832629248,0],[1983931.92494059,804912.55014351,0],[1983912.43974334,804911.254542425,0],[1983896.54869901,804911.192862749,0],[1983882.69144326,804909.933678925,0],[1983868.20065859,804906.333948582,0],[1983832.17678051,804899.244723916,0],[1983671.56916209,804867.644393429,0],[1983415.43351951,804820.173359752,0],[1983257.94794209,804790.930636093,0],[1983094.94236259,804761.399527177,0]]},"properties":{"FID":55,"FeatureTyp":"Bike Lane","Label":"Westminster Drive","Fr_St":"Martin Luther King Jr. Boulevard","To_St":"Saluda Court","Notes":" ","Shape_Leng":1547.33766458,"GlobalID":"72f35664-68d9-4bf5-8696-775a2f13d566"}},{"type":"Feature","id":56,"geometry":{"type":"LineString","coordinates":[[1979427.40475017,772895.478022918,0],[1979450.38764384,772978.348264009,0],[1979472.15334834,773046.804163843,0],[1979504.76089467,773090.026190251,0],[1979542.183392,773117.628825337,0],[1979589.26433459,773153.633346513,0],[1979674.97807392,773223.24606818,0],[1979725.7227231,773324.114960924,0],[1979728.92678492,773355.875724167,0],[1979739.67643534,773374.19294475,0],[1979748.27287485,773393.614165753,0],[1979754.60422701,773413.887091085,0],[1979758.58847101,773434.748269841,0],[1979760.17376967,773455.927689418,0],[1979759.33978184,773477.149759844,0],[1979761.93360868,773499.137248665,0],[1979766.6261846,773520.774016425,0],[1979773.37420259,773541.860588416,0],[1979782.11532684,773562.201755092,0],[1979792.76852076,773581.61018084,0],[1979805.23568742,773599.906075999,0],[1979819.40166959,773616.920805752,0],[1979878.11775951,773697.928517759,0],[1979885.62857126,773717.366471007,0],[1979890.72304925,773737.5731235,0],[1979893.32507817,773758.248935178,0],[1979893.39627226,773779.087476179,0],[1979890.93597534,773799.780348167,0],[1979885.98027658,773820.021449417,0],[1979878.60266668,773839.510583669,0],[1979868.91272542,773857.959037587,0],[1979857.05316909,773875.094173923,0],[1979848.18442042,773887.521314427,0],[1979837.33962584,773898.267684013,0],[1979824.83210492,773907.02291584,0],[1979811.02307743,773913.534385756,0],[1979796.31083651,773917.613773927,0],[1979781.12057817,773919.143626511,0],[1979765.89029367,773918.07965225,0],[1979682.77923943,773934.797466591,0]]},"properties":{"FID":56,"FeatureTyp":"Paved Greenway","Label":"Fan Branch Trail","Fr_St":" ","To_St":" ","Notes":" ","Shape_Leng":1334.6565252,"GlobalID":"3e0175fa-e9a4-4e5a-9522-98fd5e5868b0"}},{"type":"Feature","id":57,"geometry":{"type":"MultiLineString","coordinates":[[[1993389.18194467,802799.912964582,0],[1993397.65928993,802486.227568343,0],[1993399.73868209,802466.097031176,0],[1993399.45653042,802445.861507341,0],[1993396.81644385,802425.796586841,0],[1993391.85451151,802406.176875427,0],[1993384.63831858,802387.269432917,0],[1993342.238469,802345.390579671,0],[1993327.06199017,802329.245270759,0],[1993301.42129342,802301.967766255,0],[1993262.242566,802257.061031923,0],[1993245.79378001,802202.425314426,0],[1993231.61139368,802147.1580365,0],[1993219.71902901,802091.353030011,0],[1993210.13735525,802035.105439082,0],[1993202.88244851,801978.510407925,0],[1993197.96644785,801921.664721087,0],[1993195.39788343,801864.664507002,0],[1993195.18134843,801807.60687834,0],[1993197.31684284,801750.588947758,0]],[[1993566.92994876,802332.58187826,0],[1993327.06199017,802329.245270759,0],[1993326.7014266,802329.240349501,0]]]},"properties":{"FID":57,"FeatureTyp":"Paved Greenway","Label":"Sedgefield/Weaver Dairy Connector","Fr_St":" ","To_St":" ","Notes":" ","Shape_Leng":1347.54738343,"GlobalID":"2c36da66-a281-42a6-8dba-46afac79909f"}},{"type":"Feature","id":58,"geometry":{"type":"MultiLineString","coordinates":[[[1993351.25912026,796596.528389752,0],[1993403.33808434,796677.834657595,0],[1993656.3306886,796888.653133586,0]],[[1993352.57670292,796599.822346419,0],[1993309.37633,796523.402551755,0],[1993331.79852925,796445.054939419,0],[1993259.2291206,796366.313627094,0],[1993227.49624443,796247.73118709,0],[1993181.74371126,796094.276769593,0],[1993243.67042467,796027.619094506,0],[1993195.91264617,795976.915455759,0],[1993170.26899667,795875.004242256,0],[1993118.16214551,795791.682886586,0]]]},"properties":{"FID":58,"FeatureTyp":"Paved Greenway","Label":"Fordham Sidepath","Fr_St":"Ephesus Church Road","To_St":"Novus Lane","Notes":" ","Shape_Leng":1349.11636502,"GlobalID":"00abaa29-91ba-4a7a-b196-e9f40fd5a890"}},{"type":"Feature","id":59,"geometry":{"type":"MultiLineString","coordinates":[[[1981374.35262792,797574.74100025,0],[1981368.90316376,797581.161263004,0],[1981338.69390659,797613.374453172,0],[1981291.23369968,797629.225471333,0],[1981239.3712706,797609.262256667,0],[1981188.98029526,797610.446309417,0],[1981141.59850025,797631.053223595,0],[1981121.72780509,797670.553144589,0],[1981090.64847092,797700.006169677,0],[1981058.98449226,797716.789272591,0],[1981003.62239826,797746.132717833,0],[1980974.71563192,797782.099181339,0],[1980868.76571259,797870.514358833,0],[1980832.90948509,797888.033024594,0],[1980795.44597735,797915.686512589,0],[1980785.28458034,797928.198954761,0],[1980783.86233909,797929.949935511,0],[1980783.92598726,797930.314107999,0],[1980782.05755268,797932.313447833,0]],[[1980782.05755268,797932.313447833,0],[1980809.7894526,797917.625813171,0],[1980882.63970059,797883.769253582,0],[1980924.74197859,797859.138069257,0],[1980971.04962876,797787.757634595,0],[1981070.33486326,797738.902089253,0]],[[1980782.05755268,797932.313447833,0],[1980761.84597893,797953.944310084,0]],[[1980761.84597893,797953.944310084,0],[1980765.57563026,797941.043089166,0],[1980782.05755268,797932.313447833,0]],[[1980761.84597893,797953.944310084,0],[1980751.2856326,797965.246124759,0],[1980730.84374434,797985.677842423,0]],[[1980121.86136651,801248.465280086,0],[1980161.84652276,801198.169448927,0],[1980170.86553359,800805.446481094,0],[1980219.14922968,800214.03132534,0],[1980205.08889034,800124.097121999,0],[1980183.61911701,800085.031911418,0],[1980196.88582276,800023.01956825,0],[1980191.44915384,799914.408236921,0],[1980215.27030042,799812.159425676,0],[1980239.85522501,799710.675704762,0],[1980261.10419826,799614.9308175,0],[1980306.63527517,799526.643592507,0],[1980334.92918184,799489.011121839,0],[1980373.59577118,799435.431176499,0],[1980414.45559759,799365.99102667,0],[1980449.32527851,799301.109922841,0],[1980490.35111509,799223.790851757,0],[1980544.79687235,799140.623367175,0],[1980595.52249268,799054.939483419,0],[1980668.49183492,798931.842944846,0],[1980714.02619268,798851.113775596,0],[1980737.87981951,798754.862327665,0],[1980778.89843826,798612.142140672,0],[1980813.59751584,798514.446141839,0],[1980828.56008434,798459.475123167,0],[1980841.9645851,798420.175333008,0],[1980832.39111343,798308.03513734,0],[1980793.61724085,798170.909099251,0],[1980757.36862567,798068.218359753,0],[1980750.814833,797992.102370262,0],[1980761.84597893,797953.944310084,0]]]},"properties":{"FID":59,"FeatureTyp":"Paved Greenway","Label":"Carolina North Greenway","Fr_St":" ","To_St":" ","Notes":" ","Shape_Leng":4684.79311556,"GlobalID":"1373e339-9a7b-42d6-bda2-76d551260fd1"}},{"type":"Feature","id":60,"geometry":{"type":"MultiLineString","coordinates":[[[1984480.31524801,791770.712582082,0],[1984410.09294751,791815.439854845,0],[1984300.95799518,791869.112975836,0],[1984246.8376966,791896.396713927,0],[1984181.53566185,791917.418653503,0],[1984088.05520576,791928.600389674,0]],[[1984025.78662951,791843.372869834,0],[1984172.4753125,791852.092668667,0],[1984252.45612368,791821.264318258,0],[1984314.01571184,791796.336546585,0],[1984392.84823135,791782.368070588,0],[1984492.29652326,791768.138768345,0],[1984505.52254668,791766.358260095,0],[1984530.95720708,791765.086609095,0],[1984545.20028885,791764.069222674,0],[1984563.51324435,791759.999677002,0],[1984586.15001009,791746.519389004,0],[1984605.48035201,791729.478084505,0],[1984618.70604734,791715.743860006,0],[1984631.67780617,791695.396131679,0],[1984644.14070776,791676.320382416,0],[1984656.09475209,791663.603216261,0],[1984662.45333518,791655.464124918,0],[1984671.10128376,791647.32503359,0],[1984683.30959268,791640.203328669,0],[1984697.29840983,791633.335888341,0],[1984711.79641233,791626.977305248,0],[1984727.82000235,791621.127579421,0],[1984770.80416834,791604.84939675,0],[1984789.88024567,791596.964570001,0],[1984799.11021408,791591.498373583,0],[1984813.33721976,791585.607309252,0],[1984827.27059084,791579.297938675,0],[1984840.83027501,791572.459697753,0],[1984850.41391726,791559.067336082,0],[1984867.9227405,791529.592329428,0],[1984893.09657468,791500.946061254,0],[1984936.06499268,791446.258834675,0],[1984953.4265065,791422.387491345,0],[1984990.44874218,791377.378723085,0],[1985045.31018101,791323.21216476,0],[1985077.6017831,791293.698116168,0],[1985132.88120009,791245.079775095,0],[1985145.12691051,791235.748757005,0],[1985158.54158184,791225.289788425,0],[1985170.48840834,791215.09164609,0],[1985184.76593883,791206.349865675,0],[1985201.37548567,791199.356769428,0],[1985217.98437634,791194.403039172,0],[1985236.3416231,791189.740975007,0],[1985252.36783776,791184.495906755,0],[1985259.360934,791182.164546594,0],[1985272.76477858,791181.581870586,0],[1985286.75129917,791180.999522671,0],[1985308.89692417,791183.330226675,0],[1985388.4453215,791194.694377169,0],[1985466.24536276,791206.349865675,0],[1985518.98607093,791215.965660095,0],[1985574.05813926,791223.250422418,0],[1985592.99839009,791225.872792512,0],[1985616.89204308,791230.243518665,0],[1985649.52714843,791237.236614928,0],[1985690.02969208,791249.475107506,0],[1985726.74451368,791262.58728601,0],[1985778.79985575,791291.000943094,0],[1985801.71647659,791302.806365669,0],[1985830.88308492,791303.50091809,0],[1985871.1608915,791300.723364592,0],[1985919.77201475,791300.723364592,0],[1985937.12532651,791306.586869925,0],[1985992.19739485,791316.785340339,0],[1986019.77214284,791322.250880584,0],[1986084.35534701,791334.056303173,0],[1986130.31424458,791338.347633168,0],[1986178.10548759,791342.389619842,0],[1986251.02233651,791359.056581259,0],[1986277.41106325,791364.612016335,0],[1986339.21638584,791386.139860421,0],[1986388.52206151,791404.195598587,0],[1986416.2998931,791415.306468755,0],[1986439.21651392,791428.500996172,0],[1986460.16430667,791445.190923423,0],[1986500.66455376,791503.649139836,0],[1986518.62219501,791522.752776176,0],[1986535.05162409,791537.653993085,0],[1986557.59422992,791550.262235582,0],[1986590.83497709,791570.512523174,0],[1986617.58065851,791592.291351005,0],[1986639.74104726,791615.979951918,0],[1986691.32165276,791675.966052428,0],[1986726.09061208,791712.26355201,0],[1986762.77032876,791743.211980924,0],[1986784.16693951,791764.990480676,0],[1986799.06782834,791782.94812192,0],[1986810.14818676,791798.995333925,0],[1986820.082222,791816.952975169,0],[1986821.61043417,791836.439156666,0],[1986836.51165108,791857.45322226,0],[1986845.68125217,791873.118873343,0],[1986852.94075209,791886.49122192,0],[1986888.47414559,791926.227362916,0],[1986915.98360501,791954.88347359,0],[1986941.96485226,791974.751216009,0],[1986955.33785701,791978.954291582,0],[1986976.35192259,791982.39326109,0],[1987005.38992226,791980.864720836,0],[1987089.06527984,791974.751216009,0],[1987144.70985359,791969.751882166,0],[1987181.79540934,791979.826009005,0],[1987244.5994176,792003.387969762,0],[1987262.17254518,792020.961097345,0]],[[1987262.17254518,792020.961097345,0],[1987289.44775309,791985.040893584,0],[1987326.14157733,791969.751882166,0],[1987359.77766493,791953.443187758,0],[1987378.12474109,791927.961283341,0],[1987403.99772084,791835.212125003,0],[1987418.89598501,791806.667234585,0],[1987443.3585345,791786.281776667,0],[1987486.78331642,791767.373021841,0],[1987499.93781768,791759.402565345,0],[1987513.92958759,791752.167343587,0],[1987528.44301,791746.093536839,0],[1987543.16279684,791741.622417167,0],[1987557.77858126,791739.239876002,0],[1987572.44390626,791741.281210512,0],[1987587.31231484,791746.476082012,0]],[[1987262.17254518,792020.961097345,0],[1987269.6820446,792048.77108109,0],[1987279.44186759,792075.873061001,0],[1987291.38705367,792102.085278928,0],[1987305.43722242,792127.232538342,0],[1987321.49821392,792151.145220175,0],[1987339.46208876,792173.663875923,0],[1987359.20811225,792194.636603013,0],[1987380.60472301,792213.923309833,0],[1987403.50756434,792231.394075423,0],[1987427.76342134,792246.932430178,0],[1987453.20923659,792260.433715507,0],[1987479.67473485,792271.807052344,0],[1987506.98209493,792280.976653427,0],[1987534.94824634,792287.881167173,0],[1987563.38585351,792292.473677665,0],[1987592.10364383,792294.723673165,0],[1987790.02024275,792329.446044669,0],[1987814.20917076,792343.592013761,0],[1987839.6021646,792355.4413995,0],[1987865.98203309,792364.891839921,0],[1987893.12272684,792371.863282666,0],[1987920.79130667,792376.295360416,0],[1987948.7515526,792378.150343582,0],[1987976.76363568,792377.412484169,0],[1988004.58707084,792374.08801575,0],[1988031.98432575,792368.20515351,0],[1988307.38141276,792388.473813757,0],[1988327.7544035,792385.711352095,0],[1988347.61066301,792380.380326003,0],[1988366.62768534,792372.567349508,0],[1988384.4967441,792362.399390832,0],[1988400.92748551,792350.041147843,0],[1988415.65284976,792335.694063678,0],[1988428.43432026,792319.590421334,0],[1988439.06389217,792301.992031336,0],[1988447.36899367,792283.184654251,0],[1988453.21478251,792263.473735675,0],[1988449.74267659,792128.057011753,0],[1988450.89687376,792114.33558251,0],[1988454.25939985,792100.982918918,0],[1988459.74167234,792088.351382509,0],[1988467.19867842,792076.775618255,0],[1988476.43324001,792066.561399832,0],[1988487.20093501,792057.978739843,0],[1988499.21764326,792051.254671916,0],[1988512.16479585,792046.567345336,0],[1988525.70085801,792044.040119424,0],[1988539.46723467,792043.740251258,0],[1988553.10040951,792045.675286755,0],[1988918.49272335,792037.779305175,0],[1988932.65247193,792039.210732758,0],[1988946.39752318,792042.901342168,0],[1988959.36993818,792048.755333096,0],[1988971.231463,792056.619818673,0],[1988981.67337126,792066.29007493,0],[1988990.42368184,792077.514133841,0],[1988997.25437684,792090.000001252,0],[1989001.98730701,792103.421890423,0],[1989004.49944109,792117.430392593,0],[1989004.72516242,792131.660351008,0],[1989002.65856551,792145.74168767,0],[1988998.35378408,792159.306949258,0],[1988994.73535301,792176.091036424,0],[1988993.61166759,792193.223876178,0],[1988995.00766218,792210.337030917,0],[1988998.89282501,792227.061406925,0],[1989005.18349484,792243.037424833,0],[1989013.74417326,792257.920597166,0],[1989037.84681535,792295.855560675,0],[1989064.03967634,792332.378453508,0],[1989092.24106351,792367.374118418,0],[1989122.361082,792400.73231943,0],[1989154.30557193,792432.347741753,0],[1989187.97381167,792462.121304259,0],[1989223.25950226,792489.958518922,0],[1989260.05142343,792515.772115588,0],[1989298.23408984,792539.480729595,0],[1989337.68643875,792561.009557918,0],[1989378.28511085,792580.291015416,0],[1989419.90116934,792597.263750508,0],[1989462.40436517,792611.874941751,0],[1989497.03552951,792607.472719595,0],[1989531.29924051,792600.78900592,0],[1989565.04622026,792591.853328258,0],[1989598.127847,792580.705056593,0],[1989630.39976409,792567.392419174,0],[1989661.72023951,792551.974142924,0],[1989691.95180634,792534.517813012,0],[1989720.96290317,792515.099872842,0],[1989748.62557751,792493.804967925,0],[1989774.81909467,792470.726930082,0],[1989799.42829743,792445.966809005,0],[1989854.89472193,792421.485230669,0],[1989941.05563883,792388.476766512,0],[1989984.98534101,792376.797327921,0],[1990029.47245675,792367.462044761,0],[1990074.39133017,792360.497491762,0],[1990119.61663343,792355.923025832,0],[1990165.02041401,792353.751442254,0],[1990185.85370567,792353.751442254,0],[1990220.57607718,792350.279336333,0],[1990314.32588968,792357.223876253,0],[1990383.77030459,792364.168088093,0],[1990439.32596776,792364.168088093,0],[1990508.77038267,792374.584733918,0],[1990522.65913442,792385.001379758,0],[1990567.79815176,792402.362565503,0],[1990602.52052325,792402.362565503,0]]]},"properties":{"FID":60,"FeatureTyp":"Paved Greenway","Label":"Bolin Creek Greenway","Fr_St":" ","To_St":" ","Notes":" ","Shape_Leng":8798.11755206,"GlobalID":"e877fc7c-3b83-4880-95d1-48cad9b3f892"}},{"type":"Feature","id":61,"geometry":{"type":"LineString","coordinates":[[1984675.63309884,804279.753508836,0],[1984333.24270751,804322.648108095,0]]},"properties":{"FID":61,"FeatureTyp":"Paved Greenway","Label":"Timberlyne/Pitch Pine Connector","Fr_St":"Edisto Ct.","To_St":"Pitch Pine Ln.","Notes":" ","Shape_Leng":345.066843849,"GlobalID":"a579a257-dcee-46bd-8d74-3a1270273347"}},{"type":"Feature","id":62,"geometry":{"type":"LineString","coordinates":[[1992993.78148876,785305.667769417,0],[1993232.648137,785240.076365173,0],[1993651.73588151,785074.110817835,0],[1994239.99290709,784759.039269507,0],[1995084.42953843,784315.89087759,0],[1996387.89806008,783645.837427676,0],[1997233.92655176,783206.361272499,0],[1997409.663405,783129.162936091,0],[1997627.69282459,783056.724760756,0],[1997732.99609168,783050.023658678,0],[1997812.50380668,783039.271711677,0],[1997842.97126542,783028.861955583,0],[1997866.54634951,782994.849228337,0],[1998063.47443335,783002.44271709,0],[1998072.86581875,782948.943480253,0],[1998113.53798151,782946.290926501,0],[1998195.76649159,782953.364403173,0],[1998261.19582267,782956.901141509,0],[1998321.32004626,782956.901141509,0],[1998352.26617859,782962.206248999,0],[1998420.34806342,782988.731786504,0]]},"properties":{"FID":62,"FeatureTyp":"Paved Greenway","Label":"NC 54 East","Fr_St":"Hamilton Road","To_St":"Barbee Chapel Road","Notes":" ","Shape_Leng":6024.22392831,"GlobalID":"e1371492-c003-4880-82b7-e1a95bb86663"}},{"type":"Feature","id":63,"geometry":{"type":"LineString","coordinates":[[1980259.83189109,774539.53313376,0],[1980209.24308151,774501.308472678,0],[1980173.84092134,774489.250753999,0],[1980129.34396309,774487.267162174,0],[1980080.81584492,774505.422637671,0],[1980053.52423283,774523.563677505,0],[1980000.95019101,774540.714889929,0],[1979970.6097005,774536.708336249,0],[1979939.25379209,774526.661768422,0],[1979886.65547208,774507.568302676,0],[1979858.33859959,774505.574212179,0],[1979794.62940942,774505.617847249,0],[1979757.21905117,774514.70477134,0],[1979714.75785001,774531.849750176,0],[1979695.53774409,774522.801868007,0],[1979644.96369825,774506.727753177,0],[1979609.55628876,774487.623132586,0],[1979602.44606675,774442.321713999,0],[1979593.27351293,774339.633599177,0],[1979582.06192118,774213.789690763,0],[1979595.16163251,774146.323946416,0],[1979642.64546143,774079.84081167,0],[1979679.02235718,774037.529216498,0],[1979687.08402084,773996.243866012,0],[1979682.77923943,773934.797466591,0]]},"properties":{"FID":63,"FeatureTyp":"Paved Greenway","Label":"Southern Community Park","Fr_St":" ","To_St":" ","Notes":" ","Shape_Leng":1280.82878563,"GlobalID":"61fe49ec-0b9e-4164-8038-1bb6b5440ad7"}},{"type":"Feature","id":64,"geometry":{"type":"LineString","coordinates":[[1991243.8296081,784571.964512423,0],[1991229.94052826,784641.408927336,0],[1991212.57967059,784703.908802345,0],[1991184.80183901,784769.881111339,0],[1991153.5519015,784821.964340508,0],[1991108.41288418,784884.464543596,0],[1991049.38511509,784940.019878671,0],[1990983.41280609,784999.047647759,0],[1990969.52405433,785009.464293584,0]]},"properties":{"FID":64,"FeatureTyp":"Paved Greenway","Label":"Christopher Road Connector","Fr_St":" ","To_St":" ","Notes":" ","Shape_Leng":532.048219707,"GlobalID":"03390629-2619-4aa1-b457-cc1e2ebc9714"}},{"type":"Feature","id":65,"geometry":{"type":"LineString","coordinates":[[1992949.4777716,795714.680415928,0],[1992898.01232333,795182.956085667,0]]},"properties":{"FID":65,"FeatureTyp":"Paved Greenway","Label":"Fordham Sidepath","Fr_St":"Eastgate Crossing","To_St":"Eastgate Driveway","Notes":" ","Shape_Leng":534.209187263,"GlobalID":"47f047ba-a945-4462-8034-7833fc03a102"}},{"type":"Feature","id":66,"geometry":{"type":"LineString","coordinates":[[1996131.69384809,784124.680630088,0],[1996131.55310035,784124.433255255,0],[1996031.54345784,783948.457557335,0],[1995969.54915926,783852.075532258,0]]},"properties":{"FID":66,"FeatureTyp":"Paved Greenway","Label":"Bike Ped Tunnel Under NC 54 at Meadowmont","Fr_St":" ","To_St":" ","Notes":" ","Shape_Leng":317.291918347,"GlobalID":"5e6c0ade-2bcb-47c0-8617-ef2faee32c92"}},{"type":"Feature","id":67,"geometry":{"type":"LineString","coordinates":[[1997911.906495,787720.096667588,0],[1997899.70999709,787759.161222011,0],[1997894.93966542,787793.98923634,0],[1997878.9757866,787841.479298845,0],[1997871.68839958,787875.354559168,0],[1997857.27241792,787920.983076841,0],[1997834.94175392,787947.414126337,0],[1997779.49927951,787958.443631843,0],[1997748.35957801,787959.754652843,0],[1997714.44101067,787959.856030583,0],[1997679.76096192,787956.000067174,0],[1997639.79024135,787935.068022415,0],[1997625.17216034,787918.153686166,0],[1997607.86576451,787881.942472503,0],[1997588.91993625,787864.150513336,0],[1997538.38919742,787862.133785084,0],[1997490.15274534,787852.601651922,0],[1997436.76800959,787842.312630504,0],[1997392.37013251,787837.088559583,0],[1997353.24061759,787827.736216083,0],[1997303.44281693,787821.023303002,0],[1997273.02358642,787810.576145425,0],[1997244.13683318,787786.264842331,0],[1997245.85959876,787760.489959508,0],[1997256.5593805,787715.608487591,0],[1997263.03640167,787669.645981088,0],[1997285.87362634,787619.971211672,0],[1997294.00549984,787563.007086754,0],[1997311.34339167,787492.644038498,0],[1997330.00575593,787424.470946506,0],[1997328.73115218,787389.490373418,0],[1997329.18489142,787352.799830005,0],[1997334.57333209,787319.747402668,0],[1997348.6087371,787272.490935504,0],[1997351.12087117,787229.646533012,0],[1997338.08579226,787195.634133846,0],[1997344.21012384,787152.753642172,0],[1997347.88203251,787109.594279677,0],[1997349.08937918,787066.295481756,0],[1997347.82888301,787022.998652339,0],[1997344.10382484,786979.843554929,0],[1997338.65665726,786935.121859595,0],[1997330.88141035,786890.745636001,0],[1997320.79908143,786846.835946918,0],[1997308.43755759,786803.512870833,0],[1997291.56980917,786757.854825675,0],[1997276.81294893,786711.471060172,0],[1997264.19814476,786664.459999338,0],[1997253.75164334,786616.919740096,0],[1997245.49575435,786568.951003999,0],[1997239.44753809,786520.653856501,0],[1997235.61946176,786472.130331501,0],[1997234.0203836,786423.482134834,0],[1997234.65292826,786374.811956584,0],[1997233.61684109,786328.089937165,0],[1997229.98955175,786281.497182593,0],[1997223.78188701,786235.177721426,0],[1997215.01287568,786189.274269924,0],[1997203.70974867,786143.928231999,0],[1997189.90728284,786099.279371172,0],[1997173.6484571,786055.465154335,0],[1997154.98248392,786012.621079922,0],[1997133.96776217,785970.879037425,0],[1997110.66859618,785930.367307425,0],[1997085.15683617,785891.21154584,0],[1997057.51155026,785853.531831175,0],[1997028.00800034,785823.073230669,0],[1997000.00411934,785791.230446592,0],[1996973.56421159,785758.077625751,0],[1996948.74962868,785723.691211596,0],[1996925.61778517,785688.151256427,0],[1996904.22248676,785651.539453,0],[1996632.93398733,785241.323738009,0],[1996613.99308035,785214.97110042,0],[1996601.84349833,785194.721469,0],[1996371.31705651,784790.042160258,0],[1996267.72211935,784608.176382259,0],[1996248.20641033,784586.466451928,0],[1996230.61556625,784563.169254422,0],[1996215.07852384,784538.455393091,0],[1996201.70847183,784512.504657581,0],[1996190.6031791,784485.507336259,0],[1996181.84368217,784457.660279095,0],[1996175.49395734,784429.166897759,0],[1996171.60059242,784400.235525176,0],[1996174.32762109,784365.169322342,0],[1996174.83254135,784330.000757501,0],[1996173.11240043,784294.870578423,0],[1996169.17474426,784259.919532835,0],[1996163.03532083,784225.287384257,0],[1996154.71808025,784191.112911925,0],[1996144.25714317,784157.53259851,0],[1996131.69384809,784124.680630088,0]]},"properties":{"FID":67,"FeatureTyp":"Paved Greenway","Label":"Meadowmont Trail","Fr_St":"Meadowmont Trail Unpaved","To_St":"NC54 West Greenway","Notes":" ","Shape_Leng":4888.09223986,"GlobalID":"3a6842a0-5bac-4b3f-925b-9214ebcb66f8"}},{"type":"Feature","id":68,"geometry":{"type":"LineString","coordinates":[[1998581.46158634,783398.900585592,0],[1998522.87508935,783377.903580338,0],[1998463.62127084,783358.872122332,0],[1998403.7657475,783341.826880842,0],[1998343.37479217,783326.786884665,0],[1998282.5163181,783313.768866092,0],[1998220.4511535,783300.697369918,0],[1998157.91223659,783290.122915998,0],[1998094.99996084,783282.061908498,0],[1998031.81537592,783276.527798831,0],[1997968.4595315,783273.529117167,0],[1997905.03478959,783273.070784763,0],[1997841.64219984,783275.15378584,0],[1997778.38412426,783279.774183422,0],[1997715.36194059,783286.925415844,0],[1997652.67702658,783296.595344007,0],[1997590.42944768,783308.768548012,0],[1997528.71959734,783323.425670922,0],[1997467.64655675,783340.543090761,0],[1997407.30809475,783360.093248501,0],[1997347.80132401,783382.044976249,0],[1997289.22138867,783406.36284101,0],[1997231.66310485,783433.007800832,0],[1997175.21800776,783461.936876833,0],[1997119.97730459,783493.104137346,0],[1997066.02957784,783526.459385589,0],[1997013.46111342,783561.948815927,0],[1996699.78391926,783751.331311166,0],[1996422.37174442,783905.669913262,0],[1996394.40920192,783917.052764505,0],[1996367.53556801,783930.811267167,0],[1996341.95294201,783946.842731178,0],[1996317.85259651,783965.026421845,0],[1996295.41497734,783985.226512671,0],[1996274.80871934,784007.291101083,0],[1996256.1876936,784031.055489257,0],[1996223.82260084,784059.390078261,0],[1996189.90764242,784085.849999085,0],[1996154.55141392,784110.350606263,0],[1996131.55310035,784124.433255255,0],[1996117.866776,784132.813815922,0],[1996079.97118251,784153.167121679,0],[1996040.98569617,784171.346219167,0],[1996001.03498867,784187.29238151,0],[1995960.24668442,784200.955083832,0],[1995918.7513606,784212.29003492,0],[1995876.68156284,784221.261801749,0],[1995834.17213343,784227.840856835,0],[1995791.35857075,784232.006859004,0],[1995744.42264101,784245.43301326,0],[1995698.11335042,784260.883441672,0],[1995652.51829726,784278.328944832,0],[1995607.72343934,784297.736714423,0],[1995528.75903034,784333.603112504,0],[1995450.85269009,784371.713272512,0],[1995374.06806676,784412.035370335,0],[1995314.11116567,784458.383046672,0],[1995252.77008101,784502.882301509,0],[1995190.10124309,784545.491468251,0],[1995126.16337883,784586.171176925,0],[1995061.01554325,784624.883697927,0],[1994994.71810368,784661.593270168,0],[1994927.33273976,784696.265116841,0],[1994858.92244351,784728.867741928,0],[1994789.55020693,784759.370633677,0],[1994719.28099051,784787.745248839,0],[1994648.17942667,784813.965668842,0],[1994576.31211634,784838.007287428,0],[1994503.74533235,784859.847466841,0],[1994468.44192526,784877.839884922,0],[1994442.40031068,784898.673504665,0],[1994362.79974809,784960.652383342,0]]},"properties":{"FID":68,"FeatureTyp":"Paved Greenway","Label":"NC 54 West","Fr_St":"Burning Tree Drive","To_St":"Town Boundary","Notes":" ","Shape_Leng":4669.01083982,"GlobalID":"2c0c7484-a798-421d-9675-5e3ce5435c46"}},{"type":"Feature","id":69,"geometry":{"type":"LineString","coordinates":[[1980847.86516385,788928.056193918,0],[1980907.76465034,788928.150025755,0],[1980946.27080692,788900.772127762,0],[1980972.47383851,788856.696756586,0],[1980988.88456684,788821.077733338,0],[1981011.12074284,788782.229713917,0],[1981029.79688659,788745.851505846,0],[1981052.68496418,788704.705590755,0],[1981073.95887175,788668.476660594,0],[1981114.28293809,788624.849779338,0],[1981146.2254595,788591.014873251,0],[1981185.53279559,788551.375844926,0],[1981229.66230051,788514.964500427,0],[1981301.13623892,788477.189641595,0]]},"properties":{"FID":69,"FeatureTyp":"Paved Greenway","Label":"Bolin Creek/McMasters Connector","Fr_St":" ","To_St":" ","Notes":" ","Shape_Leng":672.208170828,"GlobalID":"e560a421-b3c0-46d1-acbf-6097a5de4f58"}},{"type":"Feature","id":70,"geometry":{"type":"MultiLineString","coordinates":[[[1991748.8876531,798653.705377758,0],[1991797.60901234,798659.118752763,0],[1991861.86052425,798682.537669167,0]],[[1991861.86052425,798682.537669167,0],[1991851.78836593,798670.090843678,0],[1991834.44260009,798644.551852763,0],[1991819.29236792,798617.652300254,0],[1991806.44396843,798589.580177918,0],[1991795.98729642,798560.532335758,0],[1991787.99584259,798530.711857334,0],[1991782.52538109,798500.327731758,0],[1991779.61429767,798469.592885092,0],[1991779.2829335,798438.721883833,0],[1991781.53358518,798407.931263,0],[1991786.35017659,798377.43690142,0],[1991793.69957134,798347.45172517,0],[1991803.52993226,798318.186035678,0],[1991815.77268992,798289.844556928,0],[1991847.02262743,798188.282095999,0],[1991880.87689042,798104.948601261,0],[1991925.14779925,798008.594463259,0],[1991964.21005709,797909.636327833,0],[1992003.272643,797815.886187255,0],[1992037.12690601,797727.34436959,0],[1992068.37684351,797638.802880004,0],[1992104.83510393,797526.82377325,0],[1992130.87671851,797446.094604,0],[1992155.86945067,797378.334897012,0],[1992178.40352634,797309.718564421,0],[1992198.44941801,797240.334516838,0],[1992215.98120709,797170.272649094,0],[1992230.97592776,797099.624824509,0],[1992243.41422309,797028.481922179,0],[1992253.280017,796956.937117755,0],[1992260.56051426,796885.083258837,0],[1992265.24620043,796813.01352109,0],[1992267.33051383,796740.821736336,0],[1992266.81148601,796668.601736426,0],[1992263.689445,796596.447353169,0],[1992263.689445,796534.636125088,0],[1992258.48112209,796435.677989677,0],[1992265.31214517,796348.201786667,0],[1992272.08214475,796309.670367673,0],[1992280.43613067,796257.909972504,0],[1992289.06045726,796200.95733051,0],[1992300.58635284,796133.741257593,0],[1992307.17262575,796100.995916262,0],[1992303.61128117,796063.569810003,0],[1992284.59983626,796021.895352677,0],[1992264.18681934,795976.348855838,0],[1992172.68306534,795907.907719761,0]],[[1991861.86052425,798682.537669167,0],[1991861.96944793,798682.577367261,0]],[[1992145.19985259,799892.18813701,0],[1991996.15881209,799514.617369846,0],[1991993.32318784,799479.738502592,0],[1991993.10534051,799444.745462343,0],[1991995.50658242,799409.834114835,0],[1992000.51313409,799375.200325832,0],[1992008.09710842,799341.038320675,0],[1992018.21585459,799307.539371923,0],[1992030.81294225,799274.89179942,0],[1992045.81750542,799243.278017506,0],[1992063.14555475,799212.875519261,0],[1992082.69964951,799183.854908004,0],[1992098.35348959,799164.335262001,0],[1992111.9932261,799143.358597919,0],[1992123.48401676,799121.131936342,0],[1992132.71267284,799097.874765009,0],[1992139.58798717,799073.816742256,0],[1992144.0423746,799049.195072338,0],[1992146.03121576,799024.252865002,0],[1992145.53515376,798999.236510843,0],[1992142.55943793,798974.392728508,0],[1992137.13326767,798949.96692434,0],[1992129.3097925,798926.200239584,0],[1992119.16676818,798903.327253833,0],[1992106.80426009,798881.573360339,0],[1992092.34398717,798861.153453678,0],[1992075.92866567,798842.269633174,0],[1992057.72102493,798825.107593998,0],[1992037.89987034,798809.836955249,0],[1992016.66139576,798796.608635262,0],[1991994.21491835,798785.553211167,0],[1991966.71759801,798771.51715,0],[1991940.48963208,798755.231421426,0],[1991915.71540342,798736.810198426,0],[1991892.56781192,798716.382089674,0],[1991871.20893076,798694.090139508,0],[1991861.86052425,798682.537669167,0]]]},"properties":{"FID":70,"FeatureTyp":"Paved Greenway","Label":"Booker Creek Greenway","Fr_St":" ","To_St":" ","Notes":" ","Shape_Leng":4450.48797468,"GlobalID":"96d04f21-bed8-4c60-a770-355574e18aee"}},{"type":"Feature","id":71,"geometry":{"type":"LineString","coordinates":[[1992736.72885326,791864.067054167,0],[1992743.22096626,791805.097027749,0],[1992747.20750684,791745.905217007,0],[1992748.68125717,791686.597264752,0],[1992747.63992067,791627.280126169,0],[1992744.08546583,791568.060756415,0],[1992738.02379817,791509.044798344,0],[1992729.46607251,791450.339207083,0],[1992718.42770876,791392.048969343,0],[1992704.92839192,791334.279071748,0],[1992686.03735359,791289.014726594,0],[1992669.31396183,791242.905566841,0],[1992654.79594626,791196.055266842,0],[1992642.51644325,791148.569141343,0],[1992632.50235568,791100.553817421,0],[1992624.77664934,791052.117890671,0],[1992619.35671267,791003.369956672,0],[1992616.25468476,790954.419923335,0],[1992615.47745535,790905.378026679,0],[1992617.02699292,790856.354174584,0],[1992612.72385192,790788.821173176,0],[1992606.39840525,790721.447620258,0],[1992598.05623034,790654.293883175,0],[1992587.70487309,790587.420329258,0],[1992575.354176,790520.886997759,0],[1992561.01463775,790454.753927916,0],[1992544.69905359,790389.080174759,0],[1992526.42251535,790323.925121337,0],[1992519.71517967,790301.566898346,0],[1992492.6125436,790138.468799338,0],[1992490.36714126,790123.846453249,0],[1992490.27068476,790109.052847669,0],[1992492.32448642,790094.402286425,0],[1992496.48556735,790080.205792502,0],[1992502.66567309,790066.764874503,0],[1992510.73291418,790054.36430876,0],[1992520.51668726,790043.267546177,0],[1992531.80898751,790033.710478678,0]]},"properties":{"FID":71,"FeatureTyp":"Paved Greenway","Label":"Fordham Sidepath","Fr_St":"Ridgefield Drive","To_St":"Cleland Drive","Notes":" ","Shape_Leng":1872.80484101,"GlobalID":"6a5ebb8a-1904-45de-b02d-5b2ead91ac1c"}},{"type":"Feature","id":72,"geometry":{"type":"LineString","coordinates":[[1982577.92764859,779987.027488083,0],[1982552.67704293,780018.313186675,0],[1982490.16863775,780030.569395751,0],[1982461.69034825,780058.948275998,0],[1982431.72059192,780085.747435004,0],[1982400.34696701,780110.888132751,0],[1982357.30768301,780112.841869012,0],[1982331.41140933,780131.281136587,0],[1982294.40557784,780138.672854096,0],[1982261.10643184,780155.274198845,0],[1982196.33753251,780153.47105284,0],[1982118.64050943,780194.050368011,0],[1981946.97943543,780323.593744084,0],[1981907.6491335,780332.411967918,0],[1981869.27092943,780345.67703326,0],[1981831.19882709,780358.910930678,0],[1981774.54638134,780356.388954088,0],[1981694.94155367,780303.010123834,0],[1981617.21139418,780288.319864511,0],[1981535.79948351,780304.952049091,0],[1981454.41349143,780362.115976751,0],[1981378.61541468,780476.389370263,0],[1981363.86052293,780553.777338833,0],[1981463.86229143,780673.465747759,0],[1981423.19701843,780745.342244416,0],[1981330.74346317,780855.940448418,0],[1981302.99712759,780872.538840428,0],[1981267.857106,780902.038125262,0],[1981253.07662375,780938.894022673,0],[1981221.64000684,780972.075714841,0],[1981190.20109335,781001.572703093,0],[1981149.51810384,781043.971896499,0],[1981134.73335651,781073.458386093,0],[1981049.13050935,781056.698249012,0],[1980968.22844018,781128.834915757,0],[1980899.72234359,781068.083396837,0],[1980844.19292709,781044.169402674,0],[1980809.04273492,781057.088340089,0],[1980773.94241142,781105.05740425,0],[1980722.31259343,781134.900192335,0],[1980632.74321875,781175.445714921,0]]},"properties":{"FID":72,"FeatureTyp":"Paved Greenway","Label":"Morgan Greek Greenway","Fr_St":" ","To_St":" ","Notes":" ","Shape_Leng":2776.8488829,"GlobalID":"3d4aa14d-45a3-4e10-8266-33344db00bcd"}},{"type":"Feature","id":73,"geometry":{"type":"LineString","coordinates":[[1979234.59968959,807523.259817094,0],[1979234.53735375,807522.698794588,0],[1979233.57246068,807502.744438171,0],[1979235.1823656,807482.832076415,0],[1979239.34082185,807463.292089254,0],[1979245.97794767,807444.449279174,0],[1979254.98416325,807426.616965756,0],[1979266.20953451,807410.091408253,0],[1979279.46738201,807395.147212416,0],[1979294.53756183,807382.032737345,0],[1979309.57099634,807368.309995756,0],[1979323.11526059,807353.115800425,0],[1979335.02698217,807336.610584095,0],[1979345.18017709,807318.968559012,0],[1979353.467234,807300.377388835,0],[1979359.80055468,807281.032939345,0],[1979364.1132101,807261.140262589,0],[1979366.10795675,807242.259722918,0],[1979365.56333843,807223.281742498,0],[1979362.48854142,807204.546543762,0],[1979356.93933992,807186.38975592,0],[1979349.01448701,807169.137165755,0],[1979336.44463025,807155.55287534,0],[1979322.53586543,807143.34292601,0],[1979307.4377985,807132.638879165,0],[1979291.31217459,807123.555892095,0],[1979274.33287784,807116.191077426,0],[1979256.68232259,807110.624159425,0],[1979232.34674133,807099.172082588,0],[1979207.24049234,807089.52610451,0],[1979190.73527601,807085.299078837,0],[1979174.880977,807079.059918091,0],[1979159.92136125,807070.905406833,0],[1979146.08707134,807060.96054484,0],[1979133.59070526,807049.378875092,0],[1979122.62550409,807036.338546842,0],[1979113.35977459,807022.040675178,0],[1979105.93656109,807006.70507592,0],[1979100.4697085,806990.567969084,0],[1979100.4697085,806961.922029004,0],[1979106.19345035,806902.012371927,0]]},"properties":{"FID":73,"FeatureTyp":"Paved Greenway","Label":"Chapel Watch/Maywood Way Connector","Fr_St":" ","To_St":" ","Notes":" ","Shape_Leng":804.802782718,"GlobalID":"bdc0e34f-a2b2-447e-9db8-eb0445d8cc5c"}},{"type":"Feature","id":74,"geometry":{"type":"LineString","coordinates":[[1983418.52865767,779520.647187263,0],[1983404.85348818,779527.464430839,0],[1983385.49427493,779529.227550671,0],[1983357.27385892,779422.35637334,0],[1983337.915958,779425.871786252,0],[1983315.03706676,779427.637202665,0],[1983290.39603992,779425.898689091,0],[1983237.59988567,779432.937717006,0],[1983195.35685992,779427.705115929,0],[1983158.39794435,779429.478734419,0],[1983124.95673826,779427.745470166,0],[1983107.35769209,779429.50793384,0],[1983084.4778166,779429.521057174,0],[1983068.63664092,779427.777950421,0],[1983007.03965126,779433.070262671,0],[1982941.91970275,779433.107992262,0],[1982896.15240584,779420.868843511,0],[1982822.23851167,779431.42525284,0],[1982693.75943792,779433.253005087,0],[1982617.0650375,779449.080401257,0],[1982538.95758218,779564.762912676,0],[1982575.97981784,779669.875563338,0],[1982645.16767159,779705.603182167,0],[1982720.76266475,779772.433757171,0],[1982760.58410743,779816.108866677,0],[1982757.37020309,779860.76166451,0],[1982738.03822076,779908.083092168,0],[1982715.17212476,779930.87536943,0],[1982674.71354426,779965.943540752,0],[1982630.71920967,779974.730596676,0],[1982577.92764859,779987.027488083,0]]},"properties":{"FID":74,"FeatureTyp":"Paved Greenway","Label":"Morgan Greek Greenway","Fr_St":" ","To_St":" ","Notes":" ","Shape_Leng":1660.86174616,"GlobalID":"91ba1a8a-45c4-4e50-84f3-32d5a54d00c7"}},{"type":"Feature","id":75,"geometry":{"type":"LineString","coordinates":[[1989634.72423051,794211.324170679,0],[1989721.84905626,794208.496748507,0],[1989740.05866551,794207.425556421,0],[1989769.30434193,794208.02069959,0],[1989798.50802368,794206.345178008,0],[1989827.49353001,794202.409490332,0],[1989856.08664867,794196.236930504,0],[1989884.11447975,794187.864571929,0],[1989911.40838842,794177.343595594,0],[1989937.80400492,794164.736665428,0],[1989963.14188075,794150.119896755,0],[1989987.26978526,794133.581872091,0],[1990218.69615968,793900.659109592,0]]},"properties":{"FID":75,"FeatureTyp":"Paved Greenway","Label":"Library","Fr_St":" ","To_St":" ","Notes":" ","Shape_Leng":697.022731239,"GlobalID":"53d28780-42a9-448d-966e-1701f45aed82"}},{"type":"Feature","id":76,"geometry":{"type":"MultiLineString","coordinates":[[[1979737.40708293,772909.456997588,0],[1979772.52873184,772961.307287589,0],[1979799.49291676,772971.988040507,0]],[[1979799.49291676,772971.988040507,0],[1979802.76423568,772968.716721594,0]],[[1979799.49291676,772971.988040507,0],[1979801.27965859,772972.695716262,0],[1979890.7712775,772960.025137916,0],[1979917.57076459,772974.636329174,0],[1979938.67833392,772949.383754998,0],[1979960.84987751,772935.698086843,0],[1980031.60039218,772910.412048176,0],[1980107.63370468,772887.225742832,0],[1980163.61062685,772881.930149749,0],[1980185.79923075,772893.48262009,0],[1980196.37729359,772916.610198513,0],[1980420.76103118,773610.495949835,0],[1980434.51854959,773650.445673093,0],[1980428.19441526,773670.429557011,0],[1980414.47364217,773685.160498679,0],[1980385.96451284,773697.798268676,0],[1980327.88556075,773716.764766172,0],[1980242.35292342,773746.265691429,0],[1980201.16796643,773756.808977425,0],[1980181.09714042,773752.616072416,0],[1980167.35372959,773733.697475091,0]],[[1979215.7827981,773266.654445916,0],[1979248.39264101,773269.619006917,0],[1979303.23701951,773256.278482422,0],[1979380.31527743,773198.469870999,0],[1979451.46474142,773171.78882201,0],[1979510.75563334,773100.639357999,0],[1979604.13930485,773048.759868592,0],[1979661.94791625,773010.220575586,0],[1979770.15406467,773001.326892585,0],[1979799.49291676,772971.988040507,0]]]},"properties":{"FID":76,"FeatureTyp":"Paved Greenway","Label":"Southern Community Park","Fr_St":" ","To_St":" ","Notes":" ","Shape_Leng":2301.62338051,"GlobalID":"bb491d6f-16c6-48a4-9f9d-10a0448106af"}},{"type":"Feature","id":77,"geometry":{"type":"LineString","coordinates":[[1981951.37017468,779631.805429503,0],[1981964.59258917,779677.260063007,0]]},"properties":{"FID":77,"FeatureTyp":"Paved Greenway","Label":"Fan Branch Trail","Fr_St":" ","To_St":" ","Notes":" ","Shape_Leng":47.3387362742,"GlobalID":"ce50bdd9-327e-4832-a4b9-9ab977e0e60d"}},{"type":"Feature","id":78,"geometry":{"type":"MultiLineString","coordinates":[[[1982802.56794734,801985.596023679,0],[1982758.74749692,802101.219808176,0],[1982662.76343693,802097.071194425,0],[1982412.13795392,802070.825512007,0],[1982229.84632376,802096.867126584,0],[1982073.59630817,802174.991970345,0],[1981934.70747834,802244.436385259,0],[1981830.54069193,802348.603171676,0],[1981778.45746276,802426.728343502,0],[1981691.65186208,802487.492001504,0],[1981665.61024751,802513.533616096,0],[1981613.52669026,802627.010751337,0],[1981611.49421401,802629.710877165,0]],[[1981902.53136159,802271.602997586,0],[1981852.65777367,802264.268694669,0],[1981792.51616168,802217.328827918,0],[1981714.77222267,802145.45233126,0],[1981683.96782234,802097.045603916,0],[1981634.09423442,802091.178161591,0],[1981560.75087717,802113.181070343,0],[1981506.4767075,802105.846767426,0],[1981453.66939843,802124.915955007,0],[1981386.1934835,802174.789542928,0]],[[1981758.86202951,802593.400910422,0],[1981609.69927008,802632.095386833,0]],[[1981611.49421401,802629.710877165,0],[1981814.38980559,802570.099119753,0],[1981845.63974309,802544.057505175,0],[1981868.20925176,802530.168753415,0],[1981897.72297226,802516.279673591,0],[1981916.82037501,802516.279673591,0],[1981949.80652951,802514.543784678,0],[1981994.94521876,802505.863027751,0],[1982019.25094442,802504.127138838,0],[1982050.50088193,802505.863027751,0],[1982073.0703906,802509.335461751,0],[1982099.11200517,802538.849182248,0],[1982123.41740276,802563.154907927,0],[1982156.40355726,802590.932739511,0],[1982184.18138884,802585.724088505,0],[1982211.95922042,802585.724088505,0],[1982239.73705201,802587.460305512,0],[1982265.77866659,802599.613168344,0],[1982279.66741835,802618.710243002,0]],[[1981611.49421401,802629.710877165,0],[1981609.69927008,802632.095386833,0]],[[1981609.69927008,802632.095386833,0],[1981555.70922059,802646.100936249,0]],[[1981609.69927008,802632.095386833,0],[1981583.44276093,802666.976878762,0]],[[1981555.70922059,802646.100936249,0],[1981611.49421401,802629.710877165,0]],[[1981555.70922059,802646.100936249,0],[1981530.94155359,802663.746242166,0],[1981494.19392367,802676.432240427,0],[1981444.53162143,802681.637610584,0],[1981374.98254792,802685.321658343,0],[1981298.31931542,802671.173720762,0],[1981232.89064051,802638.817814335,0],[1981193.50915758,802610.085916415,0],[1981146.30879268,802567.314676508,0],[1981121.25208426,802544.609341338,0]]]},"properties":{"FID":78,"FeatureTyp":"Paved Greenway","Label":"Upper Booker Creek Trail","Fr_St":"NC 86","To_St":"Homestead Park","Notes":" ","Shape_Leng":3651.32297749,"GlobalID":"27688c68-474e-4282-af54-44d5b68e473c"}},{"type":"Feature","id":79,"geometry":{"type":"MultiLineString","coordinates":[[[1980653.29042175,788856.594394594,0],[1980587.01430759,788800.280858919,0],[1980543.52358092,788807.602366582,0],[1980528.72210135,788878.229521915,0],[1980509.03874175,788921.192034423,0],[1980437.72064292,788946.487587512,0],[1980421.85978226,788981.641060501,0],[1980411.79188901,789001.015693679,0],[1980367.70503493,789019.650827006,0],[1980318.77567084,789041.005443096,0],[1980294.06607459,789078.933844924,0],[1980324.26516117,789158.138739005,0]],[[1980411.04287475,789004.957614928,0],[1980418.00808392,789073.136284336,0],[1980447.01786843,789124.84320192,0]],[[1980453.520152,789130.834659755,0],[1980469.81670734,789142.387458175,0],[1980491.66147992,789157.86085242,0],[1980509.52889825,789189.499240592,0],[1980535.09676051,789211.268554002,0],[1980565.03928593,789247.859688178,0],[1980584.23216093,789277.362910002,0],[1980608.97489358,789291.136832595,0],[1980609.3643285,789297.615822256,0],[1980628.5969016,789316.982253343,0],[1980649.63393301,789350.359483168,0],[1980680.0452895,789399.666799262,0],[1980702.51604509,789438.238900587,0],[1980726.0455256,789471.445199013,0],[1980729.61966543,789505.734500512,0],[1980727.69709709,789544.818083748,0],[1980734.05272743,789585.823251083,0],[1980740.03992018,789625.885178834,0],[1980763.99984601,789658.195809752,0],[1980791.97157484,789694.403414503,0],[1980831.80942167,789730.581819832,0],[1980874.67482151,789766.562062845,0],[1980909.95066959,789792.379924595,0],[1980946.77933609,789814.545234591,0],[1980975.853753,789843.52417925,0],[1981010.2614926,789853.553686753,0],[1981050.57079518,789851.814845085,0],[1981099.32168192,789833.635419503,0],[1981152.46494834,789821.357228845,0],[1981189.47799768,789859.06811142,0],[1981226.99137409,789906.007650092,0],[1981272.61989176,789987.386096254,0],[1981330.31465825,790046.443392843,0],[1981358.61578275,790080.398705512,0],[1981430.17469476,790122.588253677,0],[1981496.14077017,790172.257445678,0],[1981578.38765292,790222.195337921,0],[1981643.9767606,790279.526588082,0],[1981701.70827243,790333.249249667,0],[1981811.82025692,790403.983360171,0],[1981835.12040718,790475.247981429,0],[1981876.11573201,790522.553332999,0],[1981944.44531976,790583.389169335,0],[1982030.35361251,790601.225091666,0],[1982106.898735,790626.542626336,0],[1982209.89065501,790663.447736248,0],[1982269.69237268,790699.68322809,0],[1982412.65435709,790791.141706586,0],[1982504.37923926,790832.196086422,0],[1982550.61832,790864.905338585,0],[1982604.73500967,790883.294737503,0],[1982657.48949733,790916.736271679,0],[1982684.263722,790952.235544503,0],[1982731.94768175,791046.414161921,0],[1982769.98927234,791091.560397089,0],[1982822.88450776,791146.451035336,0],[1982894.62386559,791234.512867093,0],[1982969.77004075,791302.805381417,0],[1983026.95135684,791332.386359006,0],[1983057.47983909,791360.170424178,0],[1983090.79899818,791395.292073086,0],[1983134.28316317,791430.375992417,0],[1983180.3119425,791467.284383178,0],[1983202.08683334,791493.522847757,0],[1983240.33478834,791534.960428923,0],[1983275.93084575,791566.339631259,0],[1983304.82416068,791594.197843254,0],[1983341.81063525,791615.212236926,0],[1983369.43623617,791639.733841419,0],[1983393.88074109,791658.280392259,0],[1983436.98695409,791690.809198588,0],[1983480.79001608,791704.499459922,0],[1983502.01733585,791715.693663254,0],[1983534.85027543,791717.475811929,0],[1983577.70091151,791726.065689757,0],[1983597.93643534,791773.460608095,0],[1983603.44757918,791803.109170839,0],[1983597.340636,791842.206861675,0],[1983596.71760575,791859.090358093,0],[1983616.1260315,791874.535865262,0],[1983649.23882617,791880.845235839,0],[1983673.43923709,791881.540772513,0],[1983703.25643468,791882.20546934,0],[1983757.79438335,791888.3124125,0],[1983815.80443792,791888.3124125,0],[1983901.47487026,791888.402635425,0],[1984024.30894217,791844.072343498,0]],[[1983981.60364701,791951.41136767,0],[1983925.69431001,791945.149569169,0],[1983832.66135959,791928.153212085,0],[1983756.62443817,791921.443907917,0],[1983668.51142542,791907.578450084,0],[1983591.13297126,791895.054853082,0],[1983557.58743468,791876.716635168,0],[1983594.7110481,791859.272772416,0]]]},"properties":{"FID":79,"FeatureTyp":"Paved Greenway","Label":"Bolin Creek/Tanyard Branch Trail","Fr_St":" ","To_St":" ","Notes":" ","Shape_Leng":6078.35092101,"GlobalID":"a46a6e30-6734-4919-93ae-37fe876e4b43"}},{"type":"Feature","id":80,"geometry":{"type":"LineString","coordinates":[[1992830.41501759,794366.991182178,0],[1992576.5490555,794388.063974679,0],[1992517.05573617,794510.240895674,0],[1992475.57714459,794568.702392921,0],[1992399.03595909,794626.61763142,0],[1992323.16209508,794649.356431082,0],[1992205.00419493,794692.840924174,0],[1992146.0971605,794780.424082339,0],[1992140.29008551,794870.062026426,0],[1992146.71559758,794997.210722253,0],[1992147.69984759,795067.417602837,0],[1992134.60210475,795144.103473082,0],[1992105.11135009,795191.364861503,0]]},"properties":{"FID":80,"FeatureTyp":"Paved Greenway","Label":"Booker Creek Greenway - Eastgate Connector","Fr_St":" ","To_St":" ","Notes":" ","Shape_Leng":1289.8136976,"GlobalID":"02f041b2-3d88-4c3b-b8d8-2ace7f590230"}},{"type":"Feature","id":81,"geometry":{"type":"MultiLineString","coordinates":[[[1981910.18226492,779237.517504171,0],[1981875.11934292,779275.794986665,0],[1981824.53512651,779444.042681679,0],[1981816.11650817,779491.709252998,0],[1981813.32812792,779536.568415254,0],[1981813.35601501,779581.425937086,0],[1981872.51403317,779617.835969254,0],[1981951.37017468,779631.805429503,0],[1982003.54493909,779630.93239975,0],[1982020.30442001,779656.292257175,0],[1982038.97793908,779680.278101593,0],[1982086.67436601,779700.807916179,0],[1982134.46724942,779727.015212834,0],[1982165.449799,779738.210728511,0],[1982210.51204485,779749.397714004,0],[1982289.36424933,779757.760886252,0],[1982326.000659,779805.39957051,0],[1982328.83661135,779839.040579334,0],[1982354.1954845,779864.257392421,0],[1982404.88271908,779864.22688067,0],[1982475.28349693,779866.988358095,0],[1982548.49857359,779866.945051089,0],[1982562.61468709,779928.614875257,0],[1982577.92764859,779987.027488083,0]],[[1979682.77923943,773934.797466591,0],[1979618.64354092,773947.698359415,0],[1979593.94477142,773956.484103009,0],[1979570.24140675,773967.681259096,0],[1979547.76868267,773981.178935513,0],[1979526.74871159,773996.843602344,0],[1979507.38982642,774014.519748092,0],[1979489.88395593,774034.032832429,0],[1979474.40432809,774055.189286172,0],[1979461.10415784,774077.779792175,0],[1979450.11533467,774101.580269501,0],[1979441.54645418,774126.355154335,0],[1979435.48281801,774151.859040335,0],[1979434.06910692,774186.636201754,0],[1979430.175742,774221.223731011,0],[1979423.82273634,774255.444791168,0],[1979415.04224209,774289.124841928,0],[1979403.87920667,774322.091967583,0],[1979390.3907166,774354.177861422,0],[1979374.64534126,774385.218809843,0],[1979367.78971192,774409.562265083,0],[1979362.66898726,774434.329275921,0],[1979359.30908585,774459.395498753,0],[1979357.72673993,774484.636590004,0],[1979357.92949542,774509.926237583,0],[1979451.48114559,775197.780833006,0],[1979452.95784867,775231.649859756,0],[1979456.21768467,775265.39388676,0],[1979461.25146726,775298.919410259,0],[1979468.04508884,775332.132926509,0],[1979476.57984868,775364.942244083,0],[1979502.62179135,775495.150645092,0],[1979492.25304568,775569.230549425,0],[1979479.67793959,775642.967934757,0],[1979464.90762793,775716.296856344,0],[1979447.95556208,775789.152681753,0],[1979428.83683392,775861.470122427,0],[1979403.96319601,775898.487108752,0],[1979377.40452209,775934.314136833,0],[1979349.21724251,775968.87476325,0],[1979319.46205267,776002.094841167,0],[1979303.02671809,776022.491453916,0],[1979288.64157626,776044.382486254,0],[1979276.44179751,776067.56255801,0],[1979266.54188292,776091.814149916,0],[1979259.034352,776116.909572169,0],[1979253.98974267,776142.613589004,0],[1979251.45562701,776168.685387254,0],[1979251.45562701,776194.87956059,0],[1979253.98974267,776220.95135884,0],[1979259.034352,776246.655375674,0],[1979266.54188292,776271.750797927,0],[1979276.44179751,776296.002389833,0],[1979288.64157626,776319.18246159,0],[1979303.02671809,776341.073493928,0],[1979319.46205267,776361.470106676,0],[1979444.46180268,776522.928445175,0],[1979647.58705258,776731.261689916,0],[1979688.90357101,776758.09923467,0],[1979728.83131267,776786.962365925,0],[1979767.27119642,776817.779233426,0],[1979804.12807809,776850.473065674,0],[1979839.31009434,776884.962826088,0],[1979872.72964692,776921.162556842,0],[1979904.30405883,776958.982691169,0],[1980103.07039359,777233.313507333,0],[1980120.24489993,777257.471595511,0],[1980136.36068134,777282.348186165,0],[1980165.33273625,777349.674823165,0],[1980193.08268076,777417.514254421,0],[1980219.60132851,777485.844498336,0],[1980229.52060001,777517.259133667,0],[1980241.74596925,777547.850279838,0],[1980256.20985109,777577.448645845,0],[1980272.83219318,777605.891174257,0],[1980291.52178834,777633.020057008,0],[1980312.17463417,777658.685688093,0],[1980334.67688575,777682.746663585,0],[1980358.90452759,777705.069125503,0],[1980384.72304551,777725.530698761,0],[1980411.99037942,777744.017866507,0],[1980440.55561101,777760.428266749,0],[1980456.64547384,777752.638256088,0],[1980473.68185709,777747.223568752,0],[1980491.31666434,777744.295096919,0],[1980509.18900393,777743.91287984,0],[1980526.93306293,777746.084791511,0],[1980544.18565309,777750.766212583,0],[1980560.59342867,777757.861670837,0],[1980575.82108851,777767.225497261,0],[1980589.55695343,777778.666419253,0],[1980601.51985601,777791.950185344,0],[1980611.46471801,777806.804814428,0],[1980619.18845583,777822.926501334,0],[1980624.53260526,777839.985194251,0],[1980627.38824259,777857.632140592,0],[1980627.69664092,777875.505792499,0],[1980625.45156668,777893.240665168,0],[1980643.44168818,777921.700582013,0],[1980663.4354146,777948.790422842,0],[1980685.32939968,777974.369111836,0],[1980709.00947042,777998.303775251,0],[1980734.3525956,778020.470069513,0],[1980761.22688568,778040.752509251,0],[1980789.49290526,778059.04577975,0],[1980819.003673,778075.254736841,0],[1981261.47358859,778335.272917584,0],[1981300.34818275,778351.390339419,0],[1981338.15552184,778369.87192975,0],[1981374.75288959,778390.647806838,0],[1981410.00052251,778413.639230669,0],[1981443.76456259,778438.758274928,0],[1981475.91705734,778465.909795418,0],[1981506.33563167,778494.990774006,0],[1981534.90480025,778525.890646592,0],[1981561.5159675,778558.491631255,0],[1981623.64412409,778574.920404166,0],[1981659.02463076,778582.724850506,0],[1981706.20202984,778598.348835006,0],[1981721.9487175,778637.472116336,0],[1981741.64323193,778703.986090928,0],[1981733.83550476,778790.083359674,0],[1981748.83973984,778852.290256262,0],[1981748.87451668,778908.363306835,0],[1981751.55233283,778940.743819505,0],[1981765.30853893,778985.944188416,0],[1981774.83870359,779027.99298884,0],[1981787.97155134,779074.559824839,0],[1981815.36290076,779117.586969748,0],[1981844.91402276,779159.160377428,0],[1981876.54814585,779199.172108427,0],[1981910.18226492,779237.517504171,0],[1981975.87471884,779294.737534091,0],[1982031.67119518,779332.940869749,0],[1982141.86093542,779298.950124085,0],[1982204.63410383,779342.88048242,0],[1982299.51777235,779416.669704929,0]]]},"properties":{"FID":81,"FeatureTyp":"Paved Greenway","Label":"Fan Branch Trail","Fr_St":" ","To_St":" ","Notes":" ","Shape_Leng":8584.8031208,"GlobalID":"329c800b-2e31-49c0-84a5-44c6827ffe71"}},{"type":"Feature","id":82,"geometry":{"type":"LineString","coordinates":[[1989098.1488601,793537.229390249,0],[1989136.16879718,793604.417248011,0],[1989149.72421625,793625.272193179,0],[1989160.75929917,793641.45720017,0],[1989173.51255451,793655.92665942,0],[1989196.81073625,793677.752075091,0],[1989291.96277693,793747.645308003,0],[1989308.58708751,793760.127894595,0],[1989389.04854076,793821.464058012,0],[1989313.52539784,793872.540071338,0],[1989243.20631276,793920.096734762,0],[1989146.39712317,793985.569044754,0],[1989089.64822093,794081.619377583,0],[1989033.40948826,794224.55281876,0],[1989041.87633485,794286.198036671,0],[1989053.15879259,794350.644430086,0],[1989146.06247817,794412.258152008,0],[1989286.79480825,794423.415281922,0],[1989421.41822667,794372.436709344,0]]},"properties":{"FID":82,"FeatureTyp":"Paved Greenway","Label":"Library","Fr_St":" ","To_St":" ","Notes":" ","Shape_Leng":1495.24955033,"GlobalID":"8928a24e-7968-4929-8fd5-c389b1643c31"}},{"type":"Feature","id":83,"geometry":{"type":"LineString","coordinates":[[1994900.18712476,797876.440856174,0],[1995025.53529926,797903.309240758,0],[1995067.03784092,797923.582822248,0],[1995113.52560884,797972.232987419,0],[1995129.35169268,798017.538343012,0],[1995178.71675143,798057.432292089,0],[1995282.35105859,798138.502996087,0],[1995372.00671917,798173.878581509,0],[1995456.92944959,798205.767625332,0]]},"properties":{"FID":83,"FeatureTyp":"Paved Greenway","Label":"Fordham Sidepath","Fr_St":" ","To_St":" ","Notes":" ","Shape_Leng":671.807196808,"GlobalID":"e6123744-3753-4818-a87d-be7808595adf"}},{"type":"Feature","id":84,"geometry":{"type":"LineString","coordinates":[[1992830.41501759,794366.991182178,0],[1992835.85070226,794526.620128006,0],[1992875.39458643,794943.637994751,0]]},"properties":{"FID":84,"FeatureTyp":"Paved Greenway","Label":"Fordham Sidepath","Fr_St":"Elliott Road","To_St":"Mariakakis Plaza Driveway","Notes":" ","Shape_Leng":578.610020129,"GlobalID":"346413cb-30b0-4752-aea8-f19d4c29742c"}},{"type":"Feature","id":85,"geometry":{"type":"LineString","coordinates":[[1979036.63978368,801323.450038254,0],[1979492.99090509,801296.994710594,0]]},"properties":{"FID":85,"FeatureTyp":"Paved Greenway","Label":"Homestead Road","Fr_St":" ","To_St":" ","Notes":" ","Shape_Leng":457.117304829,"GlobalID":"7f2eb0f6-b2f0-4d33-90d5-bde9ae8778df"}},{"type":"Feature","id":86,"geometry":{"type":"LineString","coordinates":[[1975879.50731842,798749.609057337,0],[1975862.59134176,798153.064318672,0]]},"properties":{"FID":86,"FeatureTyp":"Paved Greenway","Label":"Chapel Hill High","Fr_St":" ","To_St":" ","Notes":" ","Shape_Leng":596.784530208,"GlobalID":"85aa4103-914d-4d4a-a951-2a04d950e5c6"}},{"type":"Feature","id":87,"geometry":{"type":"LineString","coordinates":[[1976825.58088559,797844.382193252,0],[1976779.53570209,797759.34561792,0],[1976442.40776743,797758.290830001,0],[1976156.07369442,797810.324190512,0],[1975990.86864425,797968.061735928,0],[1975959.63609518,798081.447335929,0],[1975861.92434834,798154.493777752,0]]},"properties":{"FID":87,"FeatureTyp":"Paved Greenway","Label":"Smith Middle","Fr_St":" ","To_St":" ","Notes":" ","Shape_Leng":1192.87747985,"GlobalID":"212a7092-8f61-4a76-b3c2-88dd52c9aa0e"}},{"type":"Feature","id":88,"geometry":{"type":"LineString","coordinates":[[1977068.88158008,798285.395746917,0],[1976838.71078059,798024.335901588,0],[1976829.32136367,797838.53935717,0]]},"properties":{"FID":88,"FeatureTyp":"Paved Greenway","Label":"Smith Middle","Fr_St":" ","To_St":" ","Notes":" ","Shape_Leng":534.072205758,"GlobalID":"5eef7278-0177-4f97-87ad-9067815bb2a0"}},{"type":"Feature","id":89,"geometry":{"type":"LineString","coordinates":[[1981272.83708292,790326.992044345,0],[1981278.39711118,790280.359263584,0],[1981314.31600259,790234.121167094,0],[1981393.08815476,790230.106411338,0],[1981480.35340017,790172.171159759,0]]},"properties":{"FID":89,"FeatureTyp":"Paved Greenway","Label":"Umstead Park Trail","Fr_St":" ","To_St":" ","Notes":" ","Shape_Leng":289.133649444,"GlobalID":"c7989265-e97b-47ee-8894-787977877e4b"}},{"type":"Feature","id":90,"geometry":{"type":"LineString","coordinates":[[1979060.42943425,807902.90800792,0],[1979089.07767092,808023.230601922,0],[1979113.90603334,808109.174983844,0],[1979108.17638601,808279.154302672,0],[1979087.16756976,808481.601732418,0],[1979041.33071917,808529.348684177,0],[1979043.24049225,808575.185862839,0],[1979083.34802359,808630.572563082,0],[1979069.97895584,808733.705887005,0],[1979005.04273401,808806.281529263,0]]},"properties":{"FID":90,"FeatureTyp":"Paved Greenway","Label":"Carraway-Eubanks Park-and-Ride Lot Connector","Fr_St":"Eubanks Road","To_St":"Myrica Drive","Notes":" ","Shape_Leng":968.585065284,"GlobalID":"a3785d5a-4d25-4b8c-9d7b-d04540ba2873"}},{"type":"Feature","id":91,"geometry":{"type":"LineString","coordinates":[[1979044.90223435,808824.838250667,0],[1979075.46024409,808803.829434425,0],[1979157.58507983,808840.117091507,0],[1979235.89004134,808853.486487344,0],[1979319.92497826,808853.486487344,0],[1979375.31135042,808851.576386169,0]]},"properties":{"FID":91,"FeatureTyp":"Paved Greenway","Label":"Carraway-Eubanks Park-and-Ride Lot Connector","Fr_St":" ","To_St":" ","Notes":" ","Shape_Leng":345.760138196,"GlobalID":"ef6b61b7-8c1e-46bc-8efa-d5a2646021c5"}},{"type":"Feature","id":92,"geometry":{"type":"LineString","coordinates":[[1975936.83889668,799681.077666834,0],[1975983.5018611,799679.833574831,0],[1976057.54042692,799679.211200759,0],[1976169.53167276,799679.833574831,0],[1976247.92554484,799680.45562084,0],[1976328.185883,799679.833574831,0],[1976405.95738101,799679.833574831,0],[1976479.37390085,799679.833574831,0],[1976547.19069435,799671.745336428,0],[1976665.40371251,799644.369406924,0],[1976739.44227834,799615.127339423,0],[1976819.08024243,799574.686147332,0],[1976916.7614775,799518.690524429,0],[1976977.73445268,799486.337570757,0],[1977031.86360951,799457.095503256,0],[1977090.9701186,799432.208413929,0],[1977149.45425358,799416.654311165,0],[1977219.13784125,799400.47750625,0],[1977287.81027609,799394.372531593,0],[1977363.63755226,799390.484087929,0],[1977472.51791193,799385.623205259,0],[1977566.81595168,799382.706872508,0]]},"properties":{"FID":92,"FeatureTyp":"Paved Greenway","Label":"High School Road","Fr_St":"Chapel Hill High School Driveway","To_St":"Seawell School Road","Notes":" ","Shape_Leng":1688.65030438,"GlobalID":"46a4f653-4c96-4e36-80f3-3a8efc2e4023"}},{"type":"Feature","id":93,"geometry":{"type":"LineString","coordinates":[[1981390.94609867,801080.270734593,0],[1981282.98470043,801115.944875836,0],[1981125.26684001,801145.047836006,0],[1981015.42782085,801156.31323342,0],[1980975.99843776,801165.701338008,0],[1980920.60944092,801173.211493582,0],[1980834.24019109,801188.232460916,0],[1980740.36045758,801205.130721092,0],[1980672.76741692,801222.028981254,0],[1980635.21532667,801224.845248595,0],[1980592.03070176,801231.417085841,0],[1980548.84607685,801222.967627674,0],[1980461.53818059,801232.355732262,0],[1980367.65844709,801237.049620509,0],[1980255.941807,801247.376371503,0],[1980181.7769291,801253.94788067,0],[1980163.93969442,801253.00923425,0],[1980112.30593942,801251.131613344,0]]},"properties":{"FID":93,"FeatureTyp":"Paved Greenway","Label":"Homestead Road","Fr_St":"Seymour Center","To_St":"Weaver Dairy Road Extension","Notes":" ","Shape_Leng":1296.98253674,"GlobalID":"8c4b8bab-72eb-4691-8859-5e417dd5674d"}},{"type":"Feature","id":94,"geometry":{"type":"LineString","coordinates":[[1978357.10964668,801414.951495677,0],[1978338.040131,801602.710634589,0]]},"properties":{"FID":94,"FeatureTyp":"Paved Greenway","Label":"Neighborhood Connector","Fr_St":"Homestead Road","To_St":"Valley View Drive","Notes":" ","Shape_Leng":188.725039868,"GlobalID":"622eab3c-4f2f-4feb-8af0-74a5ea14cf18"}},{"type":"Feature","id":95,"geometry":{"type":"LineString","coordinates":[[1997540.11524384,799361.335196093,0],[1997565.46263409,799392.315449089,0],[1997840.52999733,799539.706558511,0],[1997852.73436926,799588.524046168,0]]},"properties":{"FID":95,"FeatureTyp":"Paved Greenway","Label":"Fordham Boulevard Sidepath","Fr_St":"Service Road","To_St":"Wegmans/SECU Driveway","Notes":" ","Shape_Leng":402.415843228,"GlobalID":"f6bc9eeb-4e50-4e1b-8e38-84c0c8d5080e"}},{"type":"Feature","id":96,"geometry":{"type":"LineString","coordinates":[[1983092.16185634,806503.519402504,0],[1983187.50845042,806548.992080584,0],[1983241.78262009,806534.32347475,0],[1983282.85504451,806509.386844844,0],[1983379.9532755,806512.776273757,0],[1983424.89905176,806539.037376091,0],[1983476.48162575,806546.058359429,0],[1983529.28893484,806529.922893003,0],[1983541.02381951,806518.188008338,0],[1983558.62614651,806436.043487594,0]]},"properties":{"FID":96,"FeatureTyp":"Paved Greenway","Label":"Chapel Hill North Greenway","Fr_St":"Perkins Drive","To_St":"Old University Station Road","Notes":" ","Shape_Leng":566.999538741,"GlobalID":"b2b6f5cb-4eff-4dbd-b70e-e6059d775169"}},{"type":"Feature","id":97,"geometry":{"type":"MultiLineString","coordinates":[[[1997021.89974484,787219.886381924,0],[1997035.98173767,787275.275378749,0],[1997036.92071217,787306.25563176,0],[1997032.22649585,787340.052480176,0],[1997162.71934509,787365.399870425,0],[1997229.37373935,787373.849000499,0],[1997281.00749435,787380.420509666,0],[1997327.9473611,787389.808614254,0],[1997356.11134675,787392.624881595,0],[1997465.01171951,787392.624881595,0],[1997598.320508,787393.563856095,0],[1997649.0156166,787392.624881595,0],[1997663.13566709,787393.713790178,0]],[[1997663.13566709,787393.713790178,0],[1997664.66716009,787369.592119262,0],[1997670.0506795,787349.980938002,0],[1997684.27834134,787325.371079087,0],[1997705.0430636,787308.836335257,0],[1997736.5744966,787283.457120925,0],[1997761.18435551,787266.922377095,0]],[[1997663.13566709,787393.713790178,0],[1997665.68224992,787393.909984007,0],[1997687.58509326,787397.355187088,0],[1997710.47251467,787409.168155596,0],[1997728.43770184,787426.395155251,0],[1997740.74279533,787444.606404915,0],[1997749.11023268,787462.079467088,0],[1997756.49309193,787481.521357343,0],[1997758.46192001,787498.256232008,0]],[[1997663.12910542,787393.817464501,0],[1997663.13566709,787393.713790178,0]]]},"properties":{"FID":97,"FeatureTyp":"Paved Greenway","Label":"Meadowmont Greenway Connector","Fr_St":"Meadowmont Lane","To_St":"Parkridge Avenue","Notes":" ","Shape_Leng":1081.76634753,"GlobalID":"81a1a1b4-39bf-46a4-95c2-557e557d0092"}},{"type":"Feature","id":98,"geometry":{"type":"MultiLineString","coordinates":[[[1990348.51381342,804160.616279915,0],[1990340.74545626,804121.774494082,0],[1990342.56697492,804078.667296842,0],[1990345.60240193,804045.274647087,0],[1990369.28116034,803973.632073835,0],[1990377.78081526,803942.060614675,0],[1990374.74538825,803915.346429259,0],[1990372.92386959,803880.739543095,0],[1990344.99544775,803831.561163753,0],[1990337.10241893,803782.382784426,0],[1990335.28122833,803748.38285242,0],[1990334.06699193,803665.811823338,0]],[[1990348.51381342,804160.616279915,0],[1990348.03120284,804160.631371751,0],[1990261.81713642,804203.738240927,0],[1990204.74605633,804240.773928002,0],[1990144.03193893,804274.773860008,0],[1990117.92470768,804282.666560754,0],[1990056.60363609,804277.202332839,0],[1990030.47409518,804275.602598503,0]],[[1990348.63815701,804161.238325924,0],[1990348.51381342,804160.616279915,0]],[[1990402.06652784,804164.881363258,0],[1990367.45964168,804160.0240895,0],[1990348.51381342,804160.616279915,0]],[[1990030.49673292,804275.380814165,0],[1990030.47409518,804275.602598503,0]],[[1990030.47409518,804275.602598503,0],[1990026.85369559,804275.380814165,0],[1989992.24680942,804260.202366844,0],[1989972.8183706,804238.34545517,0],[1989960.67535026,804222.559725583,0],[1989944.2826665,804213.452460334,0]],[[1990030.47409518,804275.602598503,0],[1990026.24674143,804317.273446918,0],[1990026.85369559,804352.487615332,0],[1990038.38943367,804393.773293927,0],[1990048.10365309,804434.451690257,0],[1990066.92513776,804473.308567926,0],[1990080.88934867,804490.915816173,0],[1990086.35357659,804517.022719339,0],[1990085.13934018,804524.308465928,0]]]},"properties":{"FID":98,"FeatureTyp":"Paved Greenway","Label":"Cedar Falls Park Trail","Fr_St":" ","To_St":" ","Notes":" ","Shape_Leng":1284.06701757,"GlobalID":"b4f95769-a2ad-4bc5-b814-ee1092c0dc36"}},{"type":"Feature","id":99,"geometry":{"type":"LineString","coordinates":[[1978237.36152659,810684.356185168,0],[1978371.12208584,810683.407368168,0],[1978475.47456743,810685.304674089,0],[1978522.90721534,810697.637326583,0],[1978576.0321091,810696.688509583,0],[1978604.49169785,810691.945408836,0],[1978735.40646225,810706.175039172,0],[1978865.37240967,810742.22417967,0],[1978881.49967401,810806.732908919,0]]},"properties":{"FID":99,"FeatureTyp":"Paved Greenway","Label":"Municipal Services Center Trail","Fr_St":" ","To_St":" ","Notes":" ","Shape_Leng":702.181627266,"GlobalID":"b0dd3a60-fb23-44ad-b2af-474dc64dc3eb"}},{"type":"Feature","id":100,"geometry":{"type":"LineString","coordinates":[[1978696.39768201,779080.871491998,0],[1978782.00446618,779079.049973339,0]]},"properties":{"FID":100,"FeatureTyp":"Paved Greenway","Label":"Neighborhood Connector","Fr_St":"Highgrove Drive","To_St":"Cobble Ridge Drive","Notes":" ","Shape_Leng":85.6261608697,"GlobalID":"27f820f1-9300-4835-8bc5-d3d1ebe31663"}},{"type":"Feature","id":101,"geometry":{"type":"MultiLineString","coordinates":[[[1992543.72923926,794843.434126928,0],[1992558.92638734,794723.236532673,0],[1992594.15695992,794624.453593761,0],[1992636.294999,794538.795628592,0],[1992693.63084234,794466.953252584,0],[1992726.09796901,794416.525531918,0],[1992741.98606059,794374.387164757,0]],[[1992368.95891951,794850.342249587,0],[1992424.22226043,794849.651306093,0],[1992486.39339593,794845.506629333,0],[1992543.72923926,794843.434126928,0]],[[1992141.90720826,794913.652162343,0],[1992201.09672242,794927.710861251,0],[1992209.38640401,794956.033311173,0],[1992232.18229017,795005.079472929,0],[1992263.26785792,795021.658508003,0],[1992317.84058343,795029.947861508,0],[1992335.11023392,795000.243852675,0],[1992348.23520768,794940.83583501,0],[1992357.21550468,794880.04625842,0],[1992371.72203735,794837.907891259,0],[1992384.15639567,794790.934231922,0],[1992404.88010751,794722.545917258,0],[1992418.69602476,794660.374781758,0],[1992449.7815925,794587.841790333,0]],[[1992201.78766592,794926.329302341,0],[1992185.89924626,794870.375017926,0],[1992194.18892784,794812.348559171,0],[1992230.80073126,794755.70398742,0],[1992307.4787275,794731.526214257,0],[1992348.23520768,794727.381537512,0],[1992398.66292834,794738.434008837,0]],[[1992540.96579334,794960.177987918,0],[1992543.72923926,794843.434126928,0]]]},"properties":{"FID":101,"FeatureTyp":"Paved Greenway","Label":"Booker Creek Basin Park","Fr_St":" ","To_St":" ","Notes":" ","Shape_Leng":1866.09385613,"GlobalID":"50cb52b2-04bc-4e3d-b5eb-cfd091c02a97"}},{"type":"Feature","id":102,"geometry":{"type":"LineString","coordinates":[[1987595.82640542,795745.545839757,0],[1987506.25998351,795749.454296499,0],[1987456.42871834,795749.12850976,0],[1987407.24869859,795741.637382999,0],[1987353.18318993,795732.843765423,0]]},"properties":{"FID":102,"FeatureTyp":"Paved Greenway","Label":"Neighborhood Connector","Fr_St":"Curtis Road","To_St":"Estes Hills Elementary School","Notes":" ","Shape_Leng":244.007234118,"GlobalID":"81fe7f70-d9f6-4ebe-8ef0-7386f3af19fc"}},{"type":"Feature","id":103,"geometry":{"type":"LineString","coordinates":[[1979892.77849133,806136.736343428,0],[1979992.19889617,806161.200861424,0],[1980076.0031905,806166.926571757,0]]},"properties":{"FID":103,"FeatureTyp":"Paved Greenway","Label":"Neighborhood Connector","Fr_St":"Old Larkspur Way","To_St":"Hunter Hill Road","Notes":" ","Shape_Leng":186.385842189,"GlobalID":"68cdaad4-a735-4845-83b4-c2186340270d"}},{"type":"Feature","id":104,"geometry":{"type":"LineString","coordinates":[[1985840.09730534,797385.458242342,0],[1985724.9725356,797396.07272242,0]]},"properties":{"FID":104,"FeatureTyp":"Paved Greenway","Label":"Neighborhood Connector","Fr_St":"Wellington Drive","To_St":"Huntington Drive","Notes":" ","Shape_Leng":115.613060667,"GlobalID":"5ffce80c-44e5-46a3-84f3-9e629f4e0a5d"}},{"type":"Feature","id":105,"geometry":{"type":"LineString","coordinates":[[1985439.54528493,801104.86189276,0],[1985387.4102186,801212.14481467,0],[1985359.01394993,801232.33670342,0],[1985330.12588434,801244.686416253,0],[1985304.32180209,801241.340622425,0],[1985259.14538325,801222.678586259,0],[1985205.0444416,801214.45255284,0],[1985147.88838792,801219.024722174,0],[1985072.37804025,801214.431227416,0],[1985028.57596251,801192.658305094,0],[1985030.28527668,801166.953960165,0]]},"properties":{"FID":105,"FeatureTyp":"Paved Greenway","Label":"North Forest Hills Park Trail","Fr_St":"Forbush Mountain Drive","To_St":"North Forest Hills Park Driveway","Notes":" ","Shape_Leng":522.827199591,"GlobalID":"30022d31-0351-4592-80e0-c15cbada886f"}},{"type":"Feature","id":106,"geometry":{"type":"LineString","coordinates":[[1989772.76955809,794513.381965503,0],[1989754.65968618,794529.366841674,0],[1989736.65316051,794549.422247753,0],[1989723.74111284,794568.749965012,0],[1989708.56922717,794585.231887415,0],[1989696.20573483,794603.699698254,0],[1989680.18739417,794626.587119669,0],[1989669.5748826,794644.119236842,0],[1989659.08048101,794666.779624596,0],[1989653.74650218,794691.422619924,0],[1989648.34953134,794746.108534172,0],[1989655.81703609,794786.46311225,0],[1989684.27760909,794826.216641679,0],[1989730.80048193,794884.159111083,0],[1989767.38964759,794918.874264762,0]]},"properties":{"FID":106,"FeatureTyp":"Paved Greenway","Label":"Library","Fr_St":" ","To_St":" ","Notes":" ","Shape_Leng":487.222093254,"GlobalID":"b8eb6716-7d7b-4322-87d0-726d563f1dd2"}},{"type":"Feature","id":107,"geometry":{"type":"LineString","coordinates":[[1992261.86267701,787223.369642675,0],[1992795.19855259,787219.983494595,0]]},"properties":{"FID":107,"FeatureTyp":"Bike Lane","Label":"Brandon Road","Fr_St":"Flemington Road","To_St":"U.S. 15-501","Notes":" ","Shape_Leng":533.3466248,"GlobalID":"9dcd6fe1-6873-4451-aa22-cf794c77cbc3"}},{"type":"Feature","id":108,"geometry":{"type":"MultiLineString","coordinates":[[[1994894.35478733,796834.837624416,0],[1994895.39842042,796835.710982248,0],[1995016.56090775,796928.629103512,0]],[[1995018.06451367,796930.776080832,0],[1995229.30654526,797117.359697178,0],[1995376.94076443,797238.443772584,0],[1995473.42055833,797319.250041425,0],[1995599.56433493,797412.63305676,0]]]},"properties":{"FID":108,"FeatureTyp":"Bike Lane","Label":"Legion Road","Fr_St":"Chapel Hill Memorial Cemetery","To_St":"Europa Drive","Notes":" ","Shape_Leng":909.63030728,"GlobalID":"72806a8d-8e31-4ed1-beeb-17425990aae8"}},{"type":"Feature","id":109,"geometry":{"type":"LineString","coordinates":[[1988306.62025942,785969.230418667,0],[1988323.86595984,785838.162439331,0],[1988285.92541893,785620.865629837,0],[1988289.374559,785482.899698421,0],[1988361.80682884,785231.11116001,0],[1988299.72197926,785134.534909591,0],[1988123.81517884,785113.840069085,0],[1988065.17946935,785051.755219504,0],[1988068.62860942,784951.729828998,0],[1988151.40829951,784855.153250501,0],[1988275.57799867,784803.416149259,0],[1988372.15424909,784720.636459172,0],[1988423.89167842,784648.204189345,0],[1988454.93393917,784482.644809172,0],[1988479.07791975,784365.373390168,0],[1988586.00191851,784168.771749258,0],[1988675.67988876,784041.152910009,0],[1988924.018959,783992.86462076,0],[1989041.290378,783937.678379416,0],[1989148.21404867,783827.305240586,0],[1989217.19717842,783799.712119922,0],[1989365.51085818,783854.898689345,0],[1989441.39226809,783865.24610959,0],[1989468.98538876,783585.864450499,0],[1989493.12936933,783358.22022076,0],[1989610.40078834,783196.109980673,0],[1989758.71446809,782985.711451337,0],[1989824.24845776,782823.60121125,0],[1989910.47728792,782771.864110008,0]]},"properties":{"FID":109,"FeatureTyp":"Sharrows","Label":"Laurel Hill Road","Fr_St":"Fern Lane","To_St":"Country Club Road","Notes":"Very steep from Fern Lane to Country Club Road","Shape_Leng":4464.05308045,"GlobalID":"5e070003-87ea-46ac-b5d2-90d3b60d5651"}},{"type":"Feature","id":110,"geometry":{"type":"MultiLineString","coordinates":[[[1982954.05320868,801712.344273582,0],[1982955.74086934,801680.717040256,0],[1982950.56404242,801631.771272004,0],[1982947.17198884,801593.740508169,0],[1982943.424621,801563.617865011,0],[1982935.78421634,801531.624490678,0],[1982928.96992551,801486.866706178,0],[1982920.00668883,801453.867756426,0],[1982909.24818018,801416.967895836,0],[1982876.24004409,801278.704064757,0],[1982830.75916393,801071.041750416,0],[1982820.71522076,800973.229282007,0],[1982806.09812401,800852.905375674,0],[1982798.10371742,800751.873753592,0],[1982787.79140209,800664.986132085,0],[1982779.49417458,800602.329761341,0]],[[1982713.48840109,805959.706841841,0],[1982865.64360859,805475.914830416,0],[1982961.12963809,805111.331570089,0],[1982985.58890675,804970.596287251,0],[1983007.50946659,804834.625430584,0],[1983029.67904167,804629.137324512,0],[1983045.11044125,804487.68419534,0],[1983054.755107,804343.016177595,0],[1983061.1845561,804180.666436672,0],[1983060.87090842,804083.871354669,0],[1983060.87090842,803955.483160004,0],[1983056.26232184,803890.959995091,0],[1983050.99494392,803802.075986505,0],[1983035.19346634,803690.806195915,0],[1983007.54063451,803556.492488176,0],[1982986.471779,803464.97495468,0],[1982951.57650758,803314.859769344,0],[1982941.41018935,803239.220813006,0],[1982922.3934951,803148.361414671,0],[1982913.38924801,803067.301209345,0],[1982901.53822184,802975.125212595,0],[1982898.24623367,802911.260182843,0],[1982895.61238067,802820.401112586,0],[1982894.95424551,802700.572283998,0],[1982888.52446835,802525.959772334,0],[1982890.49953,802415.775281429,0],[1982891.00379409,802210.722213835,0],[1982906.80527167,802109.328715846,0],[1982919.31508918,802020.44470726,0],[1982928.53259042,801967.772568509,0],[1982937.09162842,801917.734282762,0],[1982945.65099451,801833.458860755,0],[1982950.25990917,801764.327109262,0],[1982953.55189735,801716.922020346,0]]]},"properties":{"FID":110,"FeatureTyp":"Bike Lane","Label":"Martin Luther King Jr. Boulevard","Fr_St":"Westminster Drive","To_St":"Eubanks Road","Notes":" ","Shape_Leng":5430.47842304,"GlobalID":"8b4ec7ab-7669-4850-aa65-7ad603123cef"}},{"type":"Feature","id":111,"geometry":{"type":"LineString","coordinates":[[1982017.42155176,807531.45435451,0],[1982061.98051776,807471.526652843,0],[1982114.71039918,807396.259414926,0],[1982165.29297517,807319.532534257,0],[1982213.68821959,807241.407362416,0],[1982259.8570905,807161.946235254,0],[1982303.7628426,807081.21280092,0],[1982345.37037092,806999.271035671,0],[1982384.64653909,806916.186884254,0],[1982421.5598511,806832.025963336,0],[1982456.08143559,806746.856186166,0],[1982488.18307742,806660.745137915,0],[1982517.83918609,806573.761716083,0],[1982561.79185408,806450.86366792,0],[1982603.64413258,806327.23465009,0],[1982643.38388251,806202.910423666,0],[1982680.99962093,806077.927405924,0],[1982707.16885993,805985.285858929,0],[1982712.53302242,805966.295739427,0]]},"properties":{"FID":111,"FeatureTyp":"Bike Lane","Label":"Martin Luther King Jr. Boulevard","Fr_St":"Westminster Drive","To_St":"Eubanks Road","Notes":" ","Shape_Leng":1723.6629747,"GlobalID":"fc5803b1-5bbd-41b2-948a-d4a7d5159646"}},{"type":"Feature","id":112,"geometry":{"type":"LineString","coordinates":[[1981935.08871117,800979.966473252,0],[1981958.75008117,801023.17406401,0],[1981955.66380125,801064.323916093,0],[1981937.14644983,801101.358947009,0],[1981923.23768501,801136.583614096,0],[1981926.1592671,801172.877504751,0],[1981937.10511135,801234.27370742,0],[1981939.20386042,801281.390411094,0],[1981935.08871117,801355.460472926,0],[1981903.19769885,801438.789046422,0],[1981855.87495884,801515.945388168,0],[1981742.71245551,801624.993070334,0],[1981613.09001134,801755.644383833,0],[1981550.33619983,801826.628165752,0],[1981475.23726867,801909.956739262,0],[1981412.48345718,802021.061832011,0],[1981370.30473575,802129.080644846,0],[1981328.12601434,802238.128327012,0]]},"properties":{"FID":112,"FeatureTyp":"Sharrows","Label":"Aquatic Drive","Fr_St":"Homestead Road","To_St":"Homestead Park","Notes":"Markings only on northbound side","Shape_Leng":1478.26645384,"GlobalID":"c9a1b5e5-a44c-4419-bbf3-8a653606e8a7"}},{"type":"Feature","id":113,"geometry":{"type":"MultiLineString","coordinates":[[[1981434.94765109,796167.538434088,0],[1981468.11261101,796186.303816512,0],[1981516.41500784,796210.335592583,0],[1981551.59932068,796243.834541336,0],[1981595.55494143,796275.278376088,0],[1981653.00233309,796295.935815096,0],[1981705.36771393,796316.149685428,0],[1981755.5234535,796337.387831926,0],[1981812.16572867,796365.320518836,0],[1981868.485826,796395.395589918,0],[1981918.83316626,796425.511343345,0],[1981970.74841675,796458.384637177,0],[1982023.1370915,796492.666392758,0],[1982070.780697,796525.083322674,0],[1982118.18184893,796557.286342248,0],[1982163.84022218,796588.973614842,0],[1982199.14559776,796611.434527919,0],[1982209.08225767,796617.756037593,0],[1982263.583461,796647.176254332,0],[1982322.93045518,796670.746417165,0],[1982365.71252184,796684.878934845,0],[1982381.5973326,796691.343816921,0],[1982384.30073926,796693.361857504,0],[1982384.08420426,796693.873667508,0],[1982383.96773468,796694.329375252,0],[1982383.972984,796694.576750085,0],[1982384.12390234,796694.817563251,0],[1982384.37291759,796695.207326248,0],[1982384.51300918,796695.68468751,0],[1982384.64785142,796695.983899504,0],[1982384.88571183,796696.190592006,0]],[[1981434.94765109,796167.538434088,0],[1981415.45884493,796197.006879091,0],[1981382.38181134,796225.293567926,0],[1981377.419879,796248.072065666,0],[1981370.82179509,796270.435866088,0],[1981364.97666243,796293.560819834,0],[1981357.78048259,796315.287482426,0],[1981356.68107533,796337.855350673,0],[1981357.12464401,796361.210290834,0],[1981364.98355217,796383.960901499,0],[1981374.86279751,796404.839140594,0],[1981387.13016142,796425.529387921,0],[1981398.88341875,796445.369243249,0],[1981408.84238835,796466.16710192,0],[1981420.56218117,796485.983663335,0],[1981431.55986258,796506.749697924,0],[1981440.17828368,796527.689616665,0],[1981441.49061701,796533.018674254,0],[1981441.61725718,796536.863810927,0],[1981442.33608776,796543.037683085,0],[1981443.30819868,796548.829338178,0],[1981444.70156859,796566.517294928,0],[1981454.45450184,796596.222616091,0],[1981462.71399976,796628.912839428,0],[1981479.10143417,796661.341580346,0],[1981482.91671526,796689.974725172,0],[1981488.36946025,796718.270272255,0],[1981499.40060617,796766.257709086,0],[1981504.99475509,796805.164783508,0],[1981509.66502135,796847.491470501,0],[1981510.13910176,796888.8732775,0],[1981507.97670451,796935.27377525,0],[1981497.01281567,796977.738257259,0],[1981484.33961268,797015.413706839,0],[1981474.52532785,797059.592096165,0],[1981470.691346,797099.001794249,0],[1981464.0283016,797139.795019761,0],[1981457.46105751,797184.627935335,0],[1981450.14348684,797233.196079671,0],[1981446.43122393,797278.312131166,0],[1981437.91680525,797322.382581085,0],[1981430.25146626,797371.690553337,0],[1981422.68291184,797451.440393835,0],[1981419.62812792,797482.213626251,0],[1981396.99136217,797547.241383344,0],[1981374.35262792,797574.74100025,0]],[[1981434.94765109,796167.538434088,0],[1981422.15207301,796160.298619166,0],[1981384.08948509,796136.833443001,0],[1981347.90123726,796108.582187176,0],[1981308.83569859,796066.784370512,0],[1981271.86595626,796024.231962174,0],[1981237.66753384,795978.257316589,0],[1981206.70401309,795929.692781165,0],[1981177.05348185,795883.932374001,0],[1981144.50006926,795844.068936676,0],[1981107.790497,795813.327528343,0],[1981066.38441184,795785.025091499,0],[1981018.92682959,795754.413276091,0],[1980968.96728384,795726.653161004,0],[1980922.50576259,795696.856960759,0],[1980873.54785526,795667.691664755,0],[1980822.51449275,795648.010601759,0],[1980775.38368151,795637.601829916,0],[1980725.70136617,795629.131702513,0],[1980677.73459859,795621.615641415,0],[1980630.24781692,795619.444057837,0],[1980613.19568567,795621.513935596,0],[1980581.50710076,795625.360384583,0],[1980535.27162893,795632.546393842,0],[1980491.95872343,795640.937781259,0],[1980452.28557442,795651.735003754,0],[1980419.27153283,795660.763200924,0],[1980382.86839043,795669.999402925,0],[1980359.87893508,795674.781873673,0],[1980307.56407909,795701.972108006,0],[1980257.53497967,795720.303764254,0],[1980210.69944343,795734.525192499,0],[1980162.73661284,795755.158353344,0],[1980122.48505293,795771.913241088,0],[1980098.67309268,795786.7967415,0],[1980074.81388843,795805.700247005,0],[1980058.17612642,795817.407900751,0],[1980035.60038418,795848.696552083,0],[1980034.39763068,795848.533494666,0],[1980009.66867751,795878.559353262,0],[1979985.42856851,795906.8437455,0],[1979956.83216901,795934.333519921,0],[1979930.91522609,795959.998494834,0],[1979902.98713234,795971.520453423,0],[1979883.45830001,795980.972206175,0],[1979876.65057084,795987.779935345,0],[1979865.43865101,795994.087665498,0],[1979864.46522775,795994.63556467,0],[1979852.66866343,796001.272362426,0],[1979850.45180434,796002.469866589,0],[1979850.31630592,796002.545325756,0],[1979850.31925867,796002.574525177,0],[1979844.61323334,796006.168350011,0],[1979839.89309843,796009.229367509,0],[1979834.74153392,796012.481985673,0],[1979830.43347168,796015.790049925,0],[1979826.20414943,796019.316617668,0],[1979821.97121826,796023.120415837,0],[1979817.24681826,796026.985565588,0],[1979812.46959685,796029.913381249,0],[1979807.88135143,796031.354651332,0],[1979803.5942865,796033.908452004,0],[1979799.28819276,796036.647291675,0],[1979795.21799092,796038.456999332,0],[1979792.32888909,796042.588224679,0],[1979789.5473986,796046.887428671,0],[1979788.1576376,796051.058024004,0],[1979787.60448909,796054.240432337,0],[1979781.33711317,796064.015675262,0],[1979777.4549031,796066.877218083,0],[1979772.65766859,796067.308975756,0],[1979768.89028767,796068.748605415,0],[1979768.59665309,796068.860809922,0],[1979765.27120042,796071.669531345,0],[1979761.91129901,796073.886062339,0],[1979758.86570142,796076.162960678,0],[1979755.89917192,796079.739725173,0],[1979753.29484643,796084.015635252,0],[1979751.49268468,796088.75447093,0],[1979749.78173009,796093.505445674,0],[1979747.20955676,796098.258717,0],[1979744.36179343,796102.288892671,0],[1979741.05504151,796105.360080749,0],[1979738.52223818,796109.97522901,0],[1979738.87263118,796115.85677892,0],[1979738.56456092,796121.248172343,0],[1979736.16988067,796125.799344346,0],[1979733.22106767,796129.335426509,0],[1979730.69712259,796133.12183626,0],[1979729.46090458,796138.493216589,0],[1979728.62986951,796144.394779593,0],[1979727.10657859,796150.018127918,0],[1979725.75061017,796155.702171668,0],[1979725.07869551,796159.586678341,0],[1979723.77915743,796163.172301084,0],[1979721.98683818,796167.472161248,0],[1979719.97470309,796172.580090672,0],[1979717.47306767,796177.630277425,0],[1979715.01703584,796181.541358843,0],[1979712.43239534,796184.641418248,0],[1979709.726364,796187.390428498,0],[1979707.70832342,796191.571522504,0],[1979706.05642384,796197.124989092,0],[1979704.65058675,796202.208968416,0],[1979702.98950084,796206.206663832,0],[1979700.93898001,796210.075422511,0],[1979699.39173901,796214.260125428,0],[1979697.18931559,796218.042926252,0],[1979694.89502884,796222.943507001,0],[1979692.85533476,796228.167906001,0],[1979690.62502426,796233.169864506,0],[1979688.85140575,796238.075038418,0],[1979687.00495276,796241.876868084,0],[1979685.03940551,796245.492346421,0],[1979684.40161151,796250.762677088,0],[1979683.84715067,796255.99659051,0],[1979682.39603809,796261.044480667,0],[1979680.88521434,796265.599589676,0],[1979679.20181876,796269.346957505,0],[1979677.7858111,796274.155018762,0],[1979675.85602492,796278.801663011,0],[1979673.87538584,796283.425997585,0],[1979672.16804017,796287.876776084,0],[1979670.40262376,796292.434509754,0],[1979668.66968758,796297.873803332,0],[1979667.23366684,796303.409225345,0],[1979665.31667593,796308.590317339,0],[1979663.32160117,796313.621803343,0],[1979662.16018617,796318.867199674,0],[1979661.43413776,796323.061416999,0],[1979660.61491367,796327.341592178,0],[1979658.92462835,796332.181805596,0],[1979655.714661,796336.72707209,0],[1979652.76420759,796341.472797498,0],[1979648.06178917,796350.08990626,0],[1979642.21665651,796361.345461175,0],[1979641.78063376,796366.043942586,0],[1979641.82525308,796371.579692677,0],[1979640.982407,796381.426457763,0],[1979641.48798342,796395.113438249,0],[1979640.376109,796400.350960582,0],[1979638.27145442,796406.135069758,0],[1979636.49586743,796411.662945837,0],[1979635.01096226,796416.724287421,0],[1979632.98340726,796421.384383082,0],[1979631.36858109,796426.000843674,0],[1979631.01851617,796431.067762673,0],[1979631.98504968,796436.162568763,0],[1979632.32658443,796440.771155342,0],[1979632.13071868,796445.07298401,0],[1979631.91221517,796449.891543925,0],[1979631.28229517,796454.883003756,0],[1979630.07921359,796459.880369082,0],[1979628.89876975,796465.464347422,0],[1979629.52311234,796468.887240842,0],[1979630.4174675,796472.546354249,0],[1979629.63236409,796477.639191836,0],[1979629.69371568,796482.763853505,0],[1979629.48407042,796487.259907499,0],[1979627.80559608,796492.195593178,0],[1979624.48768935,796495.946897998,0],[1979620.73572834,796500.260865763,0],[1979619.83349918,796506.053505093,0],[1979614.59400834,796511.433415592,0],[1979613.403722,796516.8543365,0],[1979613.11402443,796525.752940759,0],[1979612.30890793,796533.473397762,0],[1979610.35484359,796538.250291094,0],[1979607.10124117,796542.358222499,0],[1979604.59435642,796546.907754093,0],[1979603.58385976,796551.246656179,0],[1979601.90210459,796554.376571178,0],[1979600.05597967,796559.988764673,0],[1979599.08288451,796566.419854179,0],[1979598.415563,796573.40638876,0],[1979596.16392709,796580.372910261,0],[1979593.85126768,796585.229199752,0],[1979592.16426317,796589.3660025,0],[1979590.07929359,796593.212451503,0],[1979587.8584975,796596.385345429,0],[1979585.82110001,796600.63402459,0],[1979583.64787601,796603.994910255,0],[1979580.84735668,796604.281327009,0],[1979577.82045984,796607.29805325,0],[1979574.84343167,796611.774422258,0],[1979572.78667726,796616.45420292,0],[1979571.73221743,796621.336739093,0],[1979571.21351768,796622.565411165,0],[1979570.0829425,796622.725515842,0],[1979567.28078276,796629.794071257,0],[1979566.21024685,796633.108697176,0],[1979563.99634051,796637.029621094,0],[1979561.49732976,796642.317012087,0],[1979558.75849009,796644.756967843,0],[1979556.47535817,796649.893768594,0],[1979553.79819818,796655.824859083,0],[1979551.72241493,796661.105360344,0],[1979550.35102659,796666.406858921,0],[1979549.372354,796671.958685085,0],[1979548.00851159,796675.626328677,0],[1979544.79493535,796694.902864918,0],[1979544.81986967,796703.943857342,0],[1979544.51442409,796711.525863171,0],[1979544.28575,796717.642320752,0],[1979544.69782268,796742.918516919,0],[1979543.63548884,796749.060893089,0],[1979542.65156692,796754.607141837,0],[1979542.44487442,796759.579244763,0],[1979542.61547776,796764.898787916,0],[1979542.45602925,796770.430272922,0],[1979541.87368134,796775.567073673,0],[1979541.86252651,796780.834123507,0],[1979542.76508376,796786.5624585,0],[1979543.64303476,796792.229441926,0],[1979544.726694,796797.113618508,0],[1979545.75687568,796801.750420257,0],[1979546.22078551,796806.434466004,0],[1979545.56297842,796811.105716512,0],[1979545.4885035,796816.471191332,0],[1979546.51671667,796821.69198142,0],[1979547.19289643,796826.580751166,0],[1979548.22110958,796832.026278332,0],[1979547.74965385,796837.240506753,0],[1979547.6423706,796841.404868498,0],[1979549.03803709,796845.743442506,0],[1979550.14138134,796850.814298511,0],[1979549.41205209,796854.933056667,0],[1979548.08626734,796857.875308007,0],[1979548.74243401,796861.891376093,0],[1979549.7247155,796867.556062922,0],[1979552.19846384,796872.796866089,0],[1979553.76538984,796877.755189508,0],[1979554.22044143,796883.486149177,0],[1979555.27588551,796889.619995177,0],[1979556.28113285,796895.603579,0],[1979556.88972743,796900.724631757,0],[1979558.31295292,796905.979870588,0],[1979559.73355375,796911.597641513,0],[1979561.39103076,796917.048089921,0],[1979563.33853343,796922.483446509,0],[1979564.27521133,796927.358764842,0],[1979564.76700826,796932.576274082,0],[1979565.96254392,796937.327904999,0],[1979567.2483025,796940.986362249,0],[1979568.24370734,796945.256038755,0],[1979569.64035809,796949.584442168,0],[1979570.43661635,796954.510613427,0],[1979570.89921384,796959.470577255,0],[1979570.99927926,796963.130018756,0],[1979571.40282176,796968.227449507,0],[1979571.86115417,796974.078487679,0],[1979572.65872476,796978.201839,0],[1979574.31718601,796983.333718508,0],[1979575.40478225,796989.548273012,0],[1979576.48942576,796995.336647257,0],[1979577.51895125,797000.252976,0],[1979578.07374017,797005.203425422,0],[1979578.75582543,797009.876316339,0],[1979578.43036675,797013.78083609,0],[1979578.76599601,797018.768358916,0],[1979579.62623051,797024.801811427,0],[1979581.60194834,797029.192222595,0],[1979584.09013234,797033.609208509,0],[1979585.7364545,797039.474026173,0],[1979586.95659642,797044.611483082,0],[1979587.53369501,797049.238114253,0],[1979588.43133101,797054.06454818,0],[1979589.03139542,797058.630483925,0],[1979591.03335993,797065.444774762,0],[1979592.17640226,797069.68295525,0],[1979592.6540916,797074.285964429,0],[1979593.33059943,797078.106494844,0],[1979594.33026934,797081.738377333,0],[1979594.34011184,797086.766910583,0],[1979595.85224792,797103.222586334,0],[1979597.61503968,797108.45814018,0],[1979599.69147909,797113.428930759,0],[1979602.06745858,797117.964026675,0],[1979604.47559026,797122.105094507,0],[1979606.41390659,797127.026672587,0],[1979607.98837851,797130.408555582,0],[1979609.11337626,797134.980396837,0],[1979609.66455625,797139.418380082,0],[1979609.8627186,797143.658529088,0],[1979611.05234876,797150.565995589,0],[1979612.40864526,797157.035470843,0],[1979612.39158492,797162.401273757,0],[1979612.76067868,797168.652573586,0],[1979614.38928434,797174.104334339,0],[1979615.65896684,797178.705703095,0],[1979616.87746835,797183.718816429,0],[1979618.29314792,797189.228647918,0],[1979619.66847326,797194.99241592,0],[1979620.55232976,797200.111828253,0],[1979621.59891559,797204.620349422,0],[1979622.70061943,797209.384775594,0],[1979623.76656218,797215.045197338,0],[1979624.2721386,797220.453651085,0],[1979624.96964376,797224.662632167,0],[1979626.33578275,797229.331586093,0],[1979626.77672675,797234.806312665,0],[1979627.3843371,797240.731169581,0],[1979628.04837775,797246.971970752,0],[1979628.29608068,797252.825633585,0],[1979627.78689533,797257.622211918,0],[1979627.88072717,797262.439459503,0],[1979628.51261568,797267.596273333,0],[1979628.96274601,797272.380712584,0],[1979628.77770701,797277.810491756,0],[1979628.28689434,797283.069339499,0],[1979628.53623767,797287.901350841,0],[1979629.24850659,797293.082114756,0],[1979629.91976508,797297.226135343,0],[1979630.53459325,797301.10801734,0],[1979630.15565701,797305.934779346,0],[1979629.76622209,797310.90032059,0],[1979628.46799634,797316.31927301,0],[1979626.84135917,797321.948526844,0],[1979625.91747651,797327.513148248,0],[1979625.18814726,797333.02035509,0],[1979624.63368642,797337.938652337,0],[1979624.77607459,797342.677487999,0],[1979624.54379159,797347.772294089,0],[1979623.20882051,797352.588229343,0],[1979622.29117142,797357.950423345,0],[1979621.59825942,797362.926135167,0],[1979620.96768326,797367.680718839,0],[1979620.54872084,797373.391337335,0],[1979620.36368184,797378.801759586,0],[1979620.1812675,797383.993022174,0],[1979619.28822467,797388.396556675,0],[1979618.02149493,797392.670826346,0],[1979616.1914461,797398.389975011,0],[1979615.13567393,797404.257417336,0],[1979614.91192108,797409.955240592,0],[1979614.68062234,797414.967697755,0],[1979613.75083417,797419.186849415,0],[1979611.96966976,797423.510987759,0],[1979610.62026301,797427.584142342,0],[1979609.99559234,797432.168122679,0],[1979607.87486167,797442.291462004,0],[1979607.03004709,797447.125441834,0],[1979606.43884093,797451.867558345,0],[1979605.51495826,797456.960724011,0],[1979605.08976226,797462.217931345,0],[1979605.0789355,797467.736949176,0],[1979602.5241506,797480.994796678,0],[1979602.03661875,797485.052859426,0],[1979601.02415359,797490.162101179,0],[1979598.72264901,797494.817603678,0],[1979597.04089384,797498.229014173,0],[1979596.74365035,797501.896985844,0],[1979596.31582968,797506.75885275,0],[1979595.01826009,797510.922230259,0],[1979594.56517701,797515.676157758,0],[1979594.24890468,797520.830346927,0],[1979593.11701718,797525.579681262,0],[1979592.29319993,797529.937940255,0],[1979590.79910843,797534.093443751,0],[1979589.23218243,797539.620663673,0],[1979587.85882559,797545.146899343,0],[1979587.05698992,797550.122283086,0],[1979585.54255725,797554.275490001,0],[1979584.3293051,797559.096018419,0],[1979583.28370351,797564.888657749,0],[1979582.32602826,797570.086482003,0],[1979583.03698485,797574.858782172,0],[1979582.91723442,797579.752145082,0],[1979581.4215025,797584.902725339,0],[1979580.100639,797589.691757753,0],[1979578.880169,797594.92140609,0],[1979577.88640459,797601.089700833,0],[1979576.18299593,797607.411866665,0],[1979573.584904,797612.723535836,0],[1979572.80275334,797616.966965675,0],[1979572.58162518,797622.024698332,0],[1979570.89232409,797625.260256171,0],[1979569.23353475,797628.010906845,0],[1979567.8549286,797632.558141842,0],[1979566.25092918,797637.359969512,0],[1979564.2719305,797640.961996421,0],[1979562.93597518,797644.693288177,0],[1979562.45828584,797648.49314934,0],[1979561.23715967,797653.474110499,0],[1979559.55704492,797659.901591092,0],[1979556.6915651,797664.773628592,0],[1979553.82772568,797670.054129839,0],[1979551.10168126,797674.258189678,0],[1979548.95667243,797677.680098832,0],[1979547.00162384,797683.212568089,0],[1979543.88155134,797687.947466761,0],[1979540.10498409,797691.955988929,0],[1979536.01772192,797696.068841591,0],[1979532.84482801,797700.605577916,0],[1979530.09024034,797705.505174428,0],[1979526.56071985,797709.917239085,0],[1979522.98395534,797713.929370165,0],[1979520.06466985,797717.498588756,0],[1979516.98134267,797721.314854085,0],[1979514.54302734,797726.759725094,0],[1979511.83633985,797731.283338085,0],[1979508.12998243,797734.912267834,0],[1979504.14311376,797738.936538011,0],[1979500.00204593,797742.902081251,0],[1979495.69759259,797746.813818842,0],[1979491.89773142,797751.162235335,0],[1979488.24025843,797753.680931091,0],[1979483.31277484,797755.423053592,0],[1979478.42728592,797758.638926417,0],[1979474.83378917,797762.154995501,0],[1979471.5988875,797765.445015177,0],[1979467.87448551,797766.984054089,0],[1979457.46768217,797770.250451759,0],[1979452.62189133,797771.861669004,0],[1979447.94079834,797773.607728511,0],[1979445.57958259,797777.906932503,0],[1979442.63700317,797781.373132929,0],[1979437.42900833,797784.866892338,0],[1979423.223,797793.609985083,0],[1979418.56880984,797795.433472261,0],[1979413.17708834,797795.987276927,0],[1979408.00616692,797796.985634506,0],[1979403.29456218,797799.227756009,0],[1979398.68958451,797800.821584836,0],[1979394.4792911,797802.795662254,0],[1979390.27391893,797804.388178751,0],[1979385.18731493,797805.933123171,0],[1979380.05510734,797808.091583416,0],[1979375.09547159,797809.815661341,0],[1979370.34613726,797811.401288092,0],[1979367.10959518,797813.833697915,0],[1979364.93341842,797816.514138758,0],[1979360.79333484,797817.608624756,0],[1979355.90817401,797820.575482339,0],[1979349.70510243,797822.038405925,0],[1979342.53845009,797821.895689666,0],[1979336.620811,797823.050871089,0],[1979332.2783,797823.609925091,0],[1979329.23171817,797824.64798075,0],[1979326.04045159,797825.834986255,0],[1979320.63002934,797825.632558838,0],[1979313.24257693,797824.156183839,0],[1979305.97257835,797822.336305588,0],[1979299.16813001,797820.654878512,0],[1979293.50311509,797819.761179507,0],[1979287.68750992,797819.767413095,0],[1979282.82236217,797820.472792253,0],[1979278.78857759,797821.545952842,0],[1979274.18130334,797822.258877918,0],[1979269.10486992,797821.807763338,0],[1979264.01104809,797821.219509929,0],[1979260.91459759,797822.236568257,0],[1979258.58422168,797823.76543659,0],[1979253.5937461,797823.744439259,0],[1979248.71678734,797824.135186508,0],[1979246.17184493,797825.589579925,0],[1979242.95301934,797826.139775679,0],[1979237.16562934,797824.996733338,0],[1979232.38972026,797823.079086259,0],[1979222.22176158,797817.454097509,0],[1979210.53904217,797815.939664841,0],[1979202.31825809,797815.506922916,0],[1979197.18834709,797813.79695259,0]]]},"properties":{"FID":113,"FeatureTyp":"Unpaved Greenway","Label":"TM THE PUMPKIN LOOP TRAIL","Fr_St":" ","To_St":" ","Notes":" ","Shape_Leng":6701.66703181,"GlobalID":"d8604887-7402-4803-965a-ad1a9df97f9d"}},{"type":"Feature","id":114,"geometry":{"type":"LineString","coordinates":[[1980730.84374434,797985.677842423,0],[1980727.79092893,797988.7293455,0],[1980716.86575392,797997.214564756,0],[1980704.13448018,798010.895639762,0],[1980690.78542551,798025.899218678,0],[1980669.99051958,798048.407703832,0],[1980651.6162125,798086.144505009,0],[1980612.55887592,798116.276990667,0],[1980596.79775259,798140.927531928,0],[1980582.527768,798157.809716001,0],[1980577.99267209,798161.756558508,0],[1980581.96904209,798166.529514834,0],[1980580.69181368,798165.782469094,0],[1980583.02120534,798171.38580434,0],[1980560.65478025,798193.969420582,0],[1980552.87690867,798232.999198169,0],[1980538.96617535,798269.443022922,0],[1980518.52330284,798306.021033749,0],[1980493.88654108,798342.065581083,0],[1980470.54505233,798386.116017923,0],[1980433.21244983,798473.757246837,0],[1980427.82007217,798517.578681499,0],[1980412.02285968,798557.969676837,0],[1980391.0363531,798597.161527589,0],[1980352.89633751,798636.132906333,0],[1980345.99904159,798680.68859151,0],[1980359.84875143,798720.322042421,0],[1980376.46978118,798761.135281011,0],[1980390.73582876,798805.255599588,0],[1980402.86539768,798842.772256836,0],[1980410.70166808,798880.644884512,0],[1980411.327323,798916.734379262,0],[1980409.85750967,798949.382279843,0],[1980400.07209617,798984.869413584,0],[1980383.1899121,799016.558654666,0],[1980349.21425825,799045.091734082,0],[1980345.54431809,799080.318369672,0],[1980350.36845542,799115.090609834,0],[1980354.39731875,799127.389469758,0],[1980355.23622784,799135.08039926,0],[1980356.47211775,799135.630923092,0],[1980357.05184101,799135.821211427,0],[1980357.45210268,799136.033809423,0],[1980357.96620926,799136.22803475,0],[1980358.35006675,799136.57055375,0],[1980358.78543334,799136.937679008,0],[1980358.83694242,799137.122718006,0],[1980358.96095793,799137.244764999,0],[1980359.22440884,799137.520355001,0],[1980359.49573375,799138.024947166,0],[1980359.378608,799138.313332424,0],[1980359.57283334,799139.322188675,0],[1980359.52394892,799142.852365345,0],[1980359.12106259,799145.271651834,0],[1980360.1994725,799149.236538917,0],[1980362.17486225,799155.041973501,0],[1980363.16665818,799160.446490258,0],[1980364.17945142,799165.540968254,0],[1980365.28706075,799169.923833504,0],[1980366.28476217,799174.239769757,0],[1980367.21881543,799179.801110342,0],[1980368.89925826,799186.626884088,0],[1980370.60069843,799193.033039257,0],[1980372.98750468,799198.364721507,0],[1980376.89924225,799203.473963261,0],[1980381.01570384,799207.12257801,0],[1980385.77061559,799210.465747178,0],[1980389.57014868,799212.026439592,0],[1980392.7095781,799211.278737679,0],[1980395.88509667,799211.212792918,0],[1980400.27189893,799213.840084255,0],[1980404.92543292,799215.990342423,0],[1980410.18362451,799217.318751842,0],[1980414.56484935,799217.63797693,0],[1980418.26759784,799218.763302758,0],[1980423.58943759,799220.074651837,0],[1980430.68817668,799221.791183844,0],[1980436.60417534,799223.740655005,0],[1980438.15305676,799224.364013344,0],[1980441.71243285,799224.947017416,0],[1980446.57725251,799226.960792929,0],[1980451.48341067,799228.754096419,0],[1980456.38989693,799230.138280004,0],[1980460.89448109,799232.581516594,0],[1980465.11756976,799235.040173084,0],[1980469.43219367,799236.981114089,0],[1980478.94825076,799241.115620255,0],[1980480.93774809,799241.64711526,0]]},"properties":{"FID":114,"FeatureTyp":"Unpaved Greenway","Label":"TM THE PUMPKIN LOOP TRAIL","Fr_St":" ","To_St":" ","Notes":" ","Shape_Leng":1497.40059822,"GlobalID":"2c8004f1-2542-4604-b385-48fc022f7be0"}},{"type":"Feature","id":115,"geometry":{"type":"LineString","coordinates":[[1978386.34187168,793858.973497421,0],[1978385.81529792,793861.513846666,0],[1978384.9002735,793870.58567892,0],[1978383.20014568,793872.999716088,0],[1978380.57055776,793876.723133832,0],[1978377.26643051,793880.48493734,0],[1978373.99642393,793884.176531002,0],[1978371.760536,793888.784133345,0],[1978368.62405933,793900.17912367,0],[1978359.32716192,793918.270294845,0],[1978356.41279767,793923.62887992,0],[1978354.0656895,793929.516007259,0],[1978350.95053826,793943.975295916,0],[1978348.67790501,793955.186887667,0],[1978346.74877501,793960.917519256,0],[1978345.27305618,793965.884044752,0],[1978344.80225658,793968.339420423,0],[1978343.33441176,793975.991308004,0],[1978341.83047776,793981.518856004,0],[1978341.22188318,793986.650735512,0],[1978340.7310705,793992.15925467,0],[1978339.42661117,793998.003403082,0],[1978335.65791792,794006.061457843,0],[1978333.1881066,794010.00239484,0],[1978332.19598259,794016.81012401,0],[1978332.26389584,794024.892785013,0],[1978329.25734018,794042.489862666,0],[1978327.37873501,794047.424892172,0],[1978322.44928293,794055.414705589,0],[1978319.62382926,794059.81856817,0],[1978316.85972717,794063.57545042,0],[1978313.47718801,794066.885811254,0],[1978289.56056917,794103.466774836,0],[1978285.50283451,794107.343735591,0],[1978281.26957525,794110.700356171,0],[1978278.21840025,794115.191160843,0],[1978276.11538608,794120.341413006,0],[1978273.99071842,794124.766272917,0],[1978271.92313726,794127.777421758,0],[1978270.09440076,794131.748214334,0],[1978268.44873476,794136.305291831,0],[1978267.39624342,794141.403050676,0],[1978266.20759751,794147.065112844,0],[1978264.42183992,794151.588069677,0],[1978262.94874576,794154.842656344,0],[1978261.80340683,794159.240613416,0],[1978261.0580015,794164.849526092,0],[1978260.83129592,794170.934487671,0],[1978259.98648134,794176.152653083,0],[1978258.98549908,794180.96793218,0],[1978257.44547592,794187.011227176,0],[1978255.72467884,794193.92197451,0],[1978253.05079967,794200.07681784,0],[1978250.19844317,794204.97707051,0],[1978248.41301367,794210.095498592,0],[1978246.47010417,794214.558088094,0],[1978244.33395359,794219.066937342,0],[1978243.35560909,794225.598748416,0],[1978241.98093992,794231.506873086,0],[1978240.13612734,794237.03770192,0],[1978238.73258685,794243.469119504,0],[1978233.26573426,794261.318821341,0],[1978227.11351559,794275.116694003,0],[1978225.35400468,794279.450674832,0],[1978223.68865368,794284.764312506,0],[1978221.82514034,794289.906034499,0],[1978219.15585434,794292.175058842,0],[1978217.25986075,794295.056286678,0],[1978217.75132959,794300.45916301,0],[1978216.27757926,794314.100211844,0],[1978215.84122843,794319.727169082,0],[1978217.14437543,794324.833458096,0],[1978218.36747009,794331.185807586,0],[1978219.66503967,794341.36426492,0],[1978219.97704692,794345.478758007,0],[1978221.85040276,794352.344229832,0],[1978222.64600484,794357.493169665,0],[1978223.63550417,794362.087320596,0],[1978225.7982295,794366.717232585,0],[1978227.21128443,794372.306460261,0],[1978228.08332993,794378.037748009,0],[1978229.39467901,794383.411752999,0],[1978231.44913684,794389.182410762,0],[1978235.50982426,794399.465198591,0],[1978236.49374618,794404.398587674,0],[1978237.47110642,794409.922198668,0],[1978239.92385742,794414.835574672,0],[1978241.96683234,794419.687599093,0],[1978242.91368084,794425.774529174,0],[1978243.66728826,794431.4569325,0],[1978245.20107783,794436.389665425,0],[1978247.86478643,794442.451333091,0],[1978250.46451876,794448.614050418,0],[1978252.02291459,794453.76889576,0],[1978252.59870084,794457.7049115,0],[1978254.39430092,794460.042833343,0],[1978257.42316626,794464.65076375,0],[1978263.24566117,794474.19766067,0],[1978266.44447367,794477.84463501,0],[1978267.87294851,794481.582488418,0],[1978268.70496784,794487.276046589,0],[1978273.85029876,794495.63003251,0],[1978276.43264267,794499.139211833,0],[1978278.45855726,794502.870831668,0],[1978280.23414426,794505.71793884,0],[1978280.9870955,794506.158882841,0],[1978288.26956126,794514.460047334,0],[1978293.02316068,794521.474469006,0],[1978297.56153743,794527.86651659,0],[1978301.45391808,794533.293999165,0],[1978305.28494717,794539.037754089,0],[1978308.73539959,794544.324160844,0],[1978311.76951426,794549.104663089,0],[1978315.07921892,794554.135492921,0],[1978318.65631151,794557.857598335,0],[1978321.61103001,794559.335285679,0],[1978324.19206159,794560.541320011,0],[1978327.26456201,794564.173530594,0],[1978330.18745643,794568.399243921,0],[1978333.4617281,794572.089525253,0],[1978337.03357135,794575.035057425,0],[1978339.35377668,794577.172520339,0],[1978341.88690808,794580.006176084,0],[1978344.66872667,794584.085892335,0],[1978346.88755426,794588.277813092,0],[1978349.97120951,794591.375575915,0],[1978352.83078384,794593.780098677,0],[1978355.6208045,794596.652468249,0],[1978358.66180892,794599.510730252,0],[1978360.52105717,794601.72726126,0],[1978361.93411209,794603.061248094,0],[1978362.84880842,794604.088805094,0],[1978363.32223268,794604.584210917,0],[1978363.52334775,794604.705273673,0],[1978366.68803959,794606.361766428,0],[1978369.10732609,794607.582236424,0],[1978369.61257443,794608.915895179,0],[1978368.68311433,794609.886037588,0],[1978368.33304942,794610.179016009,0],[1978368.20903392,794610.301719174,0],[1978367.26448201,794612.536950916,0],[1978364.09618126,794616.154397756,0],[1978361.15064909,794619.963445261,0],[1978359.54369693,794623.093688339,0],[1978357.17329484,794626.167501092,0],[1978353.12802733,794629.654698834,0],[1978349.36261493,794632.5470815,0],[1978344.69858226,794635.535264507,0],[1978331.47846434,794648.097247258,0],[1978327.54933834,794652.201897845,0],[1978322.3672621,794654.823611751,0],[1978315.92239308,794655.790145248,0],[1978310.24327059,794657.040798917,0],[1978304.7787146,794657.671047002,0],[1978298.89454001,794657.436467424,0],[1978293.71935351,794657.057859257,0],[1978288.39685759,794656.551626667,0],[1978282.32337892,794656.403989166,0],[1978276.19248568,794656.231089249,0],[1978270.20398059,794655.730762169,0],[1978264.40313917,794655.365277335,0],[1978258.86902951,794654.972233504,0],[1978253.07081276,794653.912196249,0],[1978247.06426309,794653.32525517,0],[1978232.77557775,794656.378070593,0],[1978226.13418683,794661.076552004,0],[1978223.30282767,794665.104431093,0],[1978220.56825309,794669.548319831,0],[1978217.24739359,794674.207103178,0],[1978213.68408051,794679.058799505,0],[1978210.45475626,794683.444945589,0],[1978200.94821359,794694.783833668,0],[1978198.20838967,794698.38651675,0],[1978195.66804042,794702.419317082,0],[1978193.15656251,794706.703757346,0],[1978190.72841775,794710.822187424,0],[1978187.81766242,794715.072835088,0],[1978184.31602901,794719.620398179,0],[1978180.47942251,794724.007856593,0],[1978176.59032267,794728.072481006,0],[1978172.71631467,794731.912040249,0],[1978168.9597605,794735.35429059,0],[1978165.36527951,794738.725018755,0],[1978161.85249126,794742.121665508,0],[1978157.97257775,794745.78077893,0],[1978153.86891143,794749.547503665,0],[1978149.78624243,794753.310619503,0],[1978145.54018793,794756.913302585,0],[1978141.233438,794760.332915172,0],[1978136.9010976,794763.943800345,0],[1978132.64388825,794767.739068344,0],[1978128.34074725,794771.763338506,0],[1978123.80794792,794775.561231166,0],[1978119.22856076,794779.054006338,0],[1978114.68723126,794782.658329844,0],[1978110.20954992,794786.561865345,0],[1978105.97136943,794790.81349726,0],[1978101.86803117,794794.921100587,0],[1978097.77945668,794798.591696918,0],[1978093.8657506,794801.851861,0],[1978090.08557442,794804.994899333,0],[1978086.29030642,794808.274092257,0],[1978082.59116684,794811.705843925,0],[1978078.71026909,794814.991270423,0],[1978074.86447626,794818.359702006,0],[1978071.39696351,794822.614614755,0],[1978067.57741734,794826.958110005,0],[1978063.37959109,794830.869847596,0],[1978059.15551817,794834.516165748,0],[1978055.29627392,794838.129347503,0],[1978051.58597951,794841.857686505,0],[1978047.68966185,794846.016142756,0],[1978043.42392235,794849.662132844,0],[1978038.76153009,794852.995787591,0],[1978034.23004308,794856.344862252,0],[1978029.74448776,794859.189672843,0],[1978025.35834168,794861.889798671,0],[1978021.18479359,794864.54038392,0],[1978017.35343643,794867.384538338,0],[1978013.40265693,794870.382235751,0],[1978009.51027626,794873.585313335,0],[1978005.94729125,794877.007878676,0],[1978002.39874193,794880.412727505,0],[1977998.57230601,794883.629256502,0],[1977994.65958418,794887.09906584,0],[1977990.75276785,794890.981932089,0],[1977986.79542667,794894.865126416,0],[1977983.4250266,794898.153177589,0],[1977982.78067093,794898.781129092,0],[1977978.73671576,794902.272920012,0],[1977975.13665734,794905.68531476,0],[1977971.70654608,794909.376908422,0],[1977968.20688118,794913.407412171,0],[1977965.13963009,794917.814883679,0],[1977962.18359926,794922.46546492,0],[1977959.347975,794927.206269085,0],[1977956.9821661,794931.980537757,0],[1977954.84732784,794936.919176176,0],[1977947.69478309,794951.865340501,0],[1977944.90509051,794956.437837929,0],[1977942.06881009,794960.950952262,0],[1977939.44414343,794965.226534262,0],[1977937.2203946,794969.109400511,0],[1977931.80734767,794981.405963838,0],[1977930.0114195,794985.220260665,0],[1977927.85656817,794989.263559669,0],[1977925.6767825,794993.760597929,0],[1977923.58721976,794998.041757345,0],[1977921.83656709,795002.360974416,0],[1977920.25815818,795006.872120261,0],[1977918.44352926,795011.352426261,0],[1977916.7834276,795015.774661511,0],[1977915.21190843,795020.252014756,0],[1977913.58002192,795024.778252423,0],[1977911.91631134,795029.729686081,0],[1977909.85955693,795035.082365677,0],[1977907.74341942,795040.120741427,0],[1977905.540996,795044.391730249,0],[1977903.23916334,795048.402877092,0],[1977901.15484992,795052.682068005,0],[1977899.29822634,795057.033437252,0],[1977897.19389984,795061.435659423,0],[1977895.32152826,795065.954351172,0],[1977894.19882709,795070.540956169,0],[1977892.66011626,795075.471064419,0],[1977890.82908317,795080.751237586,0],[1977889.38814117,795085.745322093,0],[1977888.83302417,795090.354236752,0],[1977888.58433701,795094.424438596,0],[1977888.41078092,795098.121281594,0],[1977889.04398176,795102.224291757,0],[1977891.00395159,795107.025791332,0],[1977893.33006242,795111.638314918,0],[1977895.86942743,795116.042833671,0],[1977898.55347717,795120.106801927,0],[1977901.81725018,795124.470310256,0],[1977905.15385768,795128.841364503,0],[1977908.22078067,795132.919440344,0],[1977911.16270392,795136.919760421,0],[1977913.46847358,795141.003413677,0],[1977920.70172684,795153.645120665,0],[1977924.05933167,795157.378052846,0],[1977927.20630701,795161.817348421,0],[1977929.19810092,795166.766485512,0],[1977930.44645801,795171.759913832,0],[1977931.25452726,795176.944942832,0],[1977931.10557742,795181.251692757,0],[1977930.33720626,795185.014808595,0],[1977929.36706384,795190.206071168,0],[1977928.51667184,795195.26511617,0],[1977927.87100384,795200.065303415,0],[1977926.90643884,795204.389441758,0],[1977926.12461625,795207.692256674,0],[1977925.24699333,795212.185029835,0],[1977924.2086096,795217.30509834,0],[1977923.07573783,795222.801478416,0],[1977922.62331092,795228.393002674,0],[1977921.51570159,795232.690238178,0],[1977919.72239809,795237.459585592,0],[1977918.42843743,795243.204652846,0],[1977917.65087992,795248.46612525,0],[1977917.09773143,795253.72858192,0],[1977916.41269343,795258.857836753,0],[1977914.88054426,795263.844375342,0],[1977913.72044159,795268.079603091,0],[1977912.52162509,795276.253143176,0],[1977907.96946885,795297.623179168,0],[1977906.568553,795303.518508583,0],[1977905.39007768,795307.543763012,0],[1977904.115802,795312.125774845,0],[1977901.48851067,795323.905278832,0],[1977901.05576876,795328.903300345,0],[1977900.3090511,795334.123106167,0],[1977899.39468284,795338.763844922,0],[1977898.74606209,795343.218888506,0],[1977898.91436884,795348.449193001,0],[1977899.88090234,795354.368800595,0],[1977900.21193843,795359.751335755,0],[1977898.98589101,795365.458345339,0],[1977896.95374285,795371.08563067,0],[1977894.97015101,795376.593165591,0],[1977893.17455092,795381.815596089,0],[1977892.47671768,795384.693543091,0],[1977891.40552559,795387.248656094,0],[1977890.35500276,795390.060986429,0],[1977890.26937301,795390.245041177,0],[1977890.12140742,795390.499633834,0],[1977889.781185,795391.475353673,0],[1977888.59942885,795393.874627084,0],[1977886.27102143,795397.722060338,0],[1977885.01675884,795403.032745257,0],[1977884.58040801,795408.548810333,0],[1977884.16439834,795414.590792999,0],[1977883.65258834,795420.811253011,0],[1977883.05810134,795427.303694084,0],[1977879.55712409,795437.682282254,0],[1977875.51218468,795448.649123833,0],[1977872.46593092,795467.428285763,0],[1977870.76317842,795478.351820335,0],[1977868.94067551,795492.447920755,0],[1977868.367842,795497.876059502,0],[1977867.03123051,795502.879330337,0],[1977865.03648384,795508.058453843,0],[1977863.43412484,795513.676224753,0],[1977862.24613509,795518.962631509,0],[1977860.90296192,795523.505273342,0],[1977860.04010275,795527.790697843,0],[1977859.67297751,795531.825138584,0],[1977858.69397683,795536.360234499,0],[1977858.69791384,795542.856940672,0],[1977858.67363568,795550.199117586,0],[1977858.92954068,795557.157108918,0],[1977858.54994826,795563.536361262,0],[1977858.77862234,795571.371647418,0],[1977859.17625934,795578.830293924,0],[1977858.92101051,795586.131132334,0],[1977858.89213917,795592.837483749,0],[1977858.22055259,795598.630451173,0],[1977857.77862434,795604.837787837,0],[1977857.07619792,795610.766581759,0],[1977857.0099251,795616.856136501,0],[1977858.32291459,795621.957176179,0],[1977858.85998701,795626.887612507,0],[1977856.49483426,795631.466671586,0],[1977853.94923568,795636.511280924,0],[1977851.6378886,795641.596572593,0],[1977848.87936392,795646.208440006,0],[1977846.04209925,795651.369847,0],[1977843.05719709,795656.396083668,0],[1977839.72518276,795660.953817338,0],[1977837.17597526,795664.834387004,0],[1977831.62775801,795673.090276003,0],[1977826.99226859,795678.303848252,0],[1977822.73637159,795682.992815256,0],[1977818.87712733,795687.627320424,0],[1977816.54478292,795690.620424673,0],[1977811.64912343,795694.229013249,0],[1977807.09565485,795698.736550167,0],[1977803.00281526,795703.236213088,0],[1977799.4568906,795707.4465065,0],[1977795.99036209,795712.452402011,0],[1977792.84699567,795717.375948593,0],[1977789.35618901,795722.172198832,0],[1977786.42213976,795726.557032585,0],[1977783.68330009,795729.610176086,0],[1977781.10554934,795733.38871184,0],[1977778.64820518,795738.381155923,0],[1977774.78403968,795743.376880839,0],[1977770.23975742,795747.766963929,0],[1977766.86640459,795751.208230004,0],[1977761.02684934,795762.497577503,0],[1977758.42055534,795767.500192165,0],[1977756.14693785,795772.338765174,0],[1977753.76570901,795778.050367922,0],[1977751.71125117,795783.267221004,0],[1977750.63874675,795788.565438762,0],[1977749.38842118,795793.929273173,0],[1977747.97438201,795799.084774673,0],[1977746.97274359,795804.558517009,0],[1977746.10890017,795810.47779651,0],[1977745.54886192,795825.596204594,0],[1977745.40220867,795828.83274667,0],[1977744.95929617,795832.641466096,0],[1977744.9747161,795837.150971502,0],[1977745.04000467,795842.209688425,0],[1977745.98849359,795852.131912678,0],[1977748.38547042,795863.41502659,0],[1977748.36676967,795867.931421757,0],[1977748.40089034,795872.952409089,0],[1977747.13711335,795875.893676177,0],[1977747.91106193,795880.959282845,0],[1977751.75291775,795885.059668332,0],[1977758.23387593,795893.642328337,0],[1977758.95172226,795897.679065675,0],[1977759.46221992,795901.955960006,0],[1977760.22599792,795906.590793252,0],[1977761.35657309,795911.312896669,0],[1977763.15840676,795915.320106506,0],[1977764.48287918,795919.171804845,0],[1977765.03241876,795923.440497085,0],[1977765.63117084,795927.626840428,0],[1977765.36706376,795930.957870498,0],[1977765.23287767,795934.905041084,0],[1977767.50321434,795939.789217666,0],[1977769.9904141,795943.870902419,0],[1977771.81324509,795947.125817165,0],[1977773.39034167,795950.485718593,0],[1977773.43692951,795953.646145344,0],[1977773.37721834,795956.719958082,0],[1977773.15477784,795959.762602925,0],[1977773.81422535,795964.238971919,0],[1977773.81389725,795969.054251,0],[1977772.05897951,795972.382656425,0],[1977771.92479342,795977.705152333,0],[1977772.25582951,795981.36853084,0],[1977773.01927942,795984.97744751,0],[1977773.41822876,795988.612610832,0],[1977775.56159717,795993.419687837,0],[1977778.51106635,795998.738246754,0],[1977781.80830385,796004.278590009,0],[1977784.72037151,796009.890127346,0],[1977787.17837185,796014.82745342,0],[1977789.11209501,796019.741485596,0],[1977790.84929626,796025.535765335,0],[1977792.84797992,796031.192578167,0],[1977795.04745059,796035.039683342,0],[1977796.58124018,796038.597747087,0],[1977797.87323233,796042.510797009,0],[1977799.56122109,796046.286380008,0],[1977801.66128251,796050.401201174,0],[1977804.10878417,796055.48583667,0],[1977805.27479234,796059.526510999,0],[1977806.40077434,796063.602618337,0],[1977808.47393292,796069.181675419,0],[1977810.48803651,796074.477596596,0],[1977812.27051325,796079.015317172,0],[1977813.58612743,796082.627186581,0],[1977815.27181959,796086.788267508,0],[1977816.57267001,796092.137010083,0],[1977817.85744435,796097.252813503,0],[1977818.96144475,796102.442763761,0],[1977819.9115741,796108.603184506,0],[1977820.88762201,796113.932570174,0],[1977821.24490476,796118.46044825,0],[1977821.07003634,796123.313785002,0],[1977821.37285726,796127.878080338,0],[1977822.09857759,796132.351824671,0],[1977822.85710625,796137.266184926,0],[1977824.02705142,796150.45054175,0],[1977824.14614567,796155.122120336,0],[1977824.41025275,796160.18182151,0],[1977824.1573005,796165.263832346,0],[1977822.6887995,796170.59420225,0],[1977820.84365883,796179.170628667,0],[1977822.31183176,796183.515436262,0],[1977823.2950975,796188.730976999,0],[1977823.41714451,796193.04297626,0],[1977822.81215884,796195.609244093,0],[1977822.02082184,796199.51934126,0],[1977822.37383951,796205.092492834,0],[1977822.34923325,796214.776528582,0],[1977822.31773725,796220.248630509,0],[1977822.76097783,796225.786021009,0],[1977823.2777091,796231.758121923,0],[1977823.66353509,796238.483830258,0],[1977823.97915126,796244.058294177,0],[1977824.00342943,796248.919504926,0],[1977822.52508593,796253.128814086,0],[1977820.65927601,796257.369291171,0],[1977820.31478851,796261.772825673,0],[1977820.72325225,796265.864681005,0],[1977820.56347567,796270.370577499,0],[1977820.90369809,796275.413546428,0],[1977821.46964183,796280.645819426,0],[1977821.16846134,796284.940430254,0],[1977819.66387117,796289.480775505,0],[1977818.57857151,796294.38529326,0],[1977817.50147392,796299.032593668,0],[1977816.13828768,796303.045708999,0],[1977815.80725159,796306.889533341,0],[1977815.46177985,796311.57423526,0],[1977815.4407825,796317.256966665,0],[1977815.5296931,796322.661155343,0],[1977816.28264435,796328.055829585,0],[1977817.29084443,796333.690332755,0],[1977817.57890159,796339.080085754,0],[1977817.82824492,796344.434077665,0],[1977818.47653759,796350.054473251,0],[1977819.2360505,796355.325132012,0],[1977819.26032868,796360.579386592,0],[1977820.31478851,796365.748995677,0],[1977821.6139985,796370.31427525,0],[1977822.35776342,796374.820499837,0],[1977823.08118717,796380.288008586,0],[1977823.87613308,796385.671199918,0],[1977823.92009626,796391.132146999,0],[1977823.48702626,796395.533384919,0],[1977823.66615976,796400.567823678,0],[1977824.63991109,796406.387037754,0],[1977826.51720393,796411.242343009,0],[1977829.13629317,796420.902756751,0],[1977829.47717176,796426.2245965,0],[1977830.0864225,796430.882395595,0],[1977830.09888968,796435.093345165,0],[1977829.47192243,796439.993925929,0],[1977829.15565009,796442.848250926,0],[1977828.91089992,796450.55263184,0],[1977830.55164467,796456.036216676,0],[1977831.86529034,796459.421708584,0],[1977831.59462158,796462.151361927,0],[1977831.50735143,796466.413820595,0],[1977832.44665401,796472.305213004,0],[1977832.80164017,796475.836045831,0],[1977832.55426534,796480.994172007,0],[1977832.16286193,796486.210040838,0],[1977832.12086725,796491.630305588,0],[1977832.718307,796496.978063926,0],[1977837.51226068,796509.739849418,0],[1977839.75635068,796514.647319928,0],[1977841.99814409,796519.533136919,0],[1977844.21697168,796524.685357586,0],[1977846.84820001,796529.629245341,0],[1977852.78486793,796538.518007085,0],[1977855.64805117,796541.501596928,0],[1977858.32947625,796544.752902761,0],[1977861.23137334,796548.280126676,0],[1977863.70020042,796551.583597749,0],[1977866.15590417,796555.026504248,0],[1977868.88949451,796557.827351674,0],[1977872.14211267,796560.734826177,0],[1977875.36093825,796563.06717059,0],[1977878.09715326,796565.810275346,0],[1977881.48100476,796569.481855929,0],[1977885.39503892,796573.697398677,0],[1977889.71884917,796577.815172583,0],[1977893.84187242,796581.966411009,0],[1977897.33366334,796586.491336346,0],[1977900.27558659,796590.986406088,0],[1977903.2539271,796595.613693416,0],[1977906.64958958,796599.324972093,0],[1977909.94551475,796602.609414339,0],[1977913.40187268,796606.42403926,0],[1977916.57771935,796610.484726667,0],[1977918.9838825,796614.182553917,0],[1977920.78473192,796618.083464757,0],[1977921.85887675,796622.014887333,0],[1977923.14561959,796626.584432006,0],[1977925.44121867,796631.620183095,0],[1977927.36870825,796636.300619915,0],[1977929.17087001,796640.975151256,0],[1977930.64330801,796645.755653501,0],[1977931.09048559,796650.140815333,0],[1977931.67611434,796653.800584927,0],[1977933.34737083,796657.184108332,0],[1977934.19874708,796661.402931929,0],[1977934.17446892,796666.219851419,0],[1977934.47400901,796670.411116004,0],[1977935.18201284,796674.748377666,0],[1977936.01337601,796679.570546508,0],[1977936.7794506,796683.194554999,0],[1977936.70792842,796687.323155671,0],[1977937.26993518,796692.427476168,0],[1977938.54158618,796697.636455253,0],[1977941.2794416,796703.234541178,0],[1977941.28403476,796706.472067505,0],[1977939.42708309,796709.609200343,0],[1977943.54551317,796712.862146586,0],[1977947.6199801,796716.587204754,0],[1977951.6987121,796720.620333165,0],[1977954.7124856,796724.693487749,0],[1977956.80040793,796728.548138842,0],[1977958.16064142,796730.25876534,0],[1977959.77612376,796732.289929256,0],[1977965.08484018,796737.597333342,0],[1977968.83712925,796742.153754666,0],[1977972.22918284,796746.9995455,0],[1977975.63960908,796750.992647752,0],[1977978.34465617,796753.690805092,0],[1977980.27214576,796756.149789676,0],[1977981.71079117,796758.030363336,0],[1977983.15074892,796759.610740751,0],[1977984.48604809,796761.55233793,0],[1977985.39549509,796762.916508421,0],[1977986.12384009,796763.729827002,0],[1977986.54903609,796764.773132011,0],[1977988.58971442,796765.61499384,0],[1977990.05624692,796768.542481422,0],[1977993.23603059,796776.852504179,0],[1977993.71667267,796776.913855761,0],[1977996.64219175,796781.337403342,0],[1977998.75143951,796784.968629673,0],[1978000.55688208,796788.875117928,0],[1978001.81705017,796793.140529335,0],[1978003.41809684,796797.33310625,0],[1978005.24716142,796801.48762551,0],[1978007.20778742,796805.440045416,0],[1978009.67661451,796808.862282678,0],[1978012.50895792,796811.856371179,0],[1978014.87247026,796815.476114586,0],[1978016.91708559,796819.261212006,0],[1978019.01156959,796823.336991251,0],[1978021.30323167,796827.779567674,0],[1978023.95775393,796831.635203004,0],[1978026.77598976,796835.187033176,0],[1978029.2497381,796838.735910594,0],[1978031.66968076,796842.108935341,0],[1978033.42394234,796846.075462833,0],[1978035.0702645,796850.192252502,0],[1978036.91835792,796854.145000502,0],[1978038.46231809,796858.221763998,0],[1978040.2552935,796862.353645504,0],[1978041.46099976,796865.922864094,0],[1978041.95050009,796868.97207059,0],[1978043.51873842,796872.293586254,0],[1978045.13225226,796875.777831256,0],[1978046.63257734,796879.360829338,0],[1978047.90258792,796882.740743846,0],[1978049.85894884,796887.011732668,0],[1978052.25297293,796891.307327762,0],[1978054.34876926,796896.428708583,0],[1978056.3851825,796901.603567004,0],[1978058.25033626,796906.29351826,0],[1978059.25984867,796911.446067005,0],[1978059.86417818,796916.258721426,0],[1978060.73491134,796921.021507174,0],[1978062.05019742,796925.53790234,0],[1978063.12138951,796929.67568934,0],[1978064.24310642,796933.513280094,0],[1978064.29658401,796937.786237419,0],[1978064.06200442,796942.620217249,0],[1978064.10793608,796947.685823917,0],[1978064.34776501,796952.607073918,0],[1978064.6922525,796956.849191427,0],[1978065.4760436,796960.74649334,0],[1978066.28017583,796964.739595592,0],[1978065.95865418,796967.779943839,0],[1978065.83299826,796970.787811846,0],[1978066.41206534,796974.327174842,0],[1978066.98949201,796977.878020748,0],[1978067.52525209,796979.598161668,0],[1978069.42911968,796987.438697174,0],[1978069.94322626,796992.290721595,0],[1978071.66730417,796997.261184081,0],[1978074.75128751,797001.530532509,0],[1978077.10987858,797004.934069008,0],[1978078.49045326,797007.972120672,0],[1978080.55016042,797011.69881925,0],[1978082.99306892,797016.306749672,0],[1978087.20631509,797023.357588589,0],[1978089.85690033,797025.674185008,0],[1978098.36869434,797033.812948257,0],[1978104.48121493,797040.454995334,0],[1978107.38901751,797044.178413093,0],[1978110.47989058,797047.658064917,0],[1978121.19246759,797055.111462086,0],[1978128.91915818,797058.099316999,0],[1978132.35517493,797059.55666317,0],[1978135.60123143,797061.349966675,0],[1978139.19275968,797062.944123596,0],[1978142.77510159,797065.185260832,0],[1978147.08513235,797068.017604262,0],[1978151.49621275,797070.829606503,0],[1978155.74522001,797072.959523499,0],[1978160.21863626,797074.223628595,0],[1978164.51390326,797075.193771005,0],[1978168.94105975,797076.339109927,0],[1978173.07228509,797077.018898591,0],[1978176.63198926,797078.166534096,0],[1978179.96301934,797079.964430749,0],[1978183.13000776,797081.418168008,0],[1978187.09686334,797083.449003845,0],[1978191.14409934,797086.002476424,0],[1978194.50662543,797087.756738007,0],[1978197.44198701,797089.916510582,0],[1978199.93574843,797092.335140929,0],[1978203.06303875,797094.86105451,0],[1978206.04728475,797097.468004674,0],[1978208.62733209,797101.055267841,0],[1978211.38749717,797105.49620384,0],[1978214.30514225,797109.997835249,0],[1978216.77331318,797113.693365917,0],[1978218.83597308,797117.968947917,0],[1978220.74640234,797122.544070005,0],[1978222.25656992,797126.552264094,0],[1978223.27690908,797130.262230426,0],[1978224.8887825,797133.472525835,0],[1978226.13024984,797137.634590998,0],[1978226.48982917,797139.674613178,0],[1978227.88844842,797143.508595005,0],[1978229.3494035,797149.239554673,0],[1978229.93437609,797154.612247333,0],[1978230.103339,797158.923590422,0],[1978230.71718292,797162.603045002,0],[1978232.72045976,797166.617472678,0],[1978234.05215001,797169.958345249,0],[1978236.52557026,797174.213914171,0],[1978238.25883451,797178.953077927,0],[1978238.48521201,797183.8215065,0],[1978238.07707635,797189.635143176,0],[1978238.53376834,797195.232244834,0],[1978239.22930501,797200.200082675,0],[1978238.95535542,797204.489444166,0],[1978239.31821559,797209.034054503,0],[1978240.33888283,797213.536342084,0],[1978240.82871126,797218.384757593,0],[1978241.35036376,797223.230876505,0],[1978241.82903734,797227.927717507,0],[1978242.12464042,797232.170163095,0],[1978242.21092634,797235.790562674,0],[1978242.93894325,797239.972312838,0],[1978243.18927084,797244.944087669,0],[1978242.70830068,797249.142242,0],[1978241.88612384,797253.041184336,0],[1978241.38415635,797261.357768759,0],[1978241.92516576,797265.740305915,0],[1978241.76407684,797269.550009593,0],[1978241.67549434,797272.786879748,0],[1978241.92779042,797276.759312749,0],[1978242.60921951,797296.184470758,0],[1978239.74702051,797300.6795405,0],[1978237.98094793,797304.903941512,0],[1978234.6427,797311.561408505,0],[1978230.43076618,797318.29564701,0],[1978227.94094175,797322.250691593,0],[1978224.94750942,797326.135854423,0],[1978222.88452142,797329.335979253,0],[1978221.97671483,797334.255916923,0],[1978220.27461851,797339.649935007,0],[1978218.87599926,797343.552814335,0],[1978217.26675051,797346.815274999,0],[1978215.52626842,797350.601028591,0],[1978213.56662667,797354.094459921,0],[1978212.64175975,797357.362826094,0],[1978211.29136875,797361.13644059,0],[1978209.87897001,797365.596405417,0],[1978208.53415643,797370.150858253,0],[1978206.51217884,797375.131163254,0],[1978204.72838975,797379.858187929,0],[1978203.15424593,797383.848665506,0],[1978201.99447134,797388.167226419,0],[1978200.70707235,797392.921153918,0],[1978200.3061545,797397.776787251,0],[1978200.26842493,797402.35322167,0],[1978199.56271768,797407.259379834,0],[1978198.26547617,797412.31875293,0],[1978197.07453367,797416.655686513,0],[1978196.88555768,797420.972278923,0],[1978196.83896984,797425.482112423,0],[1978196.98693542,797430.373506844,0],[1978197.51810235,797434.870545089,0],[1978198.24021375,797438.875458345,0],[1978198.8848975,797443.767180845,0],[1978199.5108805,797447.699587673,0],[1978200.50005175,797451.327533171,0],[1978201.43902625,797455.664794832,0],[1978201.66277909,797460.974823594,0],[1978202.43541534,797466.754995748,0],[1978202.62635984,797471.147047341,0],[1978203.46658126,797475.526959836,0],[1978205.05778542,797481.233313262,0],[1978206.25102451,797486.290061668,0],[1978208.05121776,797490.363216251,0],[1978209.9714895,797494.131253332,0],[1978212.18375543,797497.437021002,0],[1978214.9321095,797499.627305344,0],[1978216.48131901,797500.779862091,0],[1978218.21852025,797501.600398511,0],[1978220.8297355,797503.881889999,0],[1978221.72704342,797504.86121875,0],[1978221.86352609,797506.54166159,0],[1978220.20309635,797514.084297419,0],[1978220.82186151,797516.757848501,0],[1978222.90978384,797519.342817083,0],[1978224.44488576,797521.946814507,0],[1978225.79855759,797525.546216756,0],[1978229.14074251,797534.461553261,0],[1978231.43470117,797538.020273179,0],[1978233.86317401,797541.501893505,0],[1978236.88744618,797545.817501679,0],[1978238.06362492,797549.600958675,0],[1978239.87464492,797554.633100837,0],[1978242.35429876,797559.784993425,0],[1978246.53965785,797563.721009165,0],[1978250.4910935,797568.132417679,0],[1978253.03045851,797572.667841673,0],[1978254.84902443,797577.445391178,0],[1978256.97041126,797581.53888692,0],[1978259.54914625,797584.939142585,0],[1978261.56292176,797587.333822832,0],[1978264.63607834,797591.365967005,0],[1978266.46842375,797597.066086844,0],[1978269.46480884,797602.950589508,0],[1978274.22628225,797608.567376167,0],[1978277.83683933,797613.906276256,0],[1978281.38473251,797617.910861418,0],[1978286.22068085,797621.666103259,0],[1978290.69573751,797625.363602415,0],[1978294.61698951,797629.775010929,0],[1978298.25641793,797635.152952924,0],[1978301.6169755,797640.233651429,0],[1978304.6901321,797645.100439593,0],[1978308.36138459,797649.219853923,0],[1978311.88631192,797653.452457011,0],[1978315.3830241,797656.901925176,0],[1978317.8295415,797661.012481257,0],[1978319.58544351,797665.360569671,0],[1978321.31772351,797669.529196501,0],[1978323.73930658,797671.220794171,0],[1978327.41449609,797674.665341094,0],[1978330.69270475,797679.294925004,0],[1978334.23994176,797683.337895915,0],[1978337.37937118,797688.002912834,0],[1978340.94793358,797693.648570836,0],[1978343.78716676,797698.077039674,0],[1978347.25336717,797700.417258084,0],[1978350.63689059,797701.917583168,0],[1978354.37769675,797704.308982596,0],[1978358.73628384,797707.966783673,0],[1978362.80911034,797710.809953839,0],[1978367.56467825,797714.448398009,0],[1978372.78120326,797719.337495834,0],[1978377.33073483,797724.339126259,0],[1978382.11878301,797729.105849013,0],[1978386.63878709,797734.287925258,0],[1978391.02263659,797738.514622837,0],[1978395.85628834,797741.333186761,0],[1978400.53967792,797744.500503257,0],[1978405.58494343,797746.769527584,0],[1978411.20468284,797747.824315503,0],[1978416.61182426,797749.378118172,0],[1978420.6977741,797751.957837418,0],[1978424.97926159,797753.895825669,0],[1978430.49237393,797754.417478174,0],[1978434.41789101,797754.839721426,0],[1978438.717095,797755.9227245,0],[1978444.15343584,797755.663538679,0],[1978450.43820018,797754.636309758,0],[1978456.90045759,797754.756716341,0],[1978462.74985534,797754.488672256,0],[1978467.87911017,797753.639592588,0],[1978472.77969092,797753.06249401,0],[1978476.71603476,797752.395500585,0],[1978485.39711976,797753.892544836,0],[1978489.75373834,797753.408950001,0],[1978492.91875826,797752.539201096,0],[1978495.594934,797751.430607513,0],[1978499.22583225,797750.252132177,0],[1978505.20219825,797747.971296832,0],[1978507.32620975,797747.919131592,0],[1978509.53092976,797747.674709499,0],[1978511.346871,797747.424710006,0],[1978513.00697267,797747.276744425,0],[1978514.48006684,797746.677336171,0],[1978515.89935534,797745.822351009,0],[1978519.43478134,797745.611065343,0],[1978522.38818751,797745.470645666,0],[1978524.30124143,797744.647812679,0],[1978526.32649983,797744.022485837,0],[1978529.96461593,797743.930622503,0],[1978534.19262584,797743.82727626,0],[1978539.61256251,797743.696699083,0],[1978545.49936175,797742.759365007,0],[1978552.05709143,797742.108447671,0],[1978557.50524326,797741.055628255,0],[1978561.41370001,797739.88699542,0],[1978567.13547334,797739.779384091,0],[1978573.84674601,797739.724594176,0],[1978580.15447618,797740.401758179,0],[1978586.15118334,797739.887323499,0],[1978592.03076476,797738.679976836,0],[1978597.9356086,797738.149794176,0],[1978603.63375993,797738.053665757,0],[1978608.96544218,797738.681289166,0],[1978614.52973551,797738.347300336,0],[1978619.45557867,797737.28595075,0],[1978624.52118534,797736.149142012,0],[1978629.42078184,797735.097634926,0],[1978633.61663958,797734.205248252,0],[1978637.17011018,797733.837138757,0],[1978639.71603684,797731.718376592,0],[1978643.24686967,797728.702306509,0],[1978649.13465318,797728.296139345,0],[1978655.88595201,797728.903749675,0],[1978661.99059859,797729.665231094,0],[1978667.14511584,797729.291544169,0],[1978672.60737526,797728.7259285,0],[1978678.37409601,797728.886033177,0],[1978685.49776943,797729.260704339,0],[1978691.23397842,797728.769235507,0],[1978696.35896817,797728.553356677,0],[1978701.26643868,797728.003160924,0],[1978705.45442243,797728.741020337,0],[1978709.96852101,797728.516283259,0],[1978716.58727418,797725.882430255,0],[1978724.36744234,797723.95822151,0],[1978732.87300275,797722.682633504,0],[1978739.429092,797721.275156006,0],[1978743.17645983,797718.871289417,0],[1978745.78701892,797716.406071261,0],[1978756.78929351,797707.424461916,0],[1978762.84964883,797704.843102261,0],[1978768.570766,797703.522238761,0],[1978774.72134426,797702.234183595,0],[1978780.58124067,797701.67447342,0],[1978785.85944533,797702.736479178,0],[1978790.94670551,797703.668892011,0],[1978795.94177426,797703.399863675,0],[1978801.19504459,797703.343105257,0],[1978805.99949692,797703.528472334,0],[1978810.41484243,797705.929386169,0],[1978814.74554242,797711.539611176,0],[1978830.06769025,797715.816177428,0],[1978835.16446485,797712.012379259,0],[1978840.23433658,797708.547491178,0],[1978847.16345659,797706.744345173,0],[1978854.01350851,797706.034700915,0],[1978871.68178026,797704.756488249,0],[1978877.53216226,797703.877224922,0],[1978883.1512455,797703.525847673,0],[1978888.59447609,797703.199404761,0],[1978894.11972751,797702.386742339,0],[1978898.50849825,797701.05702059,0],[1978902.873647,797699.868046582,0],[1978908.03013276,797698.730581671,0],[1978912.80440143,797697.483865008,0],[1978917.64034976,797696.224025011,0],[1978924.15870942,797695.807031095,0],[1978930.3443926,797695.345089749,0],[1978934.97332034,797693.917271093,0],[1978939.36143492,797692.760121167,0],[1978944.37750101,797692.492733255,0],[1978949.71147984,797692.455003679,0],[1978954.82236201,797694.427440673,0],[1978959.50673585,797696.308998585,0],[1978964.16912809,797696.775533095,0],[1978968.77049685,797696.304077342,0],[1978973.66648443,797695.538330838,0],[1978979.46306075,797696.463525832,0],[1978985.04146168,797697.747315928,0],[1978990.85444218,797698.727300838,0],[1978996.86427267,797699.472050011,0],[1979002.79405084,797701.09770292,0],[1979007.93675709,797702.760101169,0],[1979012.92723267,797704.065216675,0],[1979018.36291733,797705.511408001,0],[1979023.91704009,797708.832267508,0],[1979028.69098067,797713.818149924,0],[1979033.2516671,797716.335533336,0],[1979036.95933685,797718.977588415,0],[1979040.36123292,797721.520562336,0],[1979042.55184534,797724.609795004,0],[1979044.98458326,797727.884066671,0],[1979049.32020451,797729.780060261,0],[1979054.40844892,797732.230514675,0],[1979059.22077526,797735.177687258,0],[1979064.00324601,797737.560228422,0],[1979068.60395859,797739.579581335,0],[1979073.16136417,797742.022817925,0],[1979077.66004284,797744.689807341,0],[1979082.2138395,797746.150434345,0],[1979086.77715059,797748.737371415,0],[1979091.14000276,797751.760331258,0],[1979095.03763276,797754.675351679,0],[1979098.68985642,797757.607432425,0],[1979101.93722525,797759.691745833,0],[1979104.67803343,797761.007360011,0],[1979106.68360683,797762.153355092,0],[1979108.60879984,797763.163195595,0],[1979110.66358575,797764.946328506,0],[1979112.25314951,797767.017846674,0],[1979113.65209684,797767.972569168,0],[1979114.88962717,797768.702882677,0],[1979127.82135984,797773.056220427,0],[1979132.51131108,797776.269140512,0],[1979137.00572467,797779.152336836,0],[1979140.78557275,797782.172343925,0],[1979143.48274584,797785.542744011,0],[1979146.40662451,797788.60638617,0],[1979149.92334975,797790.616224676,0],[1979153.57819809,797792.270092756,0],[1979157.28553976,797794.304209426,0],[1979161.47319542,797796.595215335,0],[1979165.53257051,797798.496458262,0],[1979169.23072584,797800.377360001,0],[1979173.15427442,797802.857341915,0],[1979176.80846658,797804.215606928,0],[1979181.12374668,797804.479714006,0],[1979185.60077184,797805.973149344,0],[1979190.31992251,797808.502671838,0],[1979194.74248584,797811.465264335,0],[1979197.18834709,797813.79695259,0]]},"properties":{"FID":115,"FeatureTyp":"Unpaved Greenway","Label":"TM THE VINE TRAIL","Fr_St":" ","To_St":" ","Notes":" ","Shape_Leng":5389.83481267,"GlobalID":"42214d3c-1a3b-4d8b-8add-3c0d46c032d5"}},{"type":"Feature","id":116,"geometry":{"type":"LineString","coordinates":[[1980480.93774809,799241.64711526,0],[1980484.47514258,799242.591995254,0],[1980506.69557059,799251.761268258,0],[1980510.85402684,799256.531271845,0],[1980514.76970142,799261.540120095,0],[1980518.28675476,799266.204808921,0],[1980521.78281076,799270.566348761,0],[1980525.52919434,799275.162796259,0],[1980529.73489459,799279.861605749,0],[1980533.75621201,799283.81140101,0],[1980537.91073126,799286.495122671,0],[1980541.76046109,799289.398332089,0],[1980558.50747484,799307.15387401,0],[1980562.91100934,799310.787068844,0],[1980567.59079,799314.184371755,0],[1980576.9533041,799321.767361835,0],[1980581.50972542,799323.874313012,0],[1980586.18884993,799325.435005426,0],[1980591.27807859,799327.426471248,0],[1980596.06383017,799329.584603429,0],[1980600.83580226,799331.834598929,0],[1980605.30003217,799332.567537084,0],[1980609.19897451,799334.457953259,0],[1980613.58413634,799337.886096001,0],[1980617.44075592,799339.171198428,0],[1980621.89776801,799339.788979337,0],[1980627.52538143,799341.90675725,0],[1980633.29308642,799344.33030884,0],[1980638.74714376,799346.224662006,0],[1980643.5847325,799347.233846337,0],[1980648.39082526,799347.605892837,0],[1980656.36128175,799350.841450676,0],[1980668.06434233,799356.549116418,0],[1980673.50429209,799356.818800926,0],[1980679.05939908,799357.766961753,0],[1980684.79068685,799359.181000918,0],[1980690.60465159,799360.818464845,0],[1980695.65910342,799364.252841175,0],[1980699.59774384,799365.042537749,0],[1980703.22208042,799364.033681512,0],[1980707.24536633,799364.888994753,0],[1980711.52947851,799367.35847801,0],[1980717.08556975,799369.659654498,0],[1980727.33259651,799372.657680005,0],[1980732.082587,799376.218696505,0],[1980753.97099468,799394.008687168,0],[1980757.17046334,799396.618262008,0],[1980760.2774125,799399.542468756,0],[1980763.64945301,799403.246529594,0],[1980766.7734625,799407.561481595,0],[1980769.36368042,799411.053272501,0],[1980772.192743,799413.111995429,0],[1980778.36235009,799419.107390255,0],[1980780.34462959,799424.518468678,0],[1980790.8780731,799449.28285484,0],[1980794.26126842,799452.692296833,0],[1980797.44105209,799455.306464836,0],[1980803.586381,799461.883879513,0],[1980806.22909226,799466.111889422,0],[1980809.46366584,799471.130580172,0],[1980813.09653258,799475.890741259,0],[1980816.51483284,799481.502606675,0],[1980820.10209601,799486.570181832,0],[1980822.73955792,799490.39957051,0],[1980824.6788585,799494.853301749,0],[1980827.07255451,799499.56982775,0],[1980828.83731475,799503.9428505,0],[1980831.4685431,799511.56389825,0],[1980833.16801475,799512.139684498,0],[1980835.87667076,799516.645909086,0],[1980837.75297934,799522.597012669,0],[1980838.93407933,799533.821727753,0],[1980840.65028326,799541.506751761,0],[1980841.86517584,799547.739022762,0],[1980841.85533334,799552.766243666,0],[1980835.31794484,799572.512595251,0],[1980834.20803893,799579.325245678,0],[1980833.56958875,799586.107712418,0],[1980833.17457642,799591.654289261,0],[1980833.07549526,799593.462684587,0],[1980832.99511483,799600.471200749,0],[1980833.38126892,799606.01548101,0],[1980833.98428608,799611.397688091,0],[1980834.15160859,799616.423596665,0],[1980834.09485017,799622.418663427,0],[1980834.36322235,799629.191287667,0],[1980833.37667575,799635.401577085,0],[1980832.91932759,799641.703401759,0],[1980832.48428909,799647.684032843,0],[1980831.52661385,799653.021292508,0],[1980830.85502726,799657.706978679,0],[1980830.24151142,799661.534398839,0],[1980829.39636876,799666.237145334,0],[1980828.6791786,799671.628210679,0],[1980827.2028036,799675.67380625,0],[1980824.99513084,799678.618354172,0],[1980822.38030668,799681.922809511,0],[1980819.57650651,799685.322737083,0],[1980816.25072576,799686.156396836,0],[1980812.21923776,799688.574699089,0],[1980809.37639567,799690.377188921,0],[1980805.92791176,799694.674096346,0],[1980801.97713226,799698.808274418,0],[1980798.01027668,799702.724605173,0],[1980763.60745834,799700.128481761,0],[1980741.25743742,799697.088461593,0],[1980737.72791693,799694.434267417,0],[1980734.38835667,799692.051398173,0],[1980731.80863743,799688.49825567,0],[1980729.12885275,799683.191507757,0],[1980726.84145576,799678.607855499,0],[1980725.61868918,799674.702023417,0],[1980724.13083126,799670.422504425,0],[1980721.85360484,799666.165951252,0],[1980720.13838518,799663.689250171,0],[1980718.51666926,799662.746994838,0],[1980716.49042659,799659.886108175,0],[1980715.3920036,799656.342808172,0],[1980713.74404101,799651.595770419,0],[1980711.30900651,799646.244403169,0],[1980709.36445659,799640.207013667,0],[1980707.88480076,799634.192589998,0],[1980707.145629,799629.816614509,0],[1980706.40580109,799625.559405178,0],[1980705.16072483,799620.117158845,0],[1980704.43992576,799614.503324926,0],[1980703.74471718,799608.659504592,0],[1980702.46387984,799602.391144425,0],[1980700.96749176,799595.741551429,0],[1980699.81066993,799589.695631757,0],[1980698.88645917,799585.174971506,0],[1980697.56362717,799581.854111999,0],[1980695.15385509,799576.186144337,0],[1980692.40812567,799570.01620917,0],[1980689.55740958,799565.726847678,0],[1980686.0042671,799561.488339081,0],[1980681.91766109,799556.638283178,0],[1980678.86976692,799554.908955917,0],[1980668.54531251,799547.195060596,0],[1980663.50726484,799539.685561165,0],[1980658.85898018,799535.117000759,0],[1980655.57650642,799534.432290837,0],[1980652.85899217,799533.772843346,0],[1980649.87113726,799533.613394842,0],[1980645.33932218,799533.620284587,0],[1980639.74845409,799531.338793084,0],[1980635.0453795,799528.552053258,0],[1980628.41317493,799525.081259668,0],[1980617.65696284,799522.61636959,0],[1980610.82725209,799521.764009088,0],[1980607.58119559,799520.767291918,0],[1980603.21703109,799519.085864842,0],[1980598.61467808,799518.505485415,0],[1980594.37452909,799520.02385509,0],[1980589.88733333,799521.099312261,0],[1980585.55302443,799519.731532842,0],[1980581.74955434,799519.849642843,0],[1980562.9139621,799518.308963507,0],[1980557.70203026,799514.807002008,0],[1980520.93766809,799510.263047844,0],[1980510.55907993,799508.102291003,0],[1980504.97280501,799508.810622916,0],[1980488.50400592,799511.449397177,0],[1980481.86425543,799509.703009591,0],[1980480.95218375,799508.940871999,0],[1980479.50697668,799509.930699423,0],[1980476.57752059,799511.464817092,0],[1980472.90954892,799513.395259425,0],[1980469.53980501,799514.467763841,0],[1980466.67498134,799514.173145011,0],[1980463.33574918,799514.465467259,0],[1980459.28752892,799516.224978179,0],[1980455.88760135,799518.503188834,0],[1980452.41516735,799519.731532842,0],[1980448.51819351,799521.410991415,0],[1980445.02607451,799524.342416003,0],[1980440.92700134,799524.851601332,0],[1980436.19932051,799524.222665593,0],[1980431.87354176,799524.720696092,0],[1980428.11239442,799527.915899679,0],[1980406.35653242,799551.530353755,0],[1980387.99961376,799553.600231498,0],[1980382.73387626,799551.786914915,0],[1980378.07312442,799550.451943845,0],[1980373.65777892,799549.669465095,0],[1980369.66467668,799548.657656088,0],[1980366.0104845,799547.948011845,0],[1980296.51488858,799552.501808509,0]]},"properties":{"FID":116,"FeatureTyp":"Unpaved Greenway","Label":"TM THE PUMPKIN LOOP TRAIL","Fr_St":" ","To_St":" ","Notes":" ","Shape_Leng":1305.33928652,"GlobalID":"e4b2e845-4002-4d61-a6d6-141e5c94592b"}},{"type":"Feature","id":117,"geometry":{"type":"MultiLineString","coordinates":[[[1979197.18834709,797813.79695259,0],[1979195.82352042,797813.764472336,0],[1979186.96592659,797817.078442082,0],[1979181.81009701,797819.791035086,0],[1979180.59061126,797824.241485506,0],[1979179.29501018,797827.933079168,0],[1979177.26515859,797831.657809258,0],[1979175.32881075,797835.14205426,0],[1979170.91379334,797836.45176293,0],[1979166.2415586,797837.750972927,0],[1979161.76190875,797839.140405834,0],[1979156.94170843,797840.580691665,0],[1979152.09394909,797843.252930418,0],[1979147.96272376,797846.352333665,0],[1979143.53720768,797847.858892336,0],[1979138.00933158,797849.825423837,0],[1979136.022787,797853.789326668,0],[1979135.44896926,797858.308018416,0],[1979132.0880836,797861.363458499,0],[1979127.20259467,797863.61050126,0],[1979121.38239634,797863.6626665,0],[1979118.10189109,797864.279463172,0],[1979114.18162334,797865.838515177,0],[1979107.3282906,797865.498292759,0],[1979099.6098021,797863.877232999,0],[1979092.18986942,797865.428082928,0],[1979086.40936917,797869.31554234,0],[1979081.01075792,797873.166584507,0],[1979075.82736935,797876.615068421,0],[1979070.68433501,797879.771558166,0],[1979060.03770275,797886.815179259,0],[1979054.78672901,797890.320421591,0],[1979041.36483984,797898.257741675,0],[1979035.8146541,797901.574336082,0],[1979030.42194834,797905.226559758,0],[1979025.19164383,797908.414545506,0],[1979019.67032942,797910.652073845,0],[1979008.70053509,797915.879097506,0],[1979004.15854943,797919.961766511,0],[1979000.91380526,797923.860380754,0],[1978997.10967901,797926.997185498,0],[1978994.03521009,797931.314762175,0],[1978991.33869317,797935.845921084,0],[1978987.05851801,797939.019799262,0],[1978983.97125384,797942.568676665,0],[1978979.98307285,797945.747476086,0],[1978974.12481683,797949.098191172,0],[1978968.16813584,797952.634601429,0],[1978962.35974851,797955.43544884,0],[1978957.11697684,797958.129341096,0],[1978952.26429626,797961.587995589,0],[1978947.43884659,797965.340940833,0],[1978942.57205842,797969.237586588,0],[1978938.40769668,797973.312381595,0],[1978934.43460751,797976.76086551,0],[1978931.33290768,797980.856001675,0],[1978928.7495795,797984.835980594,0],[1978925.30831343,797988.585645005,0],[1978922.31980234,797993.007224083,0],[1978919.41954568,797996.403214678,0],[1978916.47959092,797999.74244684,0],[1978913.35820609,798003.646638513,0],[1978910.22730684,798008.523597255,0],[1978907.1669455,798013.080018595,0],[1978903.60724135,798017.22469534,0],[1978899.95731425,798022.060971752,0],[1978896.23225608,798026.698101595,0],[1978892.96290568,798030.242057756,0],[1978889.6354845,798033.878205344,0],[1978885.9662005,798038.082265168,0],[1978882.5921915,798042.489080504,0],[1978879.52625276,798047.586839333,0],[1978876.61976251,798053.250870004,0],[1978874.02856034,798058.491673172,0],[1978870.21885668,798063.250850007,0],[1978865.74117534,798067.336799845,0],[1978862.33107717,798072.229834676,0],[1978860.30909958,798078.059547424,0],[1978858.17458943,798081.997531667,0],[1978855.47052659,798086.131709754,0],[1978853.30944167,798090.553616926,0],[1978851.21659809,798094.743569165,0],[1978849.0646995,798099.35084343,0],[1978846.51746051,798103.749784753,0],[1978843.17035434,798108.165458336,0],[1978841.17363918,798114.676272094,0],[1978839.34687117,798121.449880585,0],[1978837.31636342,798125.401316255,0],[1978835.22155134,798130.213314503,0],[1978833.3052166,798136.461989671,0],[1978831.7497735,798141.926217586,0],[1978830.60443459,798146.86190325,0],[1978827.86559492,798149.799561426,0],[1978823.12282225,798152.437023342,0],[1978819.76784208,798157.447840095,0],[1978817.26981559,798163.241135582,0],[1978815.12513484,798169.329706088,0],[1978812.12415659,798173.956993416,0],[1978809.01130192,798177.951736093,0],[1978806.86268418,798181.11872451,0],[1978804.56282,798183.441882595,0],[1978802.92634034,798187.880522013,0],[1978801.92076492,798193.342453346,0],[1978801.06217083,798199.801101834,0],[1978796.76887234,798217.13079159,0],[1978796.07924117,798220.653422341,0],[1978794.81021485,798222.967722178,0],[1978789.67078942,798232.488372415,0],[1978783.27742951,798242.020505592,0],[1978778.30073342,798246.355798751,0],[1978765.850299,798257.492259428,0],[1978767.76171251,798264.738636002,0],[1978769.00252368,798270.617889345,0],[1978769.19346817,798273.770114005,0],[1978768.68428284,798276.661184341,0],[1978767.38310434,798283.394110501,0],[1978766.26630868,798290.316996917,0],[1978765.84209692,798297.065671086,0],[1978765.40541801,798302.298928335,0],[1978764.02025017,798307.062370256,0],[1978762.61277267,798313.515769422,0],[1978761.30864142,798319.803158417,0],[1978760.34604493,798325.104985088,0],[1978759.81454992,798331.2129125,0],[1978759.60162383,798337.855287671,0],[1978759.17839634,798343.404817253,0],[1978758.97268809,798347.942537844,0],[1978759.42117801,798353.902499676,0],[1978760.54748809,798360.121975422,0],[1978760.89361601,798365.624917179,0],[1978760.3250476,798371.207583174,0],[1978759.96940526,798377.402780756,0],[1978758.4845001,798383.778096095,0],[1978756.52879535,798389.463780254,0],[1978754.91200067,798394.958191842,0],[1978754.708589,798400.416186169,0],[1978754.7581296,798406.475557253,0],[1978754.79881193,798412.637290344,0],[1978755.46514918,798418.277699009,0],[1978755.83817993,798422.939435095,0],[1978755.89625068,798427.698283836,0],[1978755.63312784,798432.442696929,0],[1978755.78142151,798437.210731998,0],[1978756.02912442,798442.524041593,0],[1978756.07111908,798447.7481125,0],[1978756.21317917,798453.204794511,0],[1978756.72728576,798459.409834594,0],[1978757.04979168,798464.669010416,0],[1978756.90445076,798469.554171249,0],[1978757.4096991,798474.900945336,0],[1978757.52518442,798480.406183675,0],[1978757.44513209,798486.022970334,0],[1978758.53568108,798491.533458009,0],[1978759.27222817,798496.968158424,0],[1978759.48613851,798501.260800749,0],[1978760.39821017,798505.544584841,0],[1978760.55306551,798510.343787834,0],[1978760.92445584,798515.502898261,0],[1978761.50516334,798521.292256758,0],[1978762.50056818,798526.540277749,0],[1978763.38967401,798531.573076084,0],[1978763.47300717,798536.23481217,0],[1978763.8959066,798541.030734345,0],[1978763.90607718,798546.312547922,0],[1978763.72563134,798551.211488262,0],[1978763.94905609,798554.410956919,0],[1978764.34209992,798559.328926086,0],[1978766.84668809,798570.142880842,0],[1978768.62293126,798572.538217261,0],[1978769.62949093,798575.775743589,0],[1978769.20593534,798580.658935919,0],[1978769.76466125,798596.664809421,0],[1978769.44904509,798602.48435159,0],[1978769.33979334,798607.738934249,0],[1978768.80140859,798612.904934421,0],[1978768.73349534,798617.992194593,0],[1978769.13474126,798627.509235919,0],[1978769.27089584,798632.064673007,0],[1978769.43264093,798637.414071754,0],[1978769.30436035,798643.122065589,0],[1978768.87260267,798649.086948678,0],[1978767.29813075,798654.479654416,0],[1978765.44445993,798659.139093921,0],[1978764.60587892,798663.820186928,0],[1978764.59931725,798668.182711005,0],[1978764.77779458,798672.955011174,0],[1978765.09800392,798677.746996343,0],[1978765.78468233,798682.564900085,0],[1978766.43592776,798688.245991096,0],[1978766.91853835,798693.998604253,0],[1978766.9861235,798699.156730428,0],[1978766.59406392,798703.741366923,0],[1978767.13704184,798708.572722092,0],[1978768.59241951,798713.499549508,0],[1978769.22857308,798718.770536333,0],[1978769.21413742,798724.050709501,0],[1978769.16558109,798729.578257501,0],[1978769.110135,798735.063482761,0],[1978769.63113134,798740.477185845,0],[1978770.26433218,798745.925993845,0],[1978770.56977776,798751.447308257,0],[1978771.59635051,798757.158911005,0],[1978772.41393417,798762.558178425,0],[1978771.62948692,798767.090649679,0],[1978771.48020901,798771.776663929,0],[1978772.21544376,798775.997784093,0],[1978773.15704292,798781.011553586,0],[1978774.30172567,798786.720531672,0],[1978774.62160693,798792.539417669,0],[1978775.12390251,798798.97739692,0],[1978775.61045009,798803.894381836,0],[1978775.4979175,798809.17980434,0],[1978775.4861065,798814.999018416,0],[1978775.37947942,798820.123680085,0],[1978775.35552934,798825.102016583,0],[1978776.04909751,798830.042951584,0],[1978775.64850776,798834.402851,0],[1978774.79910001,798839.757827178,0],[1978774.66622625,798844.637738675,0],[1978775.00218359,798848.45958142,0],[1978775.79581717,798853.427091166,0],[1978776.92048684,798858.587513924,0],[1978777.44607633,798863.083896011,0],[1978777.57041992,798868.210198089,0],[1978778.32009034,798873.478888333,0],[1978779.69836843,798878.341411427,0],[1978781.279402,798882.880772427,0],[1978783.11338784,798885.615018919,0],[1978785.15636276,798889.512648925,0],[1978786.56712109,798896.240325749,0],[1978788.16915201,798904.001793176,0],[1978789.92275742,798911.209784001,0],[1978791.80890851,798916.225522012,0],[1978792.6671745,798921.277349174,0],[1978793.90503292,798925.851487011,0],[1978796.22753485,798930.477790087,0],[1978798.84760834,798936.210390165,0],[1978801.24819408,798942.088003084,0],[1978803.31413484,798947.873096511,0],[1978806.17502151,798951.24973017,0],[1978808.94535717,798952.711997584,0],[1978813.2402961,798959.876353338,0],[1978821.78522651,798976.982946426,0],[1978823.83870009,798982.927160248,0],[1978825.33508818,798986.707008332,0],[1978827.55457193,798990.669270754,0],[1978829.34623501,798995.205022842,0],[1978836.00796708,798998.674176008,0],[1978840.09588543,799002.876267344,0],[1978843.18544617,799007.35329251,0],[1978845.58636001,799009.518970594,0],[1978848.34324425,799013.058661669,0],[1978850.99284525,799017.931027249,0],[1978853.67755118,799023.511724755,0],[1978856.6867315,799029.069456428,0],[1978859.192632,799033.141954839,0],[1978859.58797242,799036.47003217,0],[1978859.239876,799038.085514501,0],[1978859.02859034,799040.409000665,0],[1978859.87340492,799042.520873085,0],[1978860.50726192,799045.055644929,0],[1978862.61913434,799047.590088665,0],[1978865.78743508,799049.702289179,0],[1978871.361899,799057.991970763,0],[1978872.93571475,799060.388947591,0],[1978874.77954309,799063.436841756,0],[1978877.2890525,799067.439786509,0],[1978879.51772259,799070.64942576,0],[1978880.42881,799071.961102918,0],[1978884.01344851,799076.497839257,0],[1978887.43043642,799081.275716841,0],[1978890.73587601,799086.058843762,0],[1978894.0291765,799091.370184839,0],[1978897.76210867,799096.028312013,0],[1978902.00849126,799100.571610004,0],[1978905.806712,799106.704799846,0],[1978908.71910776,799112.290418595,0],[1978911.37067726,799116.807797998,0],[1978914.20925425,799121.798929751,0],[1978922.857859,799133.579089925,0],[1978925.88213117,799138.749355167,0],[1978928.81093109,799144.891075179,0],[1978931.82765734,799152.254905581,0],[1978934.97528884,799159.677790999,0],[1978941.11635268,799175.847706169,0],[1978943.373566,799181.664951757,0],[1978943.912935,799184.503856838,0],[1978944.98281476,799188.384754583,0],[1978943.46838209,799190.806009591,0],[1978940.62783659,799194.648193508,0],[1978940.40080293,799201.824032173,0],[1978940.11865126,799207.644886672,0],[1978939.71904576,799213.542184591,0],[1978939.11602859,799218.708512843,0],[1978937.97692326,799221.997548252,0],[1978936.87423517,799227.373193666,0],[1978935.64917201,799232.538537666,0],[1978933.83815201,799236.191745594,0],[1978930.75285634,799238.608407423,0],[1978929.01893592,799242.126773089,0],[1978928.523202,799246.925648004,0],[1978927.30535667,799252.013564333,0],[1978925.49302433,799256.997150168,0],[1978923.76336901,799262.037166342,0],[1978922.26960559,799267.419701502,0],[1978923.24598159,799274.961681172,0],[1978924.52288193,799283.581086501,0],[1978925.05962625,799288.813687593,0],[1978925.67478251,799292.277263343,0],[1978926.56290409,799296.076468334,0],[1978928.4070605,799300.88321726,0],[1978930.21020651,799305.686685339,0],[1978931.52483642,799309.540680259,0],[1978934.32699618,799315.464224845,0],[1978939.16622534,799321.56427826,0],[1978943.45558684,799326.819517091,0],[1978945.40177718,799330.049169421,0],[1978947.60813759,799332.212550923,0],[1978950.67112359,799335.428423762,0],[1978954.29349168,799339.356565505,0],[1978958.30004534,799344.170860335,0],[1978960.991641,799348.797163427,0],[1978963.20193842,799352.983834833,0],[1978966.37909742,799357.119981423,0],[1978969.73735842,799362.41032517,0],[1978972.61727393,799368.00545834,0],[1978975.57396093,799372.399478421,0],[1978978.1730371,799377.325649679,0],[1978980.5683735,799382.595324174,0],[1978983.6907426,799386.628780678,0],[1978986.95353134,799391.366960168,0],[1978990.07950935,799396.488012925,0],[1978993.82392442,799402.452239841,0],[1978998.47516184,799408.316729426,0],[1979003.70973143,799412.484043926,0],[1979007.96890926,799416.662841335,0],[1979012.86522493,799420.570313841,0],[1979017.10438967,799425.529293418,0],[1979021.26809525,799430.358352005,0],[1979026.1296341,799432.677573085,0],[1979029.83107026,799433.678883418,0],[1979033.57187642,799434.133935004,0],[1979037.79988635,799432.753360346,0],[1979043.18832701,799431.34096159,0],[1979050.89303601,799433.092270419,0],[1979058.62596017,799433.907229424,0],[1979062.971752,799432.737284258,0],[1979065.39563167,799429.991554841,0],[1979069.49011168,799427.22187534,0],[1979078.84934492,799429.394771248,0],[1979088.68790792,799429.440702915,0],[1979093.35161251,799429.690702423,0],[1979097.7023256,799430.954479426,0],[1979100.16295059,799432.159529507,0],[1979102.50677793,799432.176261753,0],[1979105.948044,799429.73532176,0],[1979111.60780959,799422.040783346,0],[1979116.78922968,799418.86493668,0],[1979127.15141368,799418.196630925,0],[1979142.90236643,799422.340651512,0],[1979150.31376892,799427.482701585,0],[1979155.29932326,799429.917736083,0],[1979158.62247933,799429.626070008,0],[1979162.36098893,799428.812095255,0],[1979165.89346218,799425.970893592,0],[1979168.31274867,799422.088355422,0],[1979172.0033581,799418.69991076,0],[1979174.60735551,799413.519474924,0],[1979177.59783509,799408.473225176,0],[1979181.80025451,799406.52244167,0],[1979184.82583901,799404.171396509,0],[1979189.76710209,799404.770476669,0],[1979196.34189209,799408.855442256,0],[1979199.03414392,799411.595266178,0],[1979201.644703,799414.934826419,0],[1979212.70307983,799429.184141755,0],[1979213.31331484,799429.894442171,0],[1979213.64500709,799430.36130476,0],[1979214.15780134,799430.749099255,0],[1979214.69257717,799431.080135345,0],[1979215.33430818,799431.105397761,0],[1979216.01147218,799431.262549669,0],[1979217.60464483,799431.988926172,0],[1979221.37563467,799433.099160179,0],[1979223.41139175,799431.043061927,0],[1979223.02458151,799422.917093918,0],[1979227.17516376,799402.776386172,0],[1979227.29196142,799394.396481678,0],[1979227.1312006,799385.342037842,0],[1979226.94189651,799376.461150095,0],[1979229.35199668,799373.694095254,0],[1979230.97075984,799370.629796922,0],[1979231.37856743,799364.597984836,0],[1979236.66333376,799358.42903392,0],[1979237.60886993,799351.789611503,0],[1979238.28012842,799345.885751918,0],[1979238.38478701,799339.459911749,0],[1979236.78209992,799330.815900177,0],[1979235.74502851,799324.39366892,0],[1979235.94745593,799319.092170343,0],[1979235.23781167,799314.064621344,0],[1979234.95041068,799309.703737676,0],[1979235.59312592,799305.870083928,0],[1979237.38347667,799303.513133258,0],[1979237.14725667,799296.403895512,0],[1979235.70139343,799288.120119423,0],[1979236.66103718,799283.624721587,0],[1979238.74895951,799282.262191504,0],[1979237.40316167,799275.336352333,0],[1979236.59246776,799267.054544762,0],[1979237.35394917,799261.214661419,0],[1979238.42448509,799255.140526593,0],[1979237.68925034,799245.832474336,0],[1979240.72172458,799244.93483834,0],[1979242.31128834,799239.976514921,0],[1979241.13642192,799232.46275042,0],[1979241.40545025,799225.22359167,0],[1979244.95268726,799223.631731346,0],[1979249.42872818,799223.282650679,0],[1979251.88738467,799219.917828009,0],[1979253.17806451,799214.219348595,0],[1979253.70463826,799206.28366892,0],[1979257.51204534,799203.885379761,0],[1979264.76301509,799206.285309345,0],[1979269.17442359,799202.716746926,0],[1979273.38766976,799198.810914844,0],[1979278.95590009,799197.865050584,0],[1979284.08646725,799197.202978417,0],[1979289.66749284,799196.730538428,0],[1979294.37581676,799195.43428117,0],[1979298.97160809,799194.27122575,0],[1979303.41385642,799192.395901427,0],[1979308.08182609,799190.167887509,0],[1979312.81245968,799187.902472094,0],[1979316.010616,799183.343098,0],[1979319.26421842,799179.40839459,0],[1979323.73533809,799177.671521425,0],[1979329.32128492,799177.429724008,0],[1979336.05486725,799178.982870504,0],[1979342.10734859,799179.448092669,0],[1979347.33830926,799179.124602512,0],[1979351.35011226,799177.770274505,0],[1979354.94787408,799176.324411258,0],[1979359.37601484,799175.762076423,0],[1979363.5561246,799173.879206166,0],[1979400.77521026,799150.450119168,0],[1979406.36443792,799147.328406259,0],[1979429.30238417,799138.804145083,0],[1979444.24395534,799136.325803593,0],[1979451.70719501,799134.881252676,0],[1979458.86859801,799133.713932171,0],[1979466.64351684,799133.56629467,0],[1979472.86168025,799134.579087928,0],[1979474.04868576,799138.169631928,0],[1979476.64218451,799141.399612337,0],[1979483.0240615,799143.925854012,0],[1979488.13822451,799144.083990172,0],[1979493.30258426,799144.714894429,0],[1979500.09062843,799148.869741753,0],[1979505.96430434,799150.297560424,0],[1979509.5948745,799149.467837676,0],[1979512.43640426,799146.781491339,0],[1979516.81795718,799146.215219513,0],[1979523.18080534,799147.87958625,0],[1979530.58925509,799149.608257338,0],[1979538.32480392,799151.461928174,0],[1979548.76047859,799149.397627845,0],[1979557.01899226,799153.352672428,0],[1979565.2010625,799155.844793424,0],[1979573.32374968,799156.438952342,0],[1979578.67282034,799154.457985178,0],[1979580.45595326,799151.486206338,0],[1979582.23875809,799149.307076842,0],[1979584.6422966,799147.717185006,0],[1979589.94674793,799148.444545761,0],[1979594.89719734,799148.622038841,0],[1979601.06385167,799150.777874425,0],[1979605.00938185,799151.110550925,0],[1979608.03890334,799150.275578842,0],[1979613.16815817,799150.427153334,0],[1979617.72621992,799149.196184665,0],[1979621.89451867,799149.186342165,0],[1979627.79706593,799151.237519175,0],[1979634.63596301,799154.241778255,0],[1979641.03227568,799156.670251086,0],[1979646.80424576,799158.148594588,0],[1979652.35475959,799159.405153751,0],[1979656.33145767,799160.14432551,0],[1979659.48860359,799160.135139167,0],[1979662.55782318,799159.486518428,0],[1979666.07028334,799161.050491676,0],[1979671.95577025,799167.154810175,0],[1979675.13555393,799170.162678167,0],[1979677.55320001,799171.19942151,0],[1979680.95443992,799172.771924928,0],[1979685.34353876,799176.342455834,0],[1979691.81957567,799182.511734843,0],[1979695.76805858,799184.67249167,0],[1979699.87008451,799187.877537757,0],[1979704.21161126,799190.573070422,0],[1979708.03246976,799191.36309509,0],[1979712.73226351,799192.843079001,0],[1979720.27588359,799199.655401334,0],[1979727.0534291,799204.614709005,0],[1979753.781394,799206.433603004,0],[1979760.98676017,799209.990354419,0],[1979771.4391671,799224.298724756,0],[1979787.37975201,799238.954863429,0],[1979800.41155009,799232.21471943,0],[1979805.08476909,799230.460785925,0],[1979817.84261759,799221.877141669,0],[1979823.48761943,799215.267902926,0],[1979829.64639975,799220.352210343,0],[1979839.87341343,799233.093654677,0],[1979848.30089001,799241.487666756,0],[1979852.73526435,799240.773429334,0],[1979855.83532375,799240.248167917,0],[1979859.63879384,799242.920078591,0],[1979863.78675142,799245.46469292,0],[1979868.33398642,799249.491587758,0],[1979872.60038209,799253.630359009,0],[1979876.26474483,799256.749775335,0],[1979882.23126835,799263.230733499,0],[1979888.90087442,799270.442661345,0],[1979894.68957676,799276.961349085,0],[1979899.87624617,799282.152939752,0],[1979905.8972315,799287.030882761,0],[1979910.34407301,799290.174249172,0],[1979913.70922376,799292.606002837,0],[1979917.42673601,799296.122728094,0],[1979918.73119535,799294.040055096,0],[1979922.73249967,799293.975422665,0],[1979929.62356201,799298.235584751,0],[1979935.68063651,799301.729344174,0],[1979941.57301317,799304.63189742,0],[1979947.414865,799308.125984922,0],[1979955.77245983,799315.355957344,0],[1979957.61628817,799315.895982504,0],[1979962.28819484,799318.199783668,0],[1979965.49094434,799319.34545067,0],[1979967.14087543,799319.76408501,0],[1979970.05130267,799322.037702501,0],[1979973.47550842,799324.502592593,0],[1979977.60017209,799327.370369002,0],[1979982.67562126,799331.290636748,0],[1979987.82882617,799334.330656916,0],[1979992.38951258,799336.370022923,0],[1979995.13491392,799336.734523505,0],[1980003.98102485,799339.79094784,0],[1980006.63817176,799341.763384834,0],[1980008.22314234,799342.781755507,0],[1980009.42983285,799342.557674587,0],[1980011.96854167,799343.219418675,0],[1980040.871371,799351.167237416,0],[1980039.28115109,799362.4313225,0],[1980043.11513293,799371.549742594,0],[1980044.6095525,799371.913915083,0],[1980052.08886826,799371.090754002,0],[1980054.10461226,799370.903090343,0],[1980056.94187692,799372.122248009,0],[1980061.15971626,799374.436219752,0],[1980065.93464109,799377.544153169,0],[1980070.37426476,799382.18193917,0],[1980074.52189426,799385.512969255,0],[1980075.56683968,799388.835141093,0],[1980077.43625851,799394.279684007,0],[1980081.38966267,799396.842342928,0],[1980085.20461567,799397.721278176,0],[1980089.1212745,799401.031310916,0],[1980097.3794601,799408.046716839,0],[1980102.308256,799413.223543748,0],[1980111.3105346,799416.69663392,0],[1980113.94537184,799417.417761087,0],[1980118.52311859,799421.91840826,0],[1980123.64318709,799426.120499596,0],[1980128.96568301,799429.837027594,0],[1980135.29900368,799435.181833178,0],[1980140.6195311,799439.285827592,0],[1980143.00240034,799445.004976258,0],[1980145.45351093,799453.893738002,0],[1980146.57719634,799453.425235003,0],[1980147.40396634,799455.368472591,0],[1980149.12312301,799460.067282096,0],[1980152.34588559,799464.969175175,0],[1980155.28977734,799469.311686173,0],[1980157.95020509,799473.700785011,0],[1980161.29567084,799479.683056504,0],[1980168.16245501,799484.306406841,0],[1980172.0820666,799485.085604757,0],[1980177.15259451,799491.172862917,0],[1980180.71557951,799494.793918669,0],[1980185.58991359,799497.583939344,0],[1980190.315954,799500.856242508,0],[1980198.79986092,799509.557012498,0],[1980202.66861959,799512.363109261,0],[1980201.62925158,799512.368030503,0]],[[1980201.62925158,799512.368030503,0],[1980199.69651267,799510.716130927,0],[1980199.33234018,799510.043560088,0],[1980197.49507351,799509.931683674,0],[1980199.8379166,799512.376232594,0],[1980201.62925158,799512.368030503,0]],[[1980296.51488858,799552.501808509,0],[1980289.45027018,799552.022806838,0],[1980277.07496685,799550.085802838,0],[1980271.51821943,799548.997222334,0],[1980249.89326267,799553.614667177,0],[1980201.62925158,799512.368030503,0]]]},"properties":{"FID":117,"FeatureTyp":"Unpaved Greenway","Label":"TM THE PUMPKIN LOOP TRAIL","Fr_St":" ","To_St":" ","Notes":" ","Shape_Leng":3681.71828346,"GlobalID":"21e43031-9546-4972-b952-d827097fd012"}},{"type":"Feature","id":118,"geometry":{"type":"LineString","coordinates":[[1994087.57949801,783294.186556175,0],[1994063.27410042,783353.214325249,0],[1994045.91291468,783408.769988418,0],[1994049.38502058,783478.214403346,0],[1994025.07962301,783665.714356422,0],[1993993.82968551,783773.35324876,0],[1993972.99639384,783880.992141083,0],[1993959.10731401,783978.214387596,0],[1993927.8573765,784113.631111503,0],[1993889.66289909,784231.686649665,0],[1993823.69059008,784332.381002083,0],[1993775.07946683,784394.881205171,0],[1993591.05194776,784578.908724248,0],[1993493.82970126,784651.825573176,0],[1993400.07956067,784731.68663393,0],[1993295.91277425,784804.603482842,0],[1993170.91302426,784874.047897756,0],[1993032.02386634,784856.686712012,0],[1992889.66293059,784835.853420332,0],[1992789.51089993,784837.309126094,0],[1992693.89823025,784830.599821925,0],[1992611.24288376,784787.848267004,0],[1992569.03397867,784684.241846919,0],[1992526.68891901,784575.165621504,0],[1992448.30193667,784466.766888171,0],[1992349.18074384,784392.954699844,0],[1992184.4947215,784439.703294009,0],[1992053.6170305,784431.845698178,0],[1991910.07138585,784446.665878505,0],[1991747.43752475,784481.641202256,0],[1991559.02418767,784492.428582251,0],[1991487.27400309,784409.193840593,0],[1991412.29744701,784297.924706176,0],[1991301.09425734,784107.423118666,0],[1991210.47665642,784047.039053082,0],[1991100.5661151,783919.906433344,0],[1991039.833625,783840.657248005,0],[1990970.16053601,783768.469072178,0],[1990911.42771384,783693.899011344,0],[1990848.13190867,783627.926702335,0],[1990829.82124975,783538.716250837,0],[1990763.05366676,783446.304362178,0],[1990666.78089343,783348.268140927,0]]},"properties":{"FID":118,"FeatureTyp":"Unpaved Greenway","Label":"UNC Cross Country","Fr_St":"Prestwick Street","To_St":"Highland Woods Road","Notes":" ","Shape_Leng":5269.70880351,"GlobalID":"c05c7208-a91e-48ef-a826-0b37440fcaba"}},{"type":"Feature","id":119,"geometry":{"type":"LineString","coordinates":[[1994602.5945441,797495.080070332,0],[1994624.94325267,797262.653697923,0],[1994665.17086251,797164.319577008,0],[1994759.03550418,796981.060429096,0],[1994870.77904709,796855.907792255,0]]},"properties":{"FID":119,"FeatureTyp":"Bike Lane","Label":" ","Fr_St":" ","To_St":" ","Notes":" ","Shape_Leng":713.420939855,"GlobalID":"94fe5c91-5094-40d9-805f-42b1f27ee4dc"}},{"type":"Feature","id":120,"geometry":{"type":"LineString","coordinates":[[1994622.50264075,797496.994436592,0],[1994644.56952576,797267.500144929,0],[1994683.35947442,797172.679796502,0],[1994775.6650641,796992.46427767,0],[1994885.69765243,796869.227975592,0]]},"properties":{"FID":120,"FeatureTyp":"Bike Lane","Label":" ","Fr_St":" ","To_St":" ","Notes":" ","Shape_Leng":700.690153968,"GlobalID":"d228fc98-9969-4480-8a67-55e17d50a0a4"}},{"type":"Feature","id":121,"geometry":{"type":"LineString","coordinates":[[1983931.3639181,791631.320472419,0],[1983799.77494243,791628.459913835,0],[1983589.94629385,791733.649007916,0],[1983491.20633385,791770.594472095,0],[1983375.71476692,791745.091570333,0],[1983264.1821816,791637.971049666,0],[1983058.87124051,791425.355005085,0],[1982778.52928151,791179.340733334,0],[1982610.87312075,790992.896224335,0],[1982437.31277233,790870.96438159,0],[1982210.29321326,790757.161787674,0],[1982082.1369735,790697.038220257,0],[1981902.718041,790640.283084422,0],[1981741.60714276,790528.604173928,0],[1981620.77405109,790442.556445763,0],[1981580.49657258,790420.586673424,0],[1981545.71120909,790418.755968422,0],[1981466.98662901,790426.079116508,0],[1981289.39840151,790464.525890008,0],[1981111.8105021,790526.773468927,0],[1981023.93174084,790570.712685511,0],[1980928.7301596,790645.775527507,0],[1980850.0055795,790715.346254513,0],[1980749.31122708,790729.992550671,0],[1980643.1244316,790733.654288754,0],[1980438.07431675,790755.623732999,0],[1980297.10248584,790790.409096509,0],[1980154.29962184,790856.318085417,0],[1980064.59015559,790920.396369338,0],[1980004.17393784,790991.797801346,0],[1979938.26462084,791140.092780337,0],[1979910.80273351,791268.249348179,0],[1979861.37107384,791390.913144842,0],[1979813.77011918,791458.652838752,0],[1979747.86113025,791531.884975761,0],[1979700.26017559,791579.485930428,0]]},"properties":{"FID":121,"FeatureTyp":"Sharrows","Label":" ","Fr_St":" ","To_St":" ","Notes":" ","Shape_Leng":5253.05600436,"GlobalID":"b7c86604-0a87-4e33-b90c-9ad1eb4ca282"}},{"type":"Feature","id":122,"geometry":{"type":"LineString","coordinates":[[1982050.24661735,779689.969355166,0],[1982007.38548259,779709.189461082,0],[1981963.51319501,779726.237655342,0],[1981912.37911092,779743.509274334,0],[1981886.576341,779750.420677841,0],[1981840.85661617,779762.018095583,0],[1981799.71791892,779771.408496752,0],[1981778.59263308,779775.868789673,0],[1981747.265596,779780.172586843,0],[1981703.90216568,779782.027241915,0],[1981670.45636642,779781.792334259,0],[1981646.90326393,779779.413073927,0],[1981620.281598,779776.114852175,0],[1981583.00476967,779767.932453841,0],[1981543.55635776,779759.908847839,0],[1981498.19457184,779748.511560917,0],[1981466.42954351,779738.541436508,0],[1981419.132394,779720.948295832,0],[1981386.64164534,779706.302655846,0],[1981341.6502655,779684.921465009,0],[1981245.34468384,779637.378581092,0],[1981147.89277901,779588.64836359,0],[1981101.34037867,779566.406610176,0],[1981033.62233825,779536.575305,0],[1980993.6316046,779520.32238476,0],[1980970.81242451,779512.576665342,0],[1980922.59008001,779497.58883442,0],[1980902.18100008,779491.75813742,0],[1980883.80341217,779487.66693826,0],[1980819.23529984,779477.308691248,0],[1980768.69963975,779473.243410677,0],[1980744.76366401,779472.629238665,0],[1980711.13020109,779474.073789582,0],[1980692.11547534,779476.501606256,0],[1980670.73756534,779479.888410509,0],[1980632.91874334,779487.019629836,0],[1980619.10807543,779489.932681754,0]]},"properties":{"FID":122,"FeatureTyp":"Bike Lane","Label":" ","Fr_St":" ","To_St":" ","Notes":" ","Shape_Leng":1505.93060219,"GlobalID":"f00db8ac-4098-42ea-9bd1-e4a908ed21f0"}},{"type":"Feature","id":123,"geometry":{"type":"LineString","coordinates":[[1982024.52521209,779652.797841594,0],[1981983.05777533,779671.392620668,0],[1981941.86527242,779687.399478421,0],[1981893.82763883,779703.625167757,0],[1981870.26567809,779709.936178759,0],[1981825.63059676,779721.258662671,0],[1981785.67234334,779730.380035505,0],[1981767.12776101,779734.295053929,0],[1981740.71738076,779737.923655584,0],[1981701.65905993,779739.593927845,0],[1981672.51771401,779739.389203832,0],[1981652.43573317,779737.36099267,0],[1981629.25238059,779734.488623083,0],[1981594.24523276,779726.804255262,0],[1981555.68133351,779718.960438922,0],[1981513.33069642,779708.319712177,0],[1981484.71395576,779699.337774754,0],[1981440.77375492,779682.993319258,0],[1981410.67735842,779669.427073419,0],[1981366.63676409,779648.497981429,0],[1981270.87055142,779601.220844999,0],[1981173.07350293,779552.318055674,0],[1981125.20155142,779529.446382254,0],[1981055.84506284,779498.893293753,0],[1981013.41601384,779481.64890568,0],[1980988.19067059,779473.086914927,0],[1980938.56609793,779457.662733167,0],[1980915.78235084,779451.153559834,0],[1980893.91264392,779446.28545934,0],[1980825.23233509,779435.267108679,0],[1980770.70521317,779430.880962595,0],[1980743.07370676,779430.172302589,0],[1980704.86282517,779431.813047335,0],[1980682.44784376,779434.675246343,0],[1980659.31075092,779438.340921417,0],[1980619.99521276,779445.754292428,0],[1980605.55331251,779448.800546169,0]]},"properties":{"FID":123,"FeatureTyp":"Bike Lane","Label":" ","Fr_St":" ","To_St":" ","Notes":" ","Shape_Leng":1493.10182306,"GlobalID":"d3ef6714-02a3-4baf-af3f-099d0def4d4b"}},{"type":"Feature","id":124,"geometry":{"type":"LineString","coordinates":[[1979597.30401668,779707.240646094,0],[1979528.309404,779722.599211171,0],[1979363.09713601,779753.879660428,0],[1979219.03213543,779787.041011423,0],[1979111.40013283,779813.234200507,0],[1979022.28613783,779835.016965345,0],[1978915.04127359,779862.763957083,0],[1978861.00430818,779876.438470423,0],[1978706.24871217,779915.757289425,0],[1978600.70496,779940.851399332,0],[1978426.34999375,779982.952365011,0],[1978301.06448318,780012.237411425,0],[1978162.808198,780047.241278425,0],[1978092.0763841,780064.869524002,0],[1978053.87993817,780074.583743423,0],[1977864.96299317,780120.214557678,0],[1977706.14769401,780159.643940762,0],[1977652.22391734,780173.124228761,0],[1977555.7703701,780195.468672261,0],[1977503.11791635,780206.529673755,0]]},"properties":{"FID":124,"FeatureTyp":"Bike Lane","Label":" ","Fr_St":" ","To_St":" ","Notes":" ","Shape_Leng":2153.18311047,"GlobalID":"e884344e-c6b3-481d-b620-f5f337e6a55d"}},{"type":"Feature","id":125,"geometry":{"type":"LineString","coordinates":[[1979588.612433,779671.711189583,0],[1979520.24117868,779686.931303501,0],[1979354.88717867,779718.238655582,0],[1979209.81627458,779751.631633416,0],[1979101.92180534,779777.88847068,0],[1979012.52697101,779799.740133002,0],[1978905.12528293,779827.527807087,0],[1978851.17296301,779841.180666924,0],[1978696.696894,779880.428619921,0],[1978591.38411251,779905.467611834,0],[1978417.10329309,779947.550861001,0],[1978291.60255983,779976.885776088,0],[1978153.06281067,780011.961821422,0],[1978082.30999942,780029.595316336,0],[1978044.25462934,780039.27344659,0],[1977855.44792034,780084.877358004,0],[1977696.47776584,780124.345454916,0],[1977642.85910667,780137.74962759,0],[1977547.14374693,780159.922811583,0],[1977494.89417951,780170.899167582,0]]},"properties":{"FID":125,"FeatureTyp":"Bike Lane","Label":" ","Fr_St":" ","To_St":" ","Notes":" ","Shape_Leng":2152.70454046,"GlobalID":"23d80211-1601-43fd-a844-a64a531e57d6"}},{"type":"Feature","id":126,"geometry":{"type":"LineString","coordinates":[[1990733.94709767,790009.342089087,0],[1990722.50486334,790120.906826586,0],[1990733.94709767,790921.883899167,0],[1990736.80798434,791182.201291919,0],[1990836.93015942,791299.487146586,0]]},"properties":{"FID":126,"FeatureTyp":"Unpaved Greenway","Label":" ","Fr_St":" ","To_St":" ","Notes":" ","Shape_Leng":1327.75089699,"GlobalID":"7b366847-74c9-43f7-922c-ea33a5b1e43b"}},{"type":"Feature","id":127,"geometry":{"type":"LineString","coordinates":[[1990545.145638,789131.127966255,0],[1990399.25321326,789208.365016505,0],[1990419.2777795,789256.995824754,0],[1990539.42419276,789382.863683254,0],[1990576.61243859,789577.386588171,0],[1990602.35812201,789729.000130087,0],[1990665.29205126,789932.105038837,0],[1990713.9228595,790083.718580753,0]]},"properties":{"FID":127,"FeatureTyp":"Unpaved Greenway","Label":" ","Fr_St":" ","To_St":" ","Notes":" ","Shape_Leng":1115.35727591,"GlobalID":"f9f62d3a-2b4b-44da-a621-7b409baa4b57"}},{"type":"Feature","id":128,"geometry":{"type":"LineString","coordinates":[[1989400.89267717,788046.948376089,0],[1989309.35250592,787963.99020867,0],[1989169.18152642,787929.662521422,0],[1989043.31366792,787963.99020867,0],[1988934.60948901,787972.572212502,0],[1988865.95444259,788041.227258921,0],[1988800.15995476,788066.972942337,0],[1988677.15265484,788012.62101692,0],[1988605.63704984,787963.99020867,0],[1988448.30206268,787946.826529086,0],[1988362.48333667,787963.99020867,0],[1988222.31235717,788041.227258921,0],[1988110.74761967,788049.809262753,0],[1988050.67424901,788049.809262753,0],[1987970.57664017,787978.293329671,0],[1987930.52783576,787901.056279421,0],[1987887.61814468,787858.146916419,0],[1987778.91429384,787889.613717005,0],[1987673.07067351,787986.875333503,0],[1987481.40832718,788086.997508585,0],[1987352.67991009,788112.743192002,0],[1987120.96875934,788104.16118817,0],[1987012.26490851,788132.767430171,0],[1986852.06936276,788155.652555004,0]]},"properties":{"FID":128,"FeatureTyp":"Unpaved Greenway","Label":" ","Fr_St":" ","To_St":" ","Notes":" ","Shape_Leng":2839.45328144,"GlobalID":"d362ed57-e923-41f4-bf24-3d85d9db9c91"}},{"type":"Feature","id":129,"geometry":{"type":"LineString","coordinates":[[1984999.16033892,795329.295031846,0],[1986862.15661292,795329.295031846,0],[1987008.73768459,795300.924681753,0],[1987226.2447955,795144.886936083,0]]},"properties":{"FID":129,"FeatureTyp":"Bike Lane","Label":" ","Fr_St":" ","To_St":" ","Notes":" ","Shape_Leng":2279.98608287,"GlobalID":"96bce12f-deab-4713-aabc-685d6b1a45db"}},{"type":"Feature","id":130,"geometry":{"type":"LineString","coordinates":[[1983423.65135084,795285.037246332,0],[1986857.36233117,795279.295131832,0],[1986988.48805317,795253.916245595,0],[1987197.09951259,795104.260048836,0]]},"properties":{"FID":130,"FeatureTyp":"Bike Lane","Label":" ","Fr_St":" ","To_St":" ","Notes":" ","Shape_Leng":3824.01548363,"GlobalID":"d1376e8b-e7bf-4392-ab85-448483ee2f72"}},{"type":"Feature","id":131,"geometry":{"type":"LineString","coordinates":[[1992963.68509226,794334.315722585,0],[1993046.73315451,794356.627029672,0],[1993220.26692818,794357.866528511,0],[1993568.57397434,794489.256357595,0],[1993980.09644526,794626.843680844,0]]},"properties":{"FID":131,"FeatureTyp":"Bike Lane","Label":" ","Fr_St":" ","To_St":" ","Notes":" ","Shape_Leng":1065.70948788,"GlobalID":"9c06ed90-9113-4415-906b-b4c5b487c23d"}},{"type":"Feature","id":132,"geometry":{"type":"LineString","coordinates":[[1994001.16858159,794569.825750262,0],[1993603.28059784,794428.519602418,0],[1993366.53107134,794330.596898004,0],[1993243.81806217,794297.129773334,0],[1993140.93736242,794285.97395575,0],[1993030.6193416,794293.411276832,0],[1992962.44559342,794308.285590917,0]]},"properties":{"FID":132,"FeatureTyp":"Bike Lane","Label":" ","Fr_St":" ","To_St":" ","Notes":" ","Shape_Leng":1089.4609329,"GlobalID":"73c95450-d0e5-4077-b369-0ff3ef06ff7c"}},{"type":"Feature","id":133,"geometry":{"type":"LineString","coordinates":[[1992963.68509226,794334.315722585,0],[1992803.68705267,794347.157232344,0],[1992677.55279051,794359.849792257,0],[1992618.84883967,794361.43640326,0],[1992541.10555685,794346.363926843,0],[1992489.54135551,794320.978150845,0],[1992453.0496306,794286.073365003,0],[1992411.00509526,794231.335613593,0]]},"properties":{"FID":133,"FeatureTyp":"Bike Lane","Label":" ","Fr_St":" ","To_St":" ","Notes":" ","Shape_Leng":602.193374142,"GlobalID":"b172a889-db70-4f7a-b41e-9fad027bb3e0"}},{"type":"Feature","id":134,"geometry":{"type":"LineString","coordinates":[[1992449.87673667,794246.408418089,0],[1992492.71457751,794294.799397424,0],[1992540.31225134,794322.564761832,0],[1992602.98272967,794336.05095534,0],[1992643.44098209,794340.810788333,0],[1992775.92168826,794330.497816846,0],[1992962.44559342,794308.285590917,0]]},"properties":{"FID":134,"FeatureTyp":"Bike Lane","Label":" ","Fr_St":" ","To_St":" ","Notes":" ","Shape_Leng":545.297675468,"GlobalID":"4d253d43-6e6c-4cb3-a526-3bb8ef295171"}},{"type":"Feature","id":135,"geometry":{"type":"LineString","coordinates":[[1991068.5268091,792558.926556841,0],[1991159.55451417,792764.223062262,0],[1991221.53076817,792866.871479005,0],[1991463.62575643,793139.954594254,0],[1991690.22668117,793314.262972668,0],[1991843.23064026,793416.911061332,0],[1992058.21118142,793500.191734672,0],[1992174.41665767,793533.116865665,0],[1992333.23097259,793546.674253255,0]]},"properties":{"FID":135,"FeatureTyp":"Bike Lane","Label":" ","Fr_St":" ","To_St":" ","Notes":" ","Shape_Leng":1690.27721616,"GlobalID":"144fcdde-fca3-466a-bf0e-4de2fc416a4b"}},{"type":"Feature","id":136,"geometry":{"type":"LineString","coordinates":[[1983333.46813226,787222.082243666,0],[1982793.77236126,786965.181182668,0],[1982169.54296668,786669.630264595,0],[1981279.9102315,786250.125198096,0],[1980987.38194518,786113.777045593,0],[1980865.90843484,786064.196107998,0],[1980836.15980667,786055.519616172,0],[1980794.01586209,786049.321793929,0],[1980740.71609992,786046.842796251,0]]},"properties":{"FID":136,"FeatureTyp":"Bike Lane","Label":" ","Fr_St":" ","To_St":" ","Notes":" ","Shape_Leng":2852.85116748,"GlobalID":"cc6911e4-27f1-4e7c-96dd-e9ab1761b863"}},{"type":"Feature","id":137,"geometry":{"type":"LineString","coordinates":[[1983128.82844967,787091.446350083,0],[1982182.35954209,786642.505975008,0],[1981292.64478609,786222.962194666,0],[1980999.39438835,786086.277428672,0],[1980875.80342817,786035.832319587,0],[1980842.5725235,786026.140081748,0],[1980796.90233925,786019.423559755,0],[1980742.10979792,786016.875336513,0]]},"properties":{"FID":137,"FeatureTyp":"Bike Lane","Label":" ","Fr_St":" ","To_St":" ","Notes":" ","Shape_Leng":2623.87525188,"GlobalID":"237d91fa-9a98-45b1-ad4a-1f4ac9fc0e48"}},{"type":"Feature","id":138,"geometry":{"type":"LineString","coordinates":[[1981094.04052451,785061.788007841,0],[1981089.70457518,784874.574799582,0],[1981082.89553368,784699.245097756,0],[1981076.08682026,784643.071325585,0],[1981053.95759943,784557.959947258,0],[1980958.63298692,784289.007401168,0],[1980853.09448409,784016.650662422,0],[1980803.72975342,783943.454614595,0],[1980747.55630934,783878.770032674,0],[1980691.38253717,783824.298684925,0],[1980446.26163635,783713.653565004,0],[1980386.68334343,783691.524672255,0],[1980270.93160643,783594.497635335,0],[1980001.97938843,783334.056227088,0],[1979813.03193167,783162.131046012,0],[1979755.15606317,783121.277453169,0],[1979637.70222984,783051.485926092,0],[1979591.74201992,783027.654936999,0],[1979491.31013417,782998.717002749,0],[1979297.25606035,782954.458889171,0],[1979106.60617918,782920.414337844,0],[1979009.57914226,782918.711913422,0],[1978921.06324318,782917.009817094,0],[1978786.58680609,782927.22305125,0],[1978629.98180434,782954.458889171,0],[1978451.24758175,783017.441374749,0],[1978361.02925825,783056.59254317,0]]},"properties":{"FID":138,"FeatureTyp":"Bike Lane","Label":" ","Fr_St":" ","To_St":" ","Notes":" ","Shape_Leng":3973.97357151,"GlobalID":"d2f9505f-ae5d-4947-8a97-13ddaf017505"}},{"type":"Feature","id":139,"geometry":{"type":"LineString","coordinates":[[1979394.70140351,783020.614596754,0],[1979537.27034409,783051.485926092,0],[1979595.14621259,783075.317243248,0],[1979801.11627309,783209.793352261,0],[1980207.94912083,783608.115390256,0],[1980339.02103718,783711.951468676,0],[1980415.62127768,783756.209254175,0],[1980614.78229667,783836.214343503,0],[1980687.9783445,783888.983266845,0],[1980759.47196792,783965.583835423,0],[1980808.83669859,784035.375034422,0],[1980868.41466342,784183.46922642,0],[1980953.52604176,784399.652521089,0],[1981007.99738951,784561.364468008,0],[1981028.42418592,784614.133391336,0],[1981052.25550309,784866.063661754,0],[1981059.06454459,785049.904501423,0]]},"properties":{"FID":139,"FeatureTyp":"Bike Lane","Label":" ","Fr_St":" ","To_St":" ","Notes":" ","Shape_Leng":2830.83159982,"GlobalID":"6bbf8a7d-ace6-4061-8d8c-5f7b6ae4d208"}},{"type":"Feature","id":140,"geometry":{"type":"LineString","coordinates":[[1995593.77103943,794313.867600754,0],[1996274.66305034,794367.062048167,0],[1996649.68559426,794390.999664336,0],[1997152.37553376,794430.89591001,0],[1997349.19600625,794436.215125084,0],[1997625.80831392,794438.874896675,0],[1997819.96901484,794430.89591001,0],[1998006.15040101,794383.020677671,0],[1998152.43586959,794321.84658742,0],[1998341.27702734,794236.735209092,0],[1998604.59080517,794066.512124345,0],[1998673.74388209,794015.977120429,0]]},"properties":{"FID":140,"FeatureTyp":"Bike Lane","Label":" ","Fr_St":" ","To_St":" ","Notes":" ","Shape_Leng":3187.99421237,"GlobalID":"967af9a1-6437-4675-86fa-25c82101b36d"}},{"type":"Feature","id":141,"geometry":{"type":"LineString","coordinates":[[1998644.48672275,793968.10188809,0],[1998269.46417885,794223.436351165,0],[1998160.41518433,794271.311583504,0],[1997942.31686726,794353.763518333,0],[1997817.30924326,794390.999664336,0],[1997426.32806984,794396.319207504,0],[1996846.50606675,794369.721819758,0],[1996351.795442,794332.485673755,0],[1995990.07142793,794311.207829177,0],[1995601.75002609,794279.290898249,0]]},"properties":{"FID":141,"FeatureTyp":"Bike Lane","Label":" ","Fr_St":" ","To_St":" ","Notes":" ","Shape_Leng":3155.92695483,"GlobalID":"60fbea22-8f3e-4cc0-83be-3055ee104af7"}},{"type":"Feature","id":142,"geometry":{"type":"LineString","coordinates":[[1997434.52031067,798613.275668591,0],[1997795.39294851,798623.489230841,0],[1998127.32798018,798616.680189341,0],[1998280.52878925,798611.573572248,0],[1998569.90780367,798620.084710091,0],[1998721.40618834,798625.19132717,0],[1998889.92717676,798635.404561341,0],[1999046.53217851,798664.34249559,0],[1999300.16454525,798735.836119011,0],[1999528.2634985,798793.71198751,0],[1999899.34969859,798904.357107416,0],[2000278.9470365,799013.299802929,0],[2000484.917097,799059.260012835,0],[2000752.16721867,799118.837977678,0],[2000900.26108259,799140.967198506,0],[2001065.37755026,799130.753636256,0],[2001236.67084284,799083.328206167,0]]},"properties":{"FID":142,"FeatureTyp":"Bike Lane","Label":" ","Fr_St":" ","To_St":" ","Notes":" ","Shape_Leng":3874.23067514,"GlobalID":"003e76f9-b9e2-458e-97c8-3e632071c41d"}},{"type":"Feature","id":143,"geometry":{"type":"LineString","coordinates":[[2001222.02913985,799040.797123253,0],[2001090.94902143,799087.511596754,0],[2001051.20664684,799103.547982007,0],[2000918.03532526,799110.520409003,0],[2000791.13859743,799090.300633177,0],[2000528.97868867,799041.494300336,0],[2000340.02860726,798991.293285251,0],[2000098.78565143,798926.450567171,0],[1999902.16596593,798869.277453169,0],[1999734.13250934,798819.076766178,0],[1999417.588523,798729.83088167,0],[1999147.06183308,798653.832346007,0],[1999013.89051151,798631.52103892,0],[1998877.92982543,798606.420367345,0],[1998629.71477067,798592.475841418,0],[1998383.59124717,798586.898096666,0],[1998235.77756642,798582.714377999,0],[1997994.53493868,798588.292450845,0],[1997783.27322209,798593.1730185,0],[1997433.261783,798585.503414422,0]]},"properties":{"FID":143,"FeatureTyp":"Bike Lane","Label":" ","Fr_St":" ","To_St":" ","Notes":" ","Shape_Leng":3864.52872941,"GlobalID":"2ccea6aa-c3c3-4465-901c-c94796a39bf5"}},{"type":"Feature","id":144,"geometry":{"type":"LineString","coordinates":[[1985010.68557835,795359.143397346,0],[1986864.52110951,795364.46261242,0],[1987038.09162851,795332.375734344,0],[1987201.88099909,795204.454074174,0],[1987273.10100101,795256.991042584,0],[1987334.89123176,795387.756857172,0],[1987354.47485401,795499.935110509,0],[1987403.8664875,795515.648661762,0],[1987367.94201867,795716.826737091,0]]},"properties":{"FID":144,"FeatureTyp":"Paved Greenway","Label":" ","Fr_St":" ","To_St":" ","Notes":" ","Shape_Leng":2841.37568033,"GlobalID":"1054c5e8-f880-4462-871e-479e518c4e8e"}},{"type":"Feature","id":145,"geometry":{"type":"LineString","coordinates":[[1991068.5268091,792558.926556841,0],[1991202.65482168,792497.162244678,0],[1991623.10575242,792199.271764338,0],[1992041.85458684,791918.403887749,0],[1992208.67315084,791797.545533672,0],[1992298.89114626,791741.371761501,0],[1992464.00761393,791695.411551595,0]]},"properties":{"FID":145,"FeatureTyp":"Paved Greenway","Label":" ","Fr_St":" ","To_St":" ","Notes":" ","Shape_Leng":1650.83791162,"GlobalID":"0033c868-757e-4105-883e-73f89eaeaafe"}},{"type":"Feature","id":146,"geometry":{"type":"LineString","coordinates":[[1994086.98599526,794578.53144151,0],[1994129.57252426,794569.470436007,0],[1994161.28571543,794558.597426251,0],[1994208.85583025,794535.944912508,0],[1994275.90687726,794502.872472093,0],[1994411.48173735,794435.537961096,0],[1994443.3366605,794430.58291851,0]]},"properties":{"FID":146,"FeatureTyp":"Bike Lane","Label":" ","Fr_St":" ","To_St":" ","Notes":" ","Shape_Leng":388.130516057,"GlobalID":"4e23ef04-7cf9-44e4-86ca-9015d398a132"}},{"type":"Feature","id":147,"geometry":{"type":"LineString","coordinates":[[1994443.3366605,794430.58291851,0],[1994505.63082726,794407.930404752,0],[1994568.63266976,794384.570215255,0]]},"properties":{"FID":147,"FeatureTyp":"Bike Lane","Label":" ","Fr_St":" ","To_St":" ","Notes":" ","Shape_Leng":133.478221056,"GlobalID":"7bbfe21e-d110-4f5f-81f5-2df624cac264"}},{"type":"Feature","id":148,"geometry":{"type":"LineString","coordinates":[[1994456.07843292,794453.235104173,0],[1994414.31309651,794486.506035,0],[1994301.05118392,794542.429151505,0],[1994236.63333376,794579.23911725,0],[1994190.6206305,794607.554677427,0]]},"properties":{"FID":148,"FeatureTyp":"Bike Lane","Label":" ","Fr_St":" ","To_St":" ","Notes":" ","Shape_Leng":307.933674803,"GlobalID":"82a9920b-0faf-44db-974b-a3301a4ee01e"}},{"type":"Feature","id":149,"geometry":{"type":"LineString","coordinates":[[1983423.65135084,795285.037246332,0],[1983452.60339268,795020.676882669,0],[1983494.79687785,794826.587375835,0]]},"properties":{"FID":149,"FeatureTyp":"Paved Greenway","Label":" ","Fr_St":" ","To_St":" ","Notes":" ","Shape_Leng":464.563839001,"GlobalID":"6bf780c1-7045-46cc-950d-2ed943bbd412"}},{"type":"Feature","id":150,"geometry":{"type":"LineString","coordinates":[[1983410.4099075,795349.785476416,0],[1983363.99727067,795640.919736668,0],[1983359.77811901,795712.64859584,0],[1983334.46189667,795881.422208428,0]]},"properties":{"FID":150,"FeatureTyp":"Paved Greenway","Label":" ","Fr_St":" ","To_St":" ","Notes":" ","Shape_Leng":537.325220637,"GlobalID":"3fa103ca-7709-4605-9c1d-2ca17568f97f"}},{"type":"Feature","id":151,"geometry":{"type":"LineString","coordinates":[[1983355.55863926,795282.275768921,0],[1983115.05616751,795261.179354429,0]]},"properties":{"FID":151,"FeatureTyp":"Bike Lane","Label":" ","Fr_St":" ","To_St":" ","Notes":" ","Shape_Leng":241.425967161,"GlobalID":"a3f19d70-93be-4f1f-a6ee-220728a54a70"}},{"type":"Feature","id":152,"geometry":{"type":"LineString","coordinates":[[1994049.04315776,794712.410766929,0],[1993915.20812359,794857.306474507,0],[1993845.5251921,794918.140670419,0],[1993786.90326209,794981.186804175,0]]},"properties":{"FID":152,"FeatureTyp":"Bike Lane","Label":" ","Fr_St":" ","To_St":" ","Notes":" ","Shape_Leng":375.838095602,"GlobalID":"7995e5ef-5235-4996-b1a8-4b4d4fb95d4d"}},{"type":"Feature","id":153,"geometry":{"type":"LineString","coordinates":[[1993708.16457443,795036.075801998,0],[1993817.04394984,794915.098681763,0],[1993875.80400293,794849.425584748,0],[1993936.2927271,794780.296129838,0],[1993976.04199143,794718.079390749,0]]},"properties":{"FID":153,"FeatureTyp":"Bike Lane","Label":" ","Fr_St":" ","To_St":" ","Notes":" ","Shape_Leng":416.568965165,"GlobalID":"e1ef1e33-9df3-4a0b-a7cf-9f9ee735f5b6"}},{"type":"Feature","id":154,"geometry":{"type":"LineString","coordinates":[[1983418.52865767,779520.647187263,0],[1983478.28772451,779507.202660337,0],[1983491.56066383,779526.006100416,0],[1983448.42393909,779632.189287007,0],[1983411.92335592,779741.690380335,0],[1983389.80168101,779826.858189002,0],[1983406.39285517,779895.434823498,0],[1983440.68117243,779969.541958749,0],[1983503.72763425,780042.542796999,0],[1983587.78914592,780081.255318001,0],[1983637.56266843,780075.72514534,0],[1983677.38115834,780038.118593261,0],[1983726.04838385,780015.996918336,0],[1983768.07946776,780018.209184259,0]]},"properties":{"FID":154,"FeatureTyp":"Unpaved Greenway","Label":" ","Fr_St":" ","To_St":" ","Notes":" ","Shape_Leng":943.910747895,"GlobalID":"d0880a21-b5fd-4bfb-8b25-cab5b603efd2"}},{"type":"Feature","id":155,"geometry":{"type":"LineString","coordinates":[[1983478.28772451,779507.202660337,0],[1983473.51772092,779443.879952341,0],[1983637.70079151,779373.022154421,0],[1983876.19801793,779303.892371416,0],[1984087.04372483,779229.577887505,0],[1984278.87831493,779155.263731673,0],[1984391.21404825,779110.329438344,0]]},"properties":{"FID":155,"FeatureTyp":"Unpaved Greenway","Label":" ","Fr_St":" ","To_St":" ","Notes":" ","Shape_Leng":1040.91094244,"GlobalID":"17cf411f-f8ef-4d57-9e05-d41e4c3c00fb"}},{"type":"Feature","id":156,"geometry":{"type":"LineString","coordinates":[[1980375.85856192,808124.623443753,0],[1980365.61186326,808343.904173166,0],[1980363.56265476,808563.1845745,0],[1980293.88464451,808684.096406177,0]]},"properties":{"FID":156,"FeatureTyp":"Paved Greenway","Label":" ","Fr_St":" ","To_St":" ","Notes":" ","Shape_Leng":578.361751133,"GlobalID":"79c5e101-4fd4-4180-b450-8c1ea3f373dd"}}]}