{
"type": "FeatureCollection",
"name": "bike_access",
"crs": { "type": "name", "properties": { "name": "urn:ogc:def:crs:EPSG::2264" } },
"features": [
{ "type": "Feature", "properties": { "FID": 1, "FeatureTyp": "Sharrows", "Label": "West Rosemary Street", "Fr_St": "Pritchard Avenue", "To_St": "Columbia Street", "Notes": " ", "Shape_Leng": 291.97160499199998, "GlobalID": "68dd959e-e845-46e3-80f6-7c90a329184e" }, "geometry": { "type": "Polygon", "coordinates": [ [ [ 1978951.658671538811177, 771664.191838204162195 ], [ 1978833.262368188938126, 771716.752087878761813 ], [ 1978720.587980769108981, 771780.66411266499199 ], [ 1978614.720625223824754, 771855.312404826050624 ], [ 1978516.679862060118467, 771939.978060501860455 ], [ 1978427.409877421800047, 772033.845703145023435 ], [ 1978347.770390060730278, 772136.011336043826304 ], [ 1978278.528371775755659, 772245.491048303898424 ], [ 1978220.350661054486409, 772361.230490448651835 ], [ 1978192.744946911232546, 772432.914278741693124 ], [ 1978189.14566676132381, 772436.945942550548352 ], [ 1978112.763550350209698, 772541.569251546636224 ], [ 1978047.004112266702577, 772653.175527336308733 ], [ 1977992.500651847105473, 772770.689940473646857 ], [ 1977949.778067209757864, 772892.98076292022597 ], [ 1977919.247800199780613, 773018.870267204823904 ], [ 1977901.203873977530748, 773147.146068583009765 ], [ 1977895.820061416365206, 773276.572800964815542 ], [ 1977903.148211574880406, 773405.904014165513217 ], [ 1977923.117750360397622, 773533.894177902489901 ], [ 1977955.536360198399052, 773659.3106769323349 ], [ 1978000.091832153964788, 773780.945681809796952 ], [ 1978056.355072675971314, 773897.627780945389532 ], [ 1978115.203815618297085, 773994.158617130015045 ], [ 1978104.069049158133566, 774027.397784819127992 ], [ 1978097.21341981831938, 774051.741240059142001 ], [ 1978075.129887309623882, 774142.297269548871554 ], [ 1978070.009162649512291, 774167.064280386897735 ], [ 1978054.369762497488409, 774258.963548123370856 ], [ 1978051.009861087426543, 774284.029770955326967 ], [ 1978041.895230302587152, 774376.807768355938606 ], [ 1978040.312884382670745, 774402.048859606962651 ], [ 1978037.769161104690284, 774495.219127579824999 ], [ 1978037.971916594775394, 774520.508775158901699 ], [ 1978049.970953173702583, 774687.815112347132526 ], [ 1978136.818990458035842, 775326.380241245031357 ], [ 1978139.07451453176327, 775358.577336189569905 ], [ 1978142.33435053168796, 775392.321363193565048 ], [ 1978142.369402415584773, 775392.605669252807274 ], [ 1978120.544143235078081, 775429.607416037120856 ], [ 1978108.344364485004917, 775452.787487793131731 ], [ 1978054.3459290813189, 775568.682123066624627 ], [ 1978044.446014491375536, 775592.933714972692542 ], [ 1978001.918974678497761, 775713.490346871200018 ], [ 1977994.411443758523092, 775738.585769124096259 ], [ 1977963.74404837214388, 775862.698971824604087 ], [ 1977958.699439042015001, 775888.402988659683615 ], [ 1977940.181171241682023, 776014.91457709914539 ], [ 1977937.647055581677705, 776040.98637534910813 ], [ 1977931.455627009971067, 776168.685387253994122 ], [ 1977931.455627009971067, 776194.879560590023175 ], [ 1977937.647055581677705, 776322.578572494909167 ], [ 1977940.181171241682023, 776348.650370744871907 ], [ 1977958.699439043877646, 776475.1619591943454 ], [ 1977963.744048374006525, 776500.86597602837719 ], [ 1977994.4114437578246, 776624.979178717243485 ], [ 1978001.91897467779927, 776650.074600970256142 ], [ 1978044.446014492074028, 776770.631232872488908 ], [ 1978054.345929082017392, 776794.882824778440408 ], [ 1978108.344364473596215, 776910.777460028184578 ], [ 1978120.54414322366938, 776933.957531785126776 ], [ 1978185.501237652497366, 777044.083415746456012 ], [ 1978199.886379482457414, 777065.974448084365577 ], [ 1978275.188010827638209, 777169.293025123188272 ], [ 1978283.566638154676184, 777179.691086453502066 ], [ 1978400.705713839037344, 777330.996033317991532 ], [ 1978499.342380911577493, 777444.421406947425567 ], [ 1978702.467630811501294, 777652.754651688388549 ], [ 1978810.354389832355082, 777751.772085957345553 ], [ 1978823.352256868500262, 777761.280172220547684 ], [ 1978753.924208869226277, 777759.348681701580063 ], [ 1978668.317424699198455, 777761.170200360589661 ], [ 1978539.099292117869481, 777770.277269312180579 ], [ 1978411.396029019029811, 777792.006077071884647 ], [ 1978286.437487636459991, 777826.147363342926838 ], [ 1978165.427087032468989, 777872.372328874887899 ], [ 1978049.530223516281694, 777930.235801980481483 ], [ 1977939.863047239137813, 777999.180525782401673 ], [ 1977837.481713058892637, 778078.542524901451543 ], [ 1977743.372209190623835, 778167.557499902439304 ], [ 1977658.440861602546647, 778265.368187915417366 ], [ 1977583.505605599610135, 778371.032618546159938 ], [ 1977519.28810866153799, 778483.533185565727763 ], [ 1977466.406820388045162, 778601.786447014543228 ], [ 1977425.371016493532807, 778724.653559341095388 ], [ 1977399.529639787739143, 778837.995883134542964 ], [ 1977378.412733270553872, 778843.238654115819372 ], [ 1977376.341802845476195, 778843.754589261603542 ], [ 1977333.818431234452873, 778854.385041879722849 ], [ 1977262.476013131905347, 778870.912050370243378 ], [ 1977223.517971968278289, 778879.096181836794131 ], [ 1977104.380355384433642, 778910.298960132640786 ], [ 1977106.173701699124649, 778980.107800169382244 ], [ 1977107.46372482413426, 779030.315387750510126 ], [ 1977107.692398936254904, 779031.592944536474533 ], [ 1977111.046395272947848, 779050.331100122071803 ], [ 1977117.588377746054903, 779086.877951023401693 ], [ 1977120.732072637649253, 779103.59576903434936 ], [ 1977129.588355276035145, 779150.690829499741085 ], [ 1977149.212991365697235, 779199.441398995229974 ], [ 1977167.549244173569605, 779232.506300917710178 ], [ 1977168.587956193834543, 779234.379329101415351 ], [ 1977195.962906752945855, 779269.37992326694075 ], [ 1977215.587871491210535, 779283.505226446664892 ], [ 1977235.337836010381579, 779296.75585929909721 ], [ 1977246.986765170702711, 779307.55570899345912 ], [ 1977247.337814413011074, 779307.881167740095407 ], [ 1977254.462473173858598, 779334.193784955772571 ], [ 1977266.58745080884546, 779378.444034273736179 ], [ 1977284.962417577859014, 779403.881981306010857 ], [ 1977285.184530036523938, 779404.274697123793885 ], [ 1977297.087395590497181, 779425.319935376872309 ], [ 1977306.087051121285185, 779444.944900506408885 ], [ 1977359.221142147900537, 779473.49767194094602 ], [ 1977366.336943023372442, 779477.321484131622128 ], [ 1977384.586910126032308, 779497.071777272969484 ], [ 1977407.586868717800826, 779518.197396129369736 ], [ 1977413.961856993846595, 779538.822687491076067 ], [ 1977435.58648947509937, 779589.510589540353976 ], [ 1977436.211487678112462, 779630.948179652099498 ], [ 1977424.727911779424176, 779668.186630076612346 ], [ 1977423.086182341678068, 779673.510111357783899 ], [ 1977425.08617792208679, 779725.010347577277571 ], [ 1977430.085839904844761, 779786.822901403415017 ], [ 1977440.585820799227804, 779809.07318996975664 ], [ 1977450.519201686838642, 779828.105636472231708 ], [ 1977455.460793774574995, 779837.573467432986945 ], [ 1977457.788217269117013, 779847.961572287487797 ], [ 1977462.335780987283215, 779868.261076846742071 ], [ 1977494.021746756276116, 779946.939414655440487 ], [ 1977578.584914551815018, 780035.826068455819041 ], [ 1977629.959822159959003, 780076.452637224108912 ], [ 1977667.652667675400153, 780112.76228432613425 ], [ 1977682.709399074316025, 780127.266195703297853 ], [ 1977691.623752755112946, 780157.359646090772003 ], [ 1977699.854380649980158, 780185.144373560324311 ], [ 1977625.584171720314771, 780204.389744829270057 ], [ 1977655.259971742518246, 780205.074455369263887 ], [ 1978094.70899019180797, 780215.213880158844404 ], [ 1978097.333655627444386, 780324.83868459216319 ], [ 1978102.582330583361909, 780528.664764545741491 ], [ 1978108.582316070329398, 780761.651225539855659 ], [ 1978122.955312839476392, 781316.088556667324156 ], [ 1978303.494687924394384, 781362.784998608171009 ], [ 1978312.491468953900039, 781370.078293264028616 ], [ 1978363.799082959070802, 781357.685502323321998 ], [ 1978379.228836403926834, 781353.860138272051699 ], [ 1978414.359961828449741, 781344.925499130273238 ], [ 1978482.022754462435842, 781328.062135118991137 ], [ 1978486.784857357153669, 781326.865881264326163 ], [ 1978613.302428241120651, 781294.834033897495829 ], [ 1978726.796676660887897, 781268.305153442197479 ], [ 1978736.181783782783896, 781266.075220346800052 ], [ 1978908.2877895263955, 781224.517304350505583 ], [ 1979011.580691327573732, 781199.958357211318798 ], [ 1979031.294572205748409, 781195.110715524875559 ], [ 1979185.441970792133361, 781155.946421496686526 ], [ 1979238.870592238614336, 781142.425854766741395 ], [ 1979245.672258064849302, 781140.685375678469427 ], [ 1979315.030002008657902, 781122.740751832723618 ], [ 1979313.434906502021477, 781218.172489117947407 ], [ 1979323.975692851468921, 781347.281576001318172 ], [ 1979347.120625920360908, 781474.735789607511833 ], [ 1979382.646807350916788, 781599.307676185737364 ], [ 1979395.183610231848434, 781631.065236654365435 ], [ 1979338.649357560789213, 781620.969855241128244 ], [ 1979234.611400492722169, 781606.635565250762738 ], [ 1979129.76317210891284, 781600.61747708148323 ], [ 1979033.846629854990169, 781598.934537261957303 ], [ 1978946.441191138233989, 781597.253794278600253 ], [ 1978821.099595870822668, 781600.80038496828638 ], [ 1978686.623158780857921, 781611.013619124307297 ], [ 1978560.414960674708709, 781626.743794844369404 ], [ 1978403.809958924539387, 781653.979632765403949 ], [ 1978392.150487787555903, 781656.511636406648904 ], [ 1978295.977960342075676, 781895.589822043431923 ], [ 1978277.453058192972094, 781946.748195023043081 ], [ 1978277.359226345550269, 781947.007380916853435 ], [ 1978267.855305866105482, 781973.280627832864411 ], [ 1978260.32775991782546, 781994.091286114184186 ], [ 1978172.577587746549398, 782039.526242976542562 ], [ 1978049.317631412763149, 782393.199494388303719 ], [ 1978044.826825566822663, 782406.08529809222091 ], [ 1978044.826496264664456, 782480.835492794401944 ], [ 1978094.076078681275249, 782576.461635300191119 ], [ 1978189.575577084906399, 782760.90126838569995 ], [ 1978294.699729888467118, 782965.965864814235829 ], [ 1978318.182626892579719, 783009.172152927960269 ], [ 1978349.177977449493483, 783065.685832133633085 ], [ 1978361.349543296499178, 783087.878049949649721 ], [ 1978476.824403298553079, 783054.65763867541682 ], [ 1978559.824255510466173, 783030.472315733903088 ], [ 1978631.699127538362518, 783009.536658732220531 ], [ 1978696.699340011924505, 782982.913019626168534 ], [ 1978759.824227479519323, 782972.164680275018327 ], [ 1978762.936426655389369, 782971.617109116981737 ], [ 1978766.574215446133167, 782970.977346529019997 ], [ 1978768.574211882194504, 782970.665011161239818 ], [ 1978770.574208331061527, 782970.352347728563473 ], [ 1978772.574204757111147, 782970.040012346813455 ], [ 1978778.449194285087287, 782969.165342093911022 ], [ 1978784.449183576507494, 782968.35267959383782 ], [ 1978790.324173107277602, 782967.603009106591344 ], [ 1978793.332041751593351, 782967.258521597832441 ], [ 1978796.324162399629131, 782966.915674469666556 ], [ 1978798.32415884337388, 782966.728010802646168 ], [ 1978800.324155277572572, 782966.540675228461623 ], [ 1978802.324151703389362, 782966.353339617024176 ], [ 1978805.32414634199813, 782966.103340127505362 ], [ 1978808.324140997370705, 782965.85334062401671 ], [ 1978810.957010321551934, 782965.657474873005413 ], [ 1978814.199130513705313, 782965.416005537146702 ], [ 1978817.19912517350167, 782965.259837885736488 ], [ 1978820.199119816534221, 782965.103670238982886 ], [ 1978823.206988468766212, 782964.947174508706667 ], [ 1978826.199109109817073, 782964.791334922309034 ], [ 1978828.199105532839894, 782964.728999118437059 ], [ 1978830.199430045671761, 782964.666335221729241 ], [ 1978832.199426484992728, 782964.603999394574203 ], [ 1978835.191547124879435, 782964.57283153210301 ], [ 1978838.199415769660845, 782964.541663660435006 ], [ 1978844.199076978955418, 782964.479327907669358 ], [ 1978846.199073402443901, 782964.47932793549262 ], [ 1978848.199069833150133, 782964.479327981942333 ], [ 1978850.199066256638616, 782964.479327995912172 ], [ 1978856.199055547593161, 782964.60432787775062 ], [ 1978858.199051978997886, 782964.666991844191216 ], [ 1978860.449047967093065, 782964.733592799166217 ], [ 1978862.199372913455591, 782964.791991688893177 ], [ 1978865.206257316283882, 782964.948815590934828 ], [ 1978868.199362201383337, 782965.104655256378464 ], [ 1978874.199023394612595, 782965.417646935093217 ], [ 1978877.199018050218001, 782965.636150529840961 ], [ 1978880.1990126890596, 782965.854982203338295 ], [ 1978883.19900732091628, 782966.105309901875444 ], [ 1978886.19900196720846, 782966.355309507576749 ], [ 1978888.198998385574669, 782966.542973248986527 ], [ 1978890.199322896776721, 782966.730636971769854 ], [ 1978892.19931932981126, 782966.917972629657015 ], [ 1978895.390586590860039, 782967.291659685433842 ], [ 1978898.074308825423941, 782967.605635549873114 ], [ 1978901.258686338551342, 782967.950779346516356 ], [ 1978908.44896219833754, 782968.730633705738001 ], [ 1978957.573874429566786, 782973.169274896965362 ], [ 1978992.449140189448372, 782976.295254125725478 ], [ 1979033.131810271413997, 782980.411389196524397 ], [ 1979057.324024266563356, 782982.859219853533432 ], [ 1979068.217049420811236, 782983.948785023763776 ], [ 1979082.948978482978418, 782985.422207830357365 ], [ 1979088.823967972304672, 782986.172534675104544 ], [ 1979094.823957257904112, 782986.860197576810606 ], [ 1979100.82394652068615, 782987.547860501683317 ], [ 1979101.524404586991295, 782987.639067704090849 ], [ 1979104.688769015949219, 782988.04162608855404 ], [ 1979105.656615051906556, 782988.166625877376646 ], [ 1979106.698936028406024, 782988.298187341890298 ], [ 1979108.698932446539402, 782988.548186933621764 ], [ 1979110.69892887189053, 782988.79818651615642 ], [ 1979112.698925307951868, 782989.048186107887886 ], [ 1979116.192685459507629, 782989.531781109399162 ], [ 1979118.573914800072089, 782989.860520705580711 ], [ 1979120.573911231942475, 782990.110520288115367 ], [ 1979122.573907653102651, 782990.360191800980829 ], [ 1979124.573904079385102, 782990.610847559757531 ], [ 1979125.527314448729157, 782990.740112434723414 ], [ 1979125.543062444776297, 782990.742080935975537 ], [ 1979125.564715951215476, 782990.745033669401892 ], [ 1979127.573898711940274, 782991.016358686843887 ], [ 1979130.574221438495442, 782991.421869823243469 ], [ 1979132.968902194872499, 782991.754874514765106 ], [ 1979136.448882856406271, 782992.236172936158255 ], [ 1979139.448877486633137, 782992.642668304732069 ], [ 1979141.823217080440372, 782992.964190086000599 ], [ 1979142.149660062044859, 782993.010449838009663 ], [ 1979142.448872131993994, 782993.048835622146726 ], [ 1979142.965275388909504, 782993.128559895674698 ], [ 1979145.375704161822796, 782993.484858500421979 ], [ 1979148.323861620621756, 782993.923834153800271 ], [ 1979150.345183462835848, 782994.197455746820197 ], [ 1979151.315982256783172, 782994.329017202020623 ], [ 1979154.323850901331753, 782994.736824923194945 ], [ 1979160.198840389261022, 782995.611823459505104 ], [ 1979161.219835942378268, 782995.771600080886856 ], [ 1979162.198836821131408, 782995.924486989853904 ], [ 1979164.198833241127431, 782996.236822422593832 ], [ 1979166.198829671600834, 782996.549157846020535 ], [ 1979172.073819159064442, 782997.424484456656501 ], [ 1979174.073815588606521, 782997.737147986888885 ], [ 1979176.073812018148601, 782998.049483415088616 ], [ 1979178.073808433953673, 782998.362146940780804 ], [ 1979183.948797940276563, 782999.299809387652203 ], [ 1979185.693545473972335, 782999.578352233860642 ], [ 1979189.823787428205833, 783000.237471853150055 ], [ 1979191.823783856583759, 783000.550135383498855 ], [ 1979193.823780277511105, 783000.862470816238783 ], [ 1979195.823776707053185, 783001.175134323304519 ], [ 1979198.758482734905556, 783001.674805404734798 ], [ 1979201.69876619335264, 783002.175460722763091 ], [ 1979207.573755698045716, 783003.175459034042433 ], [ 1979213.573744960129261, 783004.175457349861972 ], [ 1979216.511403759010136, 783004.675784598453902 ], [ 1979219.44873445876874, 783005.175783744663931 ], [ 1979221.984491078648716, 783005.634444378316402 ], [ 1979225.323723947629333, 783006.238117892411537 ], [ 1979228.323718596948311, 783006.738445145427249 ], [ 1979231.323713221121579, 783007.23844430106692 ], [ 1979237.198702711844817, 783008.301106536877342 ], [ 1979240.136361507466063, 783008.863769626361318 ], [ 1979243.073692213045433, 783009.42643271596171 ], [ 1979248.948681703303009, 783010.488766872906126 ], [ 1979254.823671196121722, 783011.614093033364043 ], [ 1979256.823667614487931, 783011.989092414034531 ], [ 1979258.823664045659825, 783012.364091762108728 ], [ 1979260.823660474503413, 783012.739091138122603 ], [ 1979266.698649956611916, 783013.864417289267294 ], [ 1979268.572990444255993, 783014.241385171189904 ], [ 1979272.573967540636659, 783015.051751239807345 ], [ 1979275.511298239696771, 783015.614742417470552 ], [ 1979278.448628943646327, 783016.177077423431911 ], [ 1979281.391537067247555, 783016.771892667980865 ], [ 1979284.323618432274088, 783017.364739438868128 ], [ 1979287.262261481722817, 783017.958898525568657 ], [ 1979287.581158540444449, 783018.023530965438113 ], [ 1979290.198607926722616, 783018.552401454304345 ], [ 1979295.073599214665592, 783019.615063680917956 ], [ 1979300.948588697472587, 783020.927725466783158 ], [ 1979304.823909842176363, 783021.800755473785102 ], [ 1979305.948579754214734, 783022.052723562228493 ], [ 1979272.447650435613468, 783319.488872050773352 ], [ 1979320.947563950903714, 783313.802531269961037 ], [ 1979322.573544806567952, 783344.237516381777823 ], [ 1979338.2063862264622, 783630.391533577349037 ], [ 1979338.694574182387441, 783639.365598937380128 ], [ 1979341.444896517088637, 783690.115180339897051 ], [ 1979343.128948125522584, 783721.205676059122197 ], [ 1979353.945526594296098, 783921.052760574617423 ], [ 1979354.070526196388528, 783931.49040601181332 ], [ 1979354.195525821996853, 783940.615061644813977 ], [ 1979263.132368130609393, 783943.958230038522743 ], [ 1979263.110058468999341, 783943.958886205684394 ], [ 1979231.695744452765211, 783945.112426946987398 ], [ 1979079.195688531734049, 783951.421140242950059 ], [ 1979111.040447212988511, 783995.859381673973985 ], [ 1979141.32188852946274, 784038.115868440130726 ], [ 1979164.070206977427006, 784069.860562831978314 ], [ 1979224.445097803138196, 784154.049389965482987 ], [ 1979306.319293599110097, 784268.363819869235158 ], [ 1979322.319592757150531, 784290.676444364828058 ], [ 1979361.944521098630503, 784345.927002599928528 ], [ 1979367.644970113644376, 784353.874823132413439 ], [ 1979369.888732468243688, 784357.00277036067564 ], [ 1979371.814253909280524, 784359.687148779747076 ], [ 1979383.193826519418508, 784375.552934316452593 ], [ 1979404.328302741516382, 784405.064693038235418 ], [ 1979417.568764363415539, 784423.553833491867408 ], [ 1979554.443188776262105, 784614.619439681759104 ], [ 1979577.818146555917338, 784644.869714161730371 ], [ 1979635.442714328644797, 784721.558554644114338 ], [ 1979637.060493592405692, 784722.021808442659676 ], [ 1979685.19262528186664, 784735.809842365095392 ], [ 1979735.942534447647631, 784750.310801571118645 ], [ 1979785.067446508910507, 784764.312089723534882 ], [ 1979833.692359476350248, 784778.250713942223229 ], [ 1979884.692268189042807, 784792.814337081974372 ], [ 1979886.396661455743015, 784793.304165647830814 ], [ 1979901.442894363310188, 784797.627648975467309 ], [ 1979901.192567566409707, 784745.877413243288174 ], [ 1979935.44250634778291, 784750.378061941126361 ], [ 1979984.192419209517539, 784756.691699761315249 ], [ 1979983.817091507138684, 784774.504332014359534 ], [ 1980078.56725054117851, 784768.568976696231402 ], [ 1980084.818551728967577, 784767.510907825315371 ], [ 1980169.942087163450196, 784782.945921056321822 ], [ 1980268.94190933345817, 784849.885763848433271 ], [ 1980394.441684941295534, 784870.38868208299391 ], [ 1980386.941697891103104, 784896.638307048706338 ], [ 1980442.690940340049565, 785009.827082364587113 ], [ 1980763.816023378167301, 784999.209980571526103 ], [ 1980831.565902467351407, 784996.961298038833775 ], [ 1980884.875518602319062, 784995.169635434052907 ], [ 1980887.315802957396954, 784995.088270798558369 ], [ 1980912.315758348209783, 784994.275936697958969 ], [ 1981047.31518931966275, 784989.77529077406507 ], [ 1981075.45949605689384, 784988.167026373790577 ], [ 1981082.970307964133099, 785076.529729730333202 ], [ 1981072.300378916086629, 785112.618904002360068 ], [ 1980989.54199274815619, 785340.674269999726675 ], [ 1980944.372452068142593, 785455.965074024861678 ], [ 1980899.202583314152434, 785571.571822373778559 ], [ 1980888.481801466085017, 785599.598675076849759 ], [ 1980854.980547511484474, 785687.178898829617538 ], [ 1980810.442895477637649, 785802.785647201933898 ], [ 1980767.800253167981282, 785918.392395578674041 ], [ 1980681.251519494690001, 786142.973030161461793 ], [ 1980656.345395087031648, 786197.58480896265246 ], [ 1980628.816899933852255, 786257.947889769566245 ], [ 1980575.750391754787415, 786372.606805039918981 ], [ 1980513.791510553099215, 786512.910359437111765 ], [ 1980486.359144879272208, 786510.007805111934431 ], [ 1980485.061246565543115, 786532.513670444022864 ], [ 1980476.370315088890493, 786661.956024629762396 ], [ 1980476.31552514526993, 786662.707663706503808 ], [ 1980476.310931965010241, 786662.825773727148771 ], [ 1980424.810695911990479, 786657.887133412761614 ], [ 1980394.060750847682357, 786655.07348963082768 ], [ 1980377.435450291493908, 786787.260589440702461 ], [ 1980368.685136692831293, 786856.697801353991963 ], [ 1980360.309822448529303, 786923.7600175102707 ], [ 1980267.934987460263073, 786919.007727883057669 ], [ 1980263.672855161130428, 786967.308822731021792 ], [ 1980261.559669563546777, 786991.257598849129863 ], [ 1980258.260462263599038, 787027.261143478448503 ], [ 1980257.935003474587575, 787030.820192243438214 ], [ 1980254.30836887517944, 787070.818480390822515 ], [ 1980178.925957630621269, 787064.525839462061413 ], [ 1980177.934489583363757, 787064.443162431824021 ], [ 1980171.713371272198856, 787113.899767005699687 ], [ 1980171.683515678392723, 787114.130737709929235 ], [ 1980171.438765423372388, 787116.107440210180357 ], [ 1980166.592316740658134, 787154.744510309305042 ], [ 1980166.434508605394512, 787156.005334820598364 ], [ 1980165.309182387776673, 787165.067654593847692 ], [ 1980159.059192737331614, 787214.629901990178041 ], [ 1980158.059194393455982, 787222.254888383904472 ], [ 1980154.316418448695913, 787251.195453467778862 ], [ 1980152.933546723332256, 787261.879489507991821 ], [ 1980150.930597292492166, 787277.879460926516913 ], [ 1980149.780008644098416, 787287.042502301745117 ], [ 1980146.683885147795081, 787311.62972871074453 ], [ 1980143.558890334330499, 787336.129684952320531 ], [ 1980140.309223774820566, 787362.629309533163905 ], [ 1980136.30824615387246, 787394.004253467544913 ], [ 1980134.182593510951847, 787410.881519914255477 ], [ 1980129.183914100751281, 787451.316487051197328 ], [ 1980127.933259999612346, 787461.441468962817453 ], [ 1980121.449346896493807, 787510.880028936895542 ], [ 1980121.433270801557228, 787511.003716368344612 ], [ 1980078.558347395155579, 787507.502737661357969 ], [ 1980034.682769641978666, 787502.876104780007154 ], [ 1979992.054893057560548, 787498.404983448097482 ], [ 1979991.183175451820716, 787498.313448162167333 ], [ 1979961.183229056652635, 787496.250131145934574 ], [ 1979956.308237074641511, 787537.437393536092713 ], [ 1979954.679630826925859, 787551.977065726765431 ], [ 1979951.932916169287637, 787576.499659705208614 ], [ 1979950.685542902909219, 787586.197148934006691 ], [ 1979950.681933989515528, 787586.226348364842124 ], [ 1979950.558574608294293, 787587.18730465520639 ], [ 1979945.432926927693188, 787628.186903336434625 ], [ 1979932.307620593346655, 787731.248727087047882 ], [ 1979928.307299122214317, 787762.561335189733654 ], [ 1979918.807314882753417, 787836.686202766257338 ], [ 1979911.431998998392373, 787895.310769940610044 ], [ 1979906.807006663409993, 787931.560705191572197 ], [ 1979904.182011016644537, 787951.623005305882543 ], [ 1979898.556692254031077, 787995.997926027164795 ], [ 1979894.677433584816754, 788026.309551674872637 ], [ 1979892.181702807312831, 788045.810172992059961 ], [ 1979888.791288476670161, 788072.308157169143669 ], [ 1979886.385780659271404, 788091.109304674551822 ], [ 1979886.056384874507785, 788093.68508746358566 ], [ 1979876.035732189426199, 788172.681993581471033 ], [ 1979876.020312257343903, 788172.802728265756741 ], [ 1979874.398923876928166, 788185.378165116999298 ], [ 1979869.79263230250217, 788221.105135415447876 ], [ 1979869.779508962063119, 788221.206513202982023 ], [ 1979867.430759558221325, 788240.184497674345039 ], [ 1979866.763765917159617, 788245.429567030048929 ], [ 1979857.297574245603755, 788320.144984746351838 ], [ 1979855.055451967287809, 788337.996658885618672 ], [ 1979851.064316879026592, 788367.732826227322221 ], [ 1979851.05677095381543, 788367.787944235024042 ], [ 1979847.875345760257915, 788393.864669311908074 ], [ 1979845.607961048604921, 788412.412864524871111 ], [ 1979844.663408804684877, 788420.149071165942587 ], [ 1979839.331068555591628, 788462.026292940368876 ], [ 1979838.422605492640287, 788469.161778884357773 ], [ 1979832.923926962073892, 788511.625613781972788 ], [ 1979832.183442623820156, 788517.346404097042978 ], [ 1979832.180161784170195, 788517.370682260836475 ], [ 1979662.31137093808502, 788495.338238482829183 ], [ 1979640.679845081409439, 788665.366149948211387 ], [ 1979631.411159828305244, 788727.723650073632598 ], [ 1979787.258319397922605, 788918.297787637799047 ], [ 1979823.209698069607839, 788962.259652025997639 ], [ 1979883.829666779143736, 789072.570479793590494 ], [ 1979920.598956077592447, 789194.806154672638513 ], [ 1979925.567777219228446, 789317.040844775969163 ], [ 1979912.648178853560239, 789439.275534595944919 ], [ 1979861.964868310838938, 789566.477734599844553 ], [ 1979786.437442281283438, 789676.785607380559668 ], [ 1979603.581465845694765, 789901.375426722690463 ], [ 1979102.745735753793269, 790516.66500299423933 ], [ 1978964.110481810756028, 790685.271327152615413 ], [ 1978820.323662267066538, 790853.877651213435456 ], [ 1978814.427675294457003, 790861.043320736731403 ], [ 1978728.993114846292883, 790964.876795466407202 ], [ 1978599.725298309000209, 791129.736735387705266 ], [ 1978413.317162793362513, 791358.760273789521307 ], [ 1978400.723910996457562, 791354.997762361774221 ], [ 1978386.616336372913793, 791450.103305291035213 ], [ 1978380.260175589937717, 791579.485930526512675 ], [ 1978386.616336392238736, 791708.868555761058815 ], [ 1978405.62360547692515, 791837.005155585939065 ], [ 1978437.098932452034205, 791962.661704498110339 ], [ 1978480.739192712819204, 792084.628061240888201 ], [ 1978536.124106696574017, 792201.729623125167564 ], [ 1978602.720287405187264, 792312.838638095767237 ], [ 1978679.886377213522792, 792416.885065600159578 ], [ 1978766.879224493401125, 792512.866881663911045 ], [ 1978862.861040570074692, 792599.859728929353878 ], [ 1978960.024639623705298, 792671.921165234060027 ], [ 1978901.272466379450634, 792643.553206886746921 ], [ 1978779.660913644358516, 792598.933763433131389 ], [ 1978654.261483525158837, 792566.449191425694153 ], [ 1978526.281841084128246, 792546.412335050641559 ], [ 1978396.95450023887679, 792539.016160188126378 ], [ 1978267.524953979067504, 792544.331896045128815 ], [ 1978141.40545628266409, 792562.004861632711254 ], [ 1978142.381930998992175, 792576.452650268445723 ], [ 1978169.39139205776155, 792890.993756085634232 ], [ 1978184.24274038313888, 793079.702737171319313 ], [ 1978175.505877314135432, 793203.760914605925791 ], [ 1978149.295948093989864, 793341.797085188096389 ], [ 1978074.161236887332052, 793513.904716462246142 ], [ 1977922.145098993787542, 793824.921219336101785 ], [ 1977796.719793688971549, 794086.579543020343408 ], [ 1977668.784322188934311, 794353.47473394847475 ], [ 1977563.071579592768103, 794647.019155902555212 ], [ 1977553.678222922841087, 794692.494796383660287 ], [ 1977508.030662999255583, 794913.481606028508395 ], [ 1977496.828253572806716, 795011.006038110121153 ], [ 1977493.17832519300282, 795042.78189997409936 ], [ 1977487.062191816046834, 795198.291792976437137 ], [ 1977474.829924910562113, 795519.795156086795032 ], [ 1977460.850285822991282, 795840.424833050696179 ], [ 1977446.870974805671722, 796161.05450999608729 ], [ 1977432.0179777094163, 796480.810500851017423 ], [ 1977414.491756713716313, 796819.128138306899928 ], [ 1977411.922534704208374, 796873.079485549591482 ], [ 1977411.048189277295023, 797065.282882718951441 ], [ 1977267.52876044716686, 797066.866867036442272 ], [ 1976260.154902880080044, 797064.783192796283402 ], [ 1976075.028256500372663, 797576.40399594407063 ], [ 1975861.776331145083532, 798155.648693687398918 ], [ 1975877.649983448907733, 798583.148915330413729 ], [ 1975885.522660815855488, 799313.148925114539452 ], [ 1975888.39699643640779, 799501.273589443298988 ], [ 1975890.271334037184715, 799676.336269223131239 ], [ 1975637.521457249531522, 799674.831018400494941 ], [ 1975410.521862550871447, 799673.888431048137136 ], [ 1975379.838518381351605, 799673.989152152906172 ], [ 1975410.421795509057119, 799772.184187395847403 ], [ 1975505.833037482341751, 800076.390339026576839 ], [ 1975517.243448738241568, 800164.416756930528209 ], [ 1975543.015054727438837, 800257.482208081404679 ], [ 1975610.307583363959566, 800387.774299527402036 ], [ 1975684.759220208739862, 800502.317403420456685 ], [ 1975865.161126121412963, 800682.72358050965704 ], [ 1976014.064400831470266, 800850.243625230621547 ], [ 1976277.508480045944452, 801106.535166957299225 ], [ 1976214.510559288784862, 801212.484451907686889 ], [ 1976130.035641158930957, 801415.793799009174109 ], [ 1976068.468817570712417, 801682.101065548486076 ], [ 1975948.198682574555278, 802200.398367010289803 ], [ 1975899.517663330305368, 802432.343490362749435 ], [ 1975836.519083307124674, 802725.854448496713303 ], [ 1975793.56541627086699, 802943.482012171880342 ], [ 1975769.224906924879178, 803042.273502142983489 ], [ 1975753.475261804182082, 803122.452164586749859 ], [ 1975697.635792008601129, 803278.513564973836765 ], [ 1975667.181007066275924, 803327.142213606857695 ], [ 1975694.579976544482633, 803334.975061770877801 ], [ 1975822.019292095676064, 803358.201885586953722 ], [ 1975951.121579359052703, 803368.825628621969372 ], [ 1976080.643512733979151, 803366.743978422950022 ], [ 1976209.337725198129192, 803351.976982419146225 ], [ 1976335.964821133995429, 803324.666854854789563 ], [ 1976459.305312386248261, 803285.076607187278569 ], [ 1976578.171362599590793, 803233.587515144143254 ], [ 1976691.418226731242612, 803170.695446828263812 ], [ 1976797.95527557306923, 803097.006087238085456 ], [ 1976896.756499105365947, 803013.229105189093389 ], [ 1976986.87038753554225, 802920.171318815439008 ], [ 1977067.429094856372103, 802818.728925470612012 ], [ 1977097.132938417606056, 802772.689187447074801 ], [ 1977699.74150129663758, 802757.394485659315251 ], [ 1977712.258167563937604, 802764.948533746413887 ], [ 1977829.190714019583538, 802820.689399115974084 ], [ 1977951.023758526192978, 802864.700463168090209 ], [ 1978076.583982264157385, 802896.557875297148712 ], [ 1978204.662171641131863, 802915.954831209382974 ], [ 1978265.65471836947836, 802919.137210665154271 ], [ 1978262.591539630666375, 802952.975433449726552 ], [ 1978259.980324380798265, 802992.300814117770642 ], [ 1978257.571864398662001, 803043.724023074610159 ], [ 1978255.850739228539169, 803106.75145608256571 ], [ 1978256.8436521620024, 803205.375303645036183 ], [ 1978258.742926592007279, 803245.384409968042746 ], [ 1978266.332400927785784, 803337.304417643346824 ], [ 1978269.526292177848518, 803364.402460563345812 ], [ 1978273.412087422795594, 803394.408421311760321 ], [ 1978281.115155992796645, 803448.973600897705182 ], [ 1978299.98644790542312, 803552.590953091508709 ], [ 1978311.890951675362885, 803605.812631423585117 ], [ 1978315.469137914245948, 803621.367606588290073 ], [ 1978325.333947574254125, 803663.095213421271183 ], [ 1978373.925818457268178, 803822.771030144300312 ], [ 1978399.01730370731093, 803889.701014386257157 ], [ 1978408.291218990925699, 803913.723119130707346 ], [ 1978493.20559373148717, 804127.447420587297529 ], [ 1978518.419759677257389, 804191.522914292057976 ], [ 1978526.319860986433923, 804218.902488495223224 ], [ 1978538.367080986499786, 804253.42440108419396 ], [ 1978577.238688858924434, 804351.922314853523858 ], [ 1978604.981087449006736, 804414.718449102481827 ], [ 1978635.781164813553914, 804479.600616397336125 ], [ 1978656.79063722351566, 804520.917790980311111 ], [ 1978697.59807655098848, 804595.170377478818409 ], [ 1978715.986491221003234, 804626.224777311901562 ], [ 1978726.79499323409982, 804642.201194705441594 ], [ 1978725.201534998603165, 804876.094647132093087 ], [ 1978724.589920717291534, 804974.178051158552989 ], [ 1978727.619282076600939, 805072.160530909663066 ], [ 1978732.537579316645861, 805144.325412823585793 ], [ 1978742.696179706370458, 805240.875228864140809 ], [ 1978752.500622046180069, 805309.646088702138513 ], [ 1978761.419704334577546, 805364.049921312835068 ], [ 1978770.273361174622551, 805411.787686728872359 ], [ 1978775.992773839272559, 805435.307210810831748 ], [ 1978757.76404596818611, 805462.835602354258299 ], [ 1978697.175627247663215, 805577.331488785450347 ], [ 1978663.241424589650705, 805660.229434571345337 ], [ 1978597.487209302606061, 805683.973800978157669 ], [ 1978480.548111361218616, 805739.700920636299998 ], [ 1978369.634320046985522, 805806.621734954533167 ], [ 1978265.813995801610872, 805884.091759908245876 ], [ 1978170.086985101690516, 805971.364916807622649 ], [ 1978083.375191390048712, 806067.600717443507165 ], [ 1978006.513696641428396, 806171.872358447872102 ], [ 1977940.242719067260623, 806283.175646917195991 ], [ 1977885.200484408764169, 806400.438671338954009 ], [ 1977841.917079474776983, 806522.532124685356393 ], [ 1977819.583804777590558, 806612.810832094401121 ], [ 1977776.525458240881562, 806611.914679730194621 ], [ 1977647.374273994006217, 806621.926477789529599 ], [ 1977519.826315815327689, 806644.549096054746769 ], [ 1977395.109940266935155, 806679.564666345249861 ], [ 1977274.426234222017229, 806726.635969577590004 ], [ 1977158.937447742326185, 806785.309683369821869 ], [ 1977049.755800974089652, 806855.020747783826664 ], [ 1976947.932772860862315, 806935.097807161509991 ], [ 1976854.448974825209007, 807024.769675646210089 ], [ 1976770.204706945689395, 807123.172764125047252 ], [ 1976696.011287574423477, 807229.359397063264623 ], [ 1976690.844472407130525, 807238.560044015059248 ], [ 1976614.468370747752488, 807334.296622710418887 ], [ 1976543.998234098777175, 807442.989880704437383 ], [ 1976484.521232740487903, 807558.067032225430012 ], [ 1976427.196216170676053, 807683.742305807420053 ], [ 1976379.905903880251572, 807802.285715584061109 ], [ 1976344.284951268462464, 807924.842075570020825 ], [ 1976247.315328928409144, 808330.762195496005006 ], [ 1976228.152727071661502, 808426.527459859265946 ], [ 1976216.123169205151498, 808523.447431516367942 ], [ 1976135.177136874990538, 809457.070892346440814 ], [ 1976131.090351410442963, 809618.358899562153965 ], [ 1976143.91220047371462, 809976.171584019204602 ], [ 1976489.111959053436294, 809968.028215080383234 ], [ 1977168.111403199844062, 809948.916055646259338 ], [ 1977370.759335321374238, 809950.4462400006596 ], [ 1977408.087024566717446, 809950.728064244613051 ], [ 1977408.087023677770048, 810004.737482297932729 ], [ 1977412.58701171237044, 810243.279379518935457 ], [ 1977430.589271999429911, 810495.323877532035112 ], [ 1977471.094438858795911, 811111.932685972307809 ], [ 1977483.443163910415024, 811486.550455949618481 ], [ 1977529.52641489286907, 811490.610816924599931 ], [ 1977570.500423054443672, 811494.079971509170718 ], [ 1977640.285074848448858, 811524.913250974030234 ], [ 1977694.11896763718687, 811560.29573465581052 ], [ 1977772.015154120745137, 811554.34856806055177 ], [ 1977831.470757056493312, 811527.736739906249568 ], [ 1977831.978958713822067, 811499.932983744423836 ], [ 1977834.876263701356947, 811472.336904434137978 ], [ 1977890.406348967226222, 811431.109616725123487 ], [ 1977937.037172160344198, 811373.850205247406848 ], [ 1977983.887482405174524, 811362.000489630270749 ], [ 1978020.080330953467637, 811375.921397137572058 ], [ 1978057.513006849447265, 811378.443702963762917 ], [ 1978099.949939009267837, 811374.581177751184441 ], [ 1978144.396710189757869, 811366.124500666977838 ], [ 1978192.514734191121534, 811386.285226639360189 ], [ 1978212.15741533623077, 811405.152975448290817 ], [ 1978225.945447818143293, 811444.00559661781881 ], [ 1978255.048414333723485, 811437.69917790859472 ], [ 1978299.74354400835, 811467.250635101809166 ], [ 1978332.571897336514667, 811475.759478719555773 ], [ 1978363.821185295470059, 811480.662029551225714 ], [ 1978391.027829300845042, 811500.554711020900868 ], [ 1978440.129775360226631, 811523.719368650694378 ], [ 1978469.972569714067504, 811531.81810796703212 ], [ 1978495.269768657395616, 811530.900459118187428 ], [ 1978514.777279718779027, 811533.564496668870561 ], [ 1978538.855321146780625, 811507.37753593432717 ], [ 1978640.967671170365065, 811535.966069283778779 ], [ 1978641.105138109764084, 811536.004455044632778 ], [ 1978881.606685407925397, 811039.071946862968616 ], [ 1979005.774773755809292, 810858.659869278897531 ], [ 1979144.857534016249701, 810656.577226961730048 ], [ 1979138.982874585315585, 810536.01510606566444 ], [ 1979249.608664928004146, 810316.829475395381451 ], [ 1979319.984526823274791, 810116.643810189794749 ], [ 1979345.234154324512929, 810076.456874450086616 ], [ 1979378.609423740534112, 810020.707630652701482 ], [ 1979541.11012077704072, 809843.085903048980981 ], [ 1979673.86054300959222, 809655.588864516932517 ], [ 1979678.485534876585007, 809649.026540335849859 ], [ 1979683.11052672076039, 809642.463888080441393 ], [ 1979687.73551856726408, 809635.963899759110063 ], [ 1979694.735506236553192, 809626.214245367445983 ], [ 1979704.110489700688049, 809613.214268720010296 ], [ 1979708.735809640260413, 809606.776944327866659 ], [ 1979713.485801254864782, 809600.339291861397214 ], [ 1979718.360464590135962, 809593.901967464596964 ], [ 1979720.735788474790752, 809590.714637226192281 ], [ 1979723.110784300602973, 809587.526978918118402 ], [ 1979727.98577568680048, 809581.152318450622261 ], [ 1979732.8607670920901, 809574.777329918113537 ], [ 1979737.736086575780064, 809568.402341380948201 ], [ 1979742.610749887768179, 809562.027352815843187 ], [ 1979747.485741294920444, 809555.715028212638572 ], [ 1979752.360732697183266, 809549.402703609317541 ], [ 1979757.361051953863353, 809543.090378992143087 ], [ 1979759.861047541256994, 809539.965712696895935 ], [ 1979762.361043133540079, 809536.840390229946934 ], [ 1979774.736021296354011, 809521.215746382367797 ], [ 1979779.860684170853347, 809514.966085703694262 ], [ 1979784.861003426136449, 809508.778432796592824 ], [ 1979789.985994371818379, 809502.591107968357392 ], [ 1979792.485989955952391, 809499.528777514118701 ], [ 1979794.985985545441508, 809496.466118971817195 ], [ 1979800.110976497177035, 809490.278794152778573 ], [ 1979805.235967446584255, 809484.153805170208216 ], [ 1979807.860962809994817, 809481.091474715969525 ], [ 1979810.485958182252944, 809478.029144271160476 ], [ 1979815.610949130728841, 809471.904155269963667 ], [ 1979820.861267931759357, 809465.841502147028223 ], [ 1979825.985930800437927, 809459.779177093761973 ], [ 1979855.51934326463379, 809421.526949248742312 ], [ 1979867.997995762852952, 809407.377368421060964 ], [ 1979882.284059743396938, 809391.835729715065099 ], [ 1979931.736400047549978, 809345.094016031827778 ], [ 1979937.361390098230913, 809339.323685208219104 ], [ 1979942.986380148213357, 809333.533997492748313 ], [ 1979948.611698294524103, 809327.734467252274044 ], [ 1979951.48603703523986, 809324.860456664813682 ], [ 1979954.361360041657463, 809321.983493343926966 ], [ 1979959.98635009303689, 809316.21808379678987 ], [ 1979965.73666799464263, 809310.497621644171886 ], [ 1979968.611006752820686, 809307.598348647006787 ], [ 1979971.486657819245011, 809304.696122907102108 ], [ 1979977.236647659447044, 809298.94186817726586 ], [ 1979980.110986400861293, 809296.089839196647517 ], [ 1979982.986309407046065, 809293.235513631021604 ], [ 1979988.736299233045429, 809287.453043730231002 ], [ 1979994.611616926500574, 809281.720114426221699 ], [ 1979997.486611833795905, 809278.852665528189391 ], [ 1980000.361606744816527, 809275.983248114935122 ], [ 1980006.236596345435828, 809270.301827904302627 ], [ 1980012.111585955135524, 809264.620079605490901 ], [ 1980017.986575551098213, 809258.94029982178472 ], [ 1980023.861565163591877, 809253.330729865701869 ], [ 1980029.7368828530889, 809247.666698096785694 ], [ 1980032.737205616431311, 809244.86978711921256 ], [ 1980035.736544143175706, 809242.075172726414166 ], [ 1980041.611861835932359, 809236.564683977747336 ], [ 1980047.61185120115988, 809231.06830279820133 ], [ 1980053.611840583384037, 809225.590294320485555 ], [ 1980059.611501869047061, 809220.131314641912468 ], [ 1980062.611824645893648, 809217.440374603029341 ], [ 1980065.611491252668202, 809214.753371575847268 ], [ 1980068.612142109777778, 809212.071945978328586 ], [ 1980071.611808710498735, 809209.392816946958192 ], [ 1980077.736797864781693, 809204.045385636622086 ], [ 1980111.736737779108807, 809166.847617929568514 ], [ 1980153.236992467194796, 809124.348678724607453 ], [ 1980190.487254633102566, 809088.411735584610142 ], [ 1980226.111863472498953, 809056.350113603053614 ], [ 1980268.112445246195421, 809019.4758362530265 ], [ 1980293.939499212196097, 808999.738011011155322 ], [ 1980307.612375234020874, 808989.288882914814167 ], [ 1980355.987289499957114, 808950.352601496037096 ], [ 1980413.737515211105347, 808905.353666986920871 ], [ 1980458.862763317301869, 808869.667379712569527 ], [ 1980523.112649394432083, 808821.230787410517223 ], [ 1980570.862564800307155, 808781.106844060006551 ], [ 1980626.862793561769649, 808741.607899709721096 ], [ 1980708.362977033713832, 808686.42230399127584 ], [ 1980756.862891116179526, 808645.735697616357356 ], [ 1980883.988322044024244, 808540.550848051090725 ], [ 1981005.113763987319544, 808416.428368146531284 ], [ 1981276.739925900707021, 808024.746656882809475 ], [ 1981346.490130979102105, 807931.623136561363935 ], [ 1981528.61513565457426, 807824.501939645502716 ], [ 1981940.240057656308636, 807778.947237706743181 ], [ 1981996.711085607064888, 807768.632624495890923 ], [ 1982132.865042387740687, 807743.763576640165411 ], [ 1982354.937809244496748, 807706.264303393545561 ], [ 1982387.114917240571231, 807700.830914672929794 ], [ 1982464.614779121940956, 807685.019920533290133 ], [ 1982578.490232387324795, 807660.022591704851948 ], [ 1982672.115065554156899, 807639.961933509097435 ], [ 1982859.365060362033546, 807576.527994673000649 ], [ 1982906.23997693695128, 807561.154007137287408 ], [ 1983028.115416906541213, 807476.0937934856629 ], [ 1983046.161972724134102, 807468.569200921687298 ], [ 1983226.054697393672541, 807393.560807545320131 ], [ 1983357.865486590191722, 807338.600605975254439 ], [ 1983470.865613700589165, 807291.415324583998881 ], [ 1983557.615787482587621, 807255.229366971878335 ], [ 1983723.990819783648476, 807178.733115136157721 ], [ 1983962.490723352646455, 807099.800189087050967 ], [ 1984178.615995010361075, 807016.429606510908343 ], [ 1984384.615956839174032, 806923.496376801514998 ], [ 1984725.8348369137384, 806856.315071875345893 ], [ 1984744.240972090745345, 806852.691062898258679 ], [ 1985078.490703597199172, 806840.197324309265241 ], [ 1985536.441001729806885, 806823.54184977337718 ], [ 1985786.115424876799807, 806814.461161447572522 ], [ 1985904.740212933858857, 806823.463772013550624 ], [ 1986524.614103244617581, 807002.537937780260108 ], [ 1986852.363515547011048, 807155.23091217293404 ], [ 1986869.859242795733735, 807164.385811528656632 ], [ 1986906.187176876002923, 807162.918001469806768 ], [ 1986921.273356473539025, 807162.22198935050983 ], [ 1986954.492778223473579, 807160.498895692522638 ], [ 1986966.225834964076057, 807159.837919741636142 ], [ 1987002.605683474102989, 807157.625981911551207 ], [ 1987017.772561091464013, 807156.61613574414514 ], [ 1987091.991244661388919, 807151.245083494228311 ], [ 1987098.61324901948683, 807150.749115705839358 ], [ 1987208.817753029521555, 807142.216324373846874 ], [ 1987224.832063218345866, 807140.878272054018453 ], [ 1987418.493696762481704, 807123.509450907236896 ], [ 1987592.534503589384258, 807109.046578958863392 ], [ 1987597.020693005993962, 807108.666069777798839 ], [ 1987668.963498154189438, 807102.440438765333965 ], [ 1987755.64193008095026, 807095.4495788711356 ], [ 1987770.195179183734581, 807094.194733246229589 ], [ 1987969.418862093705684, 807075.905727818259038 ], [ 1987997.635965885361657, 807073.009307198575698 ], [ 1988018.294717225478962, 807070.664167530601844 ], [ 1988051.204852893017232, 807066.92798958462663 ], [ 1988100.894987604347989, 807060.328956649173051 ], [ 1988201.149380274349824, 807045.072425485239364 ], [ 1988365.192388934083283, 807009.307999548385851 ], [ 1988539.421645747032017, 806959.528211884666234 ], [ 1988616.38707734295167, 806938.681580876116641 ], [ 1988728.78103179554455, 806896.970130405970849 ], [ 1988756.386619625380263, 806885.272975318017416 ], [ 1988796.403204882517457, 806867.52868199464865 ], [ 1988822.377890462521464, 806855.491632581688464 ], [ 1988930.187761554960161, 806799.363317288458347 ], [ 1988933.090207380009815, 806797.678027779445983 ], [ 1988945.15954173495993, 806791.118643245426938 ], [ 1988995.252470716135576, 806759.379810087149963 ], [ 1989070.4039498756174, 806716.493470331537537 ], [ 1989151.514572001295164, 806661.871251883800142 ], [ 1989244.844622337026522, 806593.863121295114979 ], [ 1989288.835066738072783, 806566.351744806393981 ], [ 1989372.263414915651083, 806504.551770146819763 ], [ 1989439.454264001222327, 806450.561243777163327 ], [ 1989504.815246735233814, 806398.43214628752321 ], [ 1989510.121777140768245, 806394.563263649004512 ], [ 1989513.841660231351852, 806393.994664294295944 ], [ 1989559.13585521443747, 806387.758507011574693 ], [ 1989577.812765578739345, 806385.050867226324044 ], [ 1989715.129820244153962, 806364.140347111271694 ], [ 1989765.654517974471673, 806356.953174040419981 ], [ 1989840.4673061366193, 806349.38473650929518 ], [ 1989843.377015841426328, 806348.950907931197435 ], [ 1989853.645323922391981, 806347.940290817525238 ], [ 1989986.98383592441678, 806327.897005762672052 ], [ 1990070.006307674339041, 806311.041724513750523 ], [ 1990075.37147499830462, 806309.940890182042494 ], [ 1990116.074805668322369, 806301.501274514943361 ], [ 1990172.404500084230676, 806287.208035378134809 ], [ 1990217.921467059291899, 806278.96773886482697 ], [ 1990342.512465966399759, 806243.508642936241813 ], [ 1990377.326044636545703, 806231.725530023220927 ], [ 1990398.685378095367923, 806224.291642670403235 ], [ 1990490.543790175346658, 806191.436393414391205 ], [ 1990515.026984438532963, 806182.405470563680865 ], [ 1990540.703442278550938, 806172.644991396693513 ], [ 1990540.545063589699566, 806172.228351633762941 ], [ 1990628.237658641533926, 806138.66730763297528 ], [ 1990750.157690391642973, 806084.810788052971475 ], [ 1990813.009323695674539, 806055.044194239540957 ], [ 1990873.777246785582975, 806024.279163900529966 ], [ 1990924.717761089326814, 805997.073503536405042 ], [ 1990957.055950999492779, 805978.882595044444315 ], [ 1991037.314588010311127, 805929.89289676793851 ], [ 1991039.541508347494528, 805928.422229377203621 ], [ 1991057.548846845282242, 805917.528930048225448 ], [ 1991125.122968218289316, 805873.782126101548783 ], [ 1991149.994637628085911, 805856.582029270473868 ], [ 1991161.833093147259206, 805848.298958663945086 ], [ 1991184.060082817450166, 805832.565394331933931 ], [ 1991256.775054468773305, 805777.218017325852998 ], [ 1991297.03514455864206, 805744.311915160855278 ], [ 1991309.050836224341765, 805734.372067607822828 ], [ 1991341.534038964426145, 805707.175927764852531 ], [ 1991355.01146264700219, 805695.737762263976038 ], [ 1991381.972038656938821, 805672.544239111011848 ], [ 1991384.957864841911942, 805669.967834664159454 ], [ 1991418.499792512040585, 805640.937708986108191 ], [ 1991488.981370836263523, 805575.289212508942001 ], [ 1991533.046571416081861, 805531.135429425979964 ], [ 1991613.358578035375103, 805443.04195113980677 ], [ 1991630.776489509502426, 805422.111371132545173 ], [ 1991700.523177961120382, 805347.124459646758623 ], [ 1991772.223701065639034, 805263.266537021729164 ], [ 1991815.94211238110438, 805207.582486105151474 ], [ 1991846.786886547459289, 805170.8828200167045 ], [ 1991864.672118296613917, 805149.135900834575295 ], [ 1992001.287002556724474, 804979.364914917619899 ], [ 1992014.395223338389769, 804962.805871396092698 ], [ 1992051.257691132370383, 804915.465801583603024 ], [ 1992097.080010546371341, 804914.326197713380679 ], [ 1992203.249773249030113, 804919.505335584282875 ], [ 1992237.764495200943202, 804920.73667250701692 ], [ 1992293.031116941012442, 804921.98470150004141 ], [ 1992334.138015372445807, 804922.272714406950399 ], [ 1992343.292196532478556, 804922.194302499992773 ], [ 1992385.812420021509752, 804921.144808066426776 ], [ 1992458.283731791423634, 804918.187136811437085 ], [ 1992482.659059888217598, 804916.966528816730715 ], [ 1992512.240037458250299, 804915.210954903741367 ], [ 1992547.25486603169702, 804912.665207678917795 ], [ 1992586.039893451612443, 804909.326303595909849 ], [ 1992688.097599486121908, 804896.518083689850755 ], [ 1992719.419387246249244, 804891.340600607800297 ], [ 1992743.975494591752067, 804887.04288186726626 ], [ 1992767.284831161610782, 804882.736131942248903 ], [ 1992840.211355043342337, 804867.119321198668331 ], [ 1992875.656166043365374, 804858.474981533712707 ], [ 1992887.070827798685059, 804855.63721449568402 ], [ 1992924.754479468800128, 804846.090317575726658 ], [ 1993025.456960671348497, 804816.267860534135252 ], [ 1993050.096206416841596, 804807.891340606613085 ], [ 1993086.596074582310393, 804795.922030427958816 ], [ 1993184.866404935484752, 804759.312578441808 ], [ 1993279.920453738654032, 804715.017684734542854 ], [ 1993325.067345058778301, 804691.753623640513979 ], [ 1993395.847039175685495, 804652.282098619849421 ], [ 1993488.847560356836766, 804603.364393290714361 ], [ 1993550.518231308087707, 804561.672785793081857 ], [ 1993569.157997146015987, 804549.941550142597407 ], [ 1993613.556488479487598, 804520.734606720739976 ], [ 1993639.561685809399933, 804502.867188386735506 ], [ 1993653.348073069704697, 804493.265239231288433 ], [ 1993674.915943319676444, 804478.038891725242138 ], [ 1993686.162959054578096, 804470.010255306842737 ], [ 1993713.077275304589421, 804450.584113060845993 ], [ 1993810.937320711556822, 804372.63913661451079 ], [ 1993834.655535505153239, 804351.836364079848863 ], [ 1993839.287475494667888, 804348.111053534550592 ], [ 1993977.006755241891369, 804220.17194107954856 ], [ 1994004.738983252085745, 804190.459073998499662 ], [ 1994036.856949855806306, 804154.7673705102643 ], [ 1994040.694738500984386, 804150.343312207958661 ], [ 1994058.844933093292639, 804130.784190865815617 ], [ 1994144.01038349349983, 804040.200472897500731 ], [ 1994165.157858029473573, 804017.166893487563357 ], [ 1994243.726080122636631, 803929.529994348878972 ], [ 1994390.740472369128838, 803768.218347288900986 ], [ 1994422.522294976748526, 803732.041752079967409 ], [ 1994512.903841629158705, 803625.2967801700579 ], [ 1994563.813561261165887, 803567.487127048661932 ], [ 1994578.425890942802653, 803550.608694797148928 ], [ 1994673.636330442968756, 803438.734902789117768 ], [ 1994705.261226263362914, 803397.649886120576411 ], [ 1994789.173278531059623, 803333.107536159222946 ], [ 1994853.146306180628017, 803278.703057616949081 ], [ 1994881.634489251300693, 803255.237440589815378 ], [ 1994905.447408765787259, 803235.146456785034388 ], [ 1995077.838223250117153, 803086.182196530164219 ], [ 1995136.072587981820107, 803037.289570123772137 ], [ 1995185.446520258206874, 802995.836293076281436 ], [ 1995213.707032742211595, 802972.109117514104582 ], [ 1995321.793136374326423, 802881.362183112534694 ], [ 1995392.854460400762036, 802821.700343392323703 ], [ 1995434.263181497110054, 802785.435799817321822 ], [ 1995704.322352657094598, 802538.789311478263699 ], [ 1995737.418112974381074, 802508.562700036563911 ], [ 1995797.503240114776418, 802464.987044876324944 ], [ 1995895.461590195540339, 802377.884190266020596 ], [ 1995935.766616819426417, 802334.152402600506321 ], [ 1995993.398684677900746, 802356.234222339699045 ], [ 1996014.878628587815911, 802363.574430765700527 ], [ 1996095.41385406977497, 802388.255126642645337 ], [ 1996123.41740698996, 802395.868628474650905 ], [ 1996174.174601890146732, 802408.593453645240515 ], [ 1996194.292343799956143, 802413.215163558255881 ], [ 1996276.301352887880057, 802429.340392023324966 ], [ 1996309.471562148071826, 802434.778045192360878 ], [ 1996397.197075962321833, 802446.15539079986047 ], [ 1996422.755095702130347, 802448.602564379805699 ], [ 1996466.24854689463973, 802452.042724675964564 ], [ 1996492.34888839465566, 802453.673626921954565 ], [ 1996574.669668169924989, 802456.24306358397007 ], [ 1996604.304123339941725, 802456.24306358397007 ], [ 1996696.498179171001539, 802453.019527555559762 ], [ 1996723.685788840986788, 802451.115988061646931 ], [ 1996910.04890674399212, 802424.613100104616024 ], [ 1996922.552818733965978, 802421.913630434544757 ], [ 1996933.974896522704512, 802419.447716249269433 ], [ 1996995.555956159252673, 802404.597974996780977 ], [ 1997024.104455489199609, 802396.984473165823147 ], [ 1997074.786570817697793, 802382.377600236563012 ], [ 1997101.973196227801964, 802373.950451729586348 ], [ 1997205.662662154994905, 802337.004381049890071 ], [ 1997232.578946904977784, 802326.128746633883566 ], [ 1997261.112046091118827, 802314.209180328180082 ], [ 1997274.403806738788262, 802308.472841121489182 ], [ 1997276.233385927742347, 802308.358500799513422 ], [ 1997321.03899709880352, 802304.791610216605477 ], [ 1997347.070769188692793, 802302.272586396662518 ], [ 1997470.761507639894262, 802284.358953163726255 ], [ 1997488.114163219928741, 802281.000364080653526 ], [ 1997553.505262377206236, 802266.614380609593354 ], [ 1997575.057384627172723, 802261.296477850642987 ], [ 1997645.860690835397691, 802241.720669677713886 ], [ 1997687.844858845463023, 802228.845039268722758 ], [ 1997770.532284597400576, 802200.458442036877386 ], [ 1997955.373193900566548, 802130.077571757952683 ], [ 1998050.186458572745323, 802093.976136710378341 ], [ 1998093.610911165829748, 802077.441531211370602 ], [ 1998180.876211291179061, 802045.467912116553634 ], [ 1998300.174423585645854, 801994.988202964887023 ], [ 1998413.950305644888431, 801933.058297794661485 ], [ 1998521.108133528148755, 801860.274615447036922 ], [ 1998620.615918774623424, 801777.338102570851333 ], [ 1998711.51534701581113, 801685.047483122441918 ], [ 1998792.931007066974416, 801584.291566218598746 ], [ 1998864.078821615781635, 801476.040686417720281 ], [ 1998924.273598314495757, 801361.337358868331648 ], [ 1998972.935628558043391, 801241.286239317851141 ], [ 1999009.596270393347368, 801117.043485674308613 ], [ 1999033.902461799327284, 800989.805623573134653 ], [ 1999045.620120865060017, 800860.798023181734607 ], [ 1999044.63640012848191, 800731.263098214636557 ], [ 1999030.960773358121514, 800602.44834081013687 ], [ 1999004.724944315617904, 800475.594307499472052 ], [ 1998983.150758036179468, 800406.370594484149478 ], [ 1998989.08207135903649, 800396.148557243752293 ], [ 1999048.518727283924818, 800281.050562364631332 ], [ 1999096.387603149050847, 800160.680984745849855 ], [ 1999127.168907718965784, 800053.769531170022674 ], [ 1999177.20985460607335, 800066.466491065453738 ], [ 1999522.179947837954387, 800169.324687679531053 ], [ 1999535.215268259868026, 800173.138458417146467 ], [ 1999914.812606169842184, 800282.081153930164874 ], [ 1999991.47189407935366, 800301.615774455480278 ], [ 2000197.441954579204321, 800347.575984361465089 ], [ 2000460.958310408052057, 800406.321609068894759 ], [ 2000511.069557098438963, 800367.601518113282509 ], [ 2000578.523834068793803, 800303.57276208139956 ], [ 2000694.565623379778117, 800199.229774349601939 ], [ 2000722.601335127605125, 800160.654384333407506 ], [ 2000763.284662368707359, 800105.004878003615886 ], [ 2000835.797657904447988, 800006.353480435791425 ], [ 2000883.858597174054012, 799918.663020913954824 ], [ 2000934.238430013880134, 799826.5460601283703 ], [ 2000978.926671795547009, 799745.390693867229857 ], [ 2001042.37570743332617, 799628.189132408704609 ], [ 2001079.896967080887407, 799557.784074929310009 ], [ 2001105.403155927546322, 799510.355354209430516 ], [ 2001118.716780883725733, 799484.663799223839305 ], [ 2001256.72703700629063, 799253.242954617366195 ], [ 2001284.347725391853601, 799085.983739093411714 ], [ 2001144.55368477711454, 799015.736486779060215 ], [ 2001161.501162101281807, 798954.435743436799385 ], [ 2001167.32890794496052, 798934.262879274552688 ], [ 2001181.673699207603931, 798897.952248772257008 ], [ 2001196.436468567466363, 798871.544487728155218 ], [ 2001200.235019106650725, 798817.647274251794443 ], [ 2001242.090260128723457, 798769.962976821931079 ], [ 2001277.351681106491014, 798710.620235543115996 ], [ 2001305.733193309279159, 798638.37692659185268 ], [ 2001319.493668359005824, 798581.614560918533243 ], [ 2001329.814189183991402, 798510.231158270034939 ], [ 2001251.550554997753352, 798171.375790498917922 ], [ 2001219.729091837070882, 798030.329453719430603 ], [ 2001190.488004446960986, 797901.323449830990285 ], [ 2001167.266918891575187, 797804.999146270565689 ], [ 2001167.266918904148042, 797804.139239656389691 ], [ 2001148.36490417108871, 797723.333012416027486 ], [ 2001029.994871094124392, 797734.840447239810601 ], [ 2000902.913429809501395, 797759.951635457808152 ], [ 2000885.545708585297689, 797765.196121357614174 ], [ 2000819.662877754773945, 797752.930709055508487 ], [ 2000680.81952850241214, 797716.042251436156221 ], [ 2000454.422956090420485, 797655.190032689715736 ], [ 2000275.379840426146984, 797603.127837405889295 ], [ 2000111.985830792691559, 797554.313204294885509 ], [ 2000092.327003721846268, 797548.60571015405003 ], [ 1999775.783017381792888, 797459.359825646039099 ], [ 1999504.066834560595453, 797383.026527277077548 ], [ 1999365.172587872017175, 797351.97686299670022 ], [ 1999242.784021819708869, 797331.472081269370392 ], [ 1999117.574688503518701, 797308.356293578748591 ], [ 1998951.969637288479134, 797288.498478058725595 ], [ 1998703.754582528490573, 797274.55395213176962 ], [ 1998659.621433126740158, 797272.814675989327952 ], [ 1998417.21800852753222, 797267.321237531257793 ], [ 1998273.123892242088914, 797263.2427974230377 ], [ 1998205.264349382603541, 797263.067098008585162 ], [ 1997964.035082495771348, 797268.644861921668053 ], [ 1997782.488311946392059, 797272.838954966515303 ], [ 1997462.179260009434074, 797265.820202615694143 ], [ 1997332.688439891440794, 797269.340429584728554 ], [ 1997204.166196046629921, 797285.536025585490279 ], [ 1997077.850267940433696, 797314.251018175273202 ], [ 1996954.957147012231871, 797355.208866278175265 ], [ 1996935.802787883672863, 797363.759863810846582 ], [ 1996935.766610950231552, 797322.593312406796031 ], [ 1996922.95631717517972, 797193.68962407275103 ], [ 1996897.572937557473779, 797066.662270593573339 ], [ 1996859.860927919158712, 796942.734594823559746 ], [ 1996810.183475528145209, 796823.100088026141748 ], [ 1996749.019001407548785, 796708.910895900567994 ], [ 1996676.956552879186347, 796601.266722789150663 ], [ 1996594.690130715724081, 796501.204240923398174 ], [ 1996503.012005533790216, 796409.687106703291647 ], [ 1996402.805087795481086, 796327.596680159680545 ], [ 1996309.201752284774557, 796258.303135973168537 ], [ 1996243.64180301851593, 796203.393622833304107 ], [ 1996233.168988362886012, 796194.71357136266306 ], [ 1996104.509059585630894, 796089.191520335851237 ], [ 1995911.775465299142525, 795918.955653889803216 ], [ 1995893.234427340561524, 795904.132958543254063 ], [ 1995838.092393499100581, 795857.37466179090552 ], [ 1995734.564268552698195, 795777.980240607983433 ], [ 1995604.583595779025927, 795671.448844753089361 ], [ 1995588.634867963613942, 795657.236427318188362 ], [ 1995585.193273728713393, 795654.095627416390926 ], [ 1995572.450812035240233, 795636.22412142297253 ], [ 1996171.851792362518609, 795683.052110907970928 ], [ 1996190.578822334762663, 795684.381235987762921 ], [ 1996555.420807417714968, 795707.66902906273026 ], [ 1997047.941447470802814, 795746.758183054160327 ], [ 1997116.714603536296636, 795750.414116801926866 ], [ 1997313.535076026339084, 795755.733331875992008 ], [ 1997336.504104594932869, 795756.154106867848895 ], [ 1997613.116412264760584, 795758.813878458808176 ], [ 1997680.007646043086424, 795757.761712287901901 ], [ 1997874.16834696312435, 795749.782725622877479 ], [ 1998012.50244199950248, 795736.779089864226989 ], [ 1998148.703308167168871, 795709.306549980770797 ], [ 1998334.884694337146357, 795661.431317641749047 ], [ 1998515.415676699019969, 795600.825620581512339 ], [ 1998661.701145278988406, 795539.651530330535024 ], [ 1998694.821229051565751, 795525.265933218295686 ], [ 1998883.662386801559478, 795440.154554890352301 ], [ 1998972.568701348034665, 795395.989634284400381 ], [ 1999057.904481424950063, 795345.268064740230329 ], [ 1999321.218259254936129, 795175.044979993253946 ], [ 1999383.413336931494996, 795132.267942541860975 ], [ 1999452.566413851687685, 795081.732938625849783 ], [ 1999553.278508076677099, 795000.263075673137791 ], [ 1999645.520203050924465, 794909.314000905840658 ], [ 1999728.403160827234387, 794809.76160363201052 ], [ 1999801.129173213848844, 794702.564627858111635 ], [ 1999862.997848955681548, 794588.755439060856588 ], [ 1999913.413358883932233, 794469.430081942700781 ], [ 1999951.890174078755081, 794345.737724922480993 ], [ 1999978.05774177564308, 794218.869593015522696 ], [ 1999991.664053993299603, 794090.047495685284957 ], [ 1999992.578074507182464, 793960.512060150387697 ], [ 1999980.791000799741596, 793831.510783466161229 ], [ 1999974.211445191642269, 793797.168450399418361 ], [ 1999956.466653653420508, 793783.827495651086792 ], [ 1999903.630462582455948, 793741.841677303309552 ], [ 1999855.039998690830544, 793709.290881566470489 ], [ 1999795.599160492420197, 793675.324733838438988 ], [ 1999724.364708131877705, 793643.717177508864552 ], [ 1999655.960631170775741, 793620.601403978886083 ], [ 1999579.565754650393501, 793606.773015315760858 ], [ 1999580.065754757262766, 793546.332834452739917 ], [ 1999576.805592574877664, 793389.332786476006731 ], [ 1999575.415832370286807, 793323.029427053290419 ], [ 1999574.546412628144026, 793246.239209735766053 ], [ 1999573.600221469765529, 793162.670133106876165 ], [ 1999573.348253786098212, 793140.418204313260503 ], [ 1999572.685526251792908, 793083.392715506488457 ], [ 1999572.253094600746408, 793029.39189122710377 ], [ 1999569.702901096316054, 793026.626968973199837 ], [ 1999472.967053046450019, 792940.473384051932953 ], [ 1999368.252486522542313, 792864.216423383331858 ], [ 1999256.567660042783245, 792798.590483185020275 ], [ 1999138.988159539178014, 792744.227577136014588 ], [ 1999016.646339877508581, 792701.651249739108607 ], [ 1998890.720419659977779, 792671.271534301922657 ], [ 1998762.423134335782379, 792653.381004091352224 ], [ 1998632.990056897746399, 792648.151954693254083 ], [ 1998503.667698636418208, 792655.634744711685926 ], [ 1998375.701504556694999, 792675.757310788379982 ], [ 1998250.323859061347321, 792708.325861611985601 ], [ 1998128.742217414546758, 792753.026744234142825 ], [ 1998012.127477288711816, 792809.429464719258249 ], [ 1997901.602702379459515, 792876.990834036259912 ], [ 1997634.148157397750765, 793059.087520623928867 ], [ 1997594.959680832689628, 793073.902700122678652 ], [ 1997447.611466411734, 793075.907464650110342 ], [ 1996926.303770138183609, 793051.994224278256297 ], [ 1996450.869664758909494, 793016.208993727341294 ], [ 1996429.30837083584629, 793014.76349292055238 ], [ 1996082.9048808850348, 792994.386854008655064 ], [ 1995709.878908854210749, 792963.727085767081007 ], [ 1995580.410435908706859, 792959.46340122865513 ], [ 1995451.147474881727248, 792967.910376977757551 ], [ 1995323.334898750763386, 792988.986664020223543 ], [ 1995198.203612493351102, 793022.48928619036451 ], [ 1995076.958698799600825, 793068.095594922313467 ], [ 1994960.767812467878684, 793125.366376531892456 ], [ 1994960.532952555920929, 793125.512358180247247 ], [ 1994874.672891026129946, 793100.53774566273205 ], [ 1994747.342032951535657, 793076.723525651264936 ], [ 1994618.290106017142534, 793065.50458420231007 ], [ 1994488.759950825944543, 793066.988965855212882 ], [ 1994359.999013581080362, 793081.162375202868134 ], [ 1994233.247332495870069, 793107.888314565410838 ], [ 1994109.725595548981801, 793146.909398537012748 ], [ 1994079.468314875615761, 793158.128369001089595 ], [ 1994076.560181108536199, 793158.734314811881632 ], [ 1994025.8516356786713, 793174.845946512999944 ], [ 1993871.047960864380002, 793110.817119443556294 ], [ 1993713.845470815198496, 793057.108496832894161 ], [ 1993591.132461645174772, 793023.641372162965126 ], [ 1993539.209879680536687, 793011.66509091318585 ], [ 1993502.76465428667143, 792937.133555778767914 ], [ 1993562.363910294836387, 792893.982950051315129 ], [ 1993659.337662720587105, 792808.097236261586659 ], [ 1993747.426187962293625, 792713.119995758868754 ], [ 1993825.781145367072895, 792609.965911289094947 ], [ 1993893.647933862637728, 792499.628413075464778 ], [ 1993950.372959175612777, 792383.17011154233478 ], [ 1993995.409928303211927, 792261.712563796085306 ], [ 1994028.32511061290279, 792136.425472417031415 ], [ 1994048.801514906110242, 792008.515420583891682 ], [ 1994055.293627906125039, 791949.545394165907055 ], [ 1994060.237379516474903, 791893.79746299632825 ], [ 1994064.223920096410438, 791834.605652254307643 ], [ 1994066.800159542821348, 791778.695931127178483 ], [ 1994068.273909872863442, 791719.387978872167878 ], [ 1994068.47789725032635, 791663.427697801729664 ], [ 1994067.436560750473291, 791604.110559218679555 ], [ 1994065.268596872221678, 791548.193644078099169 ], [ 1994061.714142032200471, 791488.974274324136786 ], [ 1994057.177193304290995, 791433.190021121758036 ], [ 1994051.115525644272566, 791374.174063050770201 ], [ 1994044.2184715019539, 791318.636092241853476 ], [ 1994035.660745841916651, 791259.93050098081585 ], [ 1994026.416183038847521, 791204.737067843321711 ], [ 1994015.377819288754836, 791146.446830103290267 ], [ 1994003.801171778002754, 791091.690748931490816 ], [ 1993990.301854938035831, 791033.920851336559281 ], [ 1993961.012807404855266, 790928.505808489164338 ], [ 1993935.761064454680309, 790860.160894058295526 ], [ 1993934.355444967979565, 790772.415212087682448 ], [ 1993930.052303967997432, 790704.882210679701529 ], [ 1993926.944383942522109, 790665.434005242888816 ], [ 1993920.618937272345647, 790598.060452324803919 ], [ 1993916.329763813409954, 790558.721359770861454 ], [ 1993907.987588903401047, 790491.567622687900439 ], [ 1993902.521279321284965, 790452.375741380034015 ], [ 1993892.169922071276233, 790385.502187462989241 ], [ 1993885.533236379502341, 790346.502211548155174 ], [ 1993873.182539289584383, 790279.968880049185827 ], [ 1993865.377484607277438, 790241.173102412139997 ], [ 1993851.037946357391775, 790175.040032569202594 ], [ 1993845.940911612240598, 790153.124476847238839 ], [ 1993847.260944409295917, 790143.19175145868212 ], [ 1993851.65772496489808, 790013.72773014975246 ], [ 1993843.343640676001087, 789884.456153632840142 ], [ 1993822.398760719224811, 789756.621977856848389 ], [ 1993789.024795738514513, 789631.456315815798007 ], [ 1993743.543155260384083, 789510.164581257500686 ], [ 1993686.391852345783263, 789393.914879890740849 ], [ 1993618.121285283472389, 789283.826759888092056 ], [ 1993539.388936954783276, 789180.960430025588721 ], [ 1993450.953042913693935, 789086.306549292057753 ], [ 1993353.665289164055139, 789000.776686302386224 ], [ 1993248.462609956972301, 788925.194540392141789 ], [ 1993136.358164602890611, 788860.288008944247849 ], [ 1993018.431580193340778, 788806.682177337701432 ], [ 1992895.818554201396182, 788764.893299035029486 ], [ 1992769.699917094083503, 788735.323823778307997 ], [ 1992641.290260290727019, 788718.258521778625436 ], [ 1992511.826238981680945, 788713.861741223139688 ], [ 1992382.554662464885041, 788722.175825511920266 ], [ 1992254.720486688893288, 788743.120705468580127 ], [ 1992129.554824647726491, 788776.49467044940684 ], [ 1992008.26309008942917, 788821.976310927420855 ], [ 1991892.013388722669333, 788879.127613842254505 ], [ 1991845.050926207331941, 788908.2511373112211 ], [ 1991840.795676961541176, 788878.75725373334717 ], [ 1991809.82011234248057, 788752.97657600720413 ], [ 1991766.665041194064543, 788630.837702887598425 ], [ 1991711.746070442488417, 788513.516898490837775 ], [ 1991645.592099797911942, 788402.144026297144592 ], [ 1991630.561059450730681, 788381.707723243976943 ], [ 1991647.022473166463897, 788391.432793252868578 ], [ 1991764.473306545056403, 788446.073128459043801 ], [ 1991886.714271461591125, 788488.93816069944296 ], [ 1992012.568120600655675, 788519.615076281130314 ], [ 1992140.822812596336007, 788537.808439737418666 ], [ 1992270.243184653343633, 788543.34303903253749 ], [ 1992803.579060233430937, 788539.956890952540562 ], [ 1992932.918723420472816, 788532.779424870037474 ], [ 1993060.932066077133641, 788512.959016331587918 ], [ 1993186.386249733855948, 788480.686546706594527 ], [ 1993308.073082022368908, 788436.27281751926057 ], [ 1993424.820652226684615, 788380.145557260839269 ], [ 1993535.504617425147444, 788312.845302129979245 ], [ 1993639.059030526783317, 788235.020190373412333 ], [ 1993734.486605924787, 788147.41972036100924 ], [ 1993820.868323901901022, 788050.887532506254502 ], [ 1993897.372281293384731, 787946.353284548036754 ], [ 1993963.261703167809173, 787834.823698438471183 ], [ 1994017.902038374217227, 787717.372865060111508 ], [ 1994060.767070614499971, 787595.131900143460371 ], [ 1994091.44398619630374, 787469.27805100439582 ], [ 1994109.637349652359262, 787341.023359008831903 ], [ 1994115.171948947710916, 787211.602986951824278 ], [ 1994114.062462997622788, 787191.609783577383496 ], [ 1994114.918012447655201, 787171.603723113774322 ], [ 1994107.740546365035698, 787042.264059926616028 ], [ 1994087.920137826586142, 786914.250717270071618 ], [ 1994055.647668201476336, 786788.79653361311648 ], [ 1994011.23393901437521, 786667.10970132460352 ], [ 1993955.106678755953908, 786550.362131120287813 ], [ 1993887.806423624977469, 786439.6781659219414 ], [ 1993865.035814467584714, 786409.379499925300479 ], [ 1994137.753885019337758, 786301.378718606778421 ], [ 1994203.594190171919763, 786270.832061598775908 ], [ 1994328.940958798164502, 786280.218062794068828 ], [ 1994418.870017492445186, 786278.110281761153601 ], [ 1994423.503045496298, 786287.954872328904457 ], [ 1994489.885703029343858, 786399.191589610418305 ], [ 1994566.851814849767834, 786503.386033435235731 ], [ 1994653.660155226709321, 786599.534754351014271 ], [ 1994749.474712388124317, 786686.711787614854984 ], [ 1994853.372739770915359, 786764.077570740715601 ], [ 1994964.35364257520996, 786830.887028944678605 ], [ 1995043.057767304126173, 786868.296452754409984 ], [ 1995055.458056637318805, 786875.747323150164448 ], [ 1995172.499051492894068, 786931.260114612756297 ], [ 1995294.417667038505897, 786975.033573194174096 ], [ 1995420.039760358864442, 787006.646136559313163 ], [ 1995548.155522023560479, 787025.793358441791497 ], [ 1995655.284331382950768, 787036.462790379766375 ], [ 1995694.375944828148931, 787041.226944449706934 ], [ 1995714.42509159562178, 787042.255639008828439 ], [ 1995703.269530028104782, 787159.766862756689079 ], [ 1995703.726351584075019, 787289.304717481834814 ], [ 1995714.546655084239319, 787395.330617948900908 ], [ 1995714.949946873355657, 787424.802073192433454 ], [ 1995730.236466861562803, 787557.35863382765092 ], [ 1995758.827525190543383, 787687.694625957286917 ], [ 1995800.430960765574127, 787814.478195906616747 ], [ 1995854.621643984457478, 787936.413790845312178 ], [ 1995920.845820972928777, 788052.255397545872256 ], [ 1995968.048125962493941, 788118.308535210322589 ], [ 1995986.427529644919559, 788186.973349604406394 ], [ 1996029.484396056970581, 788303.004096685675904 ], [ 1996083.218985957326367, 788414.492310689180158 ], [ 1996147.158931222045794, 788520.457924984395504 ], [ 1996220.742150852456689, 788619.969420814188197 ], [ 1996303.321792095666751, 788712.15201605646871 ], [ 1996394.171916775172576, 788796.195355228264816 ], [ 1996423.058670015307143, 788820.506658322294243 ], [ 1996519.648023213027045, 788894.469710662029684 ], [ 1996622.636587644927204, 788959.226114660268649 ], [ 1996731.149573086295277, 789014.22582605201751 ], [ 1996844.265264592366293, 789059.001674426719546 ], [ 1996874.684495102148503, 789069.448832003748976 ], [ 1996999.419928898569196, 789105.534915854572318 ], [ 1997046.021233297185972, 789114.169146821601316 ], [ 1997067.386499997694045, 789125.357804731349461 ], [ 1997178.529652728466317, 789177.133628536597826 ], [ 1997293.997460588114336, 789218.373435492627323 ], [ 1997412.793660098221153, 789248.721405962016433 ], [ 1997533.893270209198818, 789267.915695754927583 ], [ 1997568.573318959213793, 789271.771659163990989 ], [ 1997718.386284000473097, 789279.850134667707607 ], [ 1997752.304851340362802, 789279.748756927670911 ], [ 1997803.884067970560864, 789278.586344536277466 ], [ 1997835.023769470630214, 789277.275323536247015 ], [ 1997936.50286404020153, 789269.073203630745411 ], [ 1998037.047967370366678, 789253.074341111583635 ], [ 1998092.490441780304536, 789242.044835605658591 ], [ 1998215.564200356835499, 789211.347096580429934 ], [ 1998335.123252023011446, 789168.97807020379696 ], [ 1998450.063576170010492, 789115.328996433294378 ], [ 1998559.323801994556561, 789050.89527634694241 ], [ 1998661.895009307656437, 788976.271897558821365 ], [ 1998756.830045006470755, 788892.147940041963011 ], [ 1998843.252269183984026, 788799.300213092705235 ], [ 1998865.582933183992282, 788772.869163596653379 ], [ 1998944.748891229741275, 788669.177516808267683 ], [ 1999013.292726517887786, 788558.177745768101886 ], [ 1999070.544924764428288, 788440.954060776857659 ], [ 1999115.946264788042754, 788318.651465338189155 ], [ 1999130.362246448174119, 788273.02294766518753 ], [ 1999144.741945219924673, 788218.740342093980871 ], [ 1999146.139586989302188, 788214.582574690808542 ], [ 1999180.118128131376579, 788095.180735195637681 ], [ 1999188.77141047292389, 788048.466421821736731 ], [ 1999204.414735094644129, 787988.093774452223442 ], [ 1999224.459264671429992, 787860.115333585184999 ], [ 1999231.86319356225431, 787730.788436422590166 ], [ 1999226.555217884015292, 787601.358571681310423 ], [ 1999208.586456344230101, 787473.072219712543301 ], [ 1999178.129957939498127, 787347.16484821413178 ], [ 1999135.479035398457199, 787224.849014001549222 ], [ 1999081.044440420577303, 787107.302685422822833 ], [ 1999066.775085408473387, 787083.052398937288672 ], [ 1999055.159796851454303, 787006.101447709836066 ], [ 1999023.364029785385355, 786880.52559935755562 ], [ 1998979.412782478611916, 786758.670963200740516 ], [ 1998970.665908617665991, 786740.298656665952876 ], [ 1998971.285158773884177, 786713.268562273005955 ], [ 1998971.353375625796616, 786710.12768682022579 ], [ 1998973.927517455769703, 786584.734236828284338 ], [ 1998974.056438556639478, 786577.48358051397372 ], [ 1998975.431848091073334, 786485.990723771159537 ], [ 1998977.487751397537068, 786401.687988464953378 ], [ 1998977.832192562287673, 786380.752578780287877 ], [ 1998978.55889714229852, 786295.459114194265567 ], [ 1998978.518928472883999, 786295.458773659192957 ], [ 1998979.705885283881798, 786236.896980394725688 ], [ 1998973.723871163325384, 786133.823702210909687 ], [ 1998965.764373080106452, 786052.100903399754316 ], [ 1998965.358837957493961, 786010.365053691784851 ], [ 1998962.746966537553817, 785961.088577442802489 ], [ 1998962.330757387680933, 785953.635043918970041 ], [ 1998961.554742080159485, 785940.409951939014718 ], [ 1998961.740558318328112, 785899.460798924206756 ], [ 1998960.985094537492841, 785848.418751204619184 ], [ 1998958.244942537508905, 785768.181050786632113 ], [ 1998954.456540212733671, 785703.639042890979908 ], [ 1998954.133005452109501, 785699.755708261975087 ], [ 1998954.003840800607577, 785695.724796981434338 ], [ 1998946.003313151653856, 785586.892029166105203 ], [ 1998929.040442524477839, 785479.092025394784287 ], [ 1998924.86886294442229, 785458.23708022676874 ], [ 1998912.823117393767461, 785403.981795660802163 ], [ 1998904.84150606370531, 785371.299446335877292 ], [ 1998890.75056047225371, 785318.38807197578717 ], [ 1998884.152433581184596, 785295.529668431379832 ], [ 1998898.988761297892779, 785278.397068546735682 ], [ 1998931.474588717799634, 785240.127788142766804 ], [ 1998979.774417707696557, 785179.728381985682063 ], [ 1998999.045704627875239, 785154.126399063621648 ], [ 1999012.80139161972329, 785134.519745620433241 ], [ 1998575.801946177147329, 784672.133757293806411 ], [ 1999274.755754880141467, 784430.110906696063466 ], [ 1999488.836258239578456, 784356.013570990995504 ], [ 1999559.055313596269116, 784285.867611151188612 ], [ 1999641.285904007963836, 784185.775680940598249 ], [ 1999713.309806881472468, 784078.105713412165642 ], [ 1999774.433392660226673, 783963.894629211397842 ], [ 1999811.70370307401754, 783874.048504340462387 ], [ 1999790.803399386350065, 783864.283184669562615 ], [ 1999790.872299691895023, 783694.923578716581687 ], [ 1999789.794220179552212, 783539.571821774006821 ], [ 1999792.93627894250676, 783297.77271257515531 ], [ 1999794.175780483987182, 783149.210641705896705 ], [ 1999794.835885285399854, 783088.870854379842058 ], [ 1999798.085879483958706, 783089.020788550609723 ], [ 1999823.440026823431253, 782952.215137944906019 ], [ 1999818.629864849615842, 782940.585253566037863 ], [ 1999817.525479783304036, 782940.487589321332052 ], [ 1999801.872948691947386, 782939.103077104431577 ], [ 1999796.205964056542143, 782938.610623809974641 ], [ 1999796.650858672335744, 782887.444984694477171 ], [ 1999775.02119027171284, 782835.149335604161024 ], [ 1999714.016589164733887, 782720.874652771512046 ], [ 1999711.491947249975055, 782717.091996359173208 ], [ 1999709.240527916233987, 782703.852487563039176 ], [ 1999675.111104188254103, 782578.890705690602772 ], [ 1999628.897626454243436, 782457.875917468452826 ], [ 1999571.045155768049881, 782341.973561460385099 ], [ 1999502.110843047499657, 782232.299840713385493 ], [ 1999422.758563407463953, 782129.910973112215288 ], [ 1999333.752522679278627, 782035.793019423261285 ], [ 1999236.357074462343007, 781951.20601607253775 ], [ 1998722.425747381988913, 781808.250418266630732 ], [ 1998552.827953275060281, 781794.46960016572848 ], [ 1997965.015355130890384, 781746.610423909733072 ], [ 1997890.935435070190579, 781735.520547464606352 ], [ 1997775.315562830772251, 781729.14030760677997 ], [ 1997818.323689273325726, 781660.828750402200967 ], [ 1997852.157046709442511, 781615.426898339414038 ], [ 1997824.760733164846897, 781570.711750478018075 ], [ 1997746.585577837191522, 781467.421336681698449 ], [ 1997658.662626266013831, 781372.290799629990943 ], [ 1997561.838624538620934, 781286.236298398463987 ], [ 1997457.046040721004829, 781210.086584875942208 ], [ 1997345.29408468096517, 781144.575022431323305 ], [ 1997227.6589888446033, 781090.332523223478347 ], [ 1997105.273643491091207, 781047.881472171400674 ], [ 1996979.316686398582533, 781017.630696103093214 ], [ 1996851.001151919132099, 780999.87152652873192 ], [ 1996721.562788794049993, 780994.774993959465064 ], [ 1996592.248159218579531, 781002.390180789981969 ], [ 1996537.472266773227602, 781011.061115146847442 ], [ 1996525.058458236977458, 781011.792157921940088 ], [ 1996397.112946041394025, 781032.045809486997314 ], [ 1996271.768731465796009, 781064.742787407361902 ], [ 1996150.23294781637378, 781109.568201911635697 ], [ 1996033.676051128190011, 781166.090359754045494 ], [ 1995923.220548033015803, 781233.764921656460501 ], [ 1995819.930185406235978, 781311.940144593012519 ], [ 1995724.799705904675648, 781399.863158431835473 ], [ 1995638.745268049184233, 781496.687216486316174 ], [ 1995562.595623118802905, 781601.479850147734396 ], [ 1995497.084133821539581, 781713.231849068426527 ], [ 1995442.841711611719802, 781830.866980409133248 ], [ 1995400.390740667236969, 781953.252353549003601 ], [ 1995370.140047044027597, 782079.209330442128703 ], [ 1995352.380961458664387, 782207.524876545881853 ], [ 1995347.284513613441959, 782336.963243006845005 ], [ 1995348.611508443951607, 782473.282387244864367 ], [ 1995345.325550918933004, 782690.152634239639156 ], [ 1995278.522166064707562, 782728.624026930425316 ], [ 1995250.409866016358137, 782669.506209724233486 ], [ 1995183.581138781504706, 782558.536908974521793 ], [ 1995106.197316610487178, 782454.652316474355757 ], [ 1995019.003648013109341, 782358.852897638571449 ], [ 1994922.839855683036149, 782272.061253239982761 ], [ 1994818.632049508625641, 782195.11323425907176 ], [ 1994707.383807629579678, 782128.749892182881013 ], [ 1994590.166511429240927, 782073.610342273372225 ], [ 1994468.109027547761798, 782030.22560853860341 ], [ 1994342.386836278019473, 781999.013509680982679 ], [ 1994214.210711049148813, 781980.27463527454529 ], [ 1994084.815058015054092, 781974.189450923819095 ], [ 1993955.446028049103916, 781980.816560280392878 ], [ 1993827.349515630397946, 782000.092140658642165 ], [ 1993701.759160198271275, 782031.830557682085782 ], [ 1993579.884465530281886, 782075.726153045194224 ], [ 1993462.899151559220627, 782131.356188168516383 ], [ 1993351.929850809508935, 782198.184915403486229 ], [ 1993248.045258309226483, 782275.568737574620172 ], [ 1993152.24583947355859, 782362.762406171998009 ], [ 1993065.454195074969903, 782458.926198502071202 ], [ 1992988.506176094058901, 782563.134004676365294 ], [ 1992922.142834017984569, 782674.382246555527672 ], [ 1992867.003284108359367, 782791.599542755750008 ], [ 1992842.697886518435553, 782850.627311829710379 ], [ 1992803.360794127685949, 782959.49048722605221 ], [ 1992785.999608387704939, 783015.046150395064615 ], [ 1992756.212607677327469, 783127.570560756488703 ], [ 1992754.428796909982339, 783137.926901229191571 ], [ 1992653.542564794188365, 783108.523354093893431 ], [ 1992521.369438489899039, 783084.233547942363657 ], [ 1992387.411600676132366, 783073.508451759000309 ], [ 1992253.057505428791046, 783076.459229651489295 ], [ 1992141.51594248926267, 783090.340318228933029 ], [ 1992129.783312389627099, 783079.962924769963138 ], [ 1992107.221199783030897, 783063.399841930367984 ], [ 1992087.554987508570775, 783037.737609097617678 ], [ 1992005.245027826866135, 782942.126168621587567 ], [ 1991975.433825470041484, 782882.993880963884294 ], [ 1991899.776780316838995, 782765.673456025891937 ], [ 1991833.009197326842695, 782673.261567366891541 ], [ 1991771.798545111669227, 782594.932662860257551 ], [ 1991704.866715484065935, 782521.432381170336157 ], [ 1991608.593942154198885, 782423.396159919328056 ], [ 1991513.405548151582479, 782335.535849540028721 ], [ 1991410.063695912016556, 782257.42870474269148 ], [ 1991299.563623964553699, 782189.826940029277466 ], [ 1991182.969508408103138, 782133.381597348838113 ], [ 1991061.404214311856776, 782088.636276207631454 ], [ 1991035.043105721706524, 782081.778332368703559 ], [ 1990970.352096190676093, 781985.057023872504942 ], [ 1990888.12792872171849, 781884.959817234543152 ], [ 1990796.488451143493876, 781793.403983767027967 ], [ 1990696.316201720386744, 781711.271256196079776 ], [ 1990588.575893974164501, 781639.352617586264387 ], [ 1990474.305125965271145, 781578.340683742193505 ], [ 1990354.604387656319886, 781528.823032939457335 ], [ 1990230.626462592510507, 781491.276547224144451 ], [ 1990103.565325964940712, 781466.06281977891922 ], [ 1989974.644645978696644, 781453.424672582186759 ], [ 1989845.105999256717041, 781453.483817900065333 ], [ 1989716.196913780178875, 781466.239686131011695 ], [ 1989589.158854510867968, 781491.569431290845387 ], [ 1989465.215267406078056, 781529.229114086832851 ], [ 1989345.559796963585541, 781578.856051187030971 ], [ 1989231.344790774630383, 781639.972308058291674 ], [ 1989145.11596061475575, 781691.709409300237894 ], [ 1989043.664888345636427, 781759.134541428764351 ], [ 1988948.861350920516998, 781835.624787857639603 ], [ 1988861.51270560757257, 781920.528749302844517 ], [ 1988782.362823000643402, 782013.123374364920892 ], [ 1988712.085752135841176, 782112.620117114274763 ], [ 1988651.279980216175318, 782218.171652433928102 ], [ 1988600.463335829554126, 782328.87909193278756 ], [ 1988592.036732854088768, 782349.7238266778877 ], [ 1988536.168901470955461, 782428.978212247835472 ], [ 1988423.63371572829783, 782584.541316480492242 ], [ 1988349.016080600675195, 782699.885364814195782 ], [ 1988311.991778379306197, 782772.757751699420623 ], [ 1988300.975070941029117, 782775.45298526249826 ], [ 1988181.653473018202931, 782817.086775950388983 ], [ 1988066.860171650303528, 782869.940481771249324 ], [ 1987957.647373955696821, 782933.529640262597241 ], [ 1987855.016135585960001, 783007.271386706503108 ], [ 1987759.907184948213398, 783090.489796728012152 ], [ 1987673.192300392314792, 783182.422081886092201 ], [ 1987595.666319401701912, 783282.225581470876932 ], [ 1987505.988349151797593, 783409.844420719891787 ], [ 1987426.403908347012475, 783538.111416887491941 ], [ 1987319.479909586952999, 783734.713057797402143 ], [ 1987263.154054737184197, 783851.633033088524826 ], [ 1987247.62797128316015, 783894.090329591999762 ], [ 1987233.747228676686063, 783906.31282183167059 ], [ 1987149.188382786465809, 783996.110039409366436 ], [ 1987066.408692696597427, 784092.686617906321771 ], [ 1986988.448125563329086, 784193.040088527603075 ], [ 1986920.498736801790074, 784300.425141772488132 ], [ 1986863.190285476855934, 784413.846526441397145 ], [ 1986817.053909798152745, 784532.253046247991733 ], [ 1986782.517204499337822, 784654.547302370541729 ], [ 1986759.900257864035666, 784779.595864210976288 ], [ 1986749.412685128161684, 784906.239774098503403 ], [ 1986745.963545058155432, 785006.265164604526944 ], [ 1986747.919517384842038, 785136.762389488867484 ], [ 1986762.752757743466645, 785266.42860139743425 ], [ 1986790.318259362829849, 785393.996209553792141 ], [ 1986830.346547450637445, 785518.218138708965853 ], [ 1986882.446313522523269, 785637.880020298296586 ], [ 1986946.108240756904706, 785751.812063863966614 ], [ 1986979.651175800245255, 785799.961880548158661 ], [ 1986985.597507166443393, 785847.905982834286988 ], [ 1986991.134717929875478, 785879.619242675951682 ], [ 1986987.323857011971995, 785926.137465723673813 ], [ 1986989.452781774103642, 786055.658630681689829 ], [ 1987004.266749382950366, 786184.347444711602293 ], [ 1987031.623093232279643, 786310.964564185705967 ], [ 1987071.258356776321307, 786434.290597027516924 ], [ 1987122.790830760495737, 786553.137846124125645 ], [ 1987185.724229289451614, 786666.361747497925535 ], [ 1987209.020460084546357, 786700.016218730947003 ], [ 1987185.42715472006239, 786710.557732032728381 ], [ 1987079.303756187437102, 786770.263416337082162 ], [ 1987055.902257192414254, 786786.436953349970281 ], [ 1987040.374730074545369, 786786.623863291926682 ], [ 1986911.699902505148202, 786800.855182061204687 ], [ 1986785.037983557907864, 786827.622699176194146 ], [ 1986750.088952976278961, 786836.8198013844667 ], [ 1986665.392797859851271, 786848.919276895117946 ], [ 1986538.209437449928373, 786873.509057853836566 ], [ 1986414.048719694139436, 786910.446581581025384 ], [ 1986294.106380177661777, 786959.376119531108998 ], [ 1986179.537529196823016, 787019.826453506015241 ], [ 1986071.445527416653931, 787091.215413743979298 ], [ 1985970.871359903132543, 787172.855485532898456 ], [ 1985878.783610868966207, 787263.960430352366529 ], [ 1985796.069135677535087, 787363.652857780689374 ], [ 1985723.52451994153671, 787470.972675244323909 ], [ 1985661.848407967248932, 787584.886334234150127 ], [ 1985611.634774428326637, 787704.296783942612819 ], [ 1985573.367204065900296, 787828.054036462446675 ], [ 1985547.414234501076862, 787954.966241799411364 ], [ 1985534.025807018624619, 788083.811166038969532 ], [ 1985533.330859493697062, 788213.347962126601487 ], [ 1985545.336084651295096, 788342.329119904199615 ], [ 1985569.925865609897301, 788469.512480314006098 ], [ 1985606.863389337202534, 788593.673198069795035 ], [ 1985655.792927287286147, 788713.615537586389109 ], [ 1985716.243261262075976, 788828.18438856722787 ], [ 1985787.632221500156447, 788936.276390347396955 ], [ 1985869.27229328895919, 789036.850557860918343 ], [ 1985960.377238108310848, 789128.938306895084679 ], [ 1986060.069665536750108, 789211.652782086399384 ], [ 1986167.389483000384644, 789284.197397822514176 ], [ 1986281.303141990210861, 789345.87350979691837 ], [ 1986400.713591698557138, 789396.087143335607834 ], [ 1986524.470844218507409, 789434.354713698267005 ], [ 1986651.383049555588514, 789460.307683262974024 ], [ 1986780.227973795030266, 789473.696110745426267 ], [ 1986909.764769882662222, 789474.391058270237409 ], [ 1987038.74592766026035, 789462.385833112872206 ], [ 1987198.941473410231993, 789439.50070827989839 ], [ 1987247.184343540575355, 789429.740961594739929 ], [ 1987303.823896501678973, 789431.838749547488987 ], [ 1987458.413994702277705, 789428.501643751864322 ], [ 1987611.553208462661132, 789407.10968391597271 ], [ 1987740.281625552568585, 789381.364000499015674 ], [ 1987853.19060437893495, 789353.166680086869746 ], [ 1987913.481005405308679, 789362.660363948089071 ], [ 1988050.674249009927735, 789369.80926275299862 ], [ 1988110.747619669884443, 789369.80926275299862 ], [ 1988211.988182052737102, 789365.92109254875686 ], [ 1988323.552919552894309, 789357.339088716777042 ], [ 1988456.837787077762187, 789339.896231616381556 ], [ 1988513.641977316234261, 789355.502122682402842 ], [ 1988641.918018973432481, 789377.453575447900221 ], [ 1988771.732215942814946, 789386.666794586810283 ], [ 1988901.822738383430988, 789383.052225065068342 ], [ 1989030.925070494413376, 789366.645001496654004 ], [ 1989088.074081043247133, 789353.562549287918955 ], [ 1989104.017245175084099, 789462.852318700868636 ], [ 1989135.246074640192091, 789588.741085044923238 ], [ 1989178.679146411363035, 789710.957244197023101 ], [ 1989198.703712651273236, 789759.58805244602263 ], [ 1989250.580931516829878, 789870.630632692715153 ], [ 1989303.682059943675995, 789961.273162206402048 ], [ 1989341.500261273235083, 790119.688567359000444 ], [ 1989404.434190523112193, 790322.79347610892728 ], [ 1989405.29311965755187, 790325.517652732669376 ], [ 1989412.194205998908728, 790808.606162893120199 ], [ 1989390.470122558763251, 790799.840793972136453 ], [ 1989288.699237696593627, 790768.056435428676195 ], [ 1989274.954186446499079, 790764.365826018736698 ], [ 1989170.962458454305306, 790740.900927540962584 ], [ 1989065.416343050310388, 790725.904312106315047 ], [ 1989051.25659447023645, 790724.472884523216635 ], [ 1988889.974709765985608, 790718.087400637683459 ], [ 1988565.738121524220333, 790725.094023468438536 ], [ 1988510.720955546712503, 790724.053299198392779 ], [ 1988496.95457888673991, 790724.353167364373803 ], [ 1988425.599750638240948, 790728.81715045159217 ], [ 1988365.682372667593881, 790680.389756671735086 ], [ 1988257.439575134776533, 790609.229646532912739 ], [ 1988142.743085756199434, 790549.021841249894351 ], [ 1988022.69749442464672, 790500.34617490042001 ], [ 1988007.829085844568908, 790495.151303400401957 ], [ 1987882.643913531210274, 790458.247323395684361 ], [ 1987754.426309850998223, 790433.885935630300082 ], [ 1987739.760984851047397, 790431.844601120217703 ], [ 1987608.375737679190934, 790420.209956795326434 ], [ 1987476.485289976932108, 790421.745511386892758 ], [ 1987345.406536385184154, 790436.435932748951018 ], [ 1987330.79075196525082, 790438.81847391393967 ], [ 1987316.148612228920683, 790442.219683947856538 ], [ 1987282.707435274729505, 790412.803979692514986 ], [ 1987261.759642524877563, 790396.114052441436797 ], [ 1987181.904031255980954, 790337.256178730283864 ], [ 1987097.853681355714798, 790284.56171383545734 ], [ 1987074.937060535652563, 790271.36718641850166 ], [ 1986906.525602746987715, 790189.713243577512912 ], [ 1986878.747771156951785, 790178.602373409550637 ], [ 1986842.428270136937499, 790164.692006914177909 ], [ 1986793.12259446689859, 790146.636268748086877 ], [ 1986773.409461732953787, 790139.594083946431056 ], [ 1986711.604139142902568, 790118.066239860490896 ], [ 1986549.340851252200082, 790072.925448162597604 ], [ 1986534.0747079574503, 790069.711573208682239 ], [ 1986472.238470295676962, 790055.577361396979541 ], [ 1986289.348499680636451, 790027.085475447704084 ], [ 1986263.666113310726359, 790024.913364890846424 ], [ 1986248.83945772331208, 790021.974600669229403 ], [ 1986232.55383378174156, 790018.852837369660847 ], [ 1986224.308804526226595, 790017.325989196659066 ], [ 1986204.266316910739988, 790011.745865937322378 ], [ 1986096.54310938809067, 789994.038342594285496 ], [ 1986071.839101315708831, 789985.900188864790834 ], [ 1986031.336557665606961, 789973.661696286755614 ], [ 1985926.100229113828391, 789946.536289119860157 ], [ 1985893.46512376377359, 789939.543192856828682 ], [ 1985854.410781779326499, 789931.788725933758542 ], [ 1985830.517128789331764, 789927.417999780736864 ], [ 1985774.031880733091384, 789918.345785041106865 ], [ 1985755.091629903065041, 789915.723414947162382 ], [ 1985747.155849856091663, 789914.649191107833758 ], [ 1985724.03819143678993, 789911.591258980799466 ], [ 1985703.007503795670345, 789907.756900742417201 ], [ 1985661.816520855762064, 789900.918166151386686 ], [ 1985584.016479595797136, 789889.262677645427175 ], [ 1985575.123020673170686, 789887.961261100019328 ], [ 1985495.574623343069106, 789876.597110606031492 ], [ 1985447.056543087586761, 789870.580471504363231 ], [ 1985424.910918087698519, 789868.249767500325106 ], [ 1985231.83887084829621, 789862.142204680945724 ], [ 1985217.852350258268416, 789862.724552595987916 ], [ 1985215.437447215663269, 789862.827315303380601 ], [ 1985202.033602635608986, 789863.409991311375052 ], [ 1985080.09752155165188, 789874.393684035399929 ], [ 1984959.703559464542195, 789896.627515666303225 ], [ 1984908.470243286108598, 789911.105119888437912 ], [ 1984893.067436817334965, 789915.016865098150447 ], [ 1984840.707525901962072, 789929.467397282016464 ], [ 1984824.098635232076049, 789934.421127538080327 ], [ 1984689.16495509003289, 789982.787670542602427 ], [ 1984672.555408250074834, 789989.780766789568588 ], [ 1984582.312790827127174, 790031.849885061383247 ], [ 1984495.497884497977793, 790080.601426068227738 ], [ 1984481.220354007789865, 790089.343206483288668 ], [ 1984394.955793946050107, 790146.93942659534514 ], [ 1984347.152301005553454, 790184.602034194278531 ], [ 1984346.915534488391131, 790184.298357499414124 ], [ 1984339.274725701427087, 790190.255639423266985 ], [ 1984332.852458289125934, 790195.149295352399349 ], [ 1984261.130767019465566, 790253.893020521849394 ], [ 1984205.851350029464811, 790302.51136159489397 ], [ 1984187.065902037080377, 790319.354314145748504 ], [ 1984170.348724728217348, 790334.633567929384299 ], [ 1984089.266000909963623, 790320.798846407327801 ], [ 1983960.052077100379393, 790311.632255629519932 ], [ 1983859.379531235434115, 790309.443776588770561 ], [ 1983827.248357942095026, 790282.660342358401977 ], [ 1983816.338623703457415, 790275.069573532324284 ], [ 1983804.431128878612071, 790253.93404760712292 ], [ 1983738.125710734631866, 790157.39285019156523 ], [ 1983711.351486064726487, 790121.893577367649414 ], [ 1983635.730996858794242, 790030.483729454339482 ], [ 1983552.208771662553772, 789946.232577642891556 ], [ 1983461.459460420068353, 789869.820659774704836 ], [ 1983364.216089790919796, 789801.865192357101478 ], [ 1983311.461602130904794, 789768.42365818109829 ], [ 1983174.45703440788202, 789692.573605361394584 ], [ 1983160.191374123096466, 789686.760912754922174 ], [ 1983158.262393404962495, 789685.532744056195952 ], [ 1983043.636554189724848, 789627.371805335860699 ], [ 1983041.405948617029935, 789626.373427073820494 ], [ 1982992.749946997500956, 789595.246243884670548 ], [ 1983028.345071358140558, 789529.184489434002899 ], [ 1983143.635160073405132, 789287.517144280020148 ], [ 1983186.835293470416218, 789198.161319213337265 ], [ 1983226.88083532708697, 789115.783183427760378 ], [ 1983252.567737329984084, 789059.639739799196832 ], [ 1983258.898249628720805, 789044.901595803443342 ], [ 1983284.520191669696942, 789056.678663444472477 ], [ 1983394.923102765576914, 789109.086494652554393 ], [ 1983525.642879474442452, 789171.403521888772957 ], [ 1983544.693980844225734, 789180.300090927747078 ], [ 1983643.888992434367537, 789225.663845348753966 ], [ 1983764.194831351516768, 789273.692686841706745 ], [ 1983888.629014467820525, 789309.698222039616667 ], [ 1984015.993172577349469, 789333.333697955822572 ], [ 1984145.060719212982804, 789344.371492036967538 ], [ 1984274.588663345202804, 789342.705304292147048 ], [ 1984403.329580064862967, 789328.351181020028889 ], [ 1984530.04362396709621, 789301.447360274614766 ], [ 1984653.510469540022314, 789262.252940556732938 ], [ 1984772.541063566692173, 789211.145385554176755 ], [ 1984885.989076358499005, 789148.616888959892094 ], [ 1984992.761941534699872, 789075.269634377560578 ], [ 1985091.831378036178648, 788991.809995964402333 ], [ 1985182.243293032050133, 788899.041735662263818 ], [ 1985263.126970357028767, 788797.858262529945932 ], [ 1985333.703455982729793, 788689.234028726234101 ], [ 1985393.293059771880507, 788574.215145002817735 ], [ 1985441.321901264833286, 788453.909306085552089 ], [ 1985477.327436462743208, 788329.475122969131917 ], [ 1985500.962912379065529, 788202.110964859719388 ], [ 1985512.000706460094079, 788073.043418223969638 ], [ 1985510.334518715273589, 787943.515474091749638 ], [ 1985495.980395443039015, 787814.774557372089475 ], [ 1985469.076574697624892, 787688.060513469972648 ], [ 1985429.882154979975894, 787564.593667897162959 ], [ 1985378.774599977303296, 787445.563073870260268 ], [ 1985316.24610338290222, 787332.115061078569852 ], [ 1985242.898848800687119, 787225.34219590225257 ], [ 1985159.439210387645289, 787126.272759401006624 ], [ 1985066.670950085390359, 787035.860844405018725 ], [ 1984965.487476953072473, 786954.977167080156505 ], [ 1984856.863243149360642, 786884.400681454222649 ], [ 1984747.876433357596397, 786827.936207069898956 ], [ 1984750.920313592068851, 786822.183198324986733 ], [ 1984759.453589187003672, 786801.333434414467774 ], [ 1984769.98818884883076, 786781.422781132394448 ], [ 1984799.403001441154629, 786709.552150539122522 ], [ 1984815.148708071094006, 786674.964461372001097 ], [ 1984847.096514079486951, 786604.7861602952471 ], [ 1984893.20109744137153, 786504.053538887528703 ], [ 1984897.640083483187482, 786494.249502658611163 ], [ 1984902.485218143090606, 786483.431282832520083 ], [ 1984912.220644166460261, 786461.693194475374185 ], [ 1984919.690630010096356, 786447.655009656213224 ], [ 1984957.212547842180356, 786371.305121522629634 ], [ 1984975.200772279407829, 786331.511999199748971 ], [ 1984993.095101080136374, 786292.238118064939044 ], [ 1985028.623741377377883, 786206.372042200295255 ], [ 1985034.653584957355633, 786190.2109852792928 ], [ 1985068.764427453046665, 786085.689092610497028 ], [ 1985075.632195862941444, 786061.235401366488077 ], [ 1985090.643769354792312, 786001.016816864372231 ], [ 1985183.297545974841341, 785929.361387166427448 ], [ 1985277.506787033053115, 785840.451976011041552 ], [ 1985362.547738615656272, 785742.736567570827901 ], [ 1985437.601409870898351, 785637.156214645481668 ], [ 1985501.944992915960029, 785524.727713749860413 ], [ 1985554.958823872730136, 785406.533812807174399 ], [ 1985596.132350568193942, 785283.712783694965765 ], [ 1985625.069049432873726, 785157.447460064431652 ], [ 1985641.490244238404557, 785028.953846005606465 ], [ 1985645.237789901904762, 784899.469405263778754 ], [ 1985636.275595509912819, 784770.241143786581233 ], [ 1985614.689971893792972, 784642.513600375503302 ], [ 1985578.846867723856121, 784479.553624462452717 ], [ 1985573.766945564188063, 784457.37103150493931 ], [ 1985547.725330984219909, 784347.996250253985636 ], [ 1985504.182739582145587, 784202.72881986212451 ], [ 1985444.265515522332862, 784063.414391823927872 ], [ 1985366.14067177218385, 783907.164376236847602 ], [ 1985299.668362576514482, 783789.657259057625197 ], [ 1985221.541182637214661, 783679.554424251546152 ], [ 1985143.416010797256604, 783580.595960746635683 ], [ 1985040.753463045461103, 783465.147315881098621 ], [ 1984931.378681795438752, 783355.772206551046111 ], [ 1984830.21319643035531, 783265.810851923306473 ], [ 1984828.421006785938516, 783263.705173952039331 ], [ 1984806.689206629758701, 783239.438712960574776 ], [ 1984751.151002620346844, 783163.225409486680292 ], [ 1984669.815901084570214, 783062.404450599569827 ], [ 1984665.499199772020802, 783058.014670693431981 ], [ 1984592.106265612645075, 782964.457923370180652 ], [ 1984286.166492954595014, 782568.116828432190232 ], [ 1984281.229745856486261, 782561.329743738053367 ], [ 1984286.991698329336941, 782529.030550151364878 ], [ 1984302.628121440298855, 782410.600176342297345 ], [ 1984307.493707933230326, 782291.241149719571695 ], [ 1984306.656111193355173, 782106.05713688954711 ], [ 1984305.851609911303967, 782065.563972199102864 ], [ 1984295.45989840128459, 781770.524864116101526 ], [ 1984285.398321775021031, 781647.862034424673766 ], [ 1984263.956018941942602, 781526.669490259024315 ], [ 1984216.031902201939374, 781314.107251342036761 ], [ 1984202.416777841048315, 781267.265821953187697 ], [ 1984244.02452888386324, 781247.994710660888813 ], [ 1984328.27454175404273, 781213.441998012363911 ], [ 1984442.730351787991822, 781152.777906144154258 ], [ 1984550.688905006973073, 781081.187297265860252 ], [ 1984651.110501527553424, 780999.359628076315857 ], [ 1984743.028026479296386, 780908.082943761488423 ], [ 1984825.556263849139214, 780808.236288688145578 ], [ 1984897.900421597296372, 780700.781240726471879 ], [ 1984959.363785936729982, 780586.752650729147717 ], [ 1985009.354431070154533, 780467.248676352202892 ], [ 1985047.390919756842777, 780343.420206196373329 ], [ 1985067.954505601665005, 780241.897431811434217 ], [ 1985111.130597596755251, 780216.729077704367228 ], [ 1985216.11013135034591, 780140.837299588136375 ], [ 1985313.14546488947235, 780055.021167435217649 ], [ 1985401.302094907267019, 779960.107137510203756 ], [ 1985479.731024865526706, 779857.009283806430176 ], [ 1985547.676941295154393, 779746.720495014102198 ], [ 1985604.48548787785694, 779630.302912459359504 ], [ 1985649.609567255247384, 779508.877701102523133 ], [ 1985682.614609875716269, 779383.614252106519416 ], [ 1985703.182759136194363, 779255.718920961371623 ], [ 1985711.115932516055182, 779126.423409620765597 ], [ 1985706.337729218415916, 778996.972904538735747 ], [ 1985688.894165953388438, 778868.614084844361059 ], [ 1985658.953233770793304, 778742.583116139168851 ], [ 1985616.80328021501191, 778620.093745547346771 ], [ 1985562.85023237997666, 778502.325612667365931 ], [ 1985497.613687610486522, 778390.412888997234404 ], [ 1985421.721909494372085, 778285.433355243876576 ], [ 1985335.905777341453359, 778188.398021704750136 ], [ 1985240.991747416323051, 778100.241391686839052 ], [ 1985137.893893712665886, 778021.812461728462949 ], [ 1985027.605104920221493, 777953.866545298951678 ], [ 1984911.187522365478799, 777897.057998716249131 ], [ 1984789.762311008526012, 777851.933919338858686 ], [ 1984664.498862012755126, 777818.928876718506217 ], [ 1984536.603530867490917, 777798.360727457911707 ], [ 1984407.308019526768476, 777790.427554078167304 ], [ 1984277.857514444971457, 777795.205757375690155 ], [ 1984149.498694750480354, 777812.649320640717633 ], [ 1984023.467726045288146, 777842.590252823196352 ], [ 1983900.978355453582481, 777884.740206379094161 ], [ 1983795.334809828083962, 777926.997624630224891 ], [ 1983629.130034142406657, 777991.383132967748679 ], [ 1983472.73720851354301, 778046.505204433575273 ], [ 1983270.217261801706627, 778105.206767468596809 ], [ 1983267.719587054569274, 778106.103733419440687 ], [ 1983251.919790187384933, 778106.584447922417894 ], [ 1983249.4126102917362, 778106.535070335376076 ], [ 1983222.304045082069933, 778108.757455936749466 ], [ 1983161.353891848120838, 778109.071583121083677 ], [ 1983136.81889077858068, 778108.730899140355177 ], [ 1983118.45925542479381, 777927.20769847696647 ], [ 1983118.007441564230248, 777922.814012837246992 ], [ 1983112.892901740036905, 777873.882088212412782 ], [ 1983110.923970746807754, 777846.359887671307661 ], [ 1983109.856907632667571, 777818.78974354849197 ], [ 1983109.692610842641443, 777791.198496076161973 ], [ 1983110.431468558963388, 777763.613068195176311 ], [ 1983112.072308619273826, 777736.069382019457407 ], [ 1983114.61378716211766, 777708.594384066294879 ], [ 1983118.052834250731394, 777681.217283116071485 ], [ 1983122.385977976256981, 777653.968379569705576 ], [ 1983127.609003814868629, 777626.87260634067934 ], [ 1983128.056810549926013, 777624.899346277816221 ], [ 1983152.176020052749664, 777545.410840560798533 ], [ 1983178.65686022513546, 777484.432124820537865 ], [ 1983201.344505818560719, 777428.750314143835567 ], [ 1983253.948731318349019, 777290.729592811898328 ], [ 1983266.508171572349966, 777256.351930257398635 ], [ 1983281.735503312433138, 777212.80805408640299 ], [ 1983303.535577934235334, 777144.582166123669595 ], [ 1983316.378728104289621, 777100.276152375619859 ], [ 1983334.447221795795485, 777030.9633632034529 ], [ 1983344.868132705800235, 776986.025789040490054 ], [ 1983359.150398729601875, 776915.833713904256001 ], [ 1983367.118230569642037, 776870.397453070268966 ], [ 1983377.571699212305248, 776799.535375060979277 ], [ 1983383.06315804226324, 776753.73362939292565 ], [ 1983389.65776821388863, 776682.402659107698128 ], [ 1983392.656449873931706, 776636.370270852698013 ], [ 1983395.37150850542821, 776564.805242073256522 ], [ 1983395.869210925418884, 776518.678037744248286 ], [ 1983394.69790171040222, 776447.047072566230781 ], [ 1983392.69232831033878, 776400.960878647281788 ], [ 1983387.638312722789124, 776329.517046480556019 ], [ 1983383.136025132844225, 776283.607689483556896 ], [ 1983374.213921890361235, 776212.540171438478865 ], [ 1983367.228043470298871, 776166.942493611481041 ], [ 1983354.46310609485954, 776096.458066742517985 ], [ 1983345.013978004921228, 776051.306254159542732 ], [ 1983328.444512112764642, 775981.618687664624304 ], [ 1983316.560021462617442, 775937.045942162629217 ], [ 1983296.232011602725834, 775868.35148164362181 ], [ 1983281.946935172891244, 775824.489364636596292 ], [ 1983257.929495692485943, 775757.018159654806368 ], [ 1983241.2864843623247, 775713.995279830764048 ], [ 1983213.644005570095032, 775647.923800515709445 ], [ 1983194.691943740239367, 775605.866798000759445 ], [ 1983163.499502474674955, 775541.378234423231333 ], [ 1983142.293836224591359, 775500.411452852189541 ], [ 1983107.648927194997668, 775437.710199473542161 ], [ 1983084.251992365112528, 775397.9540453836089 ], [ 1983046.264969078823924, 775337.237240923917852 ], [ 1983020.746319318655878, 775298.808840093901381 ], [ 1982979.515384373720735, 775240.232828763662837 ], [ 1982951.949494623811916, 775203.245041844667867 ], [ 1982907.605790492845699, 775146.996809543692507 ], [ 1982890.791847667656839, 775126.819966065348126 ], [ 1982885.321757622295991, 775118.206160843954422 ], [ 1982861.551723284414038, 775082.09584689582698 ], [ 1982676.135099364444613, 774810.22073448181618 ], [ 1982670.525137019576505, 774802.060807008878328 ], [ 1982556.462373009650037, 774637.477474752929993 ], [ 1982555.654291429789737, 774636.312814712524414 ], [ 1982454.195594768971205, 774490.251416092272848 ], [ 1982352.581654065987095, 774338.566604928346351 ], [ 1982275.291761746397242, 774234.612109893583693 ], [ 1982188.184719055891037, 774138.733918387559243 ], [ 1982092.09941443358548, 774051.855389806907624 ], [ 1981987.961201888043433, 773974.813211874454282 ], [ 1981931.018412862438709, 773940.775088739930652 ], [ 1981929.889986960683018, 773939.760774077032693 ], [ 1981825.526736739091575, 773863.023713305126876 ], [ 1981744.215966764371842, 773814.741832471103407 ], [ 1981744.356596760218963, 773813.921329338219948 ], [ 1981753.799833410885185, 773693.99902152211871 ], [ 1981752.286512724123895, 773573.715005581267178 ], [ 1981739.829202743712813, 773454.068233546102419 ], [ 1981716.531360732857138, 773336.05236517242156 ], [ 1981682.586473967414349, 773220.647515651886351 ], [ 1981672.888901599915698, 773192.487252964172512 ], [ 1981452.341674971627071, 772510.465553465532139 ], [ 1981396.776508486596867, 772367.573109715245664 ], [ 1981386.198445646557957, 772344.44553129223641 ], [ 1981329.00803257804364, 772233.578357774065807 ], [ 1981261.607031783321872, 772128.605129745556042 ], [ 1981184.597436380805448, 772030.463417274295352 ], [ 1981098.667058805236593, 771940.029774637427181 ], [ 1981004.583387600490823, 771858.111911362735555 ], [ 1980903.186732583213598, 771785.441478158230893 ], [ 1980795.382719601504505, 771722.66753216215875 ], [ 1980773.194115701597184, 771711.11506182118319 ], [ 1980658.497698784805834, 771658.211723789921962 ], [ 1980539.269920641789213, 771616.513184876297601 ], [ 1980416.60247301752679, 771586.401251664268784 ], [ 1980291.618542487965897, 771568.151639674324542 ], [ 1980165.462526166578755, 771561.931448814459145 ], [ 1980039.289553199429065, 771567.797633354202844 ], [ 1979983.312631029402837, 771573.09322643710766 ], [ 1979851.65879129501991, 771592.28294729324989 ], [ 1979843.321466071298346, 771594.372553371824324 ], [ 1979729.058118230896071, 771589.483401341363788 ], [ 1979640.698725667316467, 771594.384624887839891 ], [ 1979588.258456567768008, 771585.315405096043833 ], [ 1979459.065508840139955, 771575.857775892131031 ], [ 1979329.567650698823854, 771579.108811045065522 ], [ 1979201.012017308734357, 771595.037201308761723 ], [ 1979074.636669694911689, 771623.489547577919438 ], [ 1978951.658671538811177, 771664.191838204162195 ] ], [ [ 1984227.346388268982992, 802939.812041243421845 ], [ 1984225.320115772308782, 802921.570642158156261 ], [ 1984222.612782943295315, 802898.974932202603668 ], [ 1984217.23123408597894, 802857.117828617338091 ], [ 1984215.50732749234885, 802797.648849030258134 ], [ 1984214.934336866717786, 802693.322565222624689 ], [ 1984214.060232835821807, 802651.998688279301859 ], [ 1984208.959994563367218, 802513.492268431931734 ], [ 1984210.287518378114328, 802439.432536823791452 ], [ 1984210.495538597460836, 802419.021400074590929 ], [ 1984210.752392484573647, 802314.574784639757127 ], [ 1984211.061998261604458, 802312.588134178193286 ], [ 1984213.922646179562435, 802293.296564273303375 ], [ 1984221.792158506345004, 802237.382575066410936 ], [ 1984222.093715916387737, 802237.639829298830591 ], [ 1984328.197682159487158, 802311.52838888973929 ], [ 1984441.021473673405126, 802374.681876199087128 ], [ 1984484.823551413370296, 802396.454798521124758 ], [ 1984605.93324238085188, 802449.270994568476453 ], [ 1984731.716244370210916, 802489.715329421567731 ], [ 1984860.912337324814871, 802517.382591238361783 ], [ 1984992.227105425437912, 802531.995581687544473 ], [ 1985049.003069106722251, 802535.449414170114323 ], [ 1985134.589563072891906, 802550.382625967380591 ], [ 1985160.393645322881639, 802553.728419795399532 ], [ 1985300.618430588161573, 802564.356568288407288 ], [ 1985441.178120507625863, 802560.006681755650789 ], [ 1985580.477386160986498, 802540.728130680392496 ], [ 1985716.935204231878743, 802506.739723385777324 ], [ 1985849.002801358001307, 802458.42722259752918 ], [ 1985877.890866948058829, 802446.077509764581919 ], [ 1986004.622182376449928, 802383.679402270936407 ], [ 1986123.959849551785737, 802308.095863572438248 ], [ 1986152.356118221767247, 802287.903974822373129 ], [ 1986255.995742300059646, 802206.106176101369783 ], [ 1986350.945497445529327, 802114.364170713699423 ], [ 1986436.255447347648442, 802013.595802649273537 ], [ 1986511.072098294273019, 801904.809221234754659 ], [ 1986574.646938051097095, 801789.092794982483611 ], [ 1986626.782004381064326, 801681.809873072546907 ], [ 1986677.6159262212459, 801562.662162716500461 ], [ 1986716.526550987735391, 801439.105585501762107 ], [ 1986743.139148092828691, 801312.330058809719048 ], [ 1986757.197423678822815, 801183.556500265025534 ], [ 1986758.565988866845146, 801054.025069631170481 ], [ 1986747.231663625687361, 800924.983225394273177 ], [ 1986723.303603703854606, 800797.67371105577331 ], [ 1986687.012249398510903, 800673.322586833266541 ], [ 1986638.707106290385127, 800553.12742203020025 ], [ 1986578.853379314066842, 800438.245761789032258 ], [ 1986508.027492579771206, 800329.783979298430495 ], [ 1986426.911538093816489, 800228.78662081528455 ], [ 1986336.286706840852275, 800136.226346112438478 ], [ 1986237.025765485828742, 800052.994561233790591 ], [ 1986130.084651156095788, 799979.89283376687672 ], [ 1986016.493265242315829, 799917.625173308770172 ], [ 1985897.345554886385798, 799866.791251468588598 ], [ 1985773.788977671647444, 799827.880626702331938 ], [ 1985647.013450979720801, 799801.268029597122222 ], [ 1985518.239892434794456, 799787.209754011128098 ], [ 1985388.708461801055819, 799785.841188823105767 ], [ 1985259.666617564158514, 799797.175514064147137 ], [ 1985132.357103225775063, 799821.103573986096308 ], [ 1985038.522027833852917, 799848.488947368226945 ], [ 1984988.351317237596959, 799847.620210484717973 ], [ 1984859.235919430153444, 799858.083409887272865 ], [ 1984731.767820438137278, 799881.151748190401122 ], [ 1984607.174607735825703, 799916.603064685827121 ], [ 1984486.656182071426883, 799964.095943816122599 ], [ 1984371.373201765818521, 800023.173003192874603 ], [ 1984262.43590493965894, 800093.265298439539038 ], [ 1984160.893417312530801, 800173.697802436538041 ], [ 1984067.723648549057543, 800263.695906201493926 ], [ 1984057.402107573579997, 800275.83783218159806 ], [ 1984029.119711687322706, 800177.081578499870375 ], [ 1983981.420812356285751, 800056.644543102360331 ], [ 1983922.14670246350579, 799941.462754658423364 ], [ 1983851.868224089965224, 799832.645476755453274 ], [ 1983771.262197400210425, 799731.240679265232757 ], [ 1983681.104902495164424, 799638.224945821217261 ], [ 1983582.264603409683332, 799554.494068783940747 ], [ 1983475.693186255870387, 799480.854422271135263 ], [ 1983362.416992038255557, 799418.015196334454231 ], [ 1983243.526932430686429, 799366.58156707091257 ], [ 1983120.167983698658645, 799327.048868446960114 ], [ 1982993.528159953886643, 799299.797821960994042 ], [ 1982864.827071926789358, 799285.090870087617077 ], [ 1982735.304181450745091, 799283.069648812990636 ], [ 1982606.206864765146747, 799293.753623603028245 ], [ 1982478.778399601578712, 799317.039901939919218 ], [ 1982354.245991738978773, 799352.704224233864807 ], [ 1982233.808956341585144, 799400.403123564785346 ], [ 1982156.714592765085399, 799440.07692825619597 ], [ 1982155.87781964126043, 799422.157288697548211 ], [ 1982144.230231860652566, 799341.775424070539884 ], [ 1982145.423942781519145, 799341.592526606284082 ], [ 1982142.526638861512765, 799322.682787514291704 ], [ 1982138.242110726190731, 799300.450443186447956 ], [ 1982137.478076005820185, 799295.177717483253218 ], [ 1982136.263183425879106, 799288.94544648216106 ], [ 1982136.03354098694399, 799288.99021200905554 ], [ 1982123.374131656019017, 799223.300750217284076 ], [ 1982096.663429459324107, 799125.678282220847905 ], [ 1982094.787120879394934, 799119.727178637869656 ], [ 1982045.396981728728861, 798990.231197422603145 ], [ 1982057.470650188392028, 798956.23752433352638 ], [ 1982087.25926779396832, 798861.124294611858204 ], [ 1982091.356762896990404, 798846.070496875676326 ], [ 1982128.621828523930162, 798714.98567533842288 ], [ 1982137.8773915884085, 798662.177936644875444 ], [ 1982207.551766153424978, 798607.097764700301923 ], [ 1982301.542942447355017, 798516.326131917303428 ], [ 1982331.752199617214501, 798484.112941749277525 ], [ 1982375.262987804599106, 798435.350881618447602 ], [ 1982380.712451964616776, 798428.930618864484131 ], [ 1982386.762537813745439, 798421.049358374672011 ], [ 1982393.446171907475218, 798413.69770271028392 ], [ 1982416.084906157571822, 798386.198085804353468 ], [ 1982486.202915623318404, 798292.907657104544342 ], [ 1982547.806996874511242, 798193.78865533566568 ], [ 1982600.415615608682856, 798089.615853830822743 ], [ 1982640.111985014518723, 797990.00051032716874 ], [ 1982732.319929157849401, 797969.646309583098628 ], [ 1982855.467426211340353, 797929.459763797000051 ], [ 1982974.082964109024033, 797877.396161713055335 ], [ 1983087.024210379226133, 797813.95690428011585 ], [ 1983193.203479080693796, 797739.752946226857603 ], [ 1983291.598205812042579, 797655.498912233160809 ], [ 1983381.260795566719025, 797562.006214704480954 ], [ 1983461.327748591080308, 797460.175239426200278 ], [ 1983531.027976358309388, 797350.986674356856383 ], [ 1983589.69022757303901, 797235.492065066471696 ], [ 1983615.288268560543656, 797169.843311689794064 ], [ 1983653.109678684733808, 797162.384187183459289 ], [ 1983777.131532547529787, 797124.983060767874122 ], [ 1983896.890235828934237, 797075.605763544677757 ], [ 1984011.232446749694645, 797014.72782587853726 ], [ 1984119.056987312855199, 796942.935535588534549 ], [ 1984219.325448249699548, 796860.920291675720364 ], [ 1984311.07218946935609, 796769.471945773111656 ], [ 1984393.41363969957456, 796669.471195442485623 ], [ 1984437.754904187517241, 796603.343230391503312 ], [ 1984573.798413636628538, 796603.115728014963679 ], [ 1984623.887004792224616, 796621.199998094816692 ], [ 1984652.618622357724234, 796628.484568932326511 ], [ 1984632.026338083902374, 796655.891251877066679 ], [ 1984564.738701689988375, 796766.582888784469105 ], [ 1984508.624751364812255, 796883.336856903973967 ], [ 1984464.224895125254989, 797005.028751698322594 ], [ 1984431.966727858409286, 797130.486613697139546 ], [ 1984412.160913348896429, 797258.502215106971562 ], [ 1984404.998192417435348, 797387.842695706058294 ], [ 1984410.547545982059091, 797517.262435961281881 ], [ 1984428.755530734779313, 797645.515053026145324 ], [ 1984459.446793828392401, 797771.365404088166542 ], [ 1984502.325761622283608, 797893.60148146993015 ], [ 1984556.979486216092482, 798011.04608492506668 ], [ 1984622.881622365443036, 798122.568158720736392 ], [ 1984699.397496473509818, 798227.093684321967885 ], [ 1984785.790218844544142, 798323.616023777867667 ], [ 1984881.227780335349962, 798411.205614194972441 ], [ 1984984.791065057041124, 798489.018919936032034 ], [ 1985095.48270196444355, 798556.306556330062449 ], [ 1985212.236670084064826, 798612.420506655005738 ], [ 1985333.928564878413454, 798656.820362894563004 ], [ 1985459.386426876997575, 798689.078530161525123 ], [ 1985587.402028287062421, 798708.884344671154395 ], [ 1985716.742508885916322, 798716.047065602615476 ], [ 1985846.16224914137274, 798710.497712037758902 ], [ 1985961.287018881412223, 798699.883231959771365 ], [ 1986089.539635946042836, 798681.675247207167558 ], [ 1986215.389987008180469, 798650.983984113438055 ], [ 1986337.626064389944077, 798608.105016319779679 ], [ 1986455.070667845197022, 798553.451291725854389 ], [ 1986566.592741640750319, 798487.549155576503836 ], [ 1986671.118267242098227, 798411.033281468553469 ], [ 1986767.640606697881594, 798324.640559097402729 ], [ 1986855.230197114869952, 798229.202997606713325 ], [ 1986933.043502856045961, 798125.639712884905748 ], [ 1987000.331139249959961, 798014.948075977503322 ], [ 1987056.44508957513608, 797898.194107857998461 ], [ 1987100.844945814693347, 797776.502213063649833 ], [ 1987133.10311308153905, 797651.044351064832881 ], [ 1987152.908927591051906, 797523.028749655000865 ], [ 1987160.071648522512987, 797393.688269055914134 ], [ 1987154.522294957889244, 797264.268528800690547 ], [ 1987136.314310205169022, 797136.015911735827103 ], [ 1987110.2401219450403, 797029.098000401165336 ], [ 1987141.273202600423247, 797035.722945266636088 ], [ 1987195.338711260585114, 797044.51656284253113 ], [ 1987208.478265056153759, 797046.585778435575776 ], [ 1987257.658284805947915, 797054.076905196649022 ], [ 1987447.799009585985914, 797069.100300415768288 ], [ 1987497.630274756113067, 797069.426087154773995 ], [ 1987563.806747897993773, 797068.199294559075497 ], [ 1987653.373169807950035, 797064.29083781701047 ], [ 1987782.355679942062125, 797052.300150921219029 ], [ 1987909.541811195202172, 797027.724705664208159 ], [ 1988033.706691596657038, 796990.801177018322051 ], [ 1988153.65454547223635, 796941.8851587488316 ], [ 1988268.230209419270977, 796881.447738851769827 ], [ 1988376.330257160589099, 796810.070962719270028 ], [ 1988476.913626142777503, 796728.442227724124677 ], [ 1988569.011643538251519, 796637.347663206979632 ], [ 1988651.737355093238875, 796537.664559621480294 ], [ 1988724.294066983507946, 796430.352919747587293 ], [ 1988785.983018409693614, 796316.446213339804672 ], [ 1988836.210111046908423, 796197.041424248483963 ], [ 1988874.491630536271259, 796073.288485865923576 ], [ 1988900.458904918050393, 795946.379206639016047 ], [ 1988903.720735274720937, 795915.023023633752018 ], [ 1988957.087664865888655, 795960.896671811584383 ], [ 1989063.125546888913959, 796035.302532257861458 ], [ 1989175.945877191843465, 796098.956578186480328 ], [ 1989294.462134319823235, 796151.245786338229664 ], [ 1989417.53294192883186, 796191.666583054349758 ], [ 1989543.973060864722356, 796219.829693966312334 ], [ 1989672.564803662477061, 796235.463892920408398 ], [ 1989802.069761544000357, 796238.418614034191705 ], [ 1989931.240730969933793, 796228.665401728241704 ], [ 1990058.833724892698228, 796206.298184768646024 ], [ 1990183.619953031651676, 796171.532371681882069 ], [ 1990304.397655794629827, 796124.702776252874173 ], [ 1990420.003677880158648, 796066.260393085307442 ], [ 1990529.324670098721981, 795996.768054276821204 ], [ 1990631.307811534497887, 795916.895009038737044 ], [ 1990724.970948785776272, 795827.41047845967114 ], [ 1990809.412054639542475, 795729.176247486262582 ], [ 1990867.408868216676638, 795646.52335913956631 ], [ 1990876.004417682532221, 795668.373903553583659 ], [ 1990867.766819214448333, 795708.926337220822461 ], [ 1990854.546761513920501, 795837.788645779713988 ], [ 1990854.021076985867694, 795967.326239352114499 ], [ 1990866.194828259758651, 796096.291600099299103 ], [ 1990890.9507754559163, 796223.4427210977301 ], [ 1990928.05050526955165, 796347.555067544220947 ], [ 1990941.874015586683527, 796381.314825118053705 ], [ 1990940.305587366688997, 796505.055649312911555 ], [ 1990943.689445, 796569.348944424069487 ], [ 1990943.689445, 796596.447353168972768 ], [ 1990944.923363323556259, 796653.508914834703319 ], [ 1990947.016607183264568, 796701.886472727870569 ], [ 1990947.193590084789321, 796726.512715544435196 ], [ 1990946.482965555274859, 796751.125738267786801 ], [ 1990944.885597077896819, 796775.694589674356394 ], [ 1990942.403170776087791, 796800.194552093278617 ], [ 1990939.039140134351328, 796824.589843189925887 ], [ 1990934.798259157920256, 796848.846268455381505 ], [ 1990929.686108249938115, 796872.932235012878664 ], [ 1990923.708794634323567, 796896.81922989373561 ], [ 1990916.874568923842162, 796920.474263538140804 ], [ 1990909.191309937741607, 796943.869811759912409 ], [ 1990892.433631242485717, 796989.302835685666651 ], [ 1990874.621102456003428, 797040.851680393447168 ], [ 1990849.129747794708237, 797119.87504042906221 ], [ 1990818.239858933025971, 797214.751266628969461 ], [ 1990798.071235513314605, 797271.895699653541669 ], [ 1990777.299487719777972, 797326.221747311414219 ], [ 1990745.748644763138145, 797401.943717417772859 ], [ 1990736.404469841392711, 797424.978262883145362 ], [ 1990710.609101277310401, 797490.326804336393252 ], [ 1990681.42387512489222, 797553.847463447251357 ], [ 1990657.941165987635031, 797608.130511909141205 ], [ 1990624.086902997689322, 797691.464006647118367 ], [ 1990585.394159700721502, 797800.089348236913793 ], [ 1990567.826699449447915, 797857.183686259784736 ], [ 1990552.235016184160486, 797897.875396980321966 ], [ 1990542.404655264224857, 797927.141086472314782 ], [ 1990511.647266492247581, 798033.219505888526328 ], [ 1990504.297871742164716, 798063.204682138515636 ], [ 1990482.514210589230061, 798171.495711361989379 ], [ 1990477.697619179263711, 798201.990072941989638 ], [ 1990465.045852485578507, 798311.702111155958846 ], [ 1990462.795200805412605, 798342.492731988895684 ], [ 1990462.169423865852877, 798362.597281537018716 ], [ 1990457.565722176572308, 798380.049260128289461 ], [ 1990436.960800144355744, 798507.93867204640992 ], [ 1990428.990450878394768, 798637.231897024787031 ], [ 1990433.731433199020103, 798766.683770627947524 ], [ 1990451.138088854728267, 798895.047600547433831 ], [ 1990481.042782236123458, 799021.087172930478118 ], [ 1990523.157514798687771, 799143.588657794636674 ], [ 1990577.076698645018041, 799261.372298874543048 ], [ 1990642.281062559923157, 799373.303775319713168 ], [ 1990674.237466073129326, 799417.535190878086723 ], [ 1990673.130918855080381, 799452.962893621297553 ], [ 1990673.348766185110435, 799487.955933870282024 ], [ 1990677.663991848938167, 799586.700551957590505 ], [ 1990680.499616099055856, 799621.579419211600907 ], [ 1990697.343770628795028, 799750.158211472560652 ], [ 1990726.723034337162971, 799876.463754601543769 ], [ 1990768.353862402960658, 799999.277049955329858 ], [ 1990917.394902902888134, 800376.847817119327374 ], [ 1990970.812075206078589, 800494.859978339402005 ], [ 1991035.539243791252375, 800607.068080273573287 ], [ 1991110.953050641575828, 800712.391497561009601 ], [ 1991196.327219571219757, 800809.815908117569052 ], [ 1991290.83955066348426, 800898.40306161204353 ], [ 1991393.579838504083455, 800977.299815329490229 ], [ 1991503.558637957554311, 801045.746350402361713 ], [ 1991619.716793064726517, 801103.083489281241782 ], [ 1991740.93563729361631, 801148.759043974918313 ], [ 1991866.047766908770427, 801182.333133923006244 ], [ 1991993.848283709259704, 801203.482422285946086 ], [ 1991996.163140108808875, 801203.635019636712968 ], [ 1991949.3816455360502, 801320.405564385699108 ], [ 1991913.225449550896883, 801444.796054314007051 ], [ 1991889.435755639104173, 801572.131496969610453 ], [ 1991878.241671557305381, 801701.185582431149669 ], [ 1991876.106177147245035, 801758.203513013198972 ], [ 1991875.190853777807206, 801812.616272321669385 ], [ 1991875.407388777704909, 801869.673900983645581 ], [ 1991876.736052807187662, 801924.086526983068325 ], [ 1991879.304617227287963, 801981.086741068051197 ], [ 1991882.874905980192125, 802035.393505933345295 ], [ 1991887.790906640235335, 802092.239192771376111 ], [ 1991893.596122891642153, 802146.347583630704321 ], [ 1991900.710106620332226, 802201.843284016940743 ], [ 1991882.372692204313353, 802201.736215934739448 ], [ 1991835.600476034218445, 802202.222763509838842 ], [ 1991806.777141222730279, 802202.837449303711765 ], [ 1991776.638421972747892, 802203.809560230700299 ], [ 1991687.349596099695191, 802209.724244359647855 ], [ 1991652.193521710112691, 802213.253309961059131 ], [ 1991614.300982561893761, 802216.928269680705853 ], [ 1991563.515625033294782, 802222.848496949649416 ], [ 1991505.961606283439323, 802230.690344786620699 ], [ 1991375.394180187722668, 802255.227767166798003 ], [ 1991343.067801277618855, 802263.005310666863807 ], [ 1991343.103103607194498, 802263.15204034850467 ], [ 1991310.726918249391019, 802270.685667719924822 ], [ 1991274.22010150924325, 802280.167932208976708 ], [ 1991213.613831652561203, 802297.464359070407227 ], [ 1991138.678614062722772, 802320.798629995435476 ], [ 1991038.175207038410008, 802356.610773199237883 ], [ 1991016.465376903535798, 802365.350649598171003 ], [ 1991004.417426573345438, 802369.844993659644388 ], [ 1990869.270120565081015, 802429.061957190046087 ], [ 1990862.599332877201959, 802432.441173383151181 ], [ 1990858.435754413716495, 802434.131887306459248 ], [ 1990834.726400947896764, 802445.140522914705798 ], [ 1990821.222961837658659, 802438.995186271495186 ], [ 1990698.628114215331152, 802397.153008637251332 ], [ 1990572.522343695862219, 802367.528708908008412 ], [ 1990444.120117786107585, 802350.407585284439847 ], [ 1990314.658020113129169, 802345.954523546504788 ], [ 1990185.382841448765248, 802354.212409112951718 ], [ 1990057.539572432637215, 802375.101714031421579 ], [ 1989932.359413631493226, 802408.421262876596302 ], [ 1989811.047918404918164, 802453.850170178571716 ], [ 1989694.773382767802104, 802510.95093072601594 ], [ 1989584.655594060430303, 802579.173632980557159 ], [ 1989481.755046784412116, 802657.861255025141872 ], [ 1989387.06272946135141, 802746.255992044345476 ], [ 1989301.490580870769918, 802843.50655439926777 ], [ 1989225.862707582535222, 802948.676366011844948 ], [ 1989160.907447358826175, 803060.752584104659036 ], [ 1989107.25035486347042, 803178.655853430274874 ], [ 1989099.812169227749109, 803200.449251531157643 ], [ 1989026.177350323880091, 803265.041880253236741 ], [ 1988937.637785447062925, 803359.598794036312029 ], [ 1988858.792761062970385, 803462.37878538959194 ], [ 1988790.401597857475281, 803572.392026811372489 ], [ 1988733.122940118424594, 803688.579030647175387 ], [ 1988687.508412631694227, 803809.820852535893209 ], [ 1988685.118889608187601, 803818.743228190462105 ], [ 1988672.94456561980769, 803822.549216425395571 ], [ 1988666.060203036759049, 803824.865078825736418 ], [ 1988636.512413004413247, 803832.359595626010559 ], [ 1988536.16899904049933, 803866.588794304756448 ], [ 1988511.07816997054033, 803876.289234219817445 ], [ 1988430.703829831443727, 803910.460699371760711 ], [ 1988408.896786831552163, 803920.596505872788839 ], [ 1988351.687731590587646, 803948.88843283650931 ], [ 1988323.599861240480095, 803963.634466341463849 ], [ 1988310.715666835196316, 803970.489746909122914 ], [ 1988276.201956335222349, 803989.098961661104113 ], [ 1988189.583748668432236, 804040.152430633082986 ], [ 1988158.004082992207259, 804060.424718841910362 ], [ 1988101.493875697953627, 804096.073013054090552 ], [ 1988001.325890328502283, 804165.941853583557531 ], [ 1987988.909426668891683, 804175.485844983602874 ], [ 1987987.774809792637825, 804176.30896865145769 ], [ 1987953.149184153880924, 804202.305947352549993 ], [ 1987900.268712473800406, 804243.381980691570789 ], [ 1987883.2486066382844, 804256.82837520854082 ], [ 1987869.54522196832113, 804267.838523793499917 ], [ 1987855.45404998306185, 804279.320789630408399 ], [ 1987781.769309583352879, 804340.212174614192918 ], [ 1987765.854162837844342, 804353.000640341662802 ], [ 1987740.065346546471119, 804370.675605505006388 ], [ 1987719.789143020054325, 804385.450600060168654 ], [ 1987703.696818620664999, 804390.048423710628413 ], [ 1987668.171175343450159, 804397.167646259069443 ], [ 1987529.778847838519141, 804409.872341746115126 ], [ 1987475.840944, 804414.696136807673611 ], [ 1987409.910570165142417, 804419.845919440151192 ], [ 1987391.737198313465342, 804421.391822663368657 ], [ 1987214.025831261649728, 804437.746094423113391 ], [ 1987017.705571530153975, 804455.353251726482995 ], [ 1986911.271264686714858, 804469.280910510453396 ], [ 1986876.824811256723478, 804475.22184351447504 ], [ 1986826.14727450395003, 804486.547719479189254 ], [ 1986819.620509803993627, 804486.886280632112175 ], [ 1986801.307022204622626, 804487.62613629444968 ], [ 1986799.852799909887835, 804487.63576914393343 ], [ 1986775.98765048570931, 804487.32493022212293 ], [ 1986761.684714725939557, 804487.125655794749036 ], [ 1986752.403405825374648, 804486.71686531289015 ], [ 1986729.454374095192179, 804485.373677628929727 ], [ 1986649.163254053797573, 804478.547963810153306 ], [ 1986533.785457689547911, 804466.787744532804936 ], [ 1986526.272933528525755, 804466.043708121753298 ], [ 1986515.715868018567562, 804465.028618281707168 ], [ 1986456.542473162990063, 804459.339315899414942 ], [ 1986432.900817702757195, 804389.277202266501263 ], [ 1986379.65278740064241, 804271.188626351300627 ], [ 1986315.0864564019721, 804158.887898864340968 ], [ 1986239.823633769527078, 804053.456537201185711 ], [ 1986228.297285452717915, 804040.265205211355351 ], [ 1986218.118235586909577, 804026.005852902657352 ], [ 1986132.884087982354686, 803928.458917661919259 ], [ 1986038.499094455037266, 803839.736104983254336 ], [ 1985935.872234089067206, 803760.691864053718746 ], [ 1985869.635470462497324, 803719.33656805776991 ], [ 1985822.901821904582903, 803626.933106981217861 ], [ 1985753.389820483978838, 803517.624616225832142 ], [ 1985673.498432672116905, 803415.655843328218907 ], [ 1985583.997056206921116, 803322.008803313365206 ], [ 1985485.747638270026073, 803237.585368369123898 ], [ 1985379.696374464547262, 803163.19858232466504 ], [ 1985266.864596434868872, 803099.564830593531951 ], [ 1985148.338935883250087, 803047.296940990607254 ], [ 1985025.260859713656828, 803006.898281865403987 ], [ 1984898.815677081001922, 802978.757914389367215 ], [ 1984770.221124215750024, 802963.146845684270374 ], [ 1984640.715636959066615, 802960.215418875799514 ], [ 1984511.546423947904259, 802969.991865206626244 ], [ 1984239.468075627926737, 803004.077785880072042 ], [ 1984233.414924191078171, 802968.806750597548671 ], [ 1984227.346388268982992, 802939.812041243421845 ] ], [ [ 1984350.136282408377156, 793821.204611406545155 ], [ 1984247.472845881478861, 793742.20788177032955 ], [ 1984137.560728327836841, 793673.654319444089197 ], [ 1984021.458443523617461, 793616.204132708255202 ], [ 1983900.284119939664379, 793570.410598266404122 ], [ 1983775.204732552403584, 793536.714732888736762 ], [ 1983647.424864237662405, 793515.441046178690158 ], [ 1983518.175104979192838, 793506.794415368814953 ], [ 1983388.700200613820925, 793510.858112240326591 ], [ 1983260.247065248433501, 793527.593001171131618 ], [ 1983134.052772796247154, 793556.837916032527573 ], [ 1983011.332643278641626, 793598.311212307424285 ], [ 1982893.268538628472015, 793651.613479481078684 ], [ 1982780.997480713762343, 793716.231387582723983 ], [ 1982675.600701195886359, 793791.542630833690055 ], [ 1982578.093228677287698, 793876.821920791873708 ], [ 1982489.414113421458751, 793971.247971276869066 ], [ 1982410.417383785359561, 794073.911407803767361 ], [ 1982341.863821459002793, 794183.823525357292965 ], [ 1982334.683827944332734, 794198.333724527969025 ], [ 1982266.80675665079616, 794249.807544965762645 ], [ 1982171.759536840720102, 794337.820558203035034 ], [ 1982085.796779242344201, 794434.726021407172084 ], [ 1982009.746352203423157, 794539.590681993751787 ], [ 1981944.340662909904495, 794651.404635956278071 ], [ 1981896.03281948924996, 794756.430791919818148 ], [ 1981852.670484739821404, 794723.578105831169523 ], [ 1981811.26439957972616, 794695.27566898718942 ], [ 1981781.893189548049122, 794675.769850797951221 ], [ 1981734.435607298044488, 794645.158035389962606 ], [ 1981660.060419427230954, 794600.5728538564872 ], [ 1981646.498893580865115, 794593.037366641801782 ], [ 1981635.088317700428888, 794585.719659543596208 ], [ 1981598.069499796023592, 794562.831547916634008 ], [ 1981549.111592466011643, 794533.666251912596636 ], [ 1981450.875913701253012, 794480.639722784166224 ], [ 1981348.511046634521335, 794436.103272945736535 ], [ 1981297.4776841243729, 794416.422209949698299 ], [ 1981203.407446297816932, 794384.15912395878695 ], [ 1981107.175204550148919, 794359.069843167904764 ], [ 1981060.044393310323358, 794348.661071324953809 ], [ 1980997.224040760425851, 794336.376693743281066 ], [ 1980947.54172542039305, 794327.906566340243444 ], [ 1980930.042888149153441, 794325.044074170757085 ], [ 1980882.076120569137856, 794317.528013072791509 ], [ 1980738.035541919525713, 794302.993710673064925 ], [ 1980690.54876024951227, 794300.822127095074393 ], [ 1980580.696180371567607, 794300.374448106158525 ], [ 1980471.186793061438948, 794309.06259021430742 ], [ 1980454.136279767146334, 794311.132271577254869 ], [ 1980422.449289157986641, 794314.978527043596841 ], [ 1980378.783947120420635, 794321.020197753561661 ], [ 1980332.548475290415809, 794328.206207012524828 ], [ 1980284.204953919164836, 794336.643031434505247 ], [ 1980240.892048419220373, 794345.034418851486407 ], [ 1980145.322922586463392, 794367.264502284466289 ], [ 1980105.649773576296866, 794378.06172477954533 ], [ 1980104.095958066405728, 794378.485620850813575 ], [ 1980082.835769474506378, 794384.299546236405149 ], [ 1980058.243816240690649, 794390.539014389156364 ], [ 1980058.318067987915128, 794390.83166681532748 ], [ 1979974.198427078546956, 794412.383146745618433 ], [ 1979860.580455199116841, 794452.85674176493194 ], [ 1979794.863176026614383, 794483.284016215009615 ], [ 1979689.067727928049862, 794521.965769879869185 ], [ 1979686.011110768886283, 794523.280697975540534 ], [ 1979685.294409047579393, 794502.232672238606028 ], [ 1979669.531655018217862, 794379.546359445899725 ], [ 1979644.061161532765254, 794266.454087827936746 ], [ 1979677.7593069516588, 794136.88535902230069 ], [ 1979697.452464891131967, 794008.178559057181701 ], [ 1979698.903034050483257, 793998.913466825266369 ], [ 1979706.299208912998438, 793869.586125979898497 ], [ 1979700.98347305576317, 793740.156579720089212 ], [ 1979683.007019921205938, 793611.871305329608731 ], [ 1979652.542972579831257, 793485.965760128805414 ], [ 1979609.884716460946947, 793363.652483344892971 ], [ 1979555.443073890171945, 793246.109418696607463 ], [ 1979489.74234764627181, 793134.46857015194837 ], [ 1979413.415271638892591, 793029.805100111523643 ], [ 1979327.196917334571481, 792933.126975006889552 ], [ 1979231.917614616686478, 792845.36525803222321 ], [ 1979128.962186431745067, 792767.717522584483959 ], [ 1979195.118044958915561, 792799.006913380580954 ], [ 1979317.084401708329096, 792842.647173623088747 ], [ 1979442.740950625156984, 792874.122500579454936 ], [ 1979570.877550452947617, 792893.129769644932821 ], [ 1979700.260175688425079, 792899.485930428025313 ], [ 1979829.642800922971219, 792893.129769625724293 ], [ 1979957.779400747735053, 792874.12250054103788 ], [ 1980083.435949660139158, 792842.647173565928824 ], [ 1980205.402306402800605, 792799.006913305260241 ], [ 1980322.503868287196383, 792743.621999321389012 ], [ 1980433.612883257679641, 792677.02581861265935 ], [ 1980537.659310762071982, 792599.859728804323822 ], [ 1980633.641126825707033, 792512.86688152467832 ], [ 1980681.242081485688686, 792465.265926857595332 ], [ 1980729.008966130204499, 792414.918907242361456 ], [ 1980794.917955060256645, 792341.686770233442076 ], [ 1980893.782494007609785, 792217.581867198692635 ], [ 1980941.383448667591438, 792149.84217328869272 ], [ 1981019.032708133338019, 792024.651008276152425 ], [ 1981040.004205459263176, 792021.600640968303196 ], [ 1981165.044274959247559, 791997.20062235801015 ], [ 1981287.149772772565484, 791960.860186305013485 ], [ 1981405.183291520923376, 791912.917842383729294 ], [ 1981462.233577235369012, 791883.044748318847269 ], [ 1981504.609001591568813, 791898.817626157426275 ], [ 1981600.660241253208369, 791929.201271172845736 ], [ 1981634.107332068728283, 791944.892730467487127 ], [ 1981739.038411639165133, 791997.493612463935278 ], [ 1981797.004421335877851, 792061.955569409183227 ], [ 1981907.870826971251518, 792171.486819119658321 ], [ 1982147.212366975611076, 792381.521146032377146 ], [ 1982314.631358973216265, 792554.89702009584289 ], [ 1982349.821472253184766, 792589.992316866875626 ], [ 1982461.354057573247701, 792697.112837533815764 ], [ 1982551.976592135615647, 792776.52524217183236 ], [ 1982649.463031779974699, 792847.343092085560784 ], [ 1982693.503406694158912, 792873.559055121964775 ], [ 1982706.749573021195829, 792885.911825984832831 ], [ 1982811.852861573686823, 792965.88142824289389 ], [ 1982924.421130627160892, 793034.94823178939987 ], [ 1982957.966667207190767, 793053.286449703504331 ], [ 1983092.941950363107026, 793117.431925305631012 ], [ 1983234.302727479953319, 793165.909753188258037 ], [ 1983380.237126502906904, 793198.09857555036433 ], [ 1983457.615580662852153, 793210.622172552277334 ], [ 1983463.321252740453929, 793211.532817780855112 ], [ 1983551.434265490621328, 793225.398275613901205 ], [ 1983640.601793736452237, 793236.335061579011381 ], [ 1983655.656736285425723, 793237.663471342413686 ], [ 1983688.467517645796761, 793243.657732017687522 ], [ 1983778.774023827165365, 793256.947735621477477 ], [ 1983834.683360827155411, 793263.209534122492187 ], [ 1983963.969527127686888, 793271.293573708157055 ], [ 1984093.425519642652944, 793266.666426128591411 ], [ 1984221.80460639600642, 793249.372653344646096 ], [ 1984284.871012741699815, 793234.467812236514874 ], [ 1984338.310889088781551, 793228.075560601078905 ], [ 1984463.471815514145419, 793206.958108214195818 ], [ 1984586.025802677031606, 793173.916853252449073 ], [ 1984651.327837427146733, 793152.894913676544093 ], [ 1984747.70316893956624, 793117.680374105228111 ], [ 1984841.052073634928092, 793075.086356761399657 ], [ 1984889.351352525874972, 793050.737177066970617 ], [ 1984951.150814706692472, 793020.343889307230711 ], [ 1984984.769445096841082, 793010.976580598624423 ], [ 1985114.935606739018112, 792959.305050231516361 ], [ 1985238.894729685969651, 792894.133641428314149 ], [ 1985261.531495426082984, 792880.653353430330753 ], [ 1985363.636324527207762, 792813.250391114037484 ], [ 1985455.363043428631499, 792739.651293237810023 ], [ 1985546.022610104177147, 792688.30187768896576 ], [ 1985650.271486159646884, 792615.150891583994962 ], [ 1985651.365486877737567, 792614.213643141323701 ], [ 1985758.229858040111139, 792621.598691335995682 ], [ 1985773.649450277211145, 792646.445355951203965 ], [ 1985868.976207464933395, 792766.38540585397277 ], [ 1985904.509600965073332, 792806.121546849957667 ], [ 1985936.236128081800416, 792840.362340920837596 ], [ 1985963.745587501674891, 792869.018451594864018 ], [ 1986036.379369528032839, 792939.107223009923473 ], [ 1986114.156343599781394, 793003.441074706614017 ], [ 1986140.137590849772096, 793023.308817125624046 ], [ 1986234.368882182985544, 793089.070713788154535 ], [ 1986333.962439788505435, 793146.388133500469849 ], [ 1986438.163529047276825, 793194.826716430601664 ], [ 1986543.325671124504879, 793232.982841164455749 ], [ 1986580.019478513859212, 793263.42951100342907 ], [ 1986602.922319843899459, 793280.900276593398303 ], [ 1986691.481924288207665, 793342.888334476505406 ], [ 1986715.737781288102269, 793358.42668923153542 ], [ 1986809.079145955154672, 793412.964062421233393 ], [ 1986834.524961205199361, 793426.46534775022883 ], [ 1986932.036657184362411, 793473.190551181673072 ], [ 1986958.502155444351956, 793484.563888018601574 ], [ 1987059.485817491542548, 793523.142848095507361 ], [ 1987086.793177571613342, 793532.31244917854201 ], [ 1987190.589661465026438, 793562.497557683382183 ], [ 1987218.555812875041738, 793569.402071429416537 ], [ 1987324.502407813211903, 793590.997642798582092 ], [ 1987352.940014983061701, 793595.590153290540911 ], [ 1987400.767195445019752, 793601.315898892586119 ], [ 1987405.893122184090316, 793602.215188459609635 ], [ 1987420.804188071284443, 793607.556994459591806 ], [ 1987537.583356835879385, 793643.388734494685195 ], [ 1987564.724050585879013, 793650.360177239635959 ], [ 1987684.340791158610955, 793675.247379290289246 ], [ 1987712.009370988700539, 793679.679457040387206 ], [ 1987787.266478084726259, 793688.18489337421488 ], [ 1987788.000414730748162, 793698.198490067734383 ], [ 1987798.72297671274282, 793760.1662525634747 ], [ 1987762.146828553872183, 793869.17801656271331 ], [ 1987753.316055801464245, 793908.400803482625633 ], [ 1987661.414998898515478, 793868.618058138759807 ], [ 1987538.065098522463813, 793829.057135880691931 ], [ 1987411.431513163028285, 793801.777114771073684 ], [ 1987282.733793472172692, 793787.040716326097026 ], [ 1987153.211368844145909, 793784.989860118599609 ], [ 1987024.111611031927168, 793795.644297014805488 ], [ 1986896.677821276709437, 793818.901418963214383 ], [ 1986772.13725663581863, 793854.537247165804729 ], [ 1986651.689310827990994, 793902.208589116577059 ], [ 1986539.666636465815827, 793959.824561211280525 ], [ 1984491.236158102052286, 793963.250103552942164 ], [ 1984444.562332893256098, 793909.883726662257686 ], [ 1984350.136282408377156, 793821.204611406545155 ] ], [ [ 1981234.454240305814892, 782621.188912188750692 ], [ 1981101.218635194003582, 782561.047694299835712 ], [ 1980983.718553028302267, 782447.2658222039463 ], [ 1981033.949768521822989, 782447.197804722236469 ], [ 1981161.205080174375325, 782434.652673492091708 ], [ 1981286.649431138532236, 782409.853288972983137 ], [ 1981409.105607487726957, 782373.03237731475383 ], [ 1981467.325177050428465, 782349.169154926319607 ], [ 1981532.898826468735933, 782331.975075903930701 ], [ 1981570.497799581149593, 782317.97753271239344 ], [ 1981543.64494745945558, 782417.533842817298137 ], [ 1981521.08328243996948, 782571.50156984559726 ], [ 1981509.043608349980786, 782710.306738429586403 ], [ 1981506.211735168937594, 782786.835946687380783 ], [ 1981433.451077750883996, 782732.632856440613978 ], [ 1981336.364164569182321, 782672.60484526201617 ], [ 1981234.454240305814892, 782621.188912188750692 ] ], [ [ 1981673.222950611263514, 804009.064177510910667 ], [ 1981674.453818710753694, 804095.441012374940328 ], [ 1981674.100296731805429, 804180.105136759579182 ], [ 1981672.709813631139696, 804235.249197100987658 ], [ 1981661.644070519832894, 804348.229490333003923 ], [ 1981655.131416356889531, 804408.712452180800028 ], [ 1981535.258417991921306, 804412.529249707353301 ], [ 1981435.065917465370148, 804414.730241448851302 ], [ 1981434.612798055633903, 804355.488176801474765 ], [ 1981427.641042870935053, 804229.723026626743376 ], [ 1981408.713818985735998, 804105.194963264162652 ], [ 1981388.556707065552473, 804005.019638675148599 ], [ 1981388.077459561405703, 804003.137123181601055 ], [ 1981444.805691827088594, 804003.473671039100736 ], [ 1981514.354765337193385, 803999.789623280172236 ], [ 1981582.134042618330568, 803994.445888164220378 ], [ 1981631.796344858361408, 803989.240518007194623 ], [ 1981670.713554377900437, 803982.903048896114342 ], [ 1981672.362900224514306, 803982.752440032549202 ], [ 1981673.222950611263514, 804009.064177510910667 ] ], [ [ 1993503.10973628400825, 800466.497554468805902 ], [ 1993375.774293628288433, 800442.707860556896776 ], [ 1993345.052178957499564, 800440.04304034949746 ], [ 1993356.095204861136153, 800417.671196535113268 ], [ 1993401.770759555045515, 800296.452352306456305 ], [ 1993435.344849503133446, 800171.340222691069357 ], [ 1993456.494137865956873, 800043.53970589058008 ], [ 1993465.014945435104892, 799914.281590744620189 ], [ 1993460.825212176190689, 799784.810703561641276 ], [ 1993443.965287510072812, 799656.37391976127401 ], [ 1993414.597541728522629, 799530.208155782194808 ], [ 1993396.436754791298881, 799476.642079051234759 ], [ 1993401.902074720477685, 799460.584376343525946 ], [ 1993408.777389050461352, 799436.526353590539657 ], [ 1993438.502635406097397, 799308.807671012240462 ], [ 1993442.9570228359662, 799284.186001094174571 ], [ 1993459.865904327947646, 799154.116178955649957 ], [ 1993461.854745487915352, 799129.173971619689837 ], [ 1993465.771774067776278, 798998.083058785181493 ], [ 1993465.27571206795983, 798973.066704626195133 ], [ 1993456.167110363487154, 798842.252835480612703 ], [ 1993453.191394533263519, 798817.409053145558573 ], [ 1993431.146309338975698, 798688.134322810801677 ], [ 1993425.720139079028741, 798663.708518642815761 ], [ 1993390.94936458603479, 798537.237963502644561 ], [ 1993383.125889416085556, 798513.47127874661237 ], [ 1993335.985994742484763, 798391.099741600919515 ], [ 1993325.842970422469079, 798368.226755849900655 ], [ 1993266.796367028029636, 798251.14146446925588 ], [ 1993256.785070694750175, 798233.524919947376475 ], [ 1993270.075148668140173, 798198.766294118948281 ], [ 1993279.946620170027018, 798171.910791955539025 ], [ 1993310.330352067248896, 798182.716570798191242 ], [ 1993436.047041764948517, 798213.950821616686881 ], [ 1993502.347236378816888, 798223.655596511205658 ], [ 1993506.755706195253879, 798230.972210077685304 ], [ 1993584.162512851879001, 798334.839677438489161 ], [ 1993671.377376700984314, 798430.619800723623484 ], [ 1993726.493604749906808, 798480.34226177923847 ], [ 1993726.966484656091779, 798481.381621567183174 ], [ 1993791.910426604561508, 798593.464398553245701 ], [ 1993867.527679002145305, 798698.641846861341037 ], [ 1993953.090006371261552, 798795.901050168205984 ], [ 1994047.773396726464853, 798884.305349178961478 ], [ 1994150.665997259318829, 798963.003362167277373 ], [ 1994260.776895980117843, 799031.237184247351252 ], [ 1994319.058372220024467, 799059.865688474150375 ], [ 1994349.032750928075984, 799084.089225690113381 ], [ 1994365.403922498691827, 799097.106395977083594 ], [ 1994469.038229658734053, 799178.177099975058809 ], [ 1994516.436088004149497, 799211.717823132639751 ], [ 1994508.960949007887393, 799226.544261355884373 ], [ 1994460.610980077879503, 799330.689394269837067 ], [ 1994443.268613236956298, 799369.682896143407561 ], [ 1994411.283566911239177, 799444.849297754350118 ], [ 1994362.509821866638958, 799553.484835956362076 ], [ 1994360.732119667110965, 799557.461927523720078 ], [ 1994329.624898426933214, 799627.364674856769852 ], [ 1994316.873414780711755, 799656.988324061385356 ], [ 1994274.377030506031588, 799759.132267830660567 ], [ 1994232.673688157927245, 799855.469824730535038 ], [ 1994179.365115559194237, 800001.72039020282682 ], [ 1994134.145061629358679, 800152.958932863781229 ], [ 1994130.186853169463575, 800166.458865860593505 ], [ 1994069.043666818412021, 800379.187026432249695 ], [ 1994061.006569039076567, 800403.689999374211766 ], [ 1994047.560834338190034, 800415.851999448030256 ], [ 1994042.861739483196288, 800420.123042468330823 ], [ 1993918.362735011382028, 800533.829182673362084 ], [ 1993844.629515185020864, 800601.170144325471483 ], [ 1993747.747814996633679, 800550.828244579723105 ], [ 1993627.500226212432608, 800502.653750453842804 ], [ 1993503.10973628400825, 800466.497554468805902 ] ], [ [ 1989632.585741454036906, 786010.361548538436182 ], [ 1989643.287819044664502, 785877.225944712641649 ], [ 1989640.48094968427904, 785743.690387817914598 ], [ 1989624.740743404487148, 785615.573336917674169 ], [ 1989630.36067792866379, 785596.037360716611147 ], [ 1989659.160463184816763, 785474.572753391927108 ], [ 1989676.357422753004357, 785350.930757917230949 ], [ 1989679.399080856703222, 785281.204129222081974 ], [ 1989690.8232275119517, 785337.068010740447789 ], [ 1989729.091301014646888, 785460.825107680866495 ], [ 1989779.305420021060854, 785580.235353242605925 ], [ 1989840.981995115755126, 785694.148761484655552 ], [ 1989913.527047164505348, 785801.46828401426319 ], [ 1989996.241927658906206, 785901.160375162609853 ], [ 1990088.330047083320096, 785992.264945594593883 ], [ 1990188.904546507168561, 786073.904608494252898 ], [ 1990296.99683852144517, 786145.293129279161803 ], [ 1990411.565935264574364, 786205.742997469031252 ], [ 1990531.508473705267534, 786254.672047788044438 ], [ 1990655.669341631233692, 786291.609066734323278 ], [ 1990782.852802010718733, 786316.198330623446964 ], [ 1990911.834008594974875, 786328.203031402430497 ], [ 1991041.370801856275648, 786327.507557240314782 ], [ 1991170.215671663405374, 786314.118605933501385 ], [ 1991292.661538753658533, 786289.078463627607562 ], [ 1991235.938969198148698, 786352.466340925777331 ], [ 1991159.435011806664988, 786457.000588883995079 ], [ 1991093.545589932240546, 786568.530174993560649 ], [ 1991038.905254725832492, 786685.981008371920325 ], [ 1990996.040222485549748, 786808.221973288571462 ], [ 1990965.363306903745979, 786934.075822427636012 ], [ 1990947.169943447690457, 787062.330514423199929 ], [ 1990941.635344152338803, 787191.750886480207555 ], [ 1990942.744830102426931, 787211.744089854648337 ], [ 1990941.889280652394518, 787231.750150318257511 ], [ 1990949.066746735014021, 787361.089813505415805 ], [ 1990968.887155273463577, 787489.103156161960214 ], [ 1991001.159624898573384, 787614.557339818915352 ], [ 1991045.573354085674509, 787736.244172107428312 ], [ 1991101.700614344095811, 787852.991742311744019 ], [ 1991169.00086947507225, 787963.675707510090433 ], [ 1991174.481311147101223, 787970.968005690956488 ], [ 1991172.012122441781685, 787969.474657094455324 ], [ 1991055.131653560791165, 787913.624675116734579 ], [ 1990933.339740563416854, 787869.499915387714282 ], [ 1990807.80930614983663, 787837.525323464651592 ], [ 1990700.215127838775516, 787821.127850644872524 ], [ 1990681.316601666854694, 787726.14536242489703 ], [ 1990643.706816486548632, 787602.186625131289475 ], [ 1990594.128051753155887, 787482.511186631047167 ], [ 1990533.057778073940426, 787368.271586817922071 ], [ 1990461.0841355684679, 787260.568015487981029 ], [ 1990378.900269758887589, 787160.437716909800656 ], [ 1990287.297656199662015, 787068.845000595552847 ], [ 1990195.757484949659556, 786985.886833176598884 ], [ 1990094.512814015848562, 786902.894882796448655 ], [ 1989985.54535098397173, 786830.339805642608553 ], [ 1989869.92689361795783, 786768.935249324189499 ], [ 1989748.79465848300606, 786719.285185561864637 ], [ 1989623.340095349121839, 786681.877969556604512 ], [ 1989483.169115849072114, 786647.55028230859898 ], [ 1989442.933822460938245, 786639.831877004122362 ], [ 1989449.821933284169063, 786629.147029212675989 ], [ 1989509.000243777409196, 786513.915991467190906 ], [ 1989556.598977733403444, 786393.439333900227211 ], [ 1989592.159733324311674, 786268.877312583383173 ], [ 1989615.340041034156457, 786141.429527874453925 ], [ 1989632.585741454036906, 786010.361548538436182 ] ] ] } }
]
}
