{
"type": "FeatureCollection",
"name": "bike_buffer",
"crs": { "type": "name", "properties": { "name": "urn:ogc:def:crs:EPSG::2264" } },
"features": [
{ "type": "Feature", "properties": { "FID": 1, "FeatureTyp": "Sharrows", "Label": "West Rosemary Street", "Fr_St": "Pritchard Avenue", "To_St": "Columbia Street", "Notes": " ", "Shape_Leng": 291.97160499199998, "GlobalID": "68dd959e-e845-46e3-80f6-7c90a329184e" }, "geometry": { "type": "Polygon", "coordinates": [ [ [ 1982751.025250675855204, 788805.848153500701301 ], [ 1982871.068493602797389, 788854.529611164936796 ], [ 1982995.305312771350145, 788891.210358916898258 ], [ 1983122.539239697856829, 788915.537141104112379 ], [ 1983251.544942112872377, 788927.275677515543066 ], [ 1983381.080024580936879, 788926.312919628806412 ], [ 1983509.896993446396664, 788912.658139328705147 ], [ 1983636.755270880647004, 788886.442839613649994 ], [ 1983760.433142324211076, 788847.919488150975667 ], [ 1983879.739522265968844, 788797.459085874143057 ], [ 1983993.52542504738085, 788735.54759404156357 ], [ 1984100.695030223112553, 788662.781254163826816 ], [ 1984200.216235910309479, 788579.86084587208461 ], [ 1984291.130598494783044, 788487.58493802708108 ], [ 1984372.562562965555117, 788386.842198064550757 ], [ 1984443.7278949895408, 788278.602833641925827 ], [ 1984503.941233516670763, 788163.909249008167535 ], [ 1984552.622691181022674, 788043.86600608122535 ], [ 1984589.303438932867721, 787919.62918691278901 ], [ 1984613.630221120081842, 787792.395259986282326 ], [ 1984625.368757531745359, 787663.389557571033947 ], [ 1984624.40599964489229, 787533.854475103085861 ], [ 1984610.751219344791025, 787405.037506237626076 ], [ 1984584.535919629735872, 787278.179228803375736 ], [ 1984546.01256816717796, 787154.501357359811664 ], [ 1984495.55216589034535, 787035.194977418170311 ], [ 1984433.640674057649449, 786921.40907463664189 ], [ 1984360.874334180029109, 786814.239469460910186 ], [ 1984277.953925888286904, 786714.718263773596846 ], [ 1984185.678018043283373, 786623.803901189356111 ], [ 1984084.935278080636635, 786542.371936718584038 ], [ 1983976.695913658011705, 786471.206604694481939 ], [ 1983862.002329024253413, 786410.993266167235561 ], [ 1983597.142622514162213, 786288.124417425249703 ], [ 1983477.099379587220028, 786239.442959761014208 ], [ 1983352.862560418667272, 786202.762212009052746 ], [ 1983225.628633492160589, 786178.435429821838625 ], [ 1983096.62293107714504, 786166.696893410407938 ], [ 1982967.087848609080538, 786167.659651297144592 ], [ 1982838.270879743620753, 786181.314431597245857 ], [ 1982711.412602309370413, 786207.52973131230101 ], [ 1982587.734730865806341, 786246.053082774975337 ], [ 1982468.428350924048573, 786296.513485051807947 ], [ 1982354.642448142636567, 786358.424976884387434 ], [ 1982247.472842966904864, 786431.191316762124188 ], [ 1982147.951637279707938, 786514.111725053866394 ], [ 1982057.037274695234373, 786606.387632898869924 ], [ 1981975.605310224462301, 786707.130372861400247 ], [ 1981904.439978200476617, 786815.369737284025177 ], [ 1981844.226639673346654, 786930.063321917783469 ], [ 1981795.545182008994743, 787050.106564844725654 ], [ 1981758.864434257149696, 787174.343384013161995 ], [ 1981734.537652069935575, 787301.577310939668678 ], [ 1981722.799115658272058, 787430.583013354917057 ], [ 1981723.761873545125127, 787560.118095822865143 ], [ 1981737.416653845226392, 787688.935064688324928 ], [ 1981763.631953560281545, 787815.793342122575268 ], [ 1981802.155305022839457, 787939.47121356613934 ], [ 1981852.615707299672067, 788058.777593507780693 ], [ 1981914.527199132367969, 788172.563496289309114 ], [ 1981987.293539009988308, 788279.733101465040818 ], [ 1982070.213947301730514, 788379.254307152354158 ], [ 1982162.489855146734044, 788470.168669736594893 ], [ 1982263.232595109380782, 788551.600634207366966 ], [ 1982371.471959532005712, 788622.765966231469065 ], [ 1982486.165544165764004, 788682.979304758715443 ], [ 1982751.025250675855204, 788805.848153500701301 ] ] ] } },
{ "type": "Feature", "properties": { "FID": 2, "FeatureTyp": "Sharrows", "Label": "Ransom Street", "Fr_St": "W. Cameron Ave", "To_St": "S. Columbia St.", "Notes": " ", "Shape_Leng": 2215.8519744499999, "GlobalID": "1a95e6f5-24f4-4ef6-9c6f-2cdc99f05534" }, "geometry": { "type": "Polygon", "coordinates": [ [ [ 1981665.816641350509599, 784515.66403748258017 ], [ 1981634.808150264667347, 784582.082048855023459 ], [ 1981630.534497878048569, 784591.328825652017258 ], [ 1981538.774240395054221, 784791.896361999679357 ], [ 1981498.86570513737388, 784878.636645196937025 ], [ 1981498.148389294976369, 784880.198391358251683 ], [ 1981457.030689375009388, 784969.874065022333525 ], [ 1981453.825269325869158, 784976.919376234640367 ], [ 1981437.523074527271092, 785013.031079384731129 ], [ 1981419.364281233632937, 785051.069257454946637 ], [ 1981414.861625707242638, 785060.598879583994858 ], [ 1981401.28652161709033, 785089.629333340912126 ], [ 1981396.553102319594473, 785099.865515422308818 ], [ 1981346.055326826870441, 785210.304654569248669 ], [ 1981345.196229991270229, 785212.183321047923528 ], [ 1981297.170188493095338, 785332.490277749253437 ], [ 1981261.167549369391054, 785456.92529881990049 ], [ 1981237.535037715453655, 785584.290006983675994 ], [ 1981226.500247537856922, 785713.357810476562008 ], [ 1981228.169449897948653, 785842.885715795098804 ], [ 1981242.52656946470961, 785971.626298403949477 ], [ 1981269.433339328272268, 786098.339716115966439 ], [ 1981308.630632586078718, 786221.805649449699558 ], [ 1981359.74095787643455, 786340.835053974064067 ], [ 1981422.272094827610999, 786454.281611455371603 ], [ 1981495.621834407094866, 786561.052769528701901 ], [ 1981579.083778526168317, 786660.120263574994169 ], [ 1981671.854143037926406, 786750.530019470490515 ], [ 1981773.039498618571088, 786831.41134184319526 ], [ 1981881.665374980308115, 786901.985299344290979 ], [ 1981996.685645552817732, 786961.572226183488965 ], [ 1982116.992602254264057, 787009.598267681663856 ], [ 1982241.427623324794695, 787045.600906805600971 ], [ 1982368.792331488570198, 787069.233418459421955 ], [ 1982497.860134981339797, 787080.268208637018688 ], [ 1982627.388040299993008, 787078.599006276926957 ], [ 1982756.128622908843681, 787064.241886710166 ], [ 1982882.842040620744228, 787037.335116846603341 ], [ 1983006.307973954593763, 786998.137823588913307 ], [ 1983125.337378479074687, 786947.027498298324645 ], [ 1983238.783935960149392, 786884.496361347381026 ], [ 1983345.555094033712521, 786811.146621767780744 ], [ 1983444.622588079888374, 786727.684677648707293 ], [ 1983535.032343975501135, 786634.914313137065619 ], [ 1983615.913666348205879, 786533.728957556420937 ], [ 1983686.487623849185184, 786425.103081194683909 ], [ 1983746.074550688499585, 786310.082810622057877 ], [ 1983746.943971518659964, 786308.181567710009404 ], [ 1983795.127876340178773, 786202.802889066981152 ], [ 1983804.082102192332968, 786183.654215303715318 ], [ 1983826.039065206423402, 786137.659811628051102 ], [ 1983837.903443774208426, 786112.109104846371338 ], [ 1983858.409114810405299, 786066.68609803635627 ], [ 1983897.555626952555031, 785981.309487603604794 ], [ 1983937.695067392662168, 785894.067337305052206 ], [ 1983938.872465641936287, 785891.5010646879673 ], [ 1984029.101063542300835, 785694.281395896920003 ], [ 1984070.21009057527408, 785606.228745497879572 ], [ 1984093.772996576037258, 785552.695457128342241 ], [ 1984097.636163527611643, 785543.363143415772356 ], [ 1984110.302102337125689, 785515.0442225553561 ], [ 1984116.7633390519768, 785502.330166484811343 ], [ 1984137.054386628093198, 785460.602568011498079 ], [ 1984265.454466950846836, 785184.308971557184123 ], [ 1984323.343441883567721, 785060.10593003872782 ], [ 1984378.283421736443415, 784941.968788667581975 ], [ 1984406.720088301459327, 784921.897824428626336 ], [ 1984504.721194559941068, 784837.186268753837794 ], [ 1984593.947214265353978, 784743.276834188960493 ], [ 1984673.538852071622387, 784641.073919925140217 ], [ 1984742.729596998076886, 784531.56179589650128 ], [ 1984800.853104346897453, 784415.795123722753488 ], [ 1984847.349612969439477, 784294.888799741514958 ], [ 1984881.771336069563404, 784170.007217946811579 ], [ 1984903.786773637402803, 784042.353056238614954 ], [ 1984913.18390497379005, 783913.155693977023475 ], [ 1984909.872230567503721, 783783.659372386871837 ], [ 1984893.88364365324378, 783655.111211835290305 ], [ 1984865.372123063076288, 783528.749201379716396 ], [ 1984824.612250326666981, 783405.790276257437654 ], [ 1984771.996565299574286, 783287.418598133604974 ], [ 1984708.031785791506991, 783174.774150977027602 ], [ 1984633.333927595755085, 783068.941762391477823 ], [ 1984548.622371921082959, 782970.940656133112498 ], [ 1984454.712937356205657, 782881.714636427816004 ], [ 1984352.510023092385381, 782802.122998621431179 ], [ 1984242.99789906363003, 782732.932253695093095 ], [ 1984127.231226889882237, 782674.808746346039698 ], [ 1984006.324902908643708, 782628.312237723730505 ], [ 1983881.443321113940328, 782593.890514623490162 ], [ 1983753.789159405743703, 782571.875077055767179 ], [ 1983624.591797144152224, 782562.477945719147101 ], [ 1983495.095475554000586, 782565.78962012543343 ], [ 1983366.547315002419055, 782581.778207039809786 ], [ 1983353.38354694051668, 782584.748395965900272 ], [ 1983320.554092498263344, 782588.281206481624395 ], [ 1983193.75288070878014, 782614.693607801105827 ], [ 1983184.850667538819835, 782617.008891889010556 ], [ 1983033.596355939051136, 782666.250206287484616 ], [ 1982889.363367010839283, 782733.327912912704051 ], [ 1982879.255119510693476, 782738.792468906729482 ], [ 1982810.856334059033543, 782778.461190571426414 ], [ 1982795.602870224742219, 782787.929216663353145 ], [ 1982767.193045546300709, 782802.776121836272068 ], [ 1982667.837762424256653, 782860.333874237141572 ], [ 1982658.000839834101498, 782866.619294744101353 ], [ 1982607.913697434356436, 782900.259468248579651 ], [ 1982597.811027354327962, 782907.385110160568729 ], [ 1982475.76348160370253, 783004.768424869282171 ], [ 1982366.068724401062354, 783115.881761826225556 ], [ 1982352.673081911168993, 783131.161258824286051 ], [ 1982241.650052523938939, 783277.121412628795952 ], [ 1982230.173697513993829, 783294.609238543780521 ], [ 1982156.745272354455665, 783421.304938509361818 ], [ 1982147.728886194294319, 783439.06540168740321 ], [ 1982097.451004461850971, 783550.633761542383581 ], [ 1982092.257773371879011, 783563.749220865312964 ], [ 1982059.951641782419756, 783655.501450253999792 ], [ 1982055.694421459222212, 783664.739376136334613 ], [ 1982036.244382035918534, 783709.06543354911264 ], [ 1982002.451703418279067, 783790.083637583185919 ], [ 1981930.248500488931313, 783945.3427642097231 ], [ 1981872.284710126463324, 784069.70632513531018 ], [ 1981871.662244900595397, 784071.043799791135825 ], [ 1981752.728638969361782, 784326.967051141196862 ], [ 1981741.943898898083717, 784348.188652519136667 ], [ 1981713.73602880584076, 784407.27910470822826 ], [ 1981680.128156375838444, 784482.420686706202105 ], [ 1981665.816641350509599, 784515.66403748258017 ] ] ] } },
{ "type": "Feature", "properties": { "FID": 3, "FeatureTyp": "Sharrows", "Label": "W. Rosemary Street", "Fr_St": "Roberson Street", "To_St": "Henderson Street", "Notes": " ", "Shape_Leng": 971.35523553200005, "GlobalID": "e149be90-1324-4c14-b857-79a35838fb97" }, "geometry": { "type": "Polygon", "coordinates": [ [ [ 1982773.945110934320837, 788816.042817885521799 ], [ 1982777.599586881464347, 788817.77770284563303 ], [ 1982877.208346390863881, 788864.877951895468868 ], [ 1982990.159174194326624, 788919.742351953405887 ], [ 1983061.696657487656921, 788955.341596545651555 ], [ 1983088.981590728042647, 788968.890913286129944 ], [ 1983121.258420073194429, 788984.376491092843935 ], [ 1983145.903711993247271, 788995.792150684748776 ], [ 1983208.878825885243714, 789022.997602732735686 ], [ 1983227.578404407482594, 789030.505499867838807 ], [ 1983284.520191669696942, 789056.678663444472477 ], [ 1983394.923102765576914, 789109.086494652554393 ], [ 1983525.642879474442452, 789171.403521888772957 ], [ 1983544.693980844225734, 789180.300090927747078 ], [ 1983643.888992434367537, 789225.663845348753966 ], [ 1983764.194831351516768, 789273.692686841706745 ], [ 1983888.629014467820525, 789309.698222039616667 ], [ 1984015.993172577349469, 789333.333697955822572 ], [ 1984145.060719212982804, 789344.371492036967538 ], [ 1984274.588663345202804, 789342.705304292147048 ], [ 1984403.329580064862967, 789328.351181020028889 ], [ 1984530.04362396709621, 789301.447360274614766 ], [ 1984653.510469540022314, 789262.252940556732938 ], [ 1984772.541063566692173, 789211.145385554176755 ], [ 1984885.989076358499005, 789148.616888959892094 ], [ 1984992.761941534699872, 789075.269634377560578 ], [ 1985091.831378036178648, 788991.809995964402333 ], [ 1985182.243293032050133, 788899.041735662263818 ], [ 1985263.126970357028767, 788797.858262529945932 ], [ 1985333.703455982729793, 788689.234028726234101 ], [ 1985393.293059771880507, 788574.215145002817735 ], [ 1985441.321901264833286, 788453.909306085552089 ], [ 1985477.327436462743208, 788329.475122969131917 ], [ 1985500.962912379065529, 788202.110964859719388 ], [ 1985512.000706460094079, 788073.043418223969638 ], [ 1985510.334518715273589, 787943.515474091749638 ], [ 1985495.980395443039015, 787814.774557372089475 ], [ 1985469.076574697624892, 787688.060513469972648 ], [ 1985429.882154979975894, 787564.593667897162959 ], [ 1985378.774599977303296, 787445.563073870260268 ], [ 1985316.24610338290222, 787332.115061078569852 ], [ 1985242.898848800687119, 787225.34219590225257 ], [ 1985159.439210387645289, 787126.272759401006624 ], [ 1985066.670950085390359, 787035.860844405018725 ], [ 1984965.487476953072473, 786954.977167080156505 ], [ 1984856.863243149360642, 786884.400681454222649 ], [ 1984741.844359425827861, 786824.81107766518835 ], [ 1984652.210327564040199, 786783.819740056875162 ], [ 1984529.996316295582801, 786725.557600535219535 ], [ 1984528.026829974493012, 786724.62069859856274 ], [ 1984409.273786634439602, 786668.249092188547365 ], [ 1984394.501159686595201, 786661.348056435119361 ], [ 1984300.732318356633186, 786618.247420847066678 ], [ 1984241.265845964895561, 786592.660932703176513 ], [ 1984232.394851055927575, 786589.099220486823469 ], [ 1984160.661396432202309, 786553.402454553288408 ], [ 1984149.315599559340626, 786547.824068406131119 ], [ 1984024.458237719489262, 786487.176223823102191 ], [ 1984011.986366708530113, 786481.19872317428235 ], [ 1983907.954581304686144, 786432.007035357295536 ], [ 1983882.192618755623698, 786419.728682046406902 ], [ 1983762.66240426688455, 786369.800810902030207 ], [ 1983638.81397327943705, 786331.829365911195055 ], [ 1983511.840053886407986, 786306.18003284628503 ], [ 1983382.96347434213385, 786293.099828806007281 ], [ 1983253.425386559218168, 786292.714723305893131 ], [ 1983124.473313135327771, 786305.028425122145563 ], [ 1982997.349133030045778, 786329.922346575069241 ], [ 1982873.277121591148898, 786367.156745592714287 ], [ 1982753.452160113025457, 786416.37303455802612 ], [ 1982639.028228478040546, 786477.097233704058453 ], [ 1982531.10729169822298, 786548.744535797624849 ], [ 1982430.728687390452251, 786630.624938153196126 ], [ 1982338.85911638638936, 786721.949887735885568 ], [ 1982256.383332876022905, 786821.839875357807614 ], [ 1982184.095623740693554, 786929.33290583267808 ], [ 1982122.692159135360271, 787043.393762515392154 ], [ 1982072.764287991216406, 787162.923977004131302 ], [ 1982034.792843000264838, 787286.772407991578802 ], [ 1982009.143509935354814, 787413.746327384607866 ], [ 1981996.063305895077065, 787542.622906928765588 ], [ 1981995.678200394846499, 787672.160994711797684 ], [ 1982007.991902211215347, 787801.113068135688081 ], [ 1982032.88582366425544, 787928.23724824085366 ], [ 1982070.120222681900486, 788052.309259679866955 ], [ 1982119.336511647095904, 788172.134221157873981 ], [ 1982180.060710793128237, 788286.558152792858891 ], [ 1982251.708012886578217, 788394.479089572792873 ], [ 1982333.58841524226591, 788494.857693880680017 ], [ 1982424.913364825071767, 788586.727264884626493 ], [ 1982524.803352446760982, 788669.203048394876532 ], [ 1982632.296382921747863, 788741.490757530322298 ], [ 1982746.357239604461938, 788802.894222135539167 ], [ 1982773.945110934320837, 788816.042817885521799 ] ] ] } },
{ "type": "Feature", "properties": { "FID": 4, "FeatureTyp": "Sharrows", "Label": "Church Street", "Fr_St": "School Ln.", "To_St": "W. Franklin St.", "Notes": "Bike Boxes", "Shape_Leng": 2222.9840889000002, "GlobalID": "af1e2e91-f075-4460-81ed-ccca49cb1bbd" }, "geometry": { "type": "Polygon", "coordinates": [ [ [ 1980893.949812777806073, 787871.294815251021646 ], [ 1980874.95872166310437, 787909.637761747115292 ], [ 1980866.01582616311498, 787928.609836658113636 ], [ 1980847.166968679986894, 787970.469378796871752 ], [ 1980839.056534562725574, 787989.351380797103047 ], [ 1980811.890409922925755, 788045.235122172278352 ], [ 1980810.651727298274636, 788047.790215801564045 ], [ 1980765.339481978444383, 788141.514765884610824 ], [ 1980762.367286832071841, 788147.703519338974729 ], [ 1980645.599147662054747, 788392.469105923897587 ], [ 1980595.627138478448614, 788511.980874344008043 ], [ 1980557.60995995416306, 788635.815274369902909 ], [ 1980531.91373830055818, 788762.779713034629822 ], [ 1980518.78594217938371, 788891.651453388156369 ], [ 1980518.35299944318831, 789021.18939012219198 ], [ 1980530.619079567724839, 789150.146002093446441 ], [ 1980555.466053495649248, 789277.279366633738391 ], [ 1980592.654631285462528, 789401.36511994455941 ], [ 1980641.826666603796184, 789521.208248389186338 ], [ 1980702.50860587018542, 789635.654597127693705 ], [ 1980774.116048837313429, 789743.601985259214416 ], [ 1980855.959376685321331, 789844.010820425930433 ], [ 1980947.250393426278606, 789935.914110656012781 ], [ 1981047.109916664427146, 790018.426777025219053 ], [ 1981154.576244602445513, 790090.754177450318821 ], [ 1981268.614417755044997, 790152.199759527109563 ], [ 1981388.126186175039038, 790202.171768710599281 ], [ 1981511.960586200933903, 790240.188947234884836 ], [ 1981638.925024865893647, 790265.8851688883733 ], [ 1981767.796765219187364, 790279.012965009780601 ], [ 1981897.334701953222975, 790279.445907745859586 ], [ 1982026.291313924593851, 790267.179827621439472 ], [ 1982153.424678464885801, 790242.332853693515062 ], [ 1982277.510431775590405, 790205.144275903585367 ], [ 1982397.353560220217332, 790155.972240585368127 ], [ 1982511.799908958841115, 790095.290301318978891 ], [ 1982619.747297090478241, 790023.682858351618052 ], [ 1982720.156132257077843, 789941.83953050384298 ], [ 1982812.059422487160191, 789850.548513762769289 ], [ 1982894.572088856250048, 789750.688990524504334 ], [ 1982966.899489281466231, 789643.222662586602382 ], [ 1983028.345071358140558, 789529.184489434002899 ], [ 1983143.635160073405132, 789287.517144280020148 ], [ 1983186.835293470416218, 789198.161319213337265 ], [ 1983226.88083532708697, 789115.783183427760378 ], [ 1983252.567737329984084, 789059.639739799196832 ], [ 1983260.505410253303126, 789041.159945271792822 ], [ 1983274.093499706592411, 789013.672149599180557 ], [ 1983346.572746187215671, 788859.290276445797645 ], [ 1983372.199119938770309, 788804.969531090115197 ], [ 1983408.019921902799979, 788729.970082611311227 ], [ 1983413.449278170475736, 788718.460077168885618 ], [ 1983520.077861961675808, 788489.558720456552692 ], [ 1983544.257591026602313, 788442.399619056144729 ], [ 1983564.406931617064402, 788401.366279225680046 ], [ 1983633.884679697221145, 788253.457885487470776 ], [ 1983674.962361054494977, 788168.519029689254239 ], [ 1983696.231144183315337, 788125.071330155944452 ], [ 1983717.309146662941203, 788079.870395801612176 ], [ 1983728.259737690212205, 788055.179932070546784 ], [ 1983820.628959516296163, 787865.527447234257124 ], [ 1983837.03486389759928, 787830.551775026950054 ], [ 1983852.573733164928854, 787796.122929892968386 ], [ 1983939.811638607177883, 787610.203247845987789 ], [ 1983985.196439298102632, 787513.480282898643054 ], [ 1984034.402193328598514, 787393.650994896772318 ], [ 1984071.625684066442773, 787269.575710371485911 ], [ 1984096.508428947301582, 787142.449342139298096 ], [ 1984108.810793536016718, 787013.496186620439403 ], [ 1984108.414299336029217, 786883.958133195643313 ], [ 1984095.322764803422615, 786755.082704132189974 ], [ 1984069.662268572486937, 786628.111040262156166 ], [ 1984031.679935249034315, 786504.265948118641973 ], [ 1983981.741555466549471, 786384.74012363946531 ], [ 1983920.328063121298328, 786270.684665853856131 ], [ 1983848.030903716338798, 786163.197991169407032 ], [ 1983765.546338418964297, 786063.315255021443591 ], [ 1983673.668738682987168, 785971.998382760561071 ], [ 1983573.282936019822955, 785890.126805785461329 ], [ 1983465.355700585292652, 785818.48899213806726 ], [ 1983350.926430655643344, 785757.774853124981746 ], [ 1983231.097142653772607, 785708.569099094485864 ], [ 1983107.021858128719032, 785671.345608356758021 ], [ 1982979.895489896414801, 785646.462863475782797 ], [ 1982850.942334377672523, 785634.160498887184076 ], [ 1982721.404280952876434, 785634.556993087055162 ], [ 1982592.528851889306679, 785647.648527619661763 ], [ 1982465.557188019389287, 785673.309023850597441 ], [ 1982341.712095875758678, 785711.291357173933648 ], [ 1982222.18627139669843, 785761.229736956534907 ], [ 1982108.130813610972837, 785822.643229301902466 ], [ 1982000.644138926640153, 785894.940388706629165 ], [ 1981900.761402778560296, 785977.424954004120082 ], [ 1981809.444530517561361, 786069.302553739980794 ], [ 1981727.572953542694449, 786169.688356403261423 ], [ 1981655.935139895183966, 786277.615591837791726 ], [ 1981595.221000882098451, 786392.044861767324619 ], [ 1981549.83592105191201, 786488.768421609303914 ], [ 1981458.458325660787523, 786683.510528209502809 ], [ 1981450.310983942355961, 786701.212602731073275 ], [ 1981438.710796686122194, 786726.914669187739491 ], [ 1981344.458602653583512, 786920.43327252974268 ], [ 1981324.541129176970571, 786963.257460542372428 ], [ 1981314.126888844417408, 786986.738606224535033 ], [ 1981302.437131406506523, 787010.618348930031061 ], [ 1981299.676667158026248, 787016.291697870474309 ], [ 1981253.975643078098074, 787110.790524627431296 ], [ 1981247.552071732934564, 787124.266845706268214 ], [ 1981184.619997781934217, 787258.240416092448868 ], [ 1981159.47459466336295, 787307.28292654582765 ], [ 1981137.532228769501671, 787352.149320019059815 ], [ 1981023.043873665388674, 787597.923378712381236 ], [ 1980988.60657877731137, 787670.026122986688279 ], [ 1980985.902359476080164, 787675.723006683518179 ], [ 1980958.405039156088606, 787734.009635511552915 ], [ 1980957.355837893439457, 787736.23903857183177 ], [ 1980893.949812777806073, 787871.294815251021646 ] ] ] } },
{ "type": "Feature", "properties": { "FID": 5, "FeatureTyp": "Sharrows", "Label": "E. Rosemary Street", "Fr_St": "Columbia Street", "To_St": "Henderson Street", "Notes": " ", "Shape_Leng": 973.99848966699994, "GlobalID": "f1740445-5d8b-4c16-a08b-8d2f5b427879" }, "geometry": { "type": "Polygon", "coordinates": [ [ [ 1982773.949030983028933, 788816.044686203589663 ], [ 1982777.599586881464347, 788817.77770284563303 ], [ 1982877.208346390863881, 788864.877951895468868 ], [ 1982990.159174194326624, 788919.742351953405887 ], [ 1983061.696657487656921, 788955.341596545651555 ], [ 1983088.981590728042647, 788968.890913286129944 ], [ 1983121.258420073194429, 788984.376491092843935 ], [ 1983145.903711993247271, 788995.792150684748776 ], [ 1983208.878825885243714, 789022.997602732735686 ], [ 1983227.578404407482594, 789030.505499867838807 ], [ 1983284.520191669696942, 789056.678663444472477 ], [ 1983394.923102765576914, 789109.086494652554393 ], [ 1983525.642879474442452, 789171.403521888772957 ], [ 1983544.693980844225734, 789180.300090927747078 ], [ 1983643.888992434367537, 789225.663845348753966 ], [ 1983764.194831351516768, 789273.692686841706745 ], [ 1983888.629014467820525, 789309.698222039616667 ], [ 1984015.993172577349469, 789333.333697955822572 ], [ 1984145.060719212982804, 789344.371492036967538 ], [ 1984274.588663345202804, 789342.705304292147048 ], [ 1984403.329580064862967, 789328.351181020028889 ], [ 1984530.04362396709621, 789301.447360274614766 ], [ 1984653.510469540022314, 789262.252940556732938 ], [ 1984772.541063566692173, 789211.145385554176755 ], [ 1984885.989076358499005, 789148.616888959892094 ], [ 1984992.761941534699872, 789075.269634377560578 ], [ 1985091.831378036178648, 788991.809995964402333 ], [ 1985182.243293032050133, 788899.041735662263818 ], [ 1985263.126970357028767, 788797.858262529945932 ], [ 1985333.703455982729793, 788689.234028726234101 ], [ 1985393.293059771880507, 788574.215145002817735 ], [ 1985441.321901264833286, 788453.909306085552089 ], [ 1985477.327436462743208, 788329.475122969131917 ], [ 1985500.962912379065529, 788202.110964859719388 ], [ 1985512.000706460094079, 788073.043418223969638 ], [ 1985510.334518715273589, 787943.515474091749638 ], [ 1985495.980395443039015, 787814.774557372089475 ], [ 1985469.076574697624892, 787688.060513469972648 ], [ 1985429.882154979975894, 787564.593667897162959 ], [ 1985378.774599977303296, 787445.563073870260268 ], [ 1985316.24610338290222, 787332.115061078569852 ], [ 1985242.898848800687119, 787225.34219590225257 ], [ 1985159.439210387645289, 787126.272759401006624 ], [ 1985066.670950085390359, 787035.860844405018725 ], [ 1984965.487476953072473, 786954.977167080156505 ], [ 1984856.863243149360642, 786884.400681454222649 ], [ 1984741.844359425827861, 786824.81107766518835 ], [ 1984652.210327564040199, 786783.819740056875162 ], [ 1984529.996316295582801, 786725.557600535219535 ], [ 1984528.026829974493012, 786724.62069859856274 ], [ 1984409.273786634439602, 786668.249092188547365 ], [ 1984394.501159686595201, 786661.348056435119361 ], [ 1984300.732318356633186, 786618.247420847066678 ], [ 1984241.265845964895561, 786592.660932703176513 ], [ 1984232.394851055927575, 786589.099220486823469 ], [ 1984160.661396432202309, 786553.402454553288408 ], [ 1984149.315599559340626, 786547.824068406131119 ], [ 1984024.458237719489262, 786487.176223823102191 ], [ 1984011.986366708530113, 786481.19872317428235 ], [ 1983907.952618432929739, 786432.006107208551839 ], [ 1983879.802548616891727, 786418.589676896343008 ], [ 1983760.272169877076522, 786368.662198980455287 ], [ 1983636.423613972496241, 786330.691161423921585 ], [ 1983509.449610199546441, 786305.042246075463481 ], [ 1983380.572987624909729, 786291.962466010940261 ], [ 1983251.034898575861007, 786291.577786662615836 ], [ 1983122.082865661941469, 786303.891912702820264 ], [ 1982994.958767452975735, 786328.786252366378903 ], [ 1982870.886878507677466, 786366.021059553371742 ], [ 1982751.062078941147774, 786415.237742716330104 ], [ 1982636.638347076019272, 786475.962318291538395 ], [ 1982528.717646000673994, 786547.609975420869887 ], [ 1982428.339311061892658, 786629.490707999677397 ], [ 1982336.470040497370064, 786720.815959812607616 ], [ 1982253.994585603708401, 786820.706218761159107 ], [ 1982181.707230097148567, 786928.199487046105787 ], [ 1982120.304140727268532, 787042.260545732220635 ], [ 1982070.376662811497226, 787161.79092447203584 ], [ 1982032.405625254847109, 787285.63948037638329 ], [ 1982006.756709906505421, 787412.61348414956592 ], [ 1981993.676929841982201, 787541.490106723969802 ], [ 1981993.292250493774191, 787671.028195773251355 ], [ 1982005.606376533862203, 787799.980228686938062 ], [ 1982030.500716197304428, 787927.104326895903796 ], [ 1982067.735523384530097, 788051.176215841318481 ], [ 1982116.952206547372043, 788171.001015407848172 ], [ 1982177.676782122580335, 788285.424747272976674 ], [ 1982249.324439252028242, 788393.345448348321952 ], [ 1982331.205171830719337, 788493.723783287219703 ], [ 1982422.53042364353314, 788585.593053851625882 ], [ 1982522.420682592084631, 788668.068508745287545 ], [ 1982629.913950877264142, 788740.355864251963794 ], [ 1982743.975009563146159, 788801.758953621610999 ], [ 1982773.949030983028933, 788816.044686203589663 ] ] ] } },
{ "type": "Feature", "properties": { "FID": 6, "FeatureTyp": "Sharrows", "Label": "W. Rosemary Street", "Fr_St": "N. Roberson St.", "To_St": "Mitchell Ln.", "Notes": "Eastbound sharrow/Westbound bike lane", "Shape_Leng": 430.42031776900001, "GlobalID": "1ce40dff-8d87-4184-9956-691e9183e5a4" }, "geometry": { "type": "Polygon", "coordinates": [ [ [ 1980696.691594141768292, 787821.967855818220414 ], [ 1980739.496854193741456, 787844.095510197454132 ], [ 1980775.017291966592893, 787861.785924510215409 ], [ 1980887.248675264185295, 787915.591087711509317 ], [ 1980919.822249667486176, 787932.404410061426461 ], [ 1981037.708027992863208, 787986.09991975617595 ], [ 1981160.289234382798895, 788027.982044018339366 ], [ 1981286.385344810085371, 788057.647435096208937 ], [ 1981414.781984800472856, 788074.810399056761526 ], [ 1981544.242624521953985, 788079.305647175060585 ], [ 1981673.520487243542448, 788071.089887754176743 ], [ 1981801.370556476758793, 788050.242243048734963 ], [ 1981926.561566165182739, 788016.963487273431383 ], [ 1982047.887858448782936, 787971.574113038717769 ], [ 1982164.180994809605181, 787914.511244830675423 ], [ 1982274.321008771657944, 787846.32442926382646 ], [ 1982377.247191792121157, 787767.670342646888457 ], [ 1982471.968308463459834, 787679.30646683066152 ], [ 1982557.572142652235925, 787582.083794243750162 ], [ 1982633.234282639110461, 787476.938632370671257 ], [ 1982698.226060655200854, 787364.883586598443799 ], [ 1982751.921570350183174, 787246.997808273183182 ], [ 1982793.80369461234659, 787124.416601883247495 ], [ 1982823.469085690099746, 786998.320491455728188 ], [ 1982840.632049650652334, 786869.923851465457119 ], [ 1982845.127297769067809, 786740.46321174397599 ], [ 1982836.911538348067552, 786611.185349022387527 ], [ 1982816.063893642509356, 786483.335279789054766 ], [ 1982782.785137867322192, 786358.144270100747235 ], [ 1982737.395763632608578, 786236.817977817030624 ], [ 1982680.332895424449816, 786120.524841456441209 ], [ 1982612.146079857600853, 786010.384827494272031 ], [ 1982533.491993240779266, 785907.458644473692402 ], [ 1982445.128117424435914, 785812.737527802353725 ], [ 1982347.905444837640971, 785727.133693613694049 ], [ 1982242.760282964678481, 785651.471553626703098 ], [ 1982130.705237192334607, 785586.479775610612705 ], [ 1982080.856911682523787, 785560.74984020262491 ], [ 1982046.052320453571156, 785543.429197175777517 ], [ 1981934.184283414855599, 785489.798226826707833 ], [ 1981872.636824406217784, 785457.982022481504828 ], [ 1981798.802694966550916, 785422.670599070494063 ], [ 1981669.50866220658645, 785365.690726157510653 ], [ 1981548.550087579060346, 785319.3303150634747 ], [ 1981423.629846629686654, 785285.049155603745021 ], [ 1981295.950989567441866, 785263.17739408405032 ], [ 1981166.743133581941947, 785253.925667523872107 ], [ 1981037.250620958395302, 785257.383075107820332 ], [ 1980908.720535381464288, 785273.516320110531524 ], [ 1980782.390691836830229, 785302.170030563487671 ], [ 1980659.477715776767582, 785343.068255571299233 ], [ 1980541.165326351765543, 785395.817122869892046 ], [ 1980428.592936548404396, 785459.908632031758316 ], [ 1980322.84468001825735, 785534.725546787609346 ], [ 1980224.938970279879868, 785619.547339349170215 ], [ 1980135.818692839005962, 785713.557129485998303 ], [ 1980056.342124684946612, 785815.849551527877338 ], [ 1979987.274668615777045, 785925.43947353202384 ], [ 1979929.281481989426538, 786041.271484641358256 ], [ 1979882.921070895390585, 786162.230059268884361 ], [ 1979848.639911435777321, 786287.150300218141638 ], [ 1979826.76814991584979, 786414.829157280502841 ], [ 1979817.516423355787992, 786544.037013266119175 ], [ 1979820.973830939736217, 786673.529525889549404 ], [ 1979837.107075942447409, 786802.059611466480419 ], [ 1979865.760786395519972, 786928.389455010998063 ], [ 1979906.659011403331533, 787051.30243107106071 ], [ 1979959.407878701807931, 787169.614820496062748 ], [ 1980023.499387863557786, 787282.187210299656726 ], [ 1980098.316302619408816, 787387.935466829687357 ], [ 1980183.138095181202516, 787485.841176568064839 ], [ 1980277.147885317914188, 787574.96145400905516 ], [ 1980379.440307359909639, 787654.438022162998095 ], [ 1980489.03022936382331, 787723.505478232167661 ], [ 1980604.862240473274142, 787781.498664858518168 ], [ 1980696.691594141768292, 787821.967855818220414 ] ] ] } },
{ "type": "Feature", "properties": { "FID": 7, "FeatureTyp": "Bike Lane", "Label": "Weaver Dairy Rd.", "Fr_St": "Martin Luther King Jr. Boulevard", "To_St": "Sage Road", "Notes": " ", "Shape_Leng": 12010.2438379, "GlobalID": "6980d55e-d8e0-475d-bd0c-856976ca7660" }, "geometry": { "type": "Polygon", "coordinates": [ [ [ 1984393.885175956180319, 807053.333108811522834 ], [ 1984438.170905061298981, 807062.72413161129225 ], [ 1984566.915442365920171, 807077.045744890114293 ], [ 1984567.085389525862411, 807077.056243563070893 ], [ 1984671.312709391117096, 807079.370225274353288 ], [ 1984866.295604682061821, 807075.996217654086649 ], [ 1985012.423544576158747, 807073.832978987251408 ], [ 1985031.688259434420615, 807073.407125975703821 ], [ 1985099.021963292500004, 807071.426888899994083 ], [ 1985286.66562505858019, 807067.9124912887346 ], [ 1985295.332718181889504, 807067.721691641723737 ], [ 1985468.995899348752573, 807063.328031823039055 ], [ 1985521.615440189139917, 807062.704506363137625 ], [ 1985528.758804756682366, 807062.600525567657314 ], [ 1985707.447942858794704, 807059.515801796223968 ], [ 1985853.514139447361231, 807061.073665961390361 ], [ 1985863.23446899629198, 807061.43956445902586 ], [ 1985938.916748140007257, 807066.325569317326881 ], [ 1986020.919112330069765, 807071.619206712930463 ], [ 1986133.460790093522519, 807080.45036971278023 ], [ 1986269.841815628111362, 807093.562959710252471 ], [ 1986392.471293420530856, 807106.062327822204679 ], [ 1986414.510025081923231, 807108.122141861822456 ], [ 1986523.15580515190959, 807117.358343847794458 ], [ 1986557.84191187354736, 807119.847352875978686 ], [ 1986607.668911973480135, 807122.763685627956875 ], [ 1986626.713007536018267, 807123.74034575081896 ], [ 1986665.357943366048858, 807125.442442093859427 ], [ 1986705.051352668553591, 807126.592831959482282 ], [ 1986739.808500988641754, 807127.077082951436751 ], [ 1986778.437246072106063, 807127.580758356838487 ], [ 1986804.372092497302219, 807127.663751573534682 ], [ 1986841.073134577134624, 807127.420641825534403 ], [ 1986885.613441990921274, 807126.373718521324918 ], [ 1986933.738345741061494, 807124.429496682365425 ], [ 1986948.834554173517972, 807123.733039120328613 ], [ 1986981.647480683401227, 807122.030942792305723 ], [ 1986993.383194338530302, 807121.369773939601146 ], [ 1987029.355563338613138, 807119.182442352641374 ], [ 1987044.515123317250982, 807118.173054430051707 ], [ 1987118.40375505713746, 807112.825952264945954 ], [ 1987125.029008514247835, 807112.329738729051314 ], [ 1987201.278199844295159, 807106.425879143062048 ], [ 1987329.784045539563522, 807090.100680372561328 ], [ 1987417.311671548057348, 807070.110455449786969 ], [ 1987451.376505989814177, 807067.055320440558717 ], [ 1987454.42909877654165, 807066.777972849668004 ], [ 1987624.58525548921898, 807051.118985612993129 ], [ 1987688.822150924708694, 807046.1014795799274 ], [ 1987703.612281068228185, 807044.862536578439176 ], [ 1987766.486827238230035, 807039.239516332396306 ], [ 1987769.576618125429377, 807038.959528521867469 ], [ 1987968.152008375385776, 807020.729906187858433 ], [ 1988075.216632430907339, 807003.317174569936469 ], [ 1988184.262299572350457, 806986.232577227288857 ], [ 1988274.568549412302673, 806968.135500557371415 ], [ 1988377.834655967541039, 806943.079109988873824 ], [ 1988558.722089467570186, 806891.396798647823744 ], [ 1988692.320414423476905, 806845.359426359296776 ], [ 1988713.10646209330298, 806836.926700453273952 ], [ 1988731.872727471403778, 806829.144669513683766 ], [ 1988751.784798145294189, 806820.707332681631669 ], [ 1988778.425099302083254, 806809.61128328833729 ], [ 1988815.806080155074596, 806791.074074403499253 ], [ 1988824.399778363062069, 806787.482551530469209 ], [ 1988908.108841600595042, 806749.014188514673151 ], [ 1988927.171363655943424, 806739.434716274379753 ], [ 1988958.200441283173859, 806724.309522787225433 ], [ 1989060.33429396036081, 806668.831483627203852 ], [ 1989157.191992703592405, 806604.584126592963003 ], [ 1989275.442555211251602, 806518.416545224725269 ], [ 1989375.114880487555638, 806446.590917547466233 ], [ 1989442.463499067584053, 806392.473571708425879 ], [ 1989456.505543856881559, 806381.03077963553369 ], [ 1989516.674956937786192, 806331.308152178535238 ], [ 1989552.024890133645386, 806325.90474483917933 ], [ 1989583.902971049305052, 806321.032095850328915 ], [ 1989705.131343348650262, 806306.88009599968791 ], [ 1989756.51273919083178, 806299.856293704593554 ], [ 1989812.032411167165264, 806291.15259577112738 ], [ 1989917.692838516784832, 806277.083242296706885 ], [ 1989951.234438106650487, 806271.007795139681548 ], [ 1989951.230339673813432, 806270.985168329323642 ], [ 1990043.202229436952621, 806254.479232558514923 ], [ 1990122.43927567685023, 806236.249610224505886 ], [ 1990150.620741766644642, 806229.439341270248406 ], [ 1990189.54192377673462, 806219.580109023256227 ], [ 1990224.002269774442539, 806210.353575344197452 ], [ 1990239.720355262048542, 806205.916689168661833 ], [ 1990271.918944366043434, 806197.612037826096639 ], [ 1990343.643470547394827, 806176.933181299827993 ], [ 1990441.108826797455549, 806145.822351126815192 ], [ 1990501.030152019346133, 806122.33735277899541 ], [ 1990501.039348937571049, 806122.36364557640627 ], [ 1990521.51568593760021, 806115.201258324435912 ], [ 1990553.692896555410698, 806103.475376873044297 ], [ 1990676.12867530528456, 806057.049944787053391 ], [ 1990787.179077359614894, 806009.010936046368442 ], [ 1990893.364158425247297, 805951.005188776529394 ], [ 1990928.430158002302051, 805929.707062660949305 ], [ 1990932.865195952588692, 805927.212242734269239 ], [ 1990953.869682376971468, 805915.75237168034073 ], [ 1991004.898473545676097, 805886.416557803750038 ], [ 1991044.273722865618765, 805862.596723541733809 ], [ 1991085.715554441558197, 805836.464078635093756 ], [ 1991109.397921781521291, 805820.908663556096144 ], [ 1991147.367450351361185, 805795.011642106226645 ], [ 1991168.998640681384131, 805779.699664853163995 ], [ 1991225.053590270224959, 805737.745191891095601 ], [ 1991266.511512610362843, 805704.965073724160902 ], [ 1991275.8091801260598, 805697.545227166265249 ], [ 1991299.931930614868179, 805678.115914443857037 ], [ 1991322.087525487877429, 805660.721101481700316 ], [ 1991462.442257956601679, 805533.208458437235095 ], [ 1991489.61243156879209, 805504.702608361258171 ], [ 1991529.03881671000272, 805463.554542837082408 ], [ 1991547.359128235140815, 805444.041995537350886 ], [ 1991593.296372315147892, 805394.110336867393926 ], [ 1991600.056828575674444, 805386.705790427397005 ], [ 1991692.206906745675951, 805285.003237929427996 ], [ 1991767.227569316746667, 805194.39977581705898 ], [ 1991802.392013927688822, 805147.855675422237255 ], [ 1991825.344146629562601, 805120.546807327889837 ], [ 1991843.821347178658471, 805098.063703631050885 ], [ 1991982.459521338576451, 804925.525662889122032 ], [ 1991991.773317570798099, 804913.798831567401066 ], [ 1992042.055571935139596, 804849.746647869935259 ], [ 1992043.318626430351287, 804848.278130257618614 ], [ 1992063.219681817339733, 804849.616982746170834 ], [ 1992203.95660506747663, 804856.482454586192034 ], [ 1992293.226710630347952, 804857.814375860383734 ], [ 1992358.451645800145343, 804856.581110609346069 ], [ 1992387.324386767810211, 804855.719079421134666 ], [ 1992458.782577177975327, 804852.802746670087799 ], [ 1992483.154619217384607, 804851.582330750417896 ], [ 1992511.835664227372035, 804849.880234407493845 ], [ 1992546.851606795564294, 804847.334474906441756 ], [ 1992583.552648875396699, 804844.17503240739461 ], [ 1992685.615218094550073, 804831.366168096777983 ], [ 1992715.02526426455006, 804826.504629268776625 ], [ 1992739.577984804986045, 804822.207480821060017 ], [ 1992761.939160555135459, 804818.075927410041913 ], [ 1992799.899345288984478, 804810.484970780555159 ], [ 1992834.899603368947282, 804802.950537027558312 ], [ 1992881.278366157552227, 804792.087519706343301 ], [ 1992917.73597040749155, 804782.851317705353722 ], [ 1992952.350839637219906, 804773.580171100678854 ], [ 1992984.191655227215961, 804764.587078846641816 ], [ 1993031.023091549286619, 804750.417773800319992 ], [ 1993077.689336799317971, 804735.348906295374036 ], [ 1993192.075837472686544, 804692.472781161777675 ], [ 1993214.19357537268661, 804682.993141333805397 ], [ 1993225.80993571667932, 804677.948282189900056 ], [ 1993297.743832380743697, 804646.297147355857305 ], [ 1993340.096805842360482, 804627.737791549297981 ], [ 1993477.762893785024062, 804557.535653341910802 ], [ 1993549.414153583347797, 804509.695005303015932 ], [ 1993569.442334207706153, 804497.089934893418103 ], [ 1993594.717119787121192, 804479.44678262877278 ], [ 1993606.281119771767408, 804471.725644790567458 ], [ 1993612.349717263132334, 804467.138286435510963 ], [ 1993672.629574616672471, 804425.059721676399931 ], [ 1993756.756893752841279, 804353.508805966936052 ], [ 1993762.706830638926476, 804348.871699530864134 ], [ 1993789.643456558929756, 804325.750354696880095 ], [ 1993800.289455406134948, 804316.513074097689241 ], [ 1993843.797570486087352, 804278.353045430732891 ], [ 1993923.8741796950344, 804201.947503602714278 ], [ 1993967.982356525724754, 804152.159445745870471 ], [ 1993983.004820866277441, 804136.064026521053165 ], [ 1993982.587038944708183, 804135.674094831221737 ], [ 1993987.759025202365592, 804129.836103566805832 ], [ 1994031.164498017169535, 804086.592020692769438 ], [ 1994068.289131383877248, 804043.808062443276867 ], [ 1994132.908519365591928, 803970.28277539962437 ], [ 1994197.975224666995928, 803901.674520140630193 ], [ 1994240.630696204258129, 803854.469165908056311 ], [ 1994370.588351887650788, 803703.488819907186553 ], [ 1994460.322698320262134, 803604.795470510842279 ], [ 1994519.496169560588896, 803540.249969479511492 ], [ 1994537.129012005170807, 803520.626204985077493 ], [ 1994625.803703425219283, 803419.933164912043139 ], [ 1994706.542560867732391, 803318.634095855988562 ], [ 1994776.96359357633628, 803209.909017585217953 ], [ 1994836.38860851014033, 803094.805012038792484 ], [ 1994884.245310290716588, 802974.430593712371774 ], [ 1994920.072812718106434, 802849.945034057716839 ], [ 1994943.526077359216288, 802722.54719706508331 ], [ 1994954.379236454376951, 802593.463993547484279 ], [ 1994952.527768148574978, 802463.938565318705514 ], [ 1994937.989503093995154, 802335.218313058489002 ], [ 1994910.904452730203047, 802208.542883161804639 ], [ 1994871.533460898324847, 802085.132229266222566 ], [ 1994820.255691772559658, 801966.174863432068378 ], [ 1994757.564978300360963, 801852.816410121042281 ], [ 1994684.065066323149949, 801746.148573206388392 ], [ 1994600.463800171855837, 801647.198622268275358 ], [ 1994507.566305741202086, 801556.919499425683171 ], [ 1994406.267236684914678, 801476.180641983402893 ], [ 1994297.5421584143769, 801405.759609274682589 ], [ 1994182.438152867835015, 801346.334594340762123 ], [ 1994062.063734541414306, 801298.477892560418695 ], [ 1993937.578174886759371, 801262.650390132912435 ], [ 1993810.180337894242257, 801239.197125491802581 ], [ 1993681.097134376410395, 801228.343966396641918 ], [ 1993551.57170614763163, 801230.195434702327475 ], [ 1993422.851453887531534, 801244.73369975714013 ], [ 1993296.17602399084717, 801271.818750120932236 ], [ 1993172.765370095381513, 801311.189741952577606 ], [ 1993053.808004261227325, 801362.467511078459211 ], [ 1992940.449550949968398, 801425.158224550657906 ], [ 1992833.781714035430923, 801498.658136527985334 ], [ 1992734.831763097317889, 801582.259402679163031 ], [ 1992644.552640254842117, 801675.156897109933197 ], [ 1992564.596313288901001, 801765.949946472072043 ], [ 1992512.501398869324476, 801822.774267944507301 ], [ 1992508.837815426290035, 801826.786996732815169 ], [ 1992405.206789086339995, 801940.764459069818258 ], [ 1992381.433965065749362, 801967.635518191964366 ], [ 1992260.531261547468603, 802108.096131409751251 ], [ 1992200.15025193314068, 802171.763650784385391 ], [ 1992166.428050199290738, 802208.698225534404628 ], [ 1992164.743088492657989, 802210.615410097874701 ], [ 1992149.816609576111659, 802209.684293697588146 ], [ 1992100.611641896888614, 802207.764616654370911 ], [ 1992005.779445834690705, 802203.975448821554892 ], [ 1991982.221468452597037, 802203.24474241270218 ], [ 1991925.245860632508993, 802201.986542824655771 ], [ 1991882.372692204313353, 802201.736215934739448 ], [ 1991835.600476034218445, 802202.222763509838842 ], [ 1991806.777141222730279, 802202.837449303711765 ], [ 1991776.638421972747892, 802203.809560230700299 ], [ 1991687.349596099695191, 802209.724244359647855 ], [ 1991652.193521710112691, 802213.253309961059131 ], [ 1991614.300982561893761, 802216.928269680705853 ], [ 1991563.515625033294782, 802222.848496949649416 ], [ 1991505.961606283439323, 802230.690344786620699 ], [ 1991375.394180187722668, 802255.227767166798003 ], [ 1991343.067801277618855, 802263.005310666863807 ], [ 1991343.103103607194498, 802263.15204034850467 ], [ 1991310.726918249391019, 802270.685667719924822 ], [ 1991274.22010150924325, 802280.167932208976708 ], [ 1991213.613831652561203, 802297.464359070407227 ], [ 1991138.678614062722772, 802320.798629995435476 ], [ 1991038.175207038410008, 802356.610773199237883 ], [ 1991016.465376903535798, 802365.350649598171003 ], [ 1991004.417426573345438, 802369.844993659644388 ], [ 1990869.270120565081015, 802429.061957190046087 ], [ 1990862.599332877201959, 802432.441173383151181 ], [ 1990858.435754413716495, 802434.131887306459248 ], [ 1990741.236831207992509, 802488.549239559564739 ], [ 1990629.92003621160984, 802554.164839675067924 ], [ 1990585.92668588180095, 802583.088010182022117 ], [ 1990527.525947106303647, 802627.33422061719466 ], [ 1990527.313352957600728, 802627.033814967144281 ], [ 1990505.269761877600104, 802642.633849382167682 ], [ 1990481.328967567067593, 802662.334484672290273 ], [ 1990445.515451059909537, 802689.467915190849453 ], [ 1990424.276648389874026, 802707.91407251288183 ], [ 1990424.969650594517589, 802708.71199138648808 ], [ 1990357.250473875785246, 802764.437410742975771 ], [ 1990353.720979936188087, 802767.800213215290569 ], [ 1990335.881702665938064, 802783.58999186521396 ], [ 1990236.689910356421024, 802881.180747240432538 ], [ 1990172.826395773794502, 802958.864800034207292 ], [ 1990172.339684830280021, 802958.469988248427399 ], [ 1990146.041964206378907, 802990.888950587599538 ], [ 1990119.884862846927717, 803021.175536874565296 ], [ 1990054.548984287306666, 803103.198865240556188 ], [ 1990027.206146462354809, 803143.757334901951253 ], [ 1990021.257819637889042, 803150.673285669065081 ], [ 1989983.728458349127322, 803196.337037607678212 ], [ 1989919.816471414174885, 803277.751492456183769 ], [ 1989794.983130170032382, 803433.109136539860629 ], [ 1989759.343122230609879, 803475.514271101099439 ], [ 1989716.633457623422146, 803529.09510286198929 ], [ 1989696.299554219003767, 803556.009312710841186 ], [ 1989647.046501848148182, 803610.368041904643178 ], [ 1989628.136943012475967, 803630.921857360866852 ], [ 1989592.395658547058702, 803645.500215300009586 ], [ 1989576.433270523091778, 803650.595391289447434 ], [ 1989565.880085984012112, 803653.317265774938278 ], [ 1989536.950129495700821, 803661.130149085773155 ], [ 1989523.979238789528608, 803664.791559739387594 ], [ 1989516.403909590793774, 803666.710487327422015 ], [ 1989503.978038475383073, 803669.569237727089785 ], [ 1989437.569074649130926, 803677.612783048301935 ], [ 1989373.261162525042892, 803687.694194229785353 ], [ 1989254.540178171359003, 803701.553485755226575 ], [ 1989208.146431810688227, 803707.80515176418703 ], [ 1989153.125544470734894, 803716.215239930199459 ], [ 1989076.164604085730389, 803727.979089884553105 ], [ 1989037.334005044074729, 803734.508646915783174 ], [ 1988972.438465534010902, 803746.419056156766601 ], [ 1988926.579867800464854, 803755.678495948435739 ], [ 1988881.37096872064285, 803765.643699114443734 ], [ 1988866.538143187062815, 803769.002950848313048 ], [ 1988835.184203267097473, 803776.293946774327196 ], [ 1988767.475093668559566, 803793.942947723087855 ], [ 1988727.12773341848515, 803805.61024721711874 ], [ 1988672.94456561980769, 803822.549216425395571 ], [ 1988666.060203036759049, 803824.865078825736418 ], [ 1988636.512413004413247, 803832.359595626010559 ], [ 1988536.16899904049933, 803866.588794304756448 ], [ 1988511.07816997054033, 803876.289234219817445 ], [ 1988430.703829831443727, 803910.460699371760711 ], [ 1988408.896786831552163, 803920.596505872788839 ], [ 1988351.687731590587646, 803948.88843283650931 ], [ 1988323.599861240480095, 803963.634466341463849 ], [ 1988310.715666835196316, 803970.489746909122914 ], [ 1988276.201956335222349, 803989.098961661104113 ], [ 1988189.583748668432236, 804040.152430633082986 ], [ 1988158.004082992207259, 804060.424718841910362 ], [ 1988101.493875697953627, 804096.073013054090552 ], [ 1988001.325890328502283, 804165.941853583557531 ], [ 1987988.909426668891683, 804175.485844983602874 ], [ 1987987.774809792637825, 804176.30896865145769 ], [ 1987953.149184153880924, 804202.305947352549993 ], [ 1987900.268712473800406, 804243.381980691570789 ], [ 1987883.2486066382844, 804256.82837520854082 ], [ 1987869.54522196832113, 804267.838523793499917 ], [ 1987855.45404998306185, 804279.320789630408399 ], [ 1987781.769309583352879, 804340.212174614192918 ], [ 1987765.854162837844342, 804353.000640341662802 ], [ 1987740.065346546471119, 804370.675605505006388 ], [ 1987719.789143020054325, 804385.450600060168654 ], [ 1987703.696818620664999, 804390.048423710628413 ], [ 1987668.171175343450159, 804397.167646259069443 ], [ 1987529.778847838519141, 804409.872341746115126 ], [ 1987475.840944, 804414.696136807673611 ], [ 1987409.910570165142417, 804419.845919440151192 ], [ 1987391.737198313465342, 804421.391822663368657 ], [ 1987214.025831261649728, 804437.746094423113391 ], [ 1987017.705571530153975, 804455.353251726482995 ], [ 1986911.271264686714858, 804469.280910510453396 ], [ 1986876.824811256723478, 804475.22184351447504 ], [ 1986826.14727450395003, 804486.547719479189254 ], [ 1986819.620509803993627, 804486.886280632112175 ], [ 1986801.307022204622626, 804487.62613629444968 ], [ 1986799.852799909887835, 804487.63576914393343 ], [ 1986775.98765048570931, 804487.32493022212293 ], [ 1986761.684714725939557, 804487.125655794749036 ], [ 1986752.403405825374648, 804486.71686531289015 ], [ 1986729.454374095192179, 804485.373677628929727 ], [ 1986649.163254053797573, 804478.547963810153306 ], [ 1986533.785457689547911, 804466.787744532804936 ], [ 1986526.272933528525755, 804466.043708121753298 ], [ 1986515.715868018567562, 804465.028618281707168 ], [ 1986374.597303740447387, 804451.460591875831597 ], [ 1986351.529933447716758, 804449.446776881581172 ], [ 1986218.335974107729271, 804438.99502612662036 ], [ 1986200.107999256812036, 804437.691562239080667 ], [ 1986108.996473340084776, 804431.809885726543143 ], [ 1986015.635253449901938, 804425.782538517611101 ], [ 1985980.246912391390651, 804423.974484957987443 ], [ 1985935.038341391598806, 804422.272716708015651 ], [ 1985899.462887973291799, 804421.413582202163525 ], [ 1985717.171585893258452, 804419.469360378221609 ], [ 1985680.31010775337927, 804419.590935444342904 ], [ 1985486.762621030444279, 804422.932159984018654 ], [ 1985428.841456740861759, 804423.618508059764281 ], [ 1985411.096779668238014, 804423.948096867185086 ], [ 1985232.895601127529517, 804428.456567531684414 ], [ 1985042.542186301434413, 804432.021716389223002 ], [ 1985028.456769845448434, 804432.360731457243674 ], [ 1984963.712065656902269, 804434.264827865757979 ], [ 1984825.805237678578123, 804436.306363405892625 ], [ 1984722.092231477377936, 804424.74697731458582 ], [ 1984604.623306317487732, 804417.465167730581015 ], [ 1984540.547876725671813, 804415.053547312156297 ], [ 1984399.926992917666212, 804413.179116811370477 ], [ 1984333.65859591960907, 804411.772341436357237 ], [ 1984302.079784273635596, 804411.102022548206151 ], [ 1984250.89416511519812, 804411.008151649381034 ], [ 1983919.132907533552498, 804416.833087895414792 ], [ 1983780.356045347405598, 804419.165279836626723 ], [ 1983688.242524148430675, 804420.713163637323305 ], [ 1983681.096631643129513, 804420.852596287149936 ], [ 1983627.650348859839141, 804422.040213077445515 ], [ 1983508.839710729662329, 804424.456492626690306 ], [ 1983358.407908085733652, 804424.907427646918222 ], [ 1983293.757125312229618, 804426.685658677131869 ], [ 1983228.374710152158514, 804430.08853901817929 ], [ 1983214.763581154635176, 804430.867441578186117 ], [ 1983068.870742291444913, 804439.972335972823203 ], [ 1982721.878956072498113, 804448.190472403191961 ], [ 1982592.683099643327296, 804457.608283946290612 ], [ 1982465.032463531242684, 804479.644154542358592 ], [ 1982340.156393143115565, 804514.085866711335257 ], [ 1982219.257513300748542, 804560.601727937464602 ], [ 1982103.500146307284012, 804618.74376504891552 ], [ 1981993.999098886270076, 804687.952038444462232 ], [ 1981891.80892598349601, 804767.560034618596546 ], [ 1981797.913774827029556, 804856.801085049635731 ], [ 1981713.21790705085732, 804954.815749638015404 ], [ 1981638.536990161053836, 805060.66009358339943 ], [ 1981574.590242211939767, 805173.314777993131429 ], [ 1981521.993505343329161, 805291.694876673165709 ], [ 1981481.253314883448184, 805414.660324560012668 ], [ 1981452.762021137168631, 805541.026897170813754 ], [ 1981436.794010838493705, 805669.577615332324058 ], [ 1981433.503064655233175, 805799.074465355603024 ], [ 1981442.920876198448241, 805928.270321784773842 ], [ 1981464.95674679428339, 806055.920957896742038 ], [ 1981499.398458963492885, 806180.797028284985572 ], [ 1981545.914320189505816, 806301.69590812723618 ], [ 1981604.056357300840318, 806417.45327512070071 ], [ 1981673.264630696503446, 806526.954322541831061 ], [ 1981752.87262687063776, 806629.144495444488712 ], [ 1981842.113677301676944, 806723.039646600955166 ], [ 1981940.128341889940202, 806807.735514377127402 ], [ 1982045.972685835324228, 806882.416431266930886 ], [ 1982158.627370245289057, 806946.36317921592854 ], [ 1982277.007468925323337, 806998.959916084655561 ], [ 1982399.972916812170297, 807039.700106544536538 ], [ 1982526.339489422971383, 807068.191400290699676 ], [ 1982654.890207584248856, 807084.159410589491017 ], [ 1982784.387057607527822, 807087.450356772751547 ], [ 1983156.882375607499853, 807078.628195947734639 ], [ 1983207.847056525293738, 807076.435189695795998 ], [ 1983372.397491247393191, 807066.165910254698247 ], [ 1983398.668727565556765, 807064.798602647846565 ], [ 1983528.195896084187552, 807064.410331449005753 ], [ 1983551.078672931995243, 807064.143368583056144 ], [ 1983682.571848272113129, 807061.469161328161135 ], [ 1983685.056410286808386, 807061.416292394860648 ], [ 1983736.172191683435813, 807060.280461106449366 ], [ 1983824.713373781414703, 807058.792607209645212 ], [ 1983963.989020254230127, 807056.452033031382598 ], [ 1984271.645404644310474, 807051.050694200093858 ], [ 1984277.629221483366564, 807051.177711818250827 ], [ 1984349.106970250606537, 807052.69507365860045 ], [ 1984359.52860654448159, 807052.875146950827911 ], [ 1984393.885175956180319, 807053.333108811522834 ] ] ] } },
{ "type": "Feature", "properties": { "FID": 8, "FeatureTyp": "Bike Lane", "Label": "Legion Road", "Fr_St": "Europa Drive", "To_St": "Forsyth Drive", "Notes": " ", "Shape_Leng": 905.763698428, "GlobalID": "e661981d-07b9-4b05-a836-df06b4554ace" }, "geometry": { "type": "Polygon", "coordinates": [ [ [ 1994066.994269985472783, 797824.572544501279481 ], [ 1994110.886545690940693, 797859.74307746917475 ], [ 1994189.035132338060066, 797919.67424889060203 ], [ 1994374.904570130864158, 798083.847209529136308 ], [ 1994411.671091897180304, 798115.143796063261107 ], [ 1994553.74175248737447, 798231.664826649008319 ], [ 1994644.436307821422815, 798307.625743848620914 ], [ 1994706.602304794592783, 798356.598193188314326 ], [ 1994832.022985704708844, 798449.445776526350528 ], [ 1994939.793648603139445, 798521.318919710465707 ], [ 1995054.090166264213622, 798582.282601876650006 ], [ 1995173.811800742521882, 798631.749709439347498 ], [ 1995297.805567251052707, 798669.243847111240029 ], [ 1995424.877338036429137, 798694.403925850172527 ], [ 1995553.803342481842265, 798706.987640343955718 ], [ 1995683.341952686430886, 798706.873802543268539 ], [ 1995812.245641020359471, 798694.063508768100291 ], [ 1995939.272994499420747, 798668.68012915039435 ], [ 1996063.200670269550756, 798630.968119511962868 ], [ 1996182.835177066968754, 798581.290667120949365 ], [ 1996297.024369192542508, 798520.126193000469357 ], [ 1996404.668542303843424, 798448.063744472106919 ], [ 1996504.731024169595912, 798365.797322308644652 ], [ 1996596.248158389702439, 798274.119197126710787 ], [ 1996678.338584933429956, 798173.912279388285242 ], [ 1996750.211728117661551, 798066.141616489971057 ], [ 1996811.175410283729434, 797951.845098828780465 ], [ 1996860.642517846310511, 797832.123464350705035 ], [ 1996898.136655518319458, 797708.12969784217421 ], [ 1996923.29673425713554, 797581.057927056564949 ], [ 1996935.880448751151562, 797452.131922611151822 ], [ 1996935.766610950231552, 797322.593312406796031 ], [ 1996922.95631717517972, 797193.68962407275103 ], [ 1996897.572937557473779, 797066.662270593573339 ], [ 1996859.860927919158712, 796942.734594823559746 ], [ 1996810.183475528145209, 796823.100088026141748 ], [ 1996749.019001407548785, 796708.910895900567994 ], [ 1996676.956552879186347, 796601.266722789150663 ], [ 1996594.690130715724081, 796501.204240923398174 ], [ 1996503.012005533790216, 796409.687106703291647 ], [ 1996402.805087795481086, 796327.596680159680545 ], [ 1996309.201752284774557, 796258.303135973168537 ], [ 1996243.64180301851593, 796203.393622833304107 ], [ 1996233.168988362886012, 796194.71357136266306 ], [ 1996104.509059585630894, 796089.191520335851237 ], [ 1995911.775465299142525, 795918.955653889803216 ], [ 1995893.234427340561524, 795904.132958543254063 ], [ 1995838.092393499100581, 795857.37466179090552 ], [ 1995717.437122989213094, 795764.845647382899188 ], [ 1995716.507896407274529, 795766.057333093951456 ], [ 1995657.476294192485511, 795721.390708860242739 ], [ 1995547.012486482970417, 795653.729703258723021 ], [ 1995430.448653919389471, 795597.2218504344346 ], [ 1995308.907369929598644, 795552.411351900431328 ], [ 1995183.559143519960344, 795519.729757253429852 ], [ 1995055.61114663281478, 795499.491808115504682 ], [ 1994926.29558842186816, 795491.89240700006485 ], [ 1994796.857848403742537, 795497.004740294069052 ], [ 1994668.544482772471383, 795514.779573433217593 ], [ 1994542.591219382593408, 795545.045725057716481 ], [ 1994420.211057013366371, 795587.511715582106262 ], [ 1994302.582583528477699, 795641.768574303598143 ], [ 1994190.838625429430977, 795707.293778012739494 ], [ 1994086.055338118690997, 795783.456283178064041 ], [ 1993989.24184193299152, 795869.522603240329772 ], [ 1993901.330503764562309, 795964.663872488541529 ], [ 1993823.167957857018337, 796067.963828490348533 ], [ 1993755.506952255498618, 796178.427636199980043 ], [ 1993698.999099431326613, 796294.991468763677403 ], [ 1993654.18860089732334, 796416.532752753351815 ], [ 1993621.507006250321865, 796541.880979162990116 ], [ 1993601.269057112280279, 796669.82897605013568 ], [ 1993593.669655996840447, 796799.144534261082299 ], [ 1993598.781989290844649, 796928.582274279324338 ], [ 1993616.556822430109605, 797056.895639910479076 ], [ 1993646.822974054608494, 797182.848903300357051 ], [ 1993689.28896457911469, 797305.229065669584088 ], [ 1993743.545823300490156, 797422.857539154589176 ], [ 1993809.071027009515092, 797534.601497253403068 ], [ 1993885.233532174956053, 797639.384784564259462 ], [ 1993971.29985223710537, 797736.198280749842525 ], [ 1994066.441121485317126, 797824.109618918271735 ], [ 1994066.994269985472783, 797824.572544501279481 ] ] ] } },
{ "type": "Feature", "properties": { "FID": 9, "FeatureTyp": "Bike Lane", "Label": "Legion Road", "Fr_St": "TSI Healthcare", "To_St": "Europa Drive", "Notes": "Bike on one side", "Shape_Leng": 968.01939069499997, "GlobalID": "98700783-796c-4011-98f9-e541b2fe8ad0" }, "geometry": { "type": "Polygon", "coordinates": [ [ [ 1993576.67303558299318, 797370.774193936260417 ], [ 1993609.450031425571069, 797410.881429491797462 ], [ 1993637.545447675511241, 797440.984059570822865 ], [ 1993671.882531454553828, 797476.422527416725643 ], [ 1993721.481513604521751, 797525.733780502690934 ], [ 1993762.343453184235841, 797564.65758217102848 ], [ 1993814.80693094432354, 797612.535767264082097 ], [ 1993826.412518009310588, 797623.001786730252206 ], [ 1993868.557446839287877, 797660.558470136253163 ], [ 1993910.014470314141363, 797695.993082505417988 ], [ 1994076.871420064009726, 797832.748058346449398 ], [ 1994077.226497689727694, 797832.314822413376532 ], [ 1994170.294225987512618, 797902.735090408823453 ], [ 1994280.758033697027713, 797970.396096010343172 ], [ 1994397.321866260608658, 798026.903948834631592 ], [ 1994518.863150250399485, 798071.714447368634865 ], [ 1994644.211376660037786, 798104.39604201563634 ], [ 1994772.15937354718335, 798124.63399115356151 ], [ 1994901.474931758129969, 798132.233392269001342 ], [ 1995030.912671776255593, 798127.12105897499714 ], [ 1995159.226037407526746, 798109.3462258358486 ], [ 1995285.179300797404721, 798079.080074211349711 ], [ 1995407.559463166631758, 798036.61408368695993 ], [ 1995525.187936651520431, 797982.357224965468049 ], [ 1995636.931894750567153, 797916.832021256326698 ], [ 1995741.715182061307132, 797840.669516091002151 ], [ 1995838.52867824700661, 797754.60319602873642 ], [ 1995926.440016415435821, 797659.461926780524664 ], [ 1996004.602562322979793, 797556.161970778717659 ], [ 1996072.263567924499512, 797445.698163069086149 ], [ 1996128.771420748671517, 797329.134330505388789 ], [ 1996173.581919282674789, 797207.593046515714377 ], [ 1996206.263513929676265, 797082.244820106076077 ], [ 1996226.50146306771785, 796954.296823218930513 ], [ 1996234.100864183157682, 796824.981265007983893 ], [ 1996228.988530889153481, 796695.543524989741854 ], [ 1996211.213697749888524, 796567.230159358587116 ], [ 1996180.947546125389636, 796441.276895968709141 ], [ 1996138.481555600883439, 796318.896733599482104 ], [ 1996084.224696879507974, 796201.268260114477016 ], [ 1996018.699493170483038, 796089.524302015663125 ], [ 1995942.536988005042076, 795984.74101470480673 ], [ 1995856.47066794289276, 795887.927518519223668 ], [ 1995761.329398694681004, 795800.016180350794457 ], [ 1995760.776250194525346, 795799.553254767786711 ], [ 1995750.345951615832746, 795790.914815339609049 ], [ 1995604.583595779025927, 795671.448844753089361 ], [ 1995588.634867963613942, 795657.236427318188362 ], [ 1995585.193273728713393, 795654.095627416390926 ], [ 1995488.965944856870919, 795519.135262140887789 ], [ 1995409.058863533195108, 795417.915244974661618 ], [ 1995319.656056229257956, 795324.975632499787025 ], [ 1995221.610843264264986, 795241.203502674587071 ], [ 1995115.859033870045096, 795167.398432858055457 ], [ 1995003.409994199872017, 795104.264868107507937 ], [ 1994885.337013262789696, 795052.405397483264096 ], [ 1994762.767058732453734, 795012.315002533840016 ], [ 1994636.870020412374288, 794984.376332861254923 ], [ 1994508.847544024931267, 794968.856053855619393 ], [ 1994379.921561897266656, 794965.9023014632985 ], [ 1994251.322630021022633, 794975.543268276727758 ], [ 1994124.278182801324874, 794997.686934446566738 ], [ 1994000.000817599473521, 795032.121945979888551 ], [ 1993879.676720891613513, 795078.519632045296021 ], [ 1993764.454346508951858, 795136.437142026610672 ], [ 1993655.433454025769606, 795205.32167238695547 ], [ 1993553.654611915815622, 795284.515742995659821 ], [ 1993460.089265670161694, 795373.263472559396178 ], [ 1993375.630465669557452, 795470.717793260235339 ], [ 1993301.084343313472345, 795575.948535738280043 ], [ 1993237.162416761508211, 795687.9513072517002 ], [ 1993184.474799727322534, 795805.657078274409287 ], [ 1993143.524378143949434, 795927.942386030335911 ], [ 1993114.702010283712298, 796053.640057574957609 ], [ 1993098.282796145183966, 796181.550350076635368 ], [ 1993094.423451713752002, 796310.452401966322213 ], [ 1993103.160813159542158, 796439.11588565830607 ], [ 1993124.411485248245299, 796566.312750621931627 ], [ 1993157.972637321334332, 796690.82894471869804 ], [ 1993203.523939247243106, 796811.476001929608174 ], [ 1993260.630618868162856, 796927.102385871461593 ], [ 1993328.747611755272374, 797036.604480832349509 ], [ 1993463.562302755424753, 797231.417411416303366 ], [ 1993542.414269100641832, 797334.192077050451189 ], [ 1993576.67303558299318, 797370.774193936260417 ] ] ] } },
{ "type": "Feature", "properties": { "FID": 10, "FeatureTyp": "Bike Lane", "Label": "Sage Road", "Fr_St": "Weaver Dairy Road", "To_St": "Fordham Boulevard", "Notes": " ", "Shape_Leng": 4203.8552512200004, "GlobalID": "9e4a031e-f815-42f4-96b4-b95d59cf5144" }, "geometry": { "type": "Polygon", "coordinates": [ [ [ 1993097.359276288887486, 801247.560346879879944 ], [ 1993065.193602357525378, 801276.073135964688845 ], [ 1993018.454522607382387, 801319.09011029463727 ], [ 1992927.559514971682802, 801411.385083503439091 ], [ 1992846.14868098241277, 801512.14489990810398 ], [ 1992775.006051474949345, 801620.399187395814806 ], [ 1992714.81676886160858, 801735.105398000217974 ], [ 1992666.160488836932927, 801855.15884820849169 ], [ 1992629.505797975929454, 801979.403357667033561 ], [ 1992605.20570098888129, 802106.642383830971085 ], [ 1992593.494221093598753, 802235.650545322452672 ], [ 1992594.484146243659779, 802365.185423023067415 ], [ 1992608.165942918742076, 802493.999525249819271 ], [ 1992634.407847937662154, 802620.852301781065762 ], [ 1992672.957137409597635, 802744.522091034334153 ], [ 1992723.44256060407497, 802863.817885334137827 ], [ 1992785.377915297169238, 802977.590800967649557 ], [ 1992858.166730166180059, 803084.745142562780529 ], [ 1992941.10800913348794, 803184.248955233371817 ], [ 1993033.402982342289761, 803275.143962869187817 ], [ 1993134.16279874718748, 803356.554796858457848 ], [ 1993242.417086234781891, 803427.697426366037689 ], [ 1993357.123296839185059, 803487.886708979262039 ], [ 1993477.17674704734236, 803536.542989003937691 ], [ 1993601.421256506117061, 803573.197679864941165 ], [ 1993728.660282670054585, 803597.497776851989329 ], [ 1993857.668444161303341, 803609.209256747271866 ], [ 1993987.2033218620345, 803608.219331597210839 ], [ 1994116.017424088669941, 803594.537534922128543 ], [ 1994242.870200620032847, 803568.295629903208464 ], [ 1994366.539989873301238, 803529.746340431272984 ], [ 1994485.835784173104912, 803479.260917236912064 ], [ 1994599.608699806500226, 803417.32556254370138 ], [ 1994706.763041401747614, 803344.536747674574144 ], [ 1994806.266854072455317, 803261.595468707266264 ], [ 1994837.219099137699232, 803233.109319509472698 ], [ 1995072.67188368155621, 803030.15152567892801 ], [ 1995131.719182955101132, 802980.576262639486231 ], [ 1995181.09252663096413, 802939.123479743022472 ], [ 1995209.353004155447707, 802915.396333540789783 ], [ 1995317.439142388990149, 802824.649370104190893 ], [ 1995387.860768486512825, 802765.524718760629185 ], [ 1995429.270530615467578, 802729.259292211732827 ], [ 1995696.762277622940019, 802484.957585058524273 ], [ 1995819.687154517974705, 802373.589057828648947 ], [ 1995829.547199334017932, 802363.760060615255497 ], [ 1995925.575208761962131, 802276.900347574031912 ], [ 1996026.102482185931876, 802175.564459069049917 ], [ 1996073.741494515910745, 802122.041272146976553 ], [ 1996074.777045972412452, 802120.755999920540489 ], [ 1996082.233207600191236, 802112.994700391427614 ], [ 1996139.63991693011485, 802047.046013389481232 ], [ 1996210.585119532654062, 801958.07362874050159 ], [ 1996251.372767612803727, 801902.135420399485156 ], [ 1996273.564113370608538, 801870.751238135388121 ], [ 1996303.574880120577291, 801826.969829631387256 ], [ 1996391.134259363403544, 801679.53376580378972 ], [ 1996429.748683453304693, 801603.686804647790268 ], [ 1996473.296410339651629, 801509.096418208791874 ], [ 1996509.252307249233127, 801411.367613851674832 ], [ 1996538.156124556204304, 801322.086124492692761 ], [ 1996585.174256487982348, 801178.740348922088742 ], [ 1996599.55889716069214, 801131.976059814332984 ], [ 1996665.51785838464275, 800902.492950872983783 ], [ 1996686.387776728253812, 800832.693475608248264 ], [ 1996700.859712362056598, 800799.262320116511546 ], [ 1996708.220170069253072, 800781.920761614688672 ], [ 1996748.140127384336665, 800685.969495527562685 ], [ 1996771.805075085256249, 800632.790690290858038 ], [ 1996825.006994553375989, 800514.292117964592762 ], [ 1996835.413375183008611, 800490.489486106554978 ], [ 1996864.128521820763126, 800423.007506480673328 ], [ 1996880.690145906293765, 800387.334008031059057 ], [ 1996906.373388053150848, 800346.063656047335826 ], [ 1996924.085483094211668, 800316.761670545209199 ], [ 1996940.710399597883224, 800288.434793979511596 ], [ 1996957.538651390001178, 800261.789468786329962 ], [ 1996997.06126061710529, 800204.782560428837314 ], [ 1997001.651492573553696, 800198.118132545729168 ], [ 1997066.342308073537424, 800103.576326875714585 ], [ 1997159.735570583958179, 799944.198691818863153 ], [ 1997209.143608253914863, 799844.480715397861786 ], [ 1997232.066387488273904, 799795.741674641845748 ], [ 1997242.092885342193767, 799773.242263775551692 ], [ 1997265.864795025670901, 799720.130266123800538 ], [ 1997317.439962165663019, 799605.924978368217126 ], [ 1997330.472155663650483, 799576.091765030287206 ], [ 1997407.760058833518997, 799393.043902783305384 ], [ 1997452.231251683086157, 799271.378059181850404 ], [ 1997484.562965518329293, 799145.939130721846595 ], [ 1997504.443828260758892, 799017.935162856127135 ], [ 1997511.682376333745196, 798888.598903769510798 ], [ 1997506.208898562937975, 798759.175932339392602 ], [ 1997488.076107531087473, 798630.912662530201487 ], [ 1997457.45863192807883, 798505.044339746353216 ], [ 1997414.651334781665355, 798382.783144742716104 ], [ 1997360.06647376366891, 798265.306519661797211 ], [ 1997294.229730925057083, 798153.745828622719273 ], [ 1997217.775150089291856, 798049.175462065148167 ], [ 1997131.4390306645073, 797952.602489783195779 ], [ 1997036.052836676361039, 797864.956962292082608 ], [ 1996932.535189316608012, 797787.082953933393583 ], [ 1996821.883020117878914, 797719.730433977907524 ], [ 1996705.161969958338886, 797663.54804401146248 ], [ 1996583.496126356767491, 797619.07685116189532 ], [ 1996458.057197896763682, 797586.745137326652184 ], [ 1996330.053230031160638, 797566.864274584339 ], [ 1996200.7169709445443, 797559.625726511119865 ], [ 1996071.293999514309689, 797565.099204282043502 ], [ 1995943.03072970523499, 797583.231995313894004 ], [ 1995817.162406921153888, 797613.849470916786231 ], [ 1995694.901211917633191, 797656.656768063432537 ], [ 1995577.424586836714298, 797711.241629081428982 ], [ 1995465.86389579763636, 797777.078371919924393 ], [ 1995361.29352924018167, 797853.532952755689621 ], [ 1995264.720556958112866, 797939.869072180590592 ], [ 1995177.075029466999695, 798035.255266168620437 ], [ 1995099.20102110831067, 798138.77291352825705 ], [ 1995031.84850115282461, 798249.425082726986147 ], [ 1994975.666111186379567, 798366.146132886759005 ], [ 1994904.710344885708764, 798534.197028340189718 ], [ 1994858.92691068444401, 798635.577412880840711 ], [ 1994857.116993949748576, 798639.603125619818456 ], [ 1994834.269806407392025, 798690.649078059475869 ], [ 1994825.171589465346187, 798703.945584703003988 ], [ 1994771.81758207292296, 798780.902725676191039 ], [ 1994740.55731585319154, 798828.124271937413141 ], [ 1994697.123019513208419, 798896.896772183477879 ], [ 1994674.756298095919192, 798933.623217387823388 ], [ 1994655.913183654891327, 798965.72963890095707 ], [ 1994612.451164726866409, 799035.568672805675305 ], [ 1994574.319593707099557, 799100.94914201030042 ], [ 1994547.387889037141576, 799150.326995999319479 ], [ 1994508.960949007887393, 799226.544261355884373 ], [ 1994460.610980077879503, 799330.689394269837067 ], [ 1994443.268613236956298, 799369.682896143407561 ], [ 1994411.283566911239177, 799444.849297754350118 ], [ 1994362.509821866638958, 799553.484835956362076 ], [ 1994360.732119667110965, 799557.461927523720078 ], [ 1994329.624898426933214, 799627.364674856769852 ], [ 1994316.873414780711755, 799656.988324061385356 ], [ 1994274.377030506031588, 799759.132267830660567 ], [ 1994232.673688157927245, 799855.469824730535038 ], [ 1994179.365115559194237, 800001.72039020282682 ], [ 1994134.145061629358679, 800152.958932863781229 ], [ 1994130.186853169463575, 800166.458865860593505 ], [ 1994069.043666818412021, 800379.187026432249695 ], [ 1994061.006569039076567, 800403.689999374211766 ], [ 1994047.560834338190034, 800415.851999448030256 ], [ 1994042.861739483196288, 800420.123042468330823 ], [ 1993918.362735011382028, 800533.829182673362084 ], [ 1993669.247505134437233, 800761.347514052293263 ], [ 1993619.909775413107127, 800802.770528962952085 ], [ 1993511.821563801029697, 800893.519233166822232 ], [ 1993483.562700758222491, 800917.245023879455402 ], [ 1993434.189932969165966, 800958.697323273983784 ], [ 1993368.566571876173839, 801013.793753199861385 ], [ 1993355.499849688494578, 801024.909947705920786 ], [ 1993097.292032778495923, 801247.482337203924544 ], [ 1993097.359276288887486, 801247.560346879879944 ] ] ] } },
{ "type": "Feature", "properties": { "FID": 11, "FeatureTyp": "Bike Lane", "Label": "South Columbia Street", "Fr_St": "Pittsboro Street", "To_St": "Market Street", "Notes": " ", "Shape_Leng": 10209.6686481, "GlobalID": "43f59f32-35ab-46d8-a1a2-ca221e7dc392" }, "geometry": { "type": "Polygon", "coordinates": [ [ [ 1980608.112454606452957, 776596.818675318965688 ], [ 1980577.477764393435791, 776680.187039356445894 ], [ 1980515.54908247361891, 776884.28210360952653 ], [ 1980491.412197139812633, 776975.425966611946933 ], [ 1980474.878437559818849, 777048.282120099873282 ], [ 1980466.007616599556059, 777090.566376075148582 ], [ 1980452.142158759525046, 777162.497334585175849 ], [ 1980444.661346599226817, 777205.040182330063544 ], [ 1980433.156776429153979, 777277.38682241004426 ], [ 1980427.070317988283932, 777320.164664445794187 ], [ 1980417.939758828375489, 777392.849230361753143 ], [ 1980413.257740512024611, 777435.791641790536232 ], [ 1980406.510378672042862, 777508.735721622593701 ], [ 1980403.23520632321015, 777551.821094366488978 ], [ 1980398.878915823064744, 777624.947260456508957 ], [ 1980397.01606803224422, 777668.102699008071795 ], [ 1980395.05478586233221, 777741.331555169075727 ], [ 1980394.604988307924941, 777784.529051098739728 ], [ 1980395.041011067805812, 777857.783497769734822 ], [ 1980396.005308944964781, 777900.980663788155653 ], [ 1980398.838636615080759, 777974.18163287313655 ], [ 1980401.215503384824842, 778017.314172015991062 ], [ 1980406.442527044797316, 778090.382923514931463 ], [ 1980410.230537811294198, 778133.424746184027754 ], [ 1980417.475714350817725, 778202.738546211505309 ], [ 1980459.763951027067378, 778620.848134997067973 ], [ 1980463.780110995983705, 778655.87695818929933 ], [ 1980470.609616500558332, 778709.14675987244118 ], [ 1980489.767500774236396, 778875.014717148034833 ], [ 1980507.497765009989962, 778986.472636990016326 ], [ 1980516.337642339989543, 779029.965660250978544 ], [ 1980534.132620092947036, 779105.939343081321567 ], [ 1980545.272361602867022, 779147.875610904302448 ], [ 1980567.520659897476435, 779222.650847192271613 ], [ 1980581.11840171739459, 779263.855817284318618 ], [ 1980607.747579461662099, 779337.191868529538624 ], [ 1980623.755749551812187, 779377.520856112474576 ], [ 1980654.667838009772822, 779449.148361509200186 ], [ 1980673.030662179691717, 779488.461603096220642 ], [ 1980708.122920644236729, 779558.142971123103052 ], [ 1980728.776094554224983, 779596.302343616145663 ], [ 1980767.919394529890269, 779663.781672380282544 ], [ 1980790.791067949961871, 779700.654958210187033 ], [ 1980833.864510456332937, 779765.721541483537294 ], [ 1980858.874959116335958, 779801.178819660563022 ], [ 1980905.707768938271329, 779863.57386607315857 ], [ 1980932.769066518172622, 779897.491449151188135 ], [ 1980983.206942826509476, 779957.011609933455475 ], [ 1981012.22460132651031, 779989.271059848484583 ], [ 1981066.088549363194034, 780045.705370247014798 ], [ 1981096.96184720331803, 780076.194810583023354 ], [ 1981154.071167144691572, 780129.353388735442422 ], [ 1981186.691508734598756, 780157.965208152425475 ], [ 1981246.835867641493678, 780207.6522774877958 ], [ 1981281.089079971425235, 780234.286738651804626 ], [ 1981344.064985986566171, 780280.334861859912053 ], [ 1981379.832630986580625, 780304.899773359880783 ], [ 1981445.432148308958858, 780347.155039651319385 ], [ 1981451.209571494022384, 780350.639304182608612 ], [ 1981432.27108782180585, 780398.411024483153597 ], [ 1981390.596630481770262, 780516.254948901128955 ], [ 1981376.338570055086166, 780563.890712043270469 ], [ 1981370.484777734614909, 780580.250879981904291 ], [ 1981365.575289312982932, 780599.850518406834453 ], [ 1981353.45205738209188, 780640.353881942341104 ], [ 1981346.490720376372337, 780676.039851902634837 ], [ 1981339.009242209373042, 780705.907376654795371 ], [ 1981333.755678355460986, 780741.323622335563414 ], [ 1981328.650168089196086, 780767.496049535344355 ], [ 1981326.486837574280798, 780790.325606149155647 ], [ 1981320.001760458573699, 780834.043944933451712 ], [ 1981308.104802628513426, 780954.833729603444226 ], [ 1981301.767698701936752, 781077.08574579260312 ], [ 1981306.783242928329855, 781199.399108368554153 ], [ 1981323.10829853406176, 781320.721846995642409 ], [ 1981350.602459975751117, 781440.010511315078475 ], [ 1981389.25428555579856, 781578.102754822117276 ], [ 1981429.79992466699332, 781699.828142464859411 ], [ 1981481.97144485800527, 781817.042268442339264 ], [ 1981545.27596482844092, 781928.637772827642038 ], [ 1981614.464474758366123, 782037.870165899628773 ], [ 1981622.969971625134349, 782050.848339648800902 ], [ 1981625.827060012612492, 782142.370821192977019 ], [ 1981623.735549678094685, 782148.861898249946535 ], [ 1981584.169204367091879, 782267.291124867973849 ], [ 1981543.64494745945558, 782417.533842817298137 ], [ 1981521.08328243996948, 782571.50156984559726 ], [ 1981509.043608349980786, 782710.306738429586403 ], [ 1981504.209870869992301, 782840.934799296432175 ], [ 1981512.319853261811659, 782971.400440326659009 ], [ 1981533.294024007162079, 783100.424234509700909 ], [ 1981566.926697375951335, 783226.74089447944425 ], [ 1981612.888050509383902, 783349.111680707195774 ], [ 1981656.463094589300454, 783449.692844382137991 ], [ 1981714.909953810973093, 783568.008051933487877 ], [ 1981784.878254033392295, 783679.89621330355294 ], [ 1981934.296918453415856, 783894.205167884589173 ], [ 1981954.533534394344315, 783922.431349416030571 ], [ 1982136.823271668050438, 784169.753417803090997 ], [ 1982454.244268654612824, 784600.419564658543095 ], [ 1982552.430020130239427, 784718.567931219236925 ], [ 1982691.092800550395623, 784866.934104308253154 ], [ 1982784.080587406642735, 784957.120222909143195 ], [ 1982885.460398095892742, 785037.757673745276406 ], [ 1982994.255889621097594, 785108.069874084321782 ], [ 1983109.419301925227046, 785167.379679000470787 ], [ 1983229.841548393247649, 785215.115902650170028 ], [ 1983354.362896961858496, 785250.818819104577415 ], [ 1983481.78413897450082, 785274.144589760922827 ], [ 1983610.878138214582577, 785284.868574696709402 ], [ 1983740.401648899773136, 785282.887496074661613 ], [ 1983869.107288817409426, 785268.220432764850557 ], [ 1983995.755552297225222, 785241.008636604761705 ], [ 1984119.126747329253703, 785201.514172066817991 ], [ 1984238.032741863280535, 785150.117392434622161 ], [ 1984351.328406171873212, 785087.31327679217793 ], [ 1984457.922641073586419, 785013.70666310552042 ], [ 1984556.788885816233233, 784930.006423301645555 ], [ 1984646.975004417123273, 784837.018636445398442 ], [ 1984727.612455253489316, 784735.638825756148435 ], [ 1984797.924655592534691, 784626.843334231059998 ], [ 1984857.234460508450866, 784511.679921926814131 ], [ 1984904.970684158382937, 784391.257675458909944 ], [ 1984940.673600612673908, 784266.736326890066266 ], [ 1984963.999371269019321, 784139.315084877656773 ], [ 1984974.723356204805896, 784010.2210856374586 ], [ 1984972.742277582641691, 783880.697574952151626 ], [ 1984958.075214272830635, 783751.991935034631751 ], [ 1984930.863418112741783, 783625.34367155469954 ], [ 1984891.368953574914485, 783501.972476522903889 ], [ 1984839.972173942718655, 783383.066481988644227 ], [ 1984777.16805830039084, 783269.770817680167966 ], [ 1984703.561444613616914, 783163.176582778338343 ], [ 1984619.861204809742048, 783064.31033803569153 ], [ 1984533.734652923652902, 782972.156792102265172 ], [ 1984261.961254285415635, 782603.423773428425193 ], [ 1984241.089947932865471, 782575.106575023150072 ], [ 1984258.77703952183947, 782482.567334029939957 ], [ 1984270.504722555400804, 782363.552654515835457 ], [ 1984271.412693482590839, 782243.964995963615365 ], [ 1984264.88623976893723, 782071.036221552989446 ], [ 1984255.798980354331434, 781779.939685752266087 ], [ 1984236.558336406946182, 781592.87945182051044 ], [ 1984195.176857487065718, 781357.166668647550978 ], [ 1984167.240988643839955, 781233.339753508917056 ], [ 1984127.540136233903468, 781112.768778565921821 ], [ 1984076.441449240315706, 780996.568770526791923 ], [ 1984072.585286748362705, 780989.682930633076467 ], [ 1984117.232444925000891, 780889.335636178846471 ], [ 1984179.361003394937143, 780719.095489618484862 ], [ 1984204.520401894813403, 780632.004128364496864 ], [ 1984231.045843658503145, 780523.010133450850844 ], [ 1984248.221422610804439, 780412.157576079946011 ], [ 1984258.811296440893784, 780317.330666000954807 ], [ 1984266.950414293212816, 780164.35728679120075 ], [ 1984257.311639786930755, 780011.471074161469005 ], [ 1984243.730958286905661, 779899.802006152458489 ], [ 1984226.653937226394191, 779794.855458942591213 ], [ 1984201.185663296841085, 779691.623828893410973 ], [ 1984174.780860466882586, 779600.54166198335588 ], [ 1984132.651190821547061, 779478.045313350856304 ], [ 1984078.717645257012919, 779360.268247860250995 ], [ 1984063.943552073324099, 779334.91377084411215 ], [ 1984058.632513497956097, 779323.710479115368798 ], [ 1984046.551435441011563, 779298.899623923236504 ], [ 1984022.388097940944135, 779250.565731101320125 ], [ 1983961.547040345612913, 779141.987671683076769 ], [ 1983914.591425595572218, 779066.743727679015137 ], [ 1983803.205632313154638, 778913.85496984270867 ], [ 1983725.06832139310427, 778821.338750673690811 ], [ 1983718.106572153745219, 778813.163579522632062 ], [ 1983637.689738243818283, 778719.504646106623113 ], [ 1983522.712844285648316, 778601.393180321785621 ], [ 1983351.977621455676854, 778446.630038406816311 ], [ 1983255.248554702848196, 778366.976981409243308 ], [ 1983151.402577878674492, 778296.854695783928037 ], [ 1983105.447617298690602, 778268.903964282944798 ], [ 1983076.020769539754838, 778252.928944432642311 ], [ 1983043.852852733107284, 777934.880344507866539 ], [ 1983043.400473538786173, 777930.481226162868552 ], [ 1983038.171702553052455, 777880.458154328167439 ], [ 1983036.027776698116213, 777850.488137791398913 ], [ 1983034.865641585551202, 777820.463577856658958 ], [ 1983034.686805472476408, 777790.418035020004027 ], [ 1983035.491386379580945, 777760.377207430195995 ], [ 1983037.278208223404363, 777730.383011471480131 ], [ 1983040.045700662769377, 777700.464327068068087 ], [ 1983043.790770257823169, 777670.651393043575808 ], [ 1983048.5096761721652, 777640.976491443463601 ], [ 1983054.197275196667761, 777611.470473381807096 ], [ 1983055.509742912836373, 777605.687073127250187 ], [ 1983081.66179501498118, 777519.499145519686863 ], [ 1983109.183383940253407, 777456.123693340690807 ], [ 1983131.870058694621548, 777400.44428027572576 ], [ 1983183.495611604768783, 777264.991795279784128 ], [ 1983196.05397966504097, 777230.617317756637931 ], [ 1983210.266221584985033, 777189.976651003584266 ], [ 1983232.068657013587654, 777121.743549467413686 ], [ 1983243.778279263526201, 777081.347632886492647 ], [ 1983261.847328568808734, 777012.031771621550433 ], [ 1983271.348293818766251, 776971.06039687152952 ], [ 1983285.628414531704038, 776900.878693079110235 ], [ 1983292.893163771834224, 776859.452594822039828 ], [ 1983303.347143534338102, 776788.588379556895234 ], [ 1983308.354023304302245, 776746.828948641894385 ], [ 1983314.949152496410534, 776675.492076610564254 ], [ 1983317.683070906437933, 776633.52234428061638 ], [ 1983320.397917365888134, 776561.959630641737022 ], [ 1983320.851656605955213, 776519.903612393769436 ], [ 1983319.680543325142935, 776448.278558630612679 ], [ 1983317.852134925080463, 776406.259941879543476 ], [ 1983312.797856373945251, 776334.810767945484258 ], [ 1983308.692877704044804, 776292.952912029461004 ], [ 1983299.770465971902013, 776221.883581730886362 ], [ 1983293.401056131813675, 776180.310174065991305 ], [ 1983280.636360923293978, 776109.827539729652926 ], [ 1983272.021220673341304, 776068.660955387633294 ], [ 1983255.451423891820014, 775998.972272452549078 ], [ 1983244.615815651835874, 775958.333574202493764 ], [ 1983224.289121783571318, 775889.643461827654392 ], [ 1983211.264869603561237, 775849.65240008069668 ], [ 1983187.246877277037129, 775782.179346570279449 ], [ 1983172.07269502687268, 775742.95337515429128 ], [ 1983144.430081496480852, 775676.881483006873168 ], [ 1983127.150588506599888, 775638.536087262793444 ], [ 1983095.956599453696981, 775574.044482899946161 ], [ 1983076.62264860374853, 775536.693835807964206 ], [ 1983041.978546794038266, 775473.994273153948598 ], [ 1983020.646568473894149, 775437.746970323962159 ], [ 1982982.663158149225637, 775377.035715693142265 ], [ 1982959.396800479386002, 775341.998712280183099 ], [ 1982918.160660929977894, 775283.415217126603238 ], [ 1982893.027509099803865, 775249.6918593745213 ], [ 1982848.685340001247823, 775193.445774792460725 ], [ 1982830.075072112027556, 775171.113362623145804 ], [ 1982822.668053258443251, 775159.449442865443416 ], [ 1982798.898109937785193, 775123.339222280774266 ], [ 1982614.332206107676029, 774852.711154607706703 ], [ 1982608.721184664173052, 774844.549688170081936 ], [ 1982504.033887725323439, 774693.494652444380336 ], [ 1982408.489370632451028, 774548.16726340376772 ], [ 1982400.02150703407824, 774535.448259226977825 ], [ 1982191.210244874237105, 774225.708393134060316 ], [ 1982113.616434088675305, 774121.980552028049715 ], [ 1982026.229152353014797, 774026.357712269178592 ], [ 1981929.889986960683018, 773939.760774077032693 ], [ 1981825.526736739091575, 773863.023713305126876 ], [ 1981714.144476838642731, 773796.885549797327258 ], [ 1981596.815879309549928, 773741.983230223180726 ], [ 1981474.670882684877142, 773698.845493932836689 ], [ 1981348.885810052976012, 773667.887780908145942 ], [ 1981220.672040424542502, 773649.408230848843232 ], [ 1981091.264342489885166, 773643.584811923792586 ], [ 1980961.908983121393248, 773650.473606840823777 ], [ 1980833.851725142914802, 773670.008272739010863 ], [ 1980708.325829951791093, 773702.000680107041262 ], [ 1980586.540180538315326, 773746.142724573146552 ], [ 1980469.667639280902222, 773802.009294118615799 ], [ 1980358.833752641221508, 773869.062363138888031 ], [ 1980255.105911535210907, 773946.656173924333416 ], [ 1980159.483071776339784, 774034.043455660226755 ], [ 1980072.886133583961055, 774130.382621052442119 ], [ 1979996.149072812171653, 774234.745871274033561 ], [ 1979930.01090930448845, 774346.128131174598821 ], [ 1979875.108589730225503, 774463.456728703458793 ], [ 1979831.970853439997882, 774585.601725328247994 ], [ 1979801.013140415307134, 774711.386797960149124 ], [ 1979782.533590355888009, 774839.600567588582635 ], [ 1979776.710171430837363, 774969.00826552323997 ], [ 1979783.59896634798497, 775098.363624891615473 ], [ 1979803.133632246172056, 775226.420882870210335 ], [ 1979835.126039614202455, 775351.946778061217628 ], [ 1979879.268084080191329, 775473.732427474809811 ], [ 1979935.134653625544161, 775590.604968732222915 ], [ 1980002.187722645932809, 775701.438855372020043 ], [ 1980206.728244408965111, 776004.843725234619342 ], [ 1980306.941017367411405, 776157.271735608228482 ], [ 1980324.998793005710468, 776184.020226244931109 ], [ 1980436.05766644817777, 776344.268915303284302 ], [ 1980605.652695249998942, 776592.945263312780298 ], [ 1980608.112454606452957, 776596.818675318965688 ] ] ] } },
{ "type": "Feature", "properties": { "FID": 12, "FeatureTyp": "Bike Lane", "Label": "Rosemary Street", "Fr_St": "Mitchell Lane", "To_St": "Pritchard Avenue", "Notes": " ", "Shape_Leng": 1559.68701237, "GlobalID": "31c4d46a-a009-4b8d-b830-f205d0498d8e" }, "geometry": { "type": "Polygon", "coordinates": [ [ [ 1981853.440883300499991, 788368.845937231206335 ], [ 1981901.956372994929552, 788388.967935672728345 ], [ 1982389.157398574287072, 788619.67173817101866 ], [ 1982508.812651790911332, 788669.299199020606466 ], [ 1982632.75607405253686, 788706.9594243359752 ], [ 1982759.79402244836092, 788732.289725560112856 ], [ 1982888.70305208931677, 788745.046158045297489 ], [ 1983018.241698551224545, 788745.105870373314247 ], [ 1983147.162433855468407, 788732.468287481809966 ], [ 1983274.223680845927447, 788707.25511620240286 ], [ 1983398.201770255342126, 788669.709173157461919 ], [ 1983517.90272530913353, 788620.192046303185634 ], [ 1983632.173760375473648, 788559.180612639989704 ], [ 1983739.91438291920349, 788487.262445626431145 ], [ 1983840.086991848424077, 788405.130156525061466 ], [ 1983931.726870179409161, 788313.574724178295583 ], [ 1984013.9514757883735, 788213.477877448662184 ], [ 1984085.968940774444491, 788105.803603688837029 ], [ 1984147.085697581060231, 787991.588865015772171 ], [ 1984196.713158430764452, 787871.933611799147911 ], [ 1984234.373383746016771, 787747.990189537522383 ], [ 1984259.703684970270842, 787620.952241141698323 ], [ 1984272.460117455339059, 787492.043211500626057 ], [ 1984272.519829783355817, 787362.504565038834698 ], [ 1984259.882246891967952, 787233.583829734590836 ], [ 1984234.669075612444431, 787106.522582744131796 ], [ 1984197.123132567619905, 786982.544493334833533 ], [ 1984147.60600571334362, 786862.843538280809298 ], [ 1984086.594572050264105, 786748.57250321470201 ], [ 1984014.676405036589131, 786640.831880670855753 ], [ 1983932.544115935219452, 786540.659271741518751 ], [ 1983840.988683588337153, 786449.019393410533667 ], [ 1983740.89183685882017, 786366.794787801802158 ], [ 1983633.217563098995015, 786294.777322815731168 ], [ 1983519.002824425930157, 786233.660566008882597 ], [ 1982985.965504675870761, 785981.251950091915205 ], [ 1982937.450651582563296, 785961.130234515061602 ], [ 1982106.691739709349349, 785567.741481264703907 ], [ 1981987.036502928938717, 785518.113980786292814 ], [ 1981863.093093140050769, 785480.453714421833865 ], [ 1981736.055153133347631, 785455.123371123801917 ], [ 1981607.146127717103809, 785442.366895945044234 ], [ 1981477.60748127521947, 785442.30714071483817 ], [ 1981348.686741785379127, 785454.944680908927694 ], [ 1981221.625486444681883, 785480.157810106640682 ], [ 1981097.647384600481018, 785517.703712091082707 ], [ 1980977.946413146797568, 785567.220799301401712 ], [ 1980863.675357874017209, 785628.232195118907839 ], [ 1980755.934711511712521, 785700.150326449773274 ], [ 1980655.762075380655006, 785782.282582374755293 ], [ 1980564.122166727436706, 785873.837984371231869 ], [ 1980481.897527967346832, 785973.934803868643939 ], [ 1980409.880027320468798, 786081.609053776948713 ], [ 1980348.763232686789706, 786195.823772208532318 ], [ 1980299.135732208145782, 786315.479008989059366 ], [ 1980261.475465843919665, 786439.422418777830899 ], [ 1980236.145122545771301, 786566.460358784534037 ], [ 1980223.388647367013618, 786695.369384200661443 ], [ 1980223.328892136923969, 786824.908030642778613 ], [ 1980235.966432330897078, 786953.828770132386126 ], [ 1980261.179561528610066, 787080.890025473199785 ], [ 1980298.725463513052091, 787204.868127317517065 ], [ 1980348.242550723487511, 787324.5690987710841 ], [ 1980409.253946540877223, 787438.840154043748043 ], [ 1980481.172077871626243, 787546.580800406285562 ], [ 1980563.304333796724677, 787646.753436537110247 ], [ 1980654.859735793201253, 787738.393345190444961 ], [ 1980754.956555290613323, 787820.617983950534835 ], [ 1980862.630805198801681, 787892.635484597412869 ], [ 1980976.845523630501702, 787953.752279231208377 ], [ 1981853.440883300499991, 788368.845937231206335 ] ] ] } },
{ "type": "Feature", "properties": { "FID": 13, "FeatureTyp": "Bike Lane", "Label": "Sprunt Street", "Fr_St": "Old Barn Lane", "To_St": "Meadowmont Lane", "Notes": " ", "Shape_Leng": 1836.35276716, "GlobalID": "ebc5c92e-dc06-4b9b-b9dd-2fc9d68bd275" }, "geometry": { "type": "Polygon", "coordinates": [ [ [ 1995635.121954661095515, 784350.184422800550237 ], [ 1995591.367316742893308, 784347.950647478573956 ], [ 1995461.972722253063694, 784354.058299199212343 ], [ 1995333.799852658528835, 784372.819429033435881 ], [ 1995208.083082760218531, 784404.053357045049779 ], [ 1995086.033133775694296, 784447.459283433039673 ], [ 1994968.825413433136418, 784502.619185398332775 ], [ 1994857.588696151506156, 784569.001842931378633 ], [ 1994753.394252326572314, 784645.967954751802608 ], [ 1994657.245531410910189, 784732.776295128744096 ], [ 1994570.068498147185892, 784828.590852290159091 ], [ 1994492.702715021092445, 784932.488879673066549 ], [ 1994425.893256817245856, 785043.469782477244735 ], [ 1994370.283535139402375, 785160.464753940235823 ], [ 1994326.409102007048205, 785282.347068531205878 ], [ 1994294.692492195172235, 785407.942932932754047 ], [ 1994275.439153994433582, 785536.042790313018486 ], [ 1994268.834507576655596, 785665.412969019031152 ], [ 1994274.942159297177568, 785794.807563508860767 ], [ 1994293.703289131401107, 785922.980433103279211 ], [ 1994324.937217142898589, 786048.69720300170593 ], [ 1994368.343143531121314, 786170.747151986230165 ], [ 1994423.503045496298, 786287.954872328904457 ], [ 1994489.885703029343858, 786399.191589610418305 ], [ 1994566.851814849767834, 786503.386033435235731 ], [ 1994653.660155226709321, 786599.534754351014271 ], [ 1994749.474712388124317, 786686.711787614854984 ], [ 1994853.372739770915359, 786764.077570740715601 ], [ 1994964.35364257520996, 786830.887028944678605 ], [ 1995081.348614038201049, 786886.496750622405671 ], [ 1995203.230928629171103, 786930.371183754876256 ], [ 1995328.826793030602857, 786962.087793566752225 ], [ 1995456.926650410983711, 786981.341131767490879 ], [ 1995486.908891849918291, 786984.352279587765224 ], [ 1995700.069252365734428, 787005.76234142924659 ], [ 1995723.861011849017814, 787007.93472454091534 ], [ 1995750.07880719890818, 787010.089575872989371 ], [ 1995791.454652793239802, 787012.836748694069684 ], [ 1995819.828611793229356, 787014.273425613995641 ], [ 1995977.813267403980717, 787012.805611713789403 ], [ 1995987.388379483949393, 787012.142227215808816 ], [ 1996014.097026066621765, 787010.291639800183475 ], [ 1996136.044344927649945, 786996.119380521005951 ], [ 1996155.79889859771356, 786992.886447357945144 ], [ 1996256.606163892196491, 786972.326082027284428 ], [ 1996274.203569642268121, 786968.016379362321459 ], [ 1996388.327831068309024, 786934.550688884803094 ], [ 1996413.469841148238629, 786925.930299303727224 ], [ 1996513.064602144993842, 786887.210142296971753 ], [ 1996546.826345644891262, 786872.484778044046834 ], [ 1996546.665506378281862, 786872.116012017708272 ], [ 1996619.016184062231332, 786839.946112141711637 ], [ 1996713.245489376597106, 786788.50008541229181 ], [ 1996756.648289716569707, 786762.458470819285139 ], [ 1996776.343037050450221, 786749.545546922716312 ], [ 1996814.837590562878177, 786726.106468891375698 ], [ 1996850.746894344920292, 786704.859825573395938 ], [ 1996892.68455188209191, 786678.977439566398971 ], [ 1996953.967614574357867, 786639.557366541703232 ], [ 1996984.306038313545287, 786620.438837062683888 ], [ 1997043.217115852748975, 786583.31421369232703 ], [ 1997108.317635032115504, 786542.409612126648426 ], [ 1997117.816741888411343, 786536.506515680463053 ], [ 1997126.437995530664921, 786536.441912394831888 ], [ 1997141.723525665467605, 786536.238849494606256 ], [ 1997180.298907845513895, 786535.50295858469326 ], [ 1997269.487112342379987, 786530.779459352372214 ], [ 1997303.284945012303069, 786527.840160767314956 ], [ 1997417.289107744814828, 786512.899004290578887 ], [ 1997444.47442081477493, 786508.123751366627403 ], [ 1997541.361645713448524, 786487.328482173266821 ], [ 1997563.038111553527415, 786481.817338340217248 ], [ 1997611.401253049029037, 786468.538138711592183 ], [ 1997633.811313219135627, 786461.924634882481769 ], [ 1997799.509790121112019, 786400.701056837220676 ], [ 1997812.811638039071113, 786394.746590438648127 ], [ 1997834.852636169409379, 786384.880716649699025 ], [ 1997950.347785533638671, 786326.219528747722507 ], [ 1998059.536992299137637, 786256.520306236576289 ], [ 1998161.368704715743661, 786176.454290730529465 ], [ 1998254.862227726262063, 786086.792561727575958 ], [ 1998339.117167595075443, 785988.398610691889189 ], [ 1998413.322103193262592, 785882.220025159651414 ], [ 1998476.762400425970554, 785769.279362952685915 ], [ 1998528.827094550943002, 785650.664304387639277 ], [ 1998569.014774102484807, 785527.517177320085466 ], [ 1998596.9384097578004, 785401.0239559027832 ], [ 1998612.329081640578806, 785272.402839006157592 ], [ 1998615.038569167256355, 785142.892518297419883 ], [ 1998605.040778492111713, 785013.740248962654732 ], [ 1998582.431993804173544, 784886.189837957150303 ], [ 1998547.429950059624389, 784761.469665465177968 ], [ 1998500.371736073866487, 784640.780854926677421 ], [ 1998441.710548171773553, 784525.285705562564544 ], [ 1998372.011325660627335, 784416.096498797065578 ], [ 1998291.945310154696926, 784314.264786380343139 ], [ 1998202.283581151627004, 784220.771263369824737 ], [ 1998103.88963011582382, 784136.516323500894941 ], [ 1997997.71104458370246, 784062.311387902940623 ], [ 1997884.770382376620546, 783998.871090670232661 ], [ 1997766.155323811573908, 783946.806396545143798 ], [ 1997643.008196744136512, 783906.618716993485577 ], [ 1997516.514975326834247, 783878.695081338402815 ], [ 1997387.893858430208638, 783863.304409455624409 ], [ 1997258.383537721587345, 783860.594921928830445 ], [ 1997129.231268386589363, 783870.592712604091503 ], [ 1997001.680857381084934, 783893.201497291796841 ], [ 1996986.196082701440901, 783897.54721579013858 ], [ 1996983.530498175881803, 783897.58718592254445 ], [ 1996848.843759665964171, 783900.617363574565388 ], [ 1996746.530316898599267, 783906.900334891164675 ], [ 1996679.523889238480479, 783913.634901476209052 ], [ 1996502.5822482497897, 783943.681303263059817 ], [ 1996429.85175066976808, 783961.190126523026265 ], [ 1996349.763155119027942, 783983.157341427402571 ], [ 1996313.735011948971078, 783994.269195846398361 ], [ 1996220.102512127254158, 784027.048603887436911 ], [ 1996191.818119877483696, 784038.160458292462863 ], [ 1996169.789302834775299, 784047.04434643231798 ], [ 1996155.022096527274698, 784053.154778881231323 ], [ 1996140.512764199869707, 784059.158256132621318 ], [ 1996043.425570022547618, 784104.018656112719327 ], [ 1996015.81538903247565, 784118.160688184667379 ], [ 1995919.171421420760453, 784172.912877727998421 ], [ 1995878.681016830727458, 784198.159546395065263 ], [ 1995805.524823878193274, 784243.774599613621831 ], [ 1995712.091278885491192, 784301.837661303230561 ], [ 1995706.542097783414647, 784305.305223059025593 ], [ 1995637.930358363315463, 784348.41602922603488 ], [ 1995636.471158219967037, 784349.334217968280427 ], [ 1995635.121954661095515, 784350.184422800550237 ] ] ] } },
{ "type": "Feature", "properties": { "FID": 14, "FeatureTyp": "Bike Lane", "Label": "Kingston Drive", "Fr_St": "Silver Cedar Court", "To_St": "Timberlyne Driveway", "Notes": " ", "Shape_Leng": 864.40361478600005, "GlobalID": "5a37f77a-91e3-4bad-b691-e5912de1cd18" }, "geometry": { "type": "Polygon", "coordinates": [ [ [ 1985902.852294555632398, 806006.837231335346587 ], [ 1985922.833326491294429, 805991.200085743446834 ], [ 1985966.168574996758252, 805955.779183809063397 ], [ 1986016.384709511185065, 805912.926458510453813 ], [ 1986023.123366150772199, 805907.59811594162602 ], [ 1986120.670000342652202, 805822.363623800338246 ], [ 1986209.392479651607573, 805727.978316903463565 ], [ 1986288.436358100967482, 805625.351177352597006 ], [ 1986357.040399931836873, 805515.470560603425838 ], [ 1986414.543910718522966, 805399.394677061936818 ], [ 1986460.39310021745041, 805278.241400940227322 ], [ 1986494.146415670169517, 805153.177504516555928 ], [ 1986515.478794197319075, 805025.407421480165794 ], [ 1986524.184793332125992, 804896.161647577187978 ], [ 1986520.180569543968886, 804766.684890263015404 ], [ 1986503.504685696680099, 804638.224081489956006 ], [ 1986474.317739667836577, 804512.016369070159271 ], [ 1986432.900817702757195, 804389.277202266501263 ], [ 1986379.65278740064241, 804271.188626351300627 ], [ 1986315.0864564019721, 804158.887898864340968 ], [ 1986239.823633769527078, 804053.456537201185711 ], [ 1986154.589141628472134, 803955.909903009422123 ], [ 1986060.203834731597453, 803867.187423700583167 ], [ 1985957.576695180730894, 803788.143545251106843 ], [ 1985847.696078431326896, 803719.539503420121036 ], [ 1985731.620194889837876, 803662.035992633551359 ], [ 1985610.46691876812838, 803616.1868031345075 ], [ 1985485.403022344456986, 803582.433487681904808 ], [ 1985357.632939308183268, 803561.10110915475525 ], [ 1985228.387165405089036, 803552.395110019831918 ], [ 1985098.910408091032878, 803556.399333808105439 ], [ 1984970.44959931797348, 803573.075217655277811 ], [ 1984844.241886898176745, 803602.262163684237748 ], [ 1984721.502720094518736, 803643.67908564931713 ], [ 1984603.4141441793181, 803696.9271159513155 ], [ 1984491.113416692242026, 803761.493446950102225 ], [ 1984385.682055029319599, 803836.756269582430832 ], [ 1984359.582697779173031, 803857.393367403419688 ], [ 1984321.447127933148295, 803888.723951528896578 ], [ 1984273.74819245445542, 803929.42858558462467 ], [ 1984249.257673098705709, 803948.594853774528019 ], [ 1984221.349234064109623, 803971.05322593182791 ], [ 1984120.594186234055087, 804054.410014596767724 ], [ 1984118.718087124638259, 804055.965070385485888 ], [ 1984072.184715634677559, 804094.608037713565864 ], [ 1984001.902143934043124, 804157.343127012252808 ], [ 1983972.362832924118266, 804185.667873517144471 ], [ 1983952.563444368774071, 804205.056170275318436 ], [ 1983929.09531544870697, 804228.52462727332022 ], [ 1983881.717939193826169, 804278.439770561060868 ], [ 1983857.843315033940598, 804304.943982642143965 ], [ 1983818.983560294145718, 804350.092069805017672 ], [ 1983796.527240384137258, 804377.405335381976329 ], [ 1983759.081388349412009, 804425.145822793245316 ], [ 1983741.680504509247839, 804448.412508548237383 ], [ 1983699.860138974385336, 804507.656370616634376 ], [ 1983660.408446224406362, 804566.936435779673047 ], [ 1983626.798903059214354, 804620.146096299402416 ], [ 1983607.173614229308441, 804652.921621303423308 ], [ 1983550.936735381837934, 804757.188862067530863 ], [ 1983528.277659961720929, 804804.127416488481686 ], [ 1983511.683960328344256, 804839.853480805060826 ], [ 1983496.509121908340603, 804873.843242217088118 ], [ 1983437.957109025912359, 805031.178642384475097 ], [ 1983420.359375196043402, 805089.587646298459731 ], [ 1983390.892771971644834, 805206.469114679610357 ], [ 1983384.183795881690457, 805239.348314020666294 ], [ 1983365.264323720242828, 805360.601960397092625 ], [ 1983362.824367980239913, 805383.04712548002135 ], [ 1983355.160827011801302, 805512.358898465172388 ], [ 1983360.20895828679204, 805641.799158289446495 ], [ 1983377.92014554142952, 805770.121324491337873 ], [ 1983408.123820360284299, 805896.089584462461062 ], [ 1983450.529104844201356, 806018.490794998011552 ], [ 1983504.727612922433764, 806136.146165529266 ], [ 1983570.197383334161714, 806247.922610520850867 ], [ 1983646.307906400877982, 806352.743661704473197 ], [ 1983732.326196179259568, 806449.599835056229495 ], [ 1983827.423849516315386, 806537.558352679596283 ], [ 1983930.685024024918675, 806615.772125966963358 ], [ 1984041.115258145844564, 806683.487913525546901 ], [ 1984157.651048357831314, 806740.053575303871185 ], [ 1984279.170091295614839, 806784.924353057285771 ], [ 1984404.502092147013173, 806817.668116666958667 ], [ 1984532.440035230247304, 806837.969525789958425 ], [ 1984661.751808215398341, 806845.63306675828062 ], [ 1984791.192068039439619, 806840.584935483289883 ], [ 1984919.514234241563827, 806822.873748228768818 ], [ 1985045.482494212687016, 806792.670073409681208 ], [ 1985167.883704748237506, 806750.264788925764151 ], [ 1985285.539075279375538, 806696.066280847648159 ], [ 1985397.315520270960405, 806630.596510436036624 ], [ 1985502.136571454582736, 806554.485987369320355 ], [ 1985598.992744806222618, 806468.467697590938769 ], [ 1985686.951262429589406, 806373.370044253766537 ], [ 1985765.165035716956481, 806270.108869745279662 ], [ 1985832.880823275540024, 806159.678635624120943 ], [ 1985889.446485053980723, 806043.142845412250608 ], [ 1985902.852294555632398, 806006.837231335346587 ] ] ] } },
{ "type": "Feature", "properties": { "FID": 15, "FeatureTyp": "Bike Lane", "Label": "Meadowmont Lane", "Fr_St": "Simerville Road", "To_St": "NC 54", "Notes": " ", "Shape_Leng": 3284.5734604999998, "GlobalID": "ac1094c7-7e5b-45c7-9f46-34dd350765e1" }, "geometry": { "type": "Polygon", "coordinates": [ [ [ 1995705.311048248549923, 784238.631502042990178 ], [ 1995704.736294133821502, 784238.930543904425576 ], [ 1995759.814596053678542, 784344.790240322472528 ], [ 1995802.768017769092694, 784420.731770211132243 ], [ 1995819.090371162863448, 784454.09277702041436 ], [ 1995852.047238901257515, 784510.01465173845645 ], [ 1995864.563430332578719, 784536.865456044208258 ], [ 1995902.064796251244843, 784611.113246251828969 ], [ 1995915.528510514879599, 784635.804184333770536 ], [ 1995915.685133690945804, 784640.247014821390621 ], [ 1995915.312342426506802, 784645.780786052229814 ], [ 1995912.975732936523855, 784683.74002772627864 ], [ 1995911.816773332189769, 784750.702898079412989 ], [ 1995911.357402608264238, 784763.367176130414009 ], [ 1995911.18090856843628, 784770.667518289177679 ], [ 1995907.474556931527331, 784820.08317680680193 ], [ 1995906.216040395898744, 784999.01249497605022 ], [ 1995908.43760631699115, 785035.5085067988839 ], [ 1995908.50176837737672, 785036.783160119899549 ], [ 1995908.680360888130963, 785045.027915320592001 ], [ 1995915.174463955219835, 785150.290112003101967 ], [ 1995930.051124402787536, 785254.697910557733849 ], [ 1995937.602946572704241, 785295.849731142749079 ], [ 1995951.819690272444859, 785363.337946583866142 ], [ 1995959.370200102450326, 785395.04949732683599 ], [ 1995982.569526439299807, 785479.845825703232549 ], [ 1995995.782754599349573, 785522.506173463189043 ], [ 1996023.712008045520633, 785603.319023437681608 ], [ 1996043.086969305528328, 785654.000352523755282 ], [ 1996121.213167581008747, 785821.963331377715804 ], [ 1996122.961851750966161, 785825.122117704711854 ], [ 1996144.69946752069518, 785862.902614401420578 ], [ 1996167.008272119099274, 785900.23601888155099 ], [ 1996206.908068157499656, 785973.33371854305733 ], [ 1996211.645582812838256, 785981.936738434946164 ], [ 1996238.071711062686518, 786029.505212847026996 ], [ 1996255.083319885656238, 786059.212933708680794 ], [ 1996263.103710660943761, 786072.807225486380048 ], [ 1996274.510144520085305, 786212.012462616781704 ], [ 1996274.665080305421725, 786213.093057450489141 ], [ 1996278.615512907272205, 786261.511565719614737 ], [ 1996286.380381538532674, 786336.031659692642279 ], [ 1996286.366373993456364, 786337.675734385382384 ], [ 1996284.417812329251319, 786417.585618376499042 ], [ 1996284.174700951436535, 786429.920728391734883 ], [ 1996282.760048027383164, 786524.016630265978165 ], [ 1996280.294803872937337, 786644.099714446812868 ], [ 1996279.228349338052794, 786690.657120238640346 ], [ 1996282.619952603708953, 786820.151373084168881 ], [ 1996298.687880725599825, 786948.689640454598702 ], [ 1996327.277390772243962, 787075.034028569119982 ], [ 1996368.113150133518502, 787197.967771903146058 ], [ 1996420.801888123620301, 787316.306951305945404 ], [ 1996484.836183392908424, 787428.911895789322443 ], [ 1996559.599350673379377, 787534.698158181505278 ], [ 1996644.371379794320092, 787632.646958947181702 ], [ 1996738.335869774455205, 787721.814997590729035 ], [ 1996840.587891208706424, 787801.343537155655213 ], [ 1996950.142701234202832, 787870.466674331459217 ], [ 1997065.945227141492069, 787928.518715520272963 ], [ 1997186.880227302201092, 787974.940587831195444 ], [ 1997311.783031554892659, 788009.285223257029429 ], [ 1997439.450757615966722, 788031.221864184015431 ], [ 1997568.6538954928983, 788040.539248768123798 ], [ 1997698.148148338310421, 788037.14764550246764 ], [ 1997826.686415708856657, 788021.079717380460352 ], [ 1997953.030803823145106, 787992.4902073336998 ], [ 1998075.964547157287598, 787951.65444797242526 ], [ 1998194.303726560203359, 787898.965709982439876 ], [ 1998306.908671043347567, 787834.931414713151753 ], [ 1998412.694933435646817, 787760.168247432680801 ], [ 1998510.643734201323241, 787675.39621831162367 ], [ 1998599.81177284498699, 787581.431728331721388 ], [ 1998679.340312409913167, 787479.179706897470169 ], [ 1998748.463449585484341, 787369.62489687197376 ], [ 1998806.515490774530917, 787253.822370964568108 ], [ 1998852.937363085336983, 787132.887370803859085 ], [ 1998887.281998511170968, 787007.984566551051103 ], [ 1998909.218639438040555, 786880.31684049020987 ], [ 1998918.536024022148922, 786751.113702613278292 ], [ 1998919.638384022051468, 786702.988798860344104 ], [ 1998919.70647107437253, 786699.853722191066481 ], [ 1998922.278316314332187, 786574.578054106095806 ], [ 1998922.407240048516542, 786567.327689536265098 ], [ 1998923.783664654009044, 786475.774551371345297 ], [ 1998925.837021590676159, 786391.56704713345971 ], [ 1998926.181377588072792, 786370.635102023486979 ], [ 1998926.916940418072045, 786284.301613276475109 ], [ 1998926.167554112151265, 786284.29522849211935 ], [ 1998927.05608392576687, 786264.058500664774328 ], [ 1998919.747834551148117, 786132.913504006457515 ], [ 1998907.403377576731145, 786016.275005457806401 ], [ 1998906.420173170277849, 785999.628258065786213 ], [ 1998899.861772526288405, 785934.721681933617219 ], [ 1998899.850372531218454, 785879.441977991838939 ], [ 1998898.9550838151481, 785831.105195169802755 ], [ 1998896.228383225155994, 785757.110592504730448 ], [ 1998895.079034685855731, 785732.27753341535572 ], [ 1998893.320836096070707, 785700.725759241380729 ], [ 1998889.55967443715781, 785650.500215381151065 ], [ 1998887.045243777101859, 785623.779796391143464 ], [ 1998877.301862317603081, 785558.63270690490026 ], [ 1998876.078804730670527, 785543.007465705275536 ], [ 1998870.818307311972603, 785515.28176761243958 ], [ 1998865.721511611249298, 785481.20310539577622 ], [ 1998860.835347990505397, 785462.666112821199931 ], [ 1998849.175955757964402, 785401.214739832328632 ], [ 1998806.954166580690071, 785263.206548365298659 ], [ 1998794.328863740898669, 785228.789294365327805 ], [ 1998784.69649805012159, 785203.345068886992522 ], [ 1998771.169294140068814, 785168.695203796029091 ], [ 1998745.472219107905403, 785107.46509125304874 ], [ 1998729.585600198479369, 785072.129198332550004 ], [ 1998715.107676068553701, 785039.223291493952274 ], [ 1998662.419496910180897, 784932.746417681104504 ], [ 1998631.471191567834467, 784882.215729429502971 ], [ 1998609.683943852316588, 784844.889153240714222 ], [ 1998609.627837205305696, 784844.921902277506888 ], [ 1998588.013469386147335, 784805.635973657481372 ], [ 1998553.342918685870245, 784754.199399135890417 ], [ 1998554.935068068094552, 784719.536183527321555 ], [ 1998555.219040473923087, 784704.390879944432527 ], [ 1998556.067315564025193, 784659.17807953839656 ], [ 1998555.480110622011125, 784587.911722390563227 ], [ 1998555.324355948483571, 784583.493528165854514 ], [ 1998555.338244651444256, 784583.092745943693444 ], [ 1998556.509502141503617, 784547.155481859692372 ], [ 1998557.149867719970644, 784516.757683416479267 ], [ 1998557.318830650066957, 784499.058243741514161 ], [ 1998557.491769089829177, 784480.904333658749238 ], [ 1998558.182722938014194, 784441.169698312645778 ], [ 1998558.204500317573547, 784396.557660475373268 ], [ 1998557.813424987718463, 784372.729952230351046 ], [ 1998555.313325852155685, 784310.353892179904506 ], [ 1998554.142068362096325, 784291.99402076296974 ], [ 1998546.622907359618694, 784212.275517986156046 ], [ 1998544.669499189592898, 784196.651205407106318 ], [ 1998539.524702249560505, 784159.741124239517376 ], [ 1998536.400364669505507, 784139.427844654535875 ], [ 1998516.007506275549531, 784035.032684248522855 ], [ 1998508.584620855515823, 784003.783402917557396 ], [ 1998500.501670457655564, 783971.563882112619467 ], [ 1998499.767419957788661, 783968.785672440542839 ], [ 1998474.178751207888126, 783883.674323705257848 ], [ 1998462.972736867843196, 783850.496240449254401 ], [ 1998406.367403737036511, 783710.046108308015391 ], [ 1998387.953726656967774, 783670.98417856101878 ], [ 1998387.923637784086168, 783670.998362365877256 ], [ 1998356.808369013248011, 783598.676345466868952 ], [ 1998332.01150259305723, 783550.442846133839339 ], [ 1998298.262334392871708, 783488.879371394985355 ], [ 1998280.510560755617917, 783458.446603138931096 ], [ 1998239.790670429123566, 783383.770902877207845 ], [ 1998211.667424927465618, 783323.438511386862956 ], [ 1998125.643913469975814, 783167.366734158596955 ], [ 1998121.895925586344674, 783161.536086820298806 ], [ 1998090.511305916355923, 783101.691654931288213 ], [ 1998080.452035810099915, 783085.275307412142865 ], [ 1998046.705512546235695, 783020.414979781489819 ], [ 1998017.138484364608303, 782966.675095385522582 ], [ 1998007.541062614647672, 782950.152162542566657 ], [ 1997937.05968966963701, 782841.466190308332443 ], [ 1997856.264615607215092, 782740.211953359888867 ], [ 1997765.93394115823321, 782647.364585350267589 ], [ 1997666.937600097153336, 782563.818257188890129 ], [ 1997560.228981305379421, 782490.377565687056631 ], [ 1997446.835747114615515, 782427.749784850631841 ], [ 1997327.849936357233673, 782376.538054444943555 ], [ 1997204.41744743520394, 782337.235571429017 ], [ 1997077.727002691710368, 782310.220840199268423 ], [ 1996948.998700365656987, 782295.754027385031804 ], [ 1996819.472264378797263, 782293.974456302123144 ], [ 1996690.395105115603656, 782304.899265192914754 ], [ 1996563.010306180920452, 782328.423242175602354 ], [ 1996438.544652823824435, 782364.319838492549025 ], [ 1996318.19681732612662, 782412.243350297911093 ], [ 1996203.125815132632852, 782471.732247975422069 ], [ 1996094.439842898398638, 782542.213620920549147 ], [ 1995993.185605949955061, 782623.008694982738234 ], [ 1995900.338237940333784, 782713.339369431720115 ], [ 1995816.791909778956324, 782812.33571049279999 ], [ 1995743.351218277122825, 782919.04432928469032 ], [ 1995680.72343744081445, 783032.437563475454226 ], [ 1995629.511707035126165, 783151.423374232719652 ], [ 1995590.20922401919961, 783274.855863154865801 ], [ 1995563.194492789218202, 783401.546307898359373 ], [ 1995548.727679975097999, 783530.274610224412754 ], [ 1995546.948108892189339, 783659.801046211388893 ], [ 1995557.872917782980949, 783788.878205474466085 ], [ 1995581.396894765784964, 783916.263004409149289 ], [ 1995617.293491082498804, 784040.728657766245306 ], [ 1995665.217002887977287, 784161.076493263826706 ], [ 1995705.311048248549923, 784238.631502042990178 ] ] ] } },
{ "type": "Feature", "properties": { "FID": 16, "FeatureTyp": "Bike Lane", "Label": "Old Sterling Drive", "Fr_St": "Eastowne Drive", "To_St": "Sage Road", "Notes": " ", "Shape_Leng": 2454.9293122899999, "GlobalID": "f3b2e847-4cb1-4abc-b1d9-056ed05df331" }, "geometry": { "type": "Polygon", "coordinates": [ [ [ 1994858.104990522842854, 801915.891495035495609 ], [ 1994892.650932505493984, 801942.528602166101336 ], [ 1995036.984307834878564, 802039.368813088512979 ], [ 1995040.639750136760995, 802041.486488838214427 ], [ 1995087.089007826754823, 802074.801264685462229 ], [ 1995189.462756944354624, 802135.08167952275835 ], [ 1995296.841743050143123, 802185.913424174184911 ], [ 1995334.954199640313163, 802201.897644172189757 ], [ 1995507.329430054640397, 802260.572286952519789 ], [ 1995529.895329804625362, 802266.55258994246833 ], [ 1995646.349489460932091, 802291.849635024787858 ], [ 1995764.610565355280414, 802306.540779276750982 ], [ 1995788.441994623281062, 802308.41390391648747 ], [ 1995790.699329029070213, 802308.629459431278519 ], [ 1995874.548870844766498, 802313.950302132754587 ], [ 1995874.588575572706759, 802313.951554899220355 ], [ 1995875.054302777163684, 802314.155005398904905 ], [ 1995917.549624071922153, 802327.470475476817228 ], [ 1995933.560538746649399, 802333.307140229269862 ], [ 1995993.398684677900746, 802356.234222339699045 ], [ 1996014.878628587815911, 802363.574430765700527 ], [ 1996095.41385406977497, 802388.255126642645337 ], [ 1996123.41740698996, 802395.868628474650905 ], [ 1996174.174601890146732, 802408.593453645240515 ], [ 1996194.292343799956143, 802413.215163558255881 ], [ 1996276.301352887880057, 802429.340392023324966 ], [ 1996309.471562148071826, 802434.778045192360878 ], [ 1996397.197075962321833, 802446.15539079986047 ], [ 1996422.755095702130347, 802448.602564379805699 ], [ 1996466.24854689463973, 802452.042724675964564 ], [ 1996492.34888839465566, 802453.673626921954565 ], [ 1996574.669668169924989, 802456.24306358397007 ], [ 1996604.304123339941725, 802456.24306358397007 ], [ 1996696.498179171001539, 802453.019527555559762 ], [ 1996723.685788840986788, 802451.115988061646931 ], [ 1996910.04890674399212, 802424.613100104616024 ], [ 1996922.552818733965978, 802421.913630434544757 ], [ 1996933.974896522704512, 802419.447716249269433 ], [ 1996995.555956159252673, 802404.597974996780977 ], [ 1997024.104455489199609, 802396.984473165823147 ], [ 1997074.786570817697793, 802382.377600236563012 ], [ 1997101.973196227801964, 802373.950451729586348 ], [ 1997205.662662154994905, 802337.004381049890071 ], [ 1997232.578946904977784, 802326.128746633883566 ], [ 1997261.112046091118827, 802314.209180328180082 ], [ 1997274.403806738788262, 802308.472841121489182 ], [ 1997276.233385927742347, 802308.358500799513422 ], [ 1997321.03899709880352, 802304.791610216605477 ], [ 1997347.070769188692793, 802302.272586396662518 ], [ 1997470.761507639894262, 802284.358953163726255 ], [ 1997488.114163219928741, 802281.000364080653526 ], [ 1997553.505262377206236, 802266.614380609593354 ], [ 1997575.057384627172723, 802261.296477850642987 ], [ 1997645.860690835397691, 802241.720669677713886 ], [ 1997687.844858845463023, 802228.845039268722758 ], [ 1997770.532284597400576, 802200.458442036877386 ], [ 1997955.373193900566548, 802130.077571757952683 ], [ 1998050.186458572745323, 802093.976136710378341 ], [ 1998093.610911165829748, 802077.441531211370602 ], [ 1998180.876211291179061, 802045.467912116553634 ], [ 1998300.174423585645854, 801994.988202964887023 ], [ 1998413.950305644888431, 801933.058297794661485 ], [ 1998521.108133528148755, 801860.274615447036922 ], [ 1998620.615918774623424, 801777.338102570851333 ], [ 1998711.51534701581113, 801685.047483122441918 ], [ 1998792.931007066974416, 801584.291566218598746 ], [ 1998864.078821615781635, 801476.040686417720281 ], [ 1998924.273598314495757, 801361.337358868331648 ], [ 1998972.935628558043391, 801241.286239317851141 ], [ 1999009.596270393347368, 801117.043485674308613 ], [ 1999033.902461799327284, 800989.805623573134653 ], [ 1999045.620120865060017, 800860.798023181734607 ], [ 1999044.63640012848191, 800731.263098214636557 ], [ 1999030.960773358121514, 800602.44834081013687 ], [ 1999004.724944315617904, 800475.594307499472052 ], [ 1998966.181578376563266, 800351.922671968932264 ], [ 1998915.701869224896654, 800232.624459674349055 ], [ 1998853.771964054554701, 800118.848577615222894 ], [ 1998780.988281707046553, 800011.690749731962569 ], [ 1998698.05176883074455, 799912.182964485487901 ], [ 1998605.761149382451549, 799821.283536244300194 ], [ 1998505.005232478724793, 799739.867876193020493 ], [ 1998396.754352677846327, 799668.720061644213274 ], [ 1998282.051025128457695, 799608.525284945382737 ], [ 1998161.999905577860773, 799559.863254701951519 ], [ 1998037.757151934318244, 799523.202612866531126 ], [ 1997910.5192898332607, 799498.89642146078404 ], [ 1997781.511689441744238, 799487.178762394934893 ], [ 1997651.976764474529773, 799488.162483131396584 ], [ 1997523.162007070146501, 799501.83810990175698 ], [ 1997396.307973759481683, 799528.073938944377005 ], [ 1997272.63633822882548, 799566.617304883431643 ], [ 1997177.55549163883552, 799601.454505554400384 ], [ 1997161.961133028380573, 799607.280003342661075 ], [ 1997110.763718202477321, 799626.774297605967149 ], [ 1997015.951865687267855, 799662.875194955617189 ], [ 1996984.447655285708606, 799674.870882240706123 ], [ 1996976.754470159299672, 799675.113975822227076 ], [ 1996938.691554159391671, 799677.289824485313147 ], [ 1996882.708298758836463, 799681.686521831201389 ], [ 1996860.958342258818448, 799683.861058163107373 ], [ 1996792.703271954786032, 799692.486925744451582 ], [ 1996769.594722374808043, 799696.021367499488406 ], [ 1996670.184549396391958, 799715.153224296518601 ], [ 1996646.801394066307694, 799720.590877465554513 ], [ 1996555.279890755889937, 799745.465674886014313 ], [ 1996520.928662521764636, 799735.204281789832748 ], [ 1996488.032074761809781, 799726.504496035864577 ], [ 1996478.823896204819903, 799724.104792017373256 ], [ 1996462.759623874677345, 799719.980128351366147 ], [ 1996298.291428306838498, 799688.712096008122899 ], [ 1996278.716008146991953, 799686.263938176096417 ], [ 1996275.036079119890928, 799685.966316207777709 ], [ 1996262.78731541777961, 799677.628869677777402 ], [ 1996119.194356910185888, 799592.645610074978322 ], [ 1996090.016593750100583, 799577.782122742035426 ], [ 1996025.275549692800269, 799546.987211458967067 ], [ 1995996.511827682843432, 799534.251344539923593 ], [ 1995963.933810287155211, 799520.346360955387354 ], [ 1995934.025077457306907, 799508.052422289387323 ], [ 1995811.941137443762273, 799464.742191586527042 ], [ 1995686.199920010054484, 799433.606830162811093 ], [ 1995558.01238181674853, 799414.946188568836078 ], [ 1995428.613038931507617, 799408.939978984300978 ], [ 1995299.248077762778848, 799415.646044490626082 ], [ 1995171.16335360519588, 799434.9998020111816 ], [ 1995045.59239237010479, 799466.814864281215705 ], [ 1994923.744511058554053, 799510.784834859194234 ], [ 1994806.793171376455575, 799566.486258891993202 ], [ 1994695.864678656915203, 799633.38270121673122 ], [ 1994592.027334924554452, 799710.829912524321117 ], [ 1994496.281150562688708, 799798.082033833139576 ], [ 1994409.548213667236269, 799894.298779517994262 ], [ 1994332.663809833116829, 799998.553529720637016 ], [ 1994266.368377898819745, 800109.842254205024801 ], [ 1994211.300379114458337, 800227.093181717791595 ], [ 1994167.990148411598057, 800349.177121731219813 ], [ 1994136.854786987882107, 800474.918339165044017 ], [ 1994118.194145394023508, 800603.105877358233556 ], [ 1994112.187935809371993, 800732.505220243590884 ], [ 1994118.894001315813512, 800861.870181412203237 ], [ 1994138.247758836252615, 800989.954905569902621 ], [ 1994170.062821106286719, 801115.525866804993711 ], [ 1994214.032791684381664, 801237.373748116428033 ], [ 1994269.734215717064217, 801354.325087798642926 ], [ 1994336.63065804168582, 801465.253580518183298 ], [ 1994414.077869349392131, 801569.090924250544049 ], [ 1994501.32999065821059, 801664.837108612293378 ], [ 1994597.546736343065277, 801751.570045507862233 ], [ 1994701.80148654570803, 801828.454449341981672 ], [ 1994813.090211030095816, 801894.749881276395172 ], [ 1994858.104990522842854, 801915.891495035495609 ] ] ] } },
{ "type": "Feature", "properties": { "FID": 17, "FeatureTyp": "Bike Lane", "Label": "W. Cameron Ave.", "Fr_St": "S. Merrit Mill Rd.", "To_St": "Pittsboro St.", "Notes": " ", "Shape_Leng": 2738.2921265599998, "GlobalID": "e68dfb64-e879-4644-9979-6570a399ec63" }, "geometry": { "type": "Polygon", "coordinates": [ [ [ 1983114.965377633227035, 784549.894710924127139 ], [ 1981653.368887217482552, 783866.149357298621908 ], [ 1981533.482486877590418, 783817.082917584455572 ], [ 1981409.364020216511562, 783780.003668314428069 ], [ 1981282.208815918304026, 783755.268702928675339 ], [ 1981153.241448110667989, 783743.116232665372081 ], [ 1981023.703943046275526, 783743.663292456301861 ], [ 1980894.843817711109295, 783756.904613816644996 ], [ 1980767.902065554633737, 783782.712675583199598 ], [ 1980644.101205043261871, 783820.838932013139129 ], [ 1980524.633506140206009, 783870.916206415160559 ], [ 1980410.649508093483746, 783932.46222726162523 ], [ 1980303.246939114527777, 784004.884272727300413 ], [ 1980203.460144654614851, 784087.484878924442455 ], [ 1980112.250126093393192, 784179.468556861393154 ], [ 1980030.495285770157352, 784279.949453436071053 ], [ 1979958.982967489166185, 784387.959882686147466 ], [ 1979898.4018739676103, 784502.459645133349113 ], [ 1979849.335434253327549, 784622.346045473474078 ], [ 1979812.256184983532876, 784746.464512134552933 ], [ 1979787.52121959766373, 784873.619716432644054 ], [ 1979775.368749334244058, 785002.587084240280092 ], [ 1979775.915809125173837, 785132.124589304672554 ], [ 1979789.157130485633388, 785260.98471463972237 ], [ 1979814.965192252304405, 785387.926466796314344 ], [ 1979853.09144868212752, 785511.72732730768621 ], [ 1979903.168723084032536, 785631.195026210742071 ], [ 1979964.714743930613622, 785745.179024257464334 ], [ 1980037.136789396172389, 785852.581593236420304 ], [ 1980119.737395593430847, 785952.368387696449645 ], [ 1980211.721073530381545, 786043.578406257554889 ], [ 1980312.201970105059445, 786125.333246580790728 ], [ 1980420.212399355135858, 786196.84556486189831 ], [ 1980534.71216180245392, 786257.426658383337781 ], [ 1981996.30864804238081, 786941.172010055393912 ], [ 1983015.021173376590014, 787417.733062837854959 ], [ 1983134.907573545118794, 787466.799502970767207 ], [ 1983259.026040076743811, 787503.878752674208954 ], [ 1983386.181244288571179, 787528.613718504086137 ], [ 1983515.148612053599209, 787540.766189217800274 ], [ 1983644.686117120087147, 787540.219129879260436 ], [ 1983773.546242501353845, 787526.977808968978934 ], [ 1983900.487994747934863, 787501.169747645733878 ], [ 1984024.288855392485857, 787463.043491648160852 ], [ 1984143.756554470630363, 787412.966217663488351 ], [ 1984257.74055273225531, 787351.42019721516408 ], [ 1984365.143121964065358, 787278.998152124579065 ], [ 1984464.929916712455451, 787196.397546275868081 ], [ 1984556.139935594983399, 787104.413868657546118 ], [ 1984637.894776269095019, 787003.932972368318588 ], [ 1984709.407094927504659, 786895.922543368069455 ], [ 1984769.98818884883076, 786781.422781132394448 ], [ 1984819.054628981743008, 786661.536380963632837 ], [ 1984856.133878685068339, 786537.417914432124235 ], [ 1984880.868844514945522, 786410.262710220296867 ], [ 1984893.02131522889249, 786281.295342455152422 ], [ 1984892.474255890352651, 786151.757837388897315 ], [ 1984879.232934979954734, 786022.897712007514201 ], [ 1984853.424873656826094, 785895.955959760816768 ], [ 1984815.298617659136653, 785772.155099116265774 ], [ 1984765.221343674464151, 785652.687400038354099 ], [ 1984703.675323226023465, 785538.703401776729152 ], [ 1984631.253278135554865, 785431.300832544686273 ], [ 1984548.652672286843881, 785331.514037796296179 ], [ 1984456.668994668405503, 785240.304018913884647 ], [ 1984356.188098379410803, 785158.549178239773028 ], [ 1984248.17766937892884, 785087.036859581363387 ], [ 1984133.677907143253833, 785026.455765660037287 ], [ 1983114.965377633227035, 784549.894710924127139 ] ] ] } },
{ "type": "Feature", "properties": { "FID": 18, "FeatureTyp": "Bike Lane", "Label": "W. Rosemary Street", "Fr_St": "Merritt Mill Road", "To_St": "North Robeson Street", "Notes": " ", "Shape_Leng": 473.80704042600001, "GlobalID": "fcaaf52e-e918-48a5-b84e-3c0d6a5735ee" }, "geometry": { "type": "Polygon", "coordinates": [ [ [ 1980871.219973898492754, 787864.526125522563234 ], [ 1981000.499006782192737, 787872.723451268859208 ], [ 1981129.959004214964807, 787868.209743543178774 ], [ 1981258.353195651434362, 787851.028471818543039 ], [ 1981384.445074840914458, 787821.345101133920252 ], [ 1981507.020308057777584, 787779.44549857545644 ], [ 1981624.898428799817339, 787725.733180220471695 ], [ 1981736.944206325337291, 787660.72542505688034 ], [ 1981842.078578546643257, 787585.048293303814717 ], [ 1981939.289043986704201, 787499.43059710925445 ], [ 1982027.639412722783163, 787404.69688169111032 ], [ 1982106.278822406660765, 787301.759484515525401 ], [ 1982174.449932534480467, 787191.609748988412321 ], [ 1982231.496218049433082, 787075.308477277169004 ], [ 1982276.868292037630454, 786953.975714204949327 ], [ 1982310.129196623340249, 786828.77996060741134 ], [ 1982330.958611113484949, 786700.926920030615292 ], [ 1982339.155936859780923, 786571.647887146915309 ], [ 1982334.642229134216905, 786442.187889714143239 ], [ 1982317.460957409581169, 786313.793698277557269 ], [ 1982287.777586724841967, 786187.701819088077173 ], [ 1982245.877984166378155, 786065.126585871214047 ], [ 1982192.16566581139341, 785947.248465129290707 ], [ 1982127.157910647802055, 785835.20268760365434 ], [ 1982051.480778894620016, 785730.068315382348374 ], [ 1981965.863082700176165, 785632.85784994228743 ], [ 1981871.129367282148451, 785544.507481206324883 ], [ 1981768.191970106447116, 785465.868071522330865 ], [ 1981658.042234579334036, 785397.696961394627579 ], [ 1981541.740962868090719, 785340.650675879558548 ], [ 1981420.408199795754626, 785295.278601891361177 ], [ 1981295.212446198333055, 785262.017697305534966 ], [ 1981167.359405621420592, 785241.188282815506682 ], [ 1980696.542761951452121, 785188.039438990526833 ], [ 1980567.263729067752138, 785179.842113244230859 ], [ 1980437.803731634980068, 785184.355820969911292 ], [ 1980309.409540198510513, 785201.537092694547027 ], [ 1980183.317661009030417, 785231.220463379169814 ], [ 1980060.742427792167291, 785273.120065937633626 ], [ 1979942.864307050127536, 785326.832384292618372 ], [ 1979830.818529524607584, 785391.840139456209727 ], [ 1979725.684157303301618, 785467.51727120927535 ], [ 1979628.473691863240674, 785553.134967403835617 ], [ 1979540.123323127161711, 785647.868682821979746 ], [ 1979461.483913443284109, 785750.806079997564666 ], [ 1979393.312803315464407, 785860.955815524677746 ], [ 1979336.266517800511792, 785977.257087235921063 ], [ 1979290.894443812314421, 786098.58985030814074 ], [ 1979257.633539226604626, 786223.785603905678727 ], [ 1979236.804124736459926, 786351.638644482474774 ], [ 1979228.606798990163952, 786480.917677366174757 ], [ 1979233.12050671572797, 786610.377674798946828 ], [ 1979250.301778440363705, 786738.771866235532798 ], [ 1979279.985149125102907, 786864.863745425012894 ], [ 1979321.884751683566719, 786987.43897864187602 ], [ 1979375.597070038551465, 787105.317099383799359 ], [ 1979440.60482520214282, 787217.362876909435727 ], [ 1979516.281956955324858, 787322.497249130741693 ], [ 1979601.89965314976871, 787419.707714570802636 ], [ 1979696.633368567796424, 787508.058083306765184 ], [ 1979799.570765743497759, 787586.697492990759201 ], [ 1979909.720501270610839, 787654.868603118462488 ], [ 1980026.021772981854156, 787711.914888633531518 ], [ 1980147.354536054190248, 787757.28696262172889 ], [ 1980272.55028965161182, 787790.5478672075551 ], [ 1980400.403330228524283, 787811.377281697583385 ], [ 1980871.219973898492754, 787864.526125522563234 ] ] ] } },
{ "type": "Feature", "properties": { "FID": 19, "FeatureTyp": "Bike Lane", "Label": "South Columbia Street", "Fr_St": "Pittsboro Street", "To_St": "Berryhill Hall", "Notes": "Bike on one side", "Shape_Leng": 1206.4001869000001, "GlobalID": "e057472e-c8eb-42da-b297-d4c0f90b5c72" }, "geometry": { "type": "Polygon", "coordinates": [ [ [ 1982712.235440629534423, 784847.941117098322138 ], [ 1982795.710193713894114, 784951.157139466959052 ], [ 1982839.576994940638542, 785000.140289189643227 ], [ 1982872.592226311098784, 785040.97230155672878 ], [ 1982971.110776886343956, 785149.830043053021654 ], [ 1983035.735455597750843, 785206.961163192987442 ], [ 1983036.321720786159858, 785209.626606468576938 ], [ 1983070.322892270982265, 785334.623345747590065 ], [ 1983116.412161756306887, 785455.685493965051137 ], [ 1983174.145664382027462, 785571.647156454389915 ], [ 1983242.967394957551733, 785681.391559014795348 ], [ 1983322.214562595589086, 785783.861803057021461 ], [ 1983411.123973750974983, 785878.07104411511682 ], [ 1983508.839382191188633, 785963.111995697719976 ], [ 1983614.419735116651282, 786038.165666952962056 ], [ 1983726.848236012272537, 786102.509249998140149 ], [ 1983845.042136954842135, 786155.523080954677425 ], [ 1983967.86316606705077, 786196.696607650257647 ], [ 1984094.128489697584882, 786225.633306514937431 ], [ 1984222.622103756526485, 786242.054501320468262 ], [ 1984352.106544498354197, 786245.802046983852051 ], [ 1984481.334805975435302, 786236.839852591976523 ], [ 1984609.062349386513233, 786215.254228975856677 ], [ 1984734.05908866552636, 786181.253057491034269 ], [ 1984855.121236883103848, 786135.163788005593233 ], [ 1984971.08289937232621, 786077.430285379872657 ], [ 1985080.827301932731643, 786008.608554804348387 ], [ 1985183.297545974841341, 785929.361387166427448 ], [ 1985277.506787033053115, 785840.451976011041552 ], [ 1985362.547738615656272, 785742.736567570827901 ], [ 1985437.601409870898351, 785637.156214645481668 ], [ 1985501.944992915960029, 785524.727713749860413 ], [ 1985554.958823872730136, 785406.533812807174399 ], [ 1985596.132350568193942, 785283.712783694965765 ], [ 1985625.069049432873726, 785157.447460064431652 ], [ 1985641.490244238404557, 785028.953846005606465 ], [ 1985645.237789901904762, 784899.469405263778754 ], [ 1985636.275595509912819, 784770.241143786581233 ], [ 1985614.689971893792972, 784642.513600375503302 ], [ 1985578.846867723856121, 784479.553624462452717 ], [ 1985573.766945564188063, 784457.37103150493931 ], [ 1985547.725330984219909, 784347.996250253985636 ], [ 1985504.182739582145587, 784202.72881986212451 ], [ 1985444.265515522332862, 784063.414391823927872 ], [ 1985366.14067177218385, 783907.164376236847602 ], [ 1985299.668362576514482, 783789.657259057625197 ], [ 1985221.541182637214661, 783679.554424251546152 ], [ 1985143.416010797256604, 783580.595960746635683 ], [ 1985040.753463045461103, 783465.147315881098621 ], [ 1984931.378681795438752, 783355.772206551046111 ], [ 1984830.21319643035531, 783265.810851923306473 ], [ 1984828.421006785938516, 783263.705173952039331 ], [ 1984806.689206629758701, 783239.438712960574776 ], [ 1984751.151002620346844, 783163.225409486680292 ], [ 1984669.815901084570214, 783062.404450599569827 ], [ 1984578.99026821856387, 782970.041206247755326 ], [ 1984479.548804516904056, 782887.025184964993969 ], [ 1984372.449185635428876, 782814.155876417644322 ], [ 1984258.722839450696483, 782752.135051881195977 ], [ 1984139.465012845350429, 782701.560005800100043 ], [ 1984015.824223882751539, 782662.917803515214473 ], [ 1983888.991200949298218, 782636.580590558471158 ], [ 1983760.187415390275419, 782622.802008688217029 ], [ 1983630.653318071505055, 782621.714753179810941 ], [ 1983501.636393160792068, 782633.329294898197986 ], [ 1983374.379144172882661, 782657.533779457444325 ], [ 1983250.10712798172608, 782694.095104439882562 ], [ 1983130.017152036773041, 782742.661164299235679 ], [ 1983015.265748454257846, 782802.764241330325603 ], [ 1982906.9580359805841, 782873.825510045629926 ], [ 1982806.137077093590051, 782955.160611581406556 ], [ 1982713.773832741659135, 783045.986244447529316 ], [ 1982630.757811459014192, 783145.427708149072714 ], [ 1982557.888502911431715, 783252.527327030547895 ], [ 1982495.86767837498337, 783366.253673215396702 ], [ 1982445.292632293887436, 783485.511499820626341 ], [ 1982406.650430009001866, 783609.152288783341646 ], [ 1982380.313217052491382, 783735.985311716562137 ], [ 1982366.534635182004422, 783864.789097275817767 ], [ 1982365.447379673598334, 783994.323194594588131 ], [ 1982377.061921392101794, 784123.340119505184703 ], [ 1982401.266405951464549, 784250.597368492977694 ], [ 1982437.827730933669955, 784374.869384684367105 ], [ 1982486.393790793139488, 784494.959360629320145 ], [ 1982546.496867824345827, 784609.710764211718924 ], [ 1982617.558136539533734, 784718.01847668539267 ], [ 1982712.235440629534423, 784847.941117098322138 ] ] ] } },
{ "type": "Feature", "properties": { "FID": 20, "FeatureTyp": "Bike Lane", "Label": "Westminister Drive", "Fr_St": "Saluda Court", "To_St": "Martin Luther King Jr. Boulevard", "Notes": " ", "Shape_Leng": 1488.8332578699999, "GlobalID": "96a80fee-986f-4dce-8e5d-242e1be8d96f" }, "geometry": { "type": "Polygon", "coordinates": [ [ [ 1983370.55023586191237, 803505.680933472001925 ], [ 1983285.71830232697539, 803495.337505060713738 ], [ 1983156.214366349158809, 803492.338328675250523 ], [ 1983027.040056527592242, 803502.04719960980583 ], [ 1982899.439392079366371, 803524.370616129832342 ], [ 1982774.641237157164142, 803559.093591531040147 ], [ 1982653.847466214094311, 803605.881724578910507 ], [ 1982538.221389297163114, 803664.284419975127093 ], [ 1982428.876548734726384, 803733.739227836718783 ], [ 1982326.865995115367696, 803813.577260396326892 ], [ 1982233.172145835123956, 803903.02963375649415 ], [ 1982148.697323880624026, 804001.234872661996633 ], [ 1982074.255067965947092, 804107.247206977684982 ], [ 1982010.562297709984705, 804220.045679972041398 ], [ 1981958.23240930843167, 804338.543980688089505 ], [ 1981917.769368192646652, 804461.600905712228268 ], [ 1981889.562855568248779, 804588.03134958667215 ], [ 1981873.884515570709482, 804716.617718023131602 ], [ 1981870.885339185362682, 804846.121654000831768 ], [ 1981880.594210119917989, 804975.29596382251475 ], [ 1981902.917626639828086, 805102.896628270624205 ], [ 1981937.640602041268721, 805227.69478319294285 ], [ 1981984.428735089022666, 805348.488554135896266 ], [ 1982042.831430485239252, 805464.114631052827463 ], [ 1982112.286238346947357, 805573.459471615264192 ], [ 1982192.124270906439051, 805675.470025234622881 ], [ 1982281.576644266489893, 805769.163874515099451 ], [ 1982379.781883171992376, 805853.638696469599381 ], [ 1982485.794217487797141, 805928.0809523841599 ], [ 1982598.592690482269973, 805991.773722640122287 ], [ 1982717.090991198318079, 806044.103611041791737 ], [ 1982840.147916222456843, 806084.566652157460339 ], [ 1982966.578360096784309, 806112.773164781974629 ], [ 1983177.808749450836331, 806149.122981964843348 ], [ 1983425.457964342785999, 806195.021293460042216 ], [ 1983579.556583419907838, 806223.604645389015786 ], [ 1983609.253046221099794, 806229.448736245976761 ], [ 1983688.591224322794005, 806242.565577588276938 ], [ 1983704.624000652693212, 806244.716820008237846 ], [ 1983760.712584325578064, 806251.025134106515907 ], [ 1983775.768656575586647, 806252.393241604557261 ], [ 1983825.104209768585861, 806255.945672628819011 ], [ 1983843.483766188612208, 806256.923360955785029 ], [ 1983940.263288061833009, 806258.517671573441476 ], [ 1983959.62086089188233, 806258.126596245449036 ], [ 1983997.254646304063499, 806256.829066713689826 ], [ 1984037.337571393931285, 806254.874346216674894 ], [ 1984117.270921227522194, 806248.537936231587082 ], [ 1984135.062552307499573, 806246.582231482607313 ], [ 1984220.988040628377348, 806234.26575219258666 ], [ 1984239.759000458521768, 806230.941939946613275 ], [ 1984301.469372789375484, 806218.490186513285153 ], [ 1984316.134041629265994, 806215.165390000329353 ], [ 1984359.620096215512604, 806204.527731619193219 ], [ 1984388.558686625678092, 806196.926368869142607 ], [ 1984512.728823737474158, 806157.668386259698309 ], [ 1984532.179513629758731, 806150.445362927042879 ], [ 1984559.854970059357584, 806140.56946121621877 ], [ 1984671.619322092272341, 806094.821191120543517 ], [ 1984778.734867198625579, 806039.04992075113114 ], [ 1984805.104565108660609, 806023.747786014224403 ], [ 1984890.093648730078712, 805970.000822539557703 ], [ 1984903.573608650127426, 805960.739030028460547 ], [ 1984954.795985033502802, 805923.70923504291568 ], [ 1984974.383544273441657, 805908.822125718928874 ], [ 1985046.940805622376502, 805849.497325102100149 ], [ 1985067.335121792508289, 805831.577413434162736 ], [ 1985173.788087067659944, 805726.789221595972776 ], [ 1985189.60039139748551, 805709.355529423919506 ], [ 1985214.918112975079566, 805680.614596939296462 ], [ 1985228.80063114524819, 805664.386282941326499 ], [ 1985251.514576965710148, 805637.099764708662406 ], [ 1985266.507657225709409, 805618.58766262663994 ], [ 1985322.123362602200359, 805544.778077382943593 ], [ 1985342.653177172178403, 805515.449723962927237 ], [ 1985416.2115236625541, 805397.621799625805579 ], [ 1985434.452300832606852, 805364.660251371795312 ], [ 1985464.81746133021079, 805306.414298930671066 ], [ 1985475.262650420190766, 805285.10102135874331 ], [ 1985519.736801922088489, 805183.82028486195486 ], [ 1985527.362114751944318, 805164.26815860287752 ], [ 1985572.696185814449564, 805025.934670928283595 ], [ 1985574.820628379005939, 805017.997185842716135 ], [ 1985580.033600892871618, 804999.835576353827491 ], [ 1985617.945901404833421, 804822.698622443480417 ], [ 1985624.587292324751616, 804776.301405527512543 ], [ 1985637.902029026532546, 804592.548404677887447 ], [ 1985637.958787446608767, 804569.762032924918458 ], [ 1985637.576746046775952, 804534.548354136059061 ], [ 1985636.990133046638221, 804510.301355379051529 ], [ 1985635.50330668897368, 804510.337326497770846 ], [ 1985634.596285652602091, 804482.692557765403762 ], [ 1985635.907151571009308, 804482.684453908819705 ], [ 1985635.510826911078766, 804418.575658236863092 ], [ 1985628.354951224755496, 804289.234798738150857 ], [ 1985608.555911859963089, 804161.218149301595986 ], [ 1985576.304384388960898, 804035.758580242400058 ], [ 1985531.910968651995063, 803914.064335793722421 ], [ 1985475.803197510074824, 803797.307398054632358 ], [ 1985408.521419471362606, 803686.61220016120933 ], [ 1985330.713594838045537, 803583.044797381386161 ], [ 1985243.129055495606735, 803487.602600419544615 ], [ 1985146.611288436222821, 803401.204769806587137 ], [ 1985042.089812519028783, 803324.683363881078549 ], [ 1984930.571226694155484, 803258.775325612863526 ], [ 1984813.129515905398875, 803204.115385439712554 ], [ 1984690.89570802799426, 803161.229948465363123 ], [ 1984565.046981451101601, 803130.532024891697802 ], [ 1984436.795328208012506, 803112.317252503708005 ], [ 1984307.375881828833371, 803106.761049516848288 ], [ 1984178.035022330004722, 803113.916925203171559 ], [ 1984050.018372893566266, 803133.715964567963965 ], [ 1983924.558803834253922, 803165.967492038966157 ], [ 1983802.864559385692701, 803210.360907776164822 ], [ 1983686.107621646486223, 803266.468678917968646 ], [ 1983575.41242375317961, 803333.750456956797279 ], [ 1983471.845020973356441, 803411.558281589997932 ], [ 1983376.402824011398479, 803499.14282093255315 ], [ 1983370.55023586191237, 803505.680933472001925 ] ] ] } },
{ "type": "Feature", "properties": { "FID": 21, "FeatureTyp": "Bike Lane", "Label": "Seawell School Road", "Fr_St": "High School Road", "To_St": "Carolina North/Carrboro Connector", "Notes": "Bike on one side", "Shape_Leng": 2408.6719166100002, "GlobalID": "c0264723-fe2e-487e-a7be-8d3ae481c956" }, "geometry": { "type": "Polygon", "coordinates": [ [ [ 1978634.496753700776026, 797228.28190307028126 ], [ 1978618.72616862365976, 797125.564614773960784 ], [ 1978617.692646434297785, 797115.870488688815385 ], [ 1978616.523323442321271, 797105.306241864804178 ], [ 1978613.484943702351302, 797078.831229204894044 ], [ 1978611.815998814301565, 797064.939233471290208 ], [ 1978607.588898367015645, 797031.261749771889299 ], [ 1978606.709434412186965, 797022.232019135728478 ], [ 1978603.991271359845996, 796991.330865419236943 ], [ 1978601.670247772708535, 796959.501940302783623 ], [ 1978600.918001785408705, 796959.556795459589921 ], [ 1978589.022031866712496, 796848.948791650705971 ], [ 1978562.612436343217269, 796722.130820696242154 ], [ 1978523.899675385095179, 796598.512105965288356 ], [ 1978473.25657404307276, 796479.283163257525302 ], [ 1978411.170853067655116, 796365.592232468537986 ], [ 1978338.240431890822947, 796258.534219411551021 ], [ 1978255.167670337017626, 796159.140151276020333 ], [ 1978162.75260451156646, 796068.367247272515669 ], [ 1978061.885242017917335, 795987.089700088137761 ], [ 1977953.536990696564317, 795916.090256933122873 ], [ 1977838.751303436700255, 795856.052681257249787 ], [ 1977718.633629155345261, 795807.555167734157294 ], [ 1977594.34076671814546, 795771.064773930469528 ], [ 1977467.069724336499348, 795746.932922286330722 ], [ 1977338.046191721456125, 795735.39201572467573 ], [ 1977208.512736023636535, 795736.553199484827928 ], [ 1977079.716835231753066, 795750.405290732160211 ], [ 1976952.898864277172834, 795776.814886255888268 ], [ 1976829.280149546219036, 795815.527647213893943 ], [ 1976710.051206838572398, 795866.170748555916362 ], [ 1976596.360276049701497, 795928.256469531450421 ], [ 1976489.302262992598116, 796001.186890708049759 ], [ 1976389.908194856951013, 796084.259652262087911 ], [ 1976299.13529085367918, 796176.674718087422661 ], [ 1976217.857743669301271, 796277.542080581071787 ], [ 1976146.858300514286384, 796385.890331902424805 ], [ 1976086.820724838413298, 796500.676019162172452 ], [ 1976038.323211315320805, 796620.793693443760276 ], [ 1976001.832817511633039, 796745.086555880727246 ], [ 1975977.700965867377818, 796872.357598262606189 ], [ 1975966.160059305839241, 797001.381130877532996 ], [ 1975967.321243065875024, 797130.914586575352587 ], [ 1975967.389484405750409, 797132.088796826428734 ], [ 1975968.661601087078452, 797151.505759217310697 ], [ 1975971.699980827281252, 797193.172014467301778 ], [ 1975973.281620006542653, 797212.834856218774803 ], [ 1975977.404971346491948, 797259.710746712749824 ], [ 1975978.544270555954427, 797272.003869113163091 ], [ 1975981.799185295822099, 797305.423093613120727 ], [ 1975985.859299275558442, 797341.857900704722852 ], [ 1975991.498170409817249, 797386.783019724301994 ], [ 1975993.132916977629066, 797401.027432794682682 ], [ 1975996.831283847102895, 797435.717202890198678 ], [ 1976004.681100445333868, 797496.099066872848198 ], [ 1976030.168582285288721, 797662.104640368837863 ], [ 1976039.862061812542379, 797717.379655191325583 ], [ 1976043.967368552461267, 797738.180138522293419 ], [ 1976048.732241095742211, 797761.237987060449086 ], [ 1976055.286928484914824, 797791.588597401743755 ], [ 1976058.712677028728649, 797807.451666276552714 ], [ 1976066.72149125719443, 797842.248929818510078 ], [ 1976076.270028587197885, 797881.31118764448911 ], [ 1976083.386427798075601, 797909.110227869241498 ], [ 1976091.633130467962474, 797939.926439197268337 ], [ 1976099.034291023621336, 797966.470379780163057 ], [ 1976109.233417613664642, 798001.626477445126511 ], [ 1976123.212834514444694, 798046.776108808349818 ], [ 1976135.149162344401702, 798083.017506144358777 ], [ 1976137.386800423962995, 798089.750527311582118 ], [ 1976149.53933517402038, 798125.991596569656394 ], [ 1976156.429120631888509, 798146.004448613617569 ], [ 1976170.535063551971689, 798185.93514302955009 ], [ 1976179.650496001588181, 798210.9336861402262 ], [ 1976198.096653341548517, 798259.979519802262075 ], [ 1976207.094319050200284, 798283.234095616382547 ], [ 1976231.862314120167866, 798345.493485538405366 ], [ 1976234.054169407812878, 798350.307636256911792 ], [ 1976235.787707569077611, 798355.247475953190587 ], [ 1976274.844934988534078, 798451.226387640461326 ], [ 1976277.333125244826078, 798459.030236353981309 ], [ 1976277.35867227986455, 798459.300758656696416 ], [ 1976277.402758775977418, 798459.858301875763573 ], [ 1976278.755358954658732, 798574.421650766977109 ], [ 1976279.84084780770354, 798702.354627842549235 ], [ 1976280.882428830722347, 798879.982441702391952 ], [ 1976281.379087169189006, 799002.46963915345259 ], [ 1976281.574864940019324, 799098.394920399412513 ], [ 1976281.589853829937056, 799102.543997410451993 ], [ 1976282.273907579947263, 799234.492552418378182 ], [ 1976282.322674005059525, 799240.899626395315863 ], [ 1976283.22884017508477, 799331.168474724283442 ], [ 1976283.279439120553434, 799335.500647789798677 ], [ 1976284.293544690357521, 799411.628120205830783 ], [ 1976292.372514208080247, 799540.914603429147974 ], [ 1976313.084872648119926, 799668.786659409175627 ], [ 1976346.231148676481098, 799794.012810345040634 ], [ 1976391.492125534918159, 799915.387059947359376 ], [ 1976448.431915274355561, 800031.740507842856459 ], [ 1976516.502156593371183, 800141.952606722712517 ], [ 1976595.047295856755227, 800244.961953826947138 ], [ 1976683.31090043624863, 800339.776512832031585 ], [ 1976780.442943570204079, 800425.483167704078369 ], [ 1976885.507990585407242, 800501.256516504450701 ], [ 1976997.494207644602284, 800566.366820462513715 ], [ 1977115.323106259573251, 800620.187031758017838 ], [ 1977237.859929725062102, 800662.198832335066982 ], [ 1977363.924581445520744, 800691.99762558832299 ], [ 1977492.302989910822362, 800709.296432848903351 ], [ 1977621.758800868643448, 800713.928657146403566 ], [ 1977751.045284091960639, 800705.849687628797255 ], [ 1977878.917340072104707, 800685.137329188641161 ], [ 1978004.143491007853299, 800651.99105316051282 ], [ 1978125.517740610288456, 800606.730076301959343 ], [ 1978241.87118850578554, 800549.790286562521942 ], [ 1978352.083287385758013, 800481.720045243622735 ], [ 1978455.092634489759803, 800403.174905980238691 ], [ 1978549.907193494960666, 800314.911301400628872 ], [ 1978635.613848367007449, 800217.779258266673423 ], [ 1978711.387197167379782, 800112.71421125147026 ], [ 1978776.49750112532638, 800000.727994192275219 ], [ 1978830.317712420830503, 799882.899095577304251 ], [ 1978872.329512997996062, 799760.3622721118154 ], [ 1978902.12830625125207, 799634.297620391473174 ], [ 1978919.427113511832431, 799505.919211926171556 ], [ 1978924.059337809449062, 799376.463400968117639 ], [ 1978923.074086452135816, 799302.501973520149477 ], [ 1978922.221823210129514, 799217.602731108665466 ], [ 1978921.565132546937093, 799090.932299008243717 ], [ 1978921.370876159984618, 798995.752450609579682 ], [ 1978921.362774267792702, 798993.094223805936053 ], [ 1978920.855885517783463, 798868.083975129993632 ], [ 1978920.844043328659609, 798865.696102192508988 ], [ 1978919.785318418638781, 798685.144626026507467 ], [ 1978919.760499362833798, 798681.685196181526408 ], [ 1978918.64173518284224, 798549.830473026493564 ], [ 1978918.597256357083097, 798545.446452101459727 ], [ 1978916.809858367079869, 798394.056334933498874 ], [ 1978914.976221118122339, 798338.366146665299311 ], [ 1978913.569727868307382, 798312.355699997278862 ], [ 1978911.387953713769093, 798279.57817946060095 ], [ 1978908.350558203645051, 798241.16552662558388 ], [ 1978906.611059395829216, 798221.113504390581511 ], [ 1978905.068858058424667, 798204.782847697264515 ], [ 1978904.114396794466302, 798193.447407240746543 ], [ 1978900.179981633555144, 798153.864476795308292 ], [ 1978896.274149553617463, 798119.79335070727393 ], [ 1978892.69328137813136, 798091.299787541618571 ], [ 1978888.568617718061432, 798061.135149707668461 ], [ 1978878.471115301596001, 797998.532397970906459 ], [ 1978873.262792381690815, 797970.537047132849693 ], [ 1978869.391245105303824, 797949.811814773012884 ], [ 1978859.728861583629623, 797902.836221792036667 ], [ 1978856.921983134932816, 797890.344466848531738 ], [ 1978853.608354626921937, 797874.830847002565861 ], [ 1978841.548927092691883, 797823.426864939276129 ], [ 1978836.774658442707732, 797804.763188364333473 ], [ 1978815.315608632750809, 797730.099426677916199 ], [ 1978813.258278113324195, 797723.661262337001972 ], [ 1978810.264987998874858, 797713.799367811414413 ], [ 1978804.995754570700228, 797696.438747700536624 ], [ 1978799.516210652189329, 797678.828823796589859 ], [ 1978785.192748482339084, 797633.90535721858032 ], [ 1978776.026395894354209, 797606.217138811014593 ], [ 1978763.656998054357246, 797570.192604555981234 ], [ 1978747.450036766938865, 797525.615703150280751 ], [ 1978735.94841935695149, 797495.667600318323821 ], [ 1978726.283515271032229, 797471.231530143879354 ], [ 1978682.937642239965498, 797364.750209454912692 ], [ 1978664.721576824551448, 797318.960426457226276 ], [ 1978655.348131710663438, 797294.037705620750785 ], [ 1978649.199037833372131, 797276.631028878502548 ], [ 1978641.539035617373884, 797253.787508861045353 ], [ 1978638.199691793182865, 797243.648503959528171 ], [ 1978637.356516652973369, 797240.497733967611566 ], [ 1978635.454730936093256, 797232.717689606943168 ], [ 1978634.496753700776026, 797228.28190307028126 ] ] ] } },
{ "type": "Feature", "properties": { "FID": 22, "FeatureTyp": "Bike Lane", "Label": "South Columbia Street", "Fr_St": "Market Street", "To_St": "Manning Drive", "Notes": " ", "Shape_Leng": 10040.872571, "GlobalID": "18d5c9f9-f73b-41ba-b229-df7784ec0a51" }, "geometry": { "type": "Polygon", "coordinates": [ [ [ 1980691.377136727329344, 776588.031679500243627 ], [ 1980647.991912508383393, 776706.098887778585777 ], [ 1980588.096034938236699, 776903.494818441569805 ], [ 1980563.959429015638307, 776994.637612997321412 ], [ 1980548.290497085778043, 777063.682750507374294 ], [ 1980539.419784701196477, 777105.966339405975305 ], [ 1980526.018892881227657, 777175.486869659973308 ], [ 1980518.53798969113268, 777218.030024072155356 ], [ 1980507.41891744104214, 777287.952128311153501 ], [ 1980501.332097354345024, 777330.732597748283297 ], [ 1980492.507639934308827, 777400.981144915218465 ], [ 1980487.825956810731441, 777443.920534679782577 ], [ 1980481.304644400719553, 777514.42006560578011 ], [ 1980478.029349805554375, 777557.506749625666998 ], [ 1980473.819056385662407, 777628.182133208727464 ], [ 1980471.956257530720904, 777671.335709286155179 ], [ 1980470.060592020628974, 777742.110830200137571 ], [ 1980469.61076347483322, 777785.313521014293656 ], [ 1980470.032350574852899, 777856.112920092302375 ], [ 1980470.996497486252338, 777899.303390310029499 ], [ 1980473.734680986264721, 777970.050952226039954 ], [ 1980476.112058180849999, 778013.192183341365308 ], [ 1980481.164213420823216, 778083.812448929296806 ], [ 1980484.951355115743354, 778126.844284596736543 ], [ 1980492.081994253210723, 778195.064673683722503 ], [ 1980534.282578165177256, 778612.305262285051867 ], [ 1980538.29802558477968, 778647.328370206407271 ], [ 1980545.059998418902978, 778700.073007753468119 ], [ 1980563.903891162481159, 778863.221916147391312 ], [ 1980581.635075191967189, 778974.684153110953048 ], [ 1980589.394246021751314, 779012.859273612964898 ], [ 1980607.186928568640724, 779088.823188756825402 ], [ 1980617.187892828835174, 779126.473047842853703 ], [ 1980639.438310652738437, 779201.255675951833837 ], [ 1980651.646291492739692, 779238.24904027080629 ], [ 1980678.273722110316157, 779311.580281298956834 ], [ 1980692.645740610314533, 779347.787557970965281 ], [ 1980723.560702519956976, 779419.421573585132137 ], [ 1980740.046890009893104, 779454.71677858219482 ], [ 1980775.135621742112562, 779524.391065609408543 ], [ 1980793.677907492034137, 779558.650511530344374 ], [ 1980832.826538461260498, 779626.138811642187648 ], [ 1980853.360618131235242, 779659.243076140177436 ], [ 1980896.427717066835612, 779724.299940660246648 ], [ 1980918.88174039684236, 779756.133210330270231 ], [ 1980965.717873646412045, 779818.5328516473528 ], [ 1980990.01342873647809, 779848.983906235313043 ], [ 1981040.445972194429487, 779908.498037758399732 ], [ 1981066.497757344506681, 779937.460578251397237 ], [ 1981120.369612750830129, 779993.903271617135033 ], [ 1981148.087405090685934, 780021.276248367154039 ], [ 1981205.191859988728538, 780074.430196512374096 ], [ 1981234.478218748699874, 780100.117809180403128 ], [ 1981294.62601893953979, 780149.807711670757271 ], [ 1981325.378582099685445, 780173.72006542480085 ], [ 1981388.353256221394986, 780219.767173627740704 ], [ 1981420.465068631339818, 780241.82126336672809 ], [ 1981486.061099455691874, 780284.074374340823852 ], [ 1981506.880148382391781, 780296.630056357127614 ], [ 1981522.679149801610038, 780306.642784243216738 ], [ 1981486.450630469014868, 780379.949220121488906 ], [ 1981473.126765836263075, 780410.611936942092143 ], [ 1981448.956205253722146, 780461.716160586569458 ], [ 1981439.795677852118388, 780487.318038389435969 ], [ 1981434.825444315792993, 780498.756226006546058 ], [ 1981426.872787742642686, 780523.434982199803926 ], [ 1981405.315822326811031, 780583.6824734385591 ], [ 1981397.837422546930611, 780613.537791500450112 ], [ 1981395.093970512505621, 780622.051296800724231 ], [ 1981391.152588589116931, 780640.225030733505264 ], [ 1981373.840368974255398, 780709.338990694843233 ], [ 1981368.811839064117521, 780743.238350835628808 ], [ 1981367.638844871195033, 780748.647033572429791 ], [ 1981366.314077213872224, 780760.076776782399975 ], [ 1981354.832971017807722, 780837.475571403396316 ], [ 1981343.580040777800605, 780951.727311412338167 ], [ 1981337.243016960797831, 781073.979301581392065 ], [ 1981342.258635746082291, 781196.292630942421965 ], [ 1981358.583759741159156, 781317.615329963271506 ], [ 1981386.077982882736251, 781436.903949139639735 ], [ 1981421.573318712878972, 781563.718656135606579 ], [ 1981462.11886700685136, 781685.443610461195931 ], [ 1981514.290215641492978, 781802.657331388676539 ], [ 1981577.594488316448405, 781914.252470409730449 ], [ 1981643.741009556455538, 782018.68237965379376 ], [ 1981663.632369224214926, 782049.033727848669514 ], [ 1981666.587948801927269, 782132.947870544041507 ], [ 1981659.235048526665196, 782153.058926456142217 ], [ 1981618.680339606711641, 782274.445822783163749 ], [ 1981582.267943553393707, 782405.572567411581986 ], [ 1981559.549910731380805, 782539.751465632813051 ], [ 1981550.767712625442073, 782675.556320993811823 ], [ 1981549.166337865404785, 782798.672216488863342 ], [ 1981553.984335040906444, 782929.813572687911801 ], [ 1981571.800024806056172, 783059.828454915666953 ], [ 1981602.437323153018951, 783187.431841831887141 ], [ 1981645.593421806814149, 783311.362546467571519 ], [ 1981681.514281726907939, 783400.052329727564938 ], [ 1981744.57106102979742, 783533.705045281443745 ], [ 1981822.172326361062005, 783659.471691932994872 ], [ 1981969.31868561101146, 783870.521794762928039 ], [ 1981984.641566941514611, 783892.037115112878382 ], [ 1982162.276710351463407, 784136.251521691912785 ], [ 1982184.847960690967739, 784166.37045374175068 ], [ 1982505.444104281021282, 784581.698691320721991 ], [ 1982511.788052235729992, 784589.851047555101104 ], [ 1982642.482672745827585, 784756.452420393121429 ], [ 1982727.341000149725005, 784854.326465793070383 ], [ 1982821.384045555721968, 784943.411650327383541 ], [ 1982923.706123027019203, 785022.850034970208071 ], [ 1983033.321815023198724, 785091.876584651879966 ], [ 1983149.175462507875636, 785149.826535965199582 ], [ 1983270.151331523898989, 785196.141799200559035 ], [ 1983395.084358320338652, 785230.376333054271527 ], [ 1983522.771369554102421, 785252.2004402509192 ], [ 1983651.982669505989179, 785261.403942707926035 ], [ 1983781.473882723366842, 785257.89820566540584 ], [ 1983909.997938035987318, 785241.716991287656128 ], [ 1984036.317078532651067, 785213.016133514698595 ], [ 1984159.214781837305054, 785172.072037296136841 ], [ 1984277.507475884631276, 785119.279016661108471 ], [ 1984390.055937365395948, 785055.145497257821262 ], [ 1984495.776263070292771, 784980.289119937224314 ], [ 1984593.650308470008895, 784895.430792533326894 ], [ 1984682.735493004554883, 784801.387747127446346 ], [ 1984762.173877647146583, 784699.065669655916281 ], [ 1984831.200427328934893, 784589.449977659969591 ], [ 1984889.150378642370924, 784473.596330175292678 ], [ 1984935.465641877613962, 784352.620461159269325 ], [ 1984969.700175731210038, 784227.687434362713248 ], [ 1984991.524282927857712, 784100.000423128949478 ], [ 1985000.727785384980962, 783970.78912317706272 ], [ 1984997.222048342460766, 783841.297909959685057 ], [ 1984981.040833964711055, 783712.773854647180997 ], [ 1984952.339976191753522, 783586.454714150400832 ], [ 1984911.395879973191768, 783463.557010845746845 ], [ 1984858.602859338279814, 783345.264316798420623 ], [ 1984794.469339934876189, 783232.715855317772366 ], [ 1984719.61296261427924, 783126.995529612875544 ], [ 1984592.106265612645075, 782964.457923370180652 ], [ 1984286.166492954595014, 782568.116828432190232 ], [ 1984281.229745856486261, 782561.329743738053367 ], [ 1984286.991698329336941, 782529.030550151364878 ], [ 1984302.628121440298855, 782410.600176342297345 ], [ 1984307.493707933230326, 782291.241149719571695 ], [ 1984306.656111193355173, 782106.05713688954711 ], [ 1984305.851609911303967, 782065.563972199102864 ], [ 1984295.45989840128459, 781770.524864116101526 ], [ 1984285.398321775021031, 781647.862034424673766 ], [ 1984263.956018941942602, 781526.669490259024315 ], [ 1984216.031902201939374, 781314.107251342036761 ], [ 1984171.024347543017939, 781159.263407271704637 ], [ 1984118.776333721587434, 781037.423750938847661 ], [ 1984165.607463217107579, 780924.583076859242283 ], [ 1984178.703565636882558, 780888.061168263317086 ], [ 1984191.446937019471079, 780850.781048214179464 ], [ 1984212.761198839638382, 780785.247714719153009 ], [ 1984225.628665881697088, 780743.330493645858951 ], [ 1984252.711945061571896, 780649.580681146821007 ], [ 1984284.519868736155331, 780512.418916342896409 ], [ 1984301.536904334323481, 780372.649412401253358 ], [ 1984309.098897084360942, 780261.278572149225511 ], [ 1984309.283943081041798, 780085.204773215344176 ], [ 1984301.471622741082683, 779966.454682631418109 ], [ 1984277.082521547330543, 779786.344950600992888 ], [ 1984256.76989813731052, 779687.907483442919329 ], [ 1984229.999638044275343, 779580.957753800670616 ], [ 1984194.397874283837155, 779476.615020880941302 ], [ 1984180.697109352331609, 779441.352741616312414 ], [ 1984178.284755101194605, 779434.109490678878501 ], [ 1984165.51050243107602, 779401.231275603873655 ], [ 1984120.821036142064258, 779299.189580908743665 ], [ 1984067.686787667684257, 779201.279379742220044 ], [ 1984021.853546007769182, 779124.716868820250966 ], [ 1983998.476228622253984, 779087.111931658582762 ], [ 1983956.809645282104611, 779022.52839941449929 ], [ 1983883.928041405277327, 778920.540364092797972 ], [ 1983802.157207585405558, 778816.894574007834308 ], [ 1983736.966363583225757, 778740.438058319850825 ], [ 1983646.341216743225232, 778642.000591146876104 ], [ 1983589.240191703895107, 778583.701430565095507 ], [ 1983421.011197453830391, 778422.243092066026293 ], [ 1983338.179140450200066, 778349.151797259692103 ], [ 1983249.525579573586583, 778283.242517277249135 ], [ 1983199.82521965354681, 778249.42729620623868 ], [ 1983185.862394467927516, 778240.898276110412553 ], [ 1983147.550120385363698, 778214.831434784340672 ], [ 1983118.45925542479381, 777927.20769847696647 ], [ 1983118.007441564230248, 777922.814012837246992 ], [ 1983112.892901740036905, 777873.882088212412782 ], [ 1983110.923970746807754, 777846.359887671307661 ], [ 1983109.856907632667571, 777818.78974354849197 ], [ 1983109.692610842641443, 777791.198496076161973 ], [ 1983110.431468558963388, 777763.613068195176311 ], [ 1983112.072308619273826, 777736.069382019457407 ], [ 1983114.61378716211766, 777708.594384066294879 ], [ 1983118.052834250731394, 777681.217283116071485 ], [ 1983122.385977976256981, 777653.968379569705576 ], [ 1983127.609003814868629, 777626.87260634067934 ], [ 1983128.056810549926013, 777624.899346277816221 ], [ 1983152.176020052749664, 777545.410840560798533 ], [ 1983178.65686022513546, 777484.432124820537865 ], [ 1983201.344505818560719, 777428.750314143835567 ], [ 1983253.948731318349019, 777290.729592811898328 ], [ 1983266.508171572349966, 777256.351930257398635 ], [ 1983281.735503312433138, 777212.80805408640299 ], [ 1983303.535577934235334, 777144.582166123669595 ], [ 1983316.378728104289621, 777100.276152375619859 ], [ 1983334.447221795795485, 777030.9633632034529 ], [ 1983344.868132705800235, 776986.025789040490054 ], [ 1983359.150398729601875, 776915.833713904256001 ], [ 1983367.118230569642037, 776870.397453070268966 ], [ 1983377.571699212305248, 776799.535375060979277 ], [ 1983383.06315804226324, 776753.73362939292565 ], [ 1983389.65776821388863, 776682.402659107698128 ], [ 1983392.656449873931706, 776636.370270852698013 ], [ 1983395.37150850542821, 776564.805242073256522 ], [ 1983395.869210925418884, 776518.678037744248286 ], [ 1983394.69790171040222, 776447.047072566230781 ], [ 1983392.69232831033878, 776400.960878647281788 ], [ 1983387.638312722789124, 776329.517046480556019 ], [ 1983383.136025132844225, 776283.607689483556896 ], [ 1983374.213921890361235, 776212.540171438478865 ], [ 1983367.228043470298871, 776166.942493611481041 ], [ 1983354.46310609485954, 776096.458066742517985 ], [ 1983345.013978004921228, 776051.306254159542732 ], [ 1983328.444512112764642, 775981.618687664624304 ], [ 1983316.560021462617442, 775937.045942162629217 ], [ 1983296.232011602725834, 775868.35148164362181 ], [ 1983281.946935172891244, 775824.489364636596292 ], [ 1983257.929495692485943, 775757.018159654806368 ], [ 1983241.2864843623247, 775713.995279830764048 ], [ 1983213.644005570095032, 775647.923800515709445 ], [ 1983194.691943740239367, 775605.866798000759445 ], [ 1983163.499502474674955, 775541.378234423231333 ], [ 1983142.293836224591359, 775500.411452852189541 ], [ 1983107.648927194997668, 775437.710199473542161 ], [ 1983084.251992365112528, 775397.9540453836089 ], [ 1983046.264969078823924, 775337.237240923917852 ], [ 1983020.746319318655878, 775298.808840093901381 ], [ 1982979.515384373720735, 775240.232828763662837 ], [ 1982951.949494623811916, 775203.245041844667867 ], [ 1982907.605790492845699, 775146.996809543692507 ], [ 1982890.791847667656839, 775126.819966065348126 ], [ 1982885.321757622295991, 775118.206160843954422 ], [ 1982861.551723284414038, 775082.09584689582698 ], [ 1982676.135099364444613, 774810.22073448181618 ], [ 1982670.525137019576505, 774802.060807008878328 ], [ 1982556.462373009650037, 774637.477474752929993 ], [ 1982555.654291429789737, 774636.312814712524414 ], [ 1982454.195594768971205, 774490.251416092272848 ], [ 1982352.581654065987095, 774338.566604928346351 ], [ 1982275.291761746397242, 774234.612109893583693 ], [ 1982188.184719055891037, 774138.733918387559243 ], [ 1982092.09941443358548, 774051.855389806907624 ], [ 1981987.961201888043433, 773974.813211874454282 ], [ 1981876.772989334305748, 773908.34934287937358 ], [ 1981759.605580040486529, 773853.103866212652065 ], [ 1981637.587360208621249, 773809.608826015144587 ], [ 1981511.893431997625157, 773778.283103300491348 ], [ 1981383.734296647133306, 773759.428381902980618 ], [ 1981254.344196690013632, 773753.226243096753024 ], [ 1981124.96922952006571, 773759.736416868749075 ], [ 1980996.855346795171499, 773778.896206686855294 ], [ 1980871.236355239991099, 773810.521093301358633 ], [ 1980749.322034413460642, 773854.306511766160838 ], [ 1980632.286485870368779, 773909.830784565885551 ], [ 1980521.25682592112571, 773976.559182600816712 ], [ 1980417.302330886479467, 774053.84907492052298 ], [ 1980321.424139380455017, 774140.95611761091277 ], [ 1980234.545610799686983, 774237.041422233451158 ], [ 1980157.503432867350057, 774341.179634778876789 ], [ 1980091.039563872152939, 774452.367847332730889 ], [ 1980035.794087205547839, 774569.535256626433693 ], [ 1979992.299047007923946, 774691.553476458298974 ], [ 1979960.973324293503538, 774817.24740466941148 ], [ 1979942.118602895876393, 774945.406540019786917 ], [ 1979935.916464089648798, 775074.796639977023005 ], [ 1979942.426637861644849, 775204.171607146854512 ], [ 1979961.586427679751068, 775332.285489871748723 ], [ 1979993.211314294254407, 775457.904481426929124 ], [ 1980036.996732759056613, 775579.81880225345958 ], [ 1980092.521005558781326, 775696.854350796551444 ], [ 1980159.249403593828902, 775807.884010745678097 ], [ 1980267.061852023936808, 775968.821680991677567 ], [ 1980279.614111500326544, 775987.221492454526015 ], [ 1980387.022206423105672, 776141.847730360808782 ], [ 1980497.86095760227181, 776301.779073165846057 ], [ 1980668.307183111319318, 776551.703193997847848 ], [ 1980691.377136727329344, 776588.031679500243627 ] ] ] } },
{ "type": "Feature", "properties": { "FID": 23, "FeatureTyp": "Bike Lane", "Label": "E. Barbee Chapel Road", "Fr_St": "NC 54", "To_St": "NC 54", "Notes": " ", "Shape_Leng": 4531.1615810399999, "GlobalID": "feda7b08-21f8-4146-8bfb-86d7fc0711a9" }, "geometry": { "type": "Polygon", "coordinates": [ [ [ 1994051.195032621966675, 785175.352696744725108 ], [ 1994082.384757284075022, 785240.001651085913181 ], [ 1994144.763241464039311, 785358.964667759952135 ], [ 1994148.295730313519016, 785365.654847445315681 ], [ 1994207.432423053542152, 785476.880674856249243 ], [ 1994219.765979493502527, 785499.540892358752899 ], [ 1994260.678955423412845, 785572.990876685711555 ], [ 1994321.07092645438388, 785671.082218601135537 ], [ 1994344.249685864429921, 785705.291139691136777 ], [ 1994390.260601749876514, 785769.024861301179044 ], [ 1994411.178538919892162, 785796.253481383202597 ], [ 1994487.024373173713684, 785886.356474645202979 ], [ 1994570.599659235449508, 785969.340277451323345 ], [ 1994661.239059357438236, 786044.544260816415772 ], [ 1994684.882712857332081, 786062.442518980475143 ], [ 1994692.158514344133437, 786067.91094838490244 ], [ 1994713.237868504133075, 786083.640575725934468 ], [ 1994802.763298823032528, 786144.88462486199569 ], [ 1994819.8214307858143, 786155.552478026133031 ], [ 1994837.033990936353803, 786166.44125415966846 ], [ 1994887.27238857280463, 786196.681253604008816 ], [ 1994908.023659402737394, 786208.552292859996669 ], [ 1995045.953985076863319, 786277.104215488885529 ], [ 1995069.532021906925365, 786287.152751819812693 ], [ 1995152.976426805369556, 786319.419540165690705 ], [ 1995177.606298815226182, 786327.995966581744142 ], [ 1995299.695032704854384, 786364.009960700408556 ], [ 1995424.684959375998005, 786388.096989282406867 ], [ 1995448.548100616084412, 786391.512008690391667 ], [ 1995504.838682895060629, 786398.337379421340302 ], [ 1995525.055834054946899, 786400.349186431383714 ], [ 1995682.927886909805238, 786406.556972830556333 ], [ 1995705.529547739773989, 786406.0917506654514 ], [ 1995770.966510780155659, 786403.119166820659302 ], [ 1995773.029814827954397, 786402.974063104833476 ], [ 1995775.754308223491535, 786402.873123655794188 ], [ 1995912.869144068332389, 786390.609888643608429 ], [ 1996047.961142140207812, 786364.133159264340065 ], [ 1996067.709790310356766, 786359.180741354357451 ], [ 1996125.604359680088237, 786343.254394919495098 ], [ 1996153.205682419938967, 786334.981773660518229 ], [ 1996235.770347160287201, 786307.235552648548037 ], [ 1996262.696146330330521, 786297.186688239569776 ], [ 1996399.907863534288481, 786236.896962353261188 ], [ 1996421.664523137267679, 786225.823472129879519 ], [ 1996446.364859184715897, 786213.341816514614038 ], [ 1996549.738721801200882, 786155.131277464330196 ], [ 1996647.468618066282943, 786087.874384101829492 ], [ 1996678.388175656320527, 786064.480730098905042 ], [ 1996754.961556602502242, 786001.439961349009536 ], [ 1996757.261527077062055, 786001.410093905869871 ], [ 1996778.01634376635775, 786000.977319327066652 ], [ 1996947.243695596465841, 785996.117092830128968 ], [ 1996950.355939627159387, 785996.024035112117417 ], [ 1997116.545567877124995, 785990.858691112021916 ], [ 1997118.10044238017872, 785990.809446886763908 ], [ 1997181.840924916788936, 785988.753132184385322 ], [ 1997253.171416927594692, 785987.707760090124793 ], [ 1997318.894999390468001, 785984.158944576163776 ], [ 1997330.579104369739071, 785984.170032983878627 ], [ 1997393.400501029798761, 785983.43414205883164 ], [ 1997426.334761456819251, 785982.637222651042975 ], [ 1997466.379300796892494, 785981.168065492063761 ], [ 1997553.351841784082353, 785975.096071589970961 ], [ 1997588.987597293918952, 785971.422194425016642 ], [ 1997648.83092039055191, 785963.867182948510163 ], [ 1997688.139896890614182, 785957.989241936476901 ], [ 1997783.109902745345607, 785940.212793777463958 ], [ 1997809.193840075284243, 785934.334852780448273 ], [ 1997823.267008671537042, 785931.082495370530523 ], [ 1997840.688347921706736, 785926.955828430596739 ], [ 1997858.290912076132372, 785923.088977782172151 ], [ 1997992.55787148186937, 785886.070916212978773 ], [ 1998066.833530601346865, 785856.869810184231028 ], [ 1998067.209626131691039, 785857.836800612974912 ], [ 1998101.897876951610669, 785844.345357783022337 ], [ 1998122.205736070405692, 785836.252706889645196 ], [ 1998162.676127570448443, 785819.735679556615651 ], [ 1998274.020290762651712, 785768.131654805038124 ], [ 1998325.77740509272553, 785741.153690389008261 ], [ 1998430.432805021293461, 785680.344892731052823 ], [ 1998462.918632441200316, 785659.420393904088996 ], [ 1998491.484295204281807, 785640.491827693302184 ], [ 1998522.593813044251874, 785619.291410771314986 ], [ 1998584.907475979533046, 785574.110494798514992 ], [ 1998616.510431139497086, 785549.759821718442254 ], [ 1998664.014489927329123, 785511.373328912886791 ], [ 1998688.443903007311746, 785490.68045691086445 ], [ 1998734.282351609319448, 785449.988076057168655 ], [ 1998757.724561949493363, 785428.183657716261223 ], [ 1998759.772797951707616, 785426.274466017261147 ], [ 1998764.542145361658186, 785421.81942243326921 ], [ 1998852.778534325072542, 785331.095997912925668 ], [ 1998881.961546825012192, 785298.059646664885804 ], [ 1998898.988761297892779, 785278.397068546735682 ], [ 1998931.474588717799634, 785240.127788142766804 ], [ 1998979.774417707696557, 785179.728381985682063 ], [ 1998999.045704627875239, 785154.126399063621648 ], [ 1999049.763951506931335, 785081.835201219539158 ], [ 1999062.703558166977018, 785062.013062388519756 ], [ 1999095.661135075148195, 785008.811426007538103 ], [ 1999113.280522424960509, 784978.802955830586143 ], [ 1999128.342107794247568, 784952.462020653532818 ], [ 1999144.585841704392806, 784923.280320498510264 ], [ 1999185.093048183945939, 784844.38381975563243 ], [ 1999198.857784433988854, 784815.200807254645042 ], [ 1999222.62160849547945, 784761.783378286287189 ], [ 1999232.532021745340899, 784738.107900692266412 ], [ 1999255.42477597319521, 784679.539067199453712 ], [ 1999269.741676463279873, 784640.169723367434926 ], [ 1999281.497325450181961, 784606.42844799591694 ], [ 1999290.856886790134013, 784578.346811253926717 ], [ 1999314.235481187468395, 784500.240772756980732 ], [ 1999321.118013347499073, 784474.3628717539832 ], [ 1999339.829172576079145, 784393.969150186516345 ], [ 1999345.886247086105868, 784363.684761942597106 ], [ 1999346.76604595920071, 784359.24636853649281 ], [ 1999352.823120459215716, 784328.412768775480799 ], [ 1999361.578198689734563, 784278.871334196184762 ], [ 1999364.606407849583775, 784259.599719198187813 ], [ 1999374.575543772196397, 784180.736900103744119 ], [ 1999376.503361452370882, 784160.639171269722283 ], [ 1999379.307442707009614, 784126.844402170856483 ], [ 1999382.335323776816949, 784083.6217195908539 ], [ 1999384.441145857097581, 784045.772018793970346 ], [ 1999385.542521617142484, 784019.067347797914408 ], [ 1999386.395696609513834, 783938.073450474534184 ], [ 1999385.568926599575207, 783897.053519381559454 ], [ 1999384.445871068164706, 783863.068135331501253 ], [ 1999382.693906068103388, 783824.937306086532772 ], [ 1999363.129885801346973, 783651.25243853579741 ], [ 1999356.306736731436104, 783613.417540451744571 ], [ 1999351.62737302063033, 783588.809288128395565 ], [ 1999344.864919340470806, 783554.997675969381817 ], [ 1999320.678075689589605, 783454.645912904292345 ], [ 1999299.640716199763119, 783380.261219147359952 ], [ 1999295.039493253454566, 783364.372870282502845 ], [ 1999255.341896503930911, 783230.440744165563956 ], [ 1999204.699012413853779, 783057.891646411037073 ], [ 1999201.82184941554442, 783047.796704685082659 ], [ 1999189.461795998271555, 782981.098193543031812 ], [ 1999159.637220464646816, 782855.03963894653134 ], [ 1999117.600359378615394, 782732.511410351027735 ], [ 1999063.75605069170706, 782614.693521578679793 ], [ 1998998.622844531433657, 782502.720623304136097 ], [ 1998922.82800927804783, 782397.671075748396106 ], [ 1998837.101490629138425, 782300.556563480407931 ], [ 1998742.268881821772084, 782212.312352341483347 ], [ 1998639.243472719797865, 782133.788282324094325 ], [ 1998529.017454332206398, 782065.740583148086444 ], [ 1998412.65236347168684, 782008.824591355281882 ], [ 1998291.268859575036913, 781963.588439059909433 ], [ 1998166.035932139726356, 781930.467775137280114 ], [ 1998038.159642715938389, 781909.78156968660187 ], [ 1997908.871509875403717, 781901.729042174643837 ], [ 1997779.416649013292044, 781906.387742843013257 ], [ 1997651.04178120708093, 781923.712805857881904 ], [ 1997524.983226610580459, 781953.537381391506642 ], [ 1997402.454998014960438, 781995.574242477654479 ], [ 1997284.637109242612496, 782049.418551164329983 ], [ 1997172.664210968185216, 782114.551757324719802 ], [ 1997067.61466341256164, 782190.346592577989213 ], [ 1996970.500151144573465, 782276.073111227015033 ], [ 1996882.255940005648881, 782370.905720034381375 ], [ 1996803.731869988143444, 782473.931129136355594 ], [ 1996735.684170812135562, 782584.15714752394706 ], [ 1996678.768179019214585, 782700.522238384350203 ], [ 1996633.532026723958552, 782821.905742281116545 ], [ 1996600.411362801445648, 782947.138669716543518 ], [ 1996579.725157350767404, 783075.014959140215069 ], [ 1996571.67262983857654, 783204.303091980866157 ], [ 1996576.331330507062376, 783333.757952842861414 ], [ 1996580.565647775540128, 783365.133303057984449 ], [ 1996459.433989941142499, 783369.1334008728154 ], [ 1996303.128643114585429, 783373.60822272580117 ], [ 1996300.325516827171668, 783373.691452817292884 ], [ 1996234.203058587852865, 783375.725056266994216 ], [ 1996220.0398377943784, 783375.884187789401039 ], [ 1996092.207877317210659, 783383.532777775544673 ], [ 1996078.232183487154543, 783385.052131686592475 ], [ 1996003.865750481607392, 783395.283872779924423 ], [ 1995991.105277321767062, 783397.410837036906742 ], [ 1995932.974979553371668, 783408.444601102848537 ], [ 1995928.938743911683559, 783409.304866806254722 ], [ 1995853.635225533973426, 783359.736560108489357 ], [ 1995738.973841548431665, 783299.461926013813354 ], [ 1995618.956636198563501, 783250.716311721480452 ], [ 1995494.739440780133009, 783213.96916414424777 ], [ 1995367.51853478862904, 783189.574378401273862 ], [ 1995238.519125095102936, 783177.766889614867978 ], [ 1995108.983546532923356, 783178.660410356707871 ], [ 1994980.159297535195947, 783192.246335533447564 ], [ 1994853.287026042351499, 783218.393825259059668 ], [ 1994729.588581383926794, 783256.851064913556911 ], [ 1994610.255247202934697, 783307.247690256219357 ], [ 1994496.436268741264939, 783369.098354235640727 ], [ 1994389.227784981485456, 783441.807401146506891 ], [ 1994289.662272228626534, 783524.674603120191023 ], [ 1994198.698600798146799, 783616.901903702062555 ], [ 1994117.21280057169497, 783717.601103570777923 ], [ 1994045.989624350331724, 783825.802414383855648 ], [ 1993985.714990255655721, 783940.463798369397409 ], [ 1993936.969375963322818, 784060.481003719265573 ], [ 1993900.222228386206552, 784184.698199137928896 ], [ 1993875.827442643232644, 784311.919105129316449 ], [ 1993864.019953856943175, 784440.918514822842553 ], [ 1993864.913474598666653, 784570.454093385022134 ], [ 1993878.499399775406346, 784699.278342382633127 ], [ 1993904.64688950101845, 784826.15061387559399 ], [ 1993943.104129155399278, 784949.84905853390228 ], [ 1993993.500754498178139, 785069.182392715127207 ], [ 1994051.195032621966675, 785175.352696744725108 ] ] ] } },
{ "type": "Feature", "properties": { "FID": 24, "FeatureTyp": "Bike Lane", "Label": "Pittsboro/Cameron Ave.", "Fr_St": "Cameron Avenue", "To_St": "S. Columbia Street", "Notes": "Bike on one side", "Shape_Leng": 2340.7932528800002, "GlobalID": "207abfcd-2919-4465-b9c0-d083da8142f0" }, "geometry": { "type": "Polygon", "coordinates": [ [ [ 1982363.287076369393617, 784247.115062614786439 ], [ 1982366.465877224458382, 784291.226411613752134 ], [ 1982371.798514693742618, 784365.226516779046506 ], [ 1982373.361227543558925, 784384.866379338782281 ], [ 1982379.313643453642726, 784453.21958908776287 ], [ 1982380.982148736016825, 784470.98874190391507 ], [ 1982386.388890792615712, 784524.667837765533477 ], [ 1982388.923396906116977, 784567.679649741039611 ], [ 1982390.442939068656415, 784593.466296480968595 ], [ 1982391.934466315899044, 784618.791445837006904 ], [ 1982397.203962031984702, 784678.124221536563709 ], [ 1982400.939468885306269, 784750.835754550411366 ], [ 1982406.427540767937899, 784821.045561101520434 ], [ 1982412.720835258020088, 784880.941110592451878 ], [ 1982416.375161805888638, 784912.14315409946721 ], [ 1982421.365965475793928, 784950.77201385749504 ], [ 1982424.121750918682665, 784970.883651138166897 ], [ 1982430.849427738692611, 785017.324175046174787 ], [ 1982433.826589923817664, 785036.845045386231504 ], [ 1982443.646452193846926, 785098.152337475214154 ], [ 1982449.887049817247316, 785137.112265919800848 ], [ 1982468.997131896903738, 785255.661476820125245 ], [ 1982471.573454153491184, 785271.643858353490941 ], [ 1982473.462995897280052, 785283.047718249261379 ], [ 1982479.506947302259505, 785318.559590990538709 ], [ 1982490.649554119212553, 785395.278777983854525 ], [ 1982490.712726288475096, 785395.888412711909041 ], [ 1982491.584396942518651, 785407.560597841045819 ], [ 1982445.597290267702192, 785508.243878011242487 ], [ 1982444.911533430451527, 785509.747751472517848 ], [ 1982412.409885027445853, 785581.142653105198406 ], [ 1982398.781226482940838, 785611.079944366822019 ], [ 1982370.934669883456081, 785670.070267144474201 ], [ 1982321.451591850025579, 785789.785301626776345 ], [ 1982283.940913697006181, 785913.774065300007351 ], [ 1982258.763883760198951, 786040.84247859090101 ], [ 1982246.162970601115376, 786169.766803217004053 ], [ 1982246.2595279016532, 786299.305427454761229 ], [ 1982259.052625762531534, 786428.21082353987731 ], [ 1982284.419059657957405, 786555.241562041104771 ], [ 1982322.114536962471902, 786679.174267504597083 ], [ 1982371.776029623346403, 786798.815400228253566 ], [ 1982432.925270318752155, 786913.012750701629557 ], [ 1982504.973358432995155, 787020.666536012780853 ], [ 1982587.226431492017582, 787120.739991359645501 ], [ 1982678.892347438028082, 787212.269354661693797 ], [ 1982779.088313391199335, 787294.373148115118966 ], [ 1982886.849387426394969, 787366.260667306603864 ], [ 1983001.137771492591128, 787427.23959612858016 ], [ 1983120.852805974893272, 787476.722674161894247 ], [ 1983244.841569648124278, 787514.233352315030061 ], [ 1983371.909982939017937, 787539.410382251837291 ], [ 1983500.83430756512098, 787552.011295411037281 ], [ 1983630.372931802878156, 787551.914738110383041 ], [ 1983759.278327887877822, 787539.121640249504708 ], [ 1983886.309066389221698, 787513.755206354195252 ], [ 1984010.241771852830425, 787476.059729049564339 ], [ 1984129.882904576370493, 787426.398236388573423 ], [ 1984244.080255049746484, 787365.248995693284087 ], [ 1984351.734040360897779, 787293.200907579157501 ], [ 1984451.807495707878843, 787210.947834520135075 ], [ 1984543.336859009927139, 787119.281918573891744 ], [ 1984625.440652463352308, 787019.085952620836906 ], [ 1984697.328171654837206, 786911.324878585524857 ], [ 1984758.307100476697087, 786797.036494519445114 ], [ 1984790.052443806547672, 786729.786957111442462 ], [ 1984797.735357071040198, 786713.215369120938703 ], [ 1984815.148708071094006, 786674.964461372001097 ], [ 1984847.096514079486951, 786604.7861602952471 ], [ 1984893.20109744137153, 786504.053538887528703 ], [ 1984897.640083483187482, 786494.249502658611163 ], [ 1984902.485218143090606, 786483.431282832520083 ], [ 1984912.220644166460261, 786461.693194475374185 ], [ 1984919.690630010096356, 786447.655009656213224 ], [ 1984957.212547842180356, 786371.305121522629634 ], [ 1984975.200772279407829, 786331.511999199748971 ], [ 1984993.095101080136374, 786292.238118064939044 ], [ 1985028.623741377377883, 786206.372042200295255 ], [ 1985034.653584957355633, 786190.2109852792928 ], [ 1985068.764427453046665, 786085.689092610497028 ], [ 1985075.632195862941444, 786061.235401366488077 ], [ 1985094.460531972814351, 785985.705960720195435 ], [ 1985096.966760572977364, 785974.219107046257704 ], [ 1985119.576211044332013, 785835.481340479105711 ], [ 1985121.664789534173906, 785816.267140072071925 ], [ 1985123.632869345135987, 785796.822612280026078 ], [ 1985128.018359255278483, 785750.039897436043248 ], [ 1985133.225334601709619, 785665.109028466744348 ], [ 1985134.423823031596839, 785623.786276467726566 ], [ 1985134.474290749523789, 785622.045285468688235 ], [ 1985138.321954454760998, 785546.82705994870048 ], [ 1985136.993469960289076, 785389.680877241538838 ], [ 1985131.146040700143203, 785303.842138144536875 ], [ 1985129.397279174998403, 785281.076392736635171 ], [ 1985127.96757024130784, 785264.358836934203282 ], [ 1985127.903061235556379, 785263.604524578549899 ], [ 1985126.725029695313424, 785245.110021646250971 ], [ 1985125.729179665679112, 785230.716156802955084 ], [ 1985121.970328915864229, 785180.382924146950245 ], [ 1985118.605493050534278, 785142.632033944595605 ], [ 1985113.801040720427409, 785096.26729726861231 ], [ 1985107.125575084704906, 785042.596457800129429 ], [ 1985089.785386664792895, 784923.205620473017916 ], [ 1985084.778900702716783, 784891.457329429686069 ], [ 1985077.008169855223969, 784845.799582291278057 ], [ 1985075.35087977652438, 784835.518476237542927 ], [ 1985056.552780549041927, 784718.908722911495715 ], [ 1985050.418185264104977, 784680.61056509881746 ], [ 1985042.160462175961584, 784629.056008890969679 ], [ 1985038.303575099213049, 784602.432278101565316 ], [ 1985036.626164867542684, 784589.449109681183472 ], [ 1985035.655191258527339, 784580.208004256593995 ], [ 1985031.88962080469355, 784506.911284126574174 ], [ 1985025.481332227122039, 784431.550916210399009 ], [ 1985024.351860656635836, 784412.383762952056713 ], [ 1985020.204952763859183, 784342.008701859973371 ], [ 1985015.845372524112463, 784287.370516017079353 ], [ 1985008.585834276862442, 784215.296530353021808 ], [ 1985004.26225, 784165.647636961075477 ], [ 1984999.63765315618366, 784101.472891393932514 ], [ 1984992.819046198157594, 784006.852949809166603 ], [ 1984988.048506399616599, 783954.96309459337499 ], [ 1984983.328043409623206, 783912.7712498473702 ], [ 1984973.885820023948327, 783844.539909214479849 ], [ 1984962.942600433947518, 783778.250343635445461 ], [ 1984924.669469746528193, 783613.181315946741961 ], [ 1984913.84534441656433, 783577.180403697770089 ], [ 1984870.505229066358879, 783455.107069614692591 ], [ 1984815.40852910024114, 783337.869626169325784 ], [ 1984749.085855857934803, 783226.597134030773304 ], [ 1984672.175932938465849, 783122.361208125948906 ], [ 1984585.419444942614064, 783026.165697402553633 ], [ 1984489.651904275640845, 782938.937017214484513 ], [ 1984385.795604706276208, 782861.515227436088026 ], [ 1984274.850739172892645, 782794.645942226052284 ], [ 1984157.885767379077151, 782738.973149355384521 ], [ 1984036.027125942986459, 782695.033008253201842 ], [ 1983910.448380196234211, 782663.248686498613097 ], [ 1983782.358922108775005, 782643.926284485030919 ], [ 1983652.992323182756081, 782637.25188750657253 ], [ 1983523.594454484758899, 782643.289773654658347 ], [ 1983395.411488226382062, 782661.981794785242528 ], [ 1983269.677896444685757, 782693.147936516674235 ], [ 1983147.604562361724675, 782736.488051866879687 ], [ 1983030.367118916474283, 782791.584751832881011 ], [ 1982919.094626777805388, 782857.907425075187348 ], [ 1982814.858700873097405, 782934.817347994656302 ], [ 1982718.663190149469301, 783021.573835990624502 ], [ 1982631.434509961400181, 783117.341376657481305 ], [ 1982554.012720183236524, 783221.197676226845942 ], [ 1982487.143434973200783, 783332.142541760229506 ], [ 1982431.470642102416605, 783449.107513553928584 ], [ 1982387.530501000350341, 783570.966154990019277 ], [ 1982355.74617924564518, 783696.544900736771524 ], [ 1982336.423777231946588, 783824.634358824347146 ], [ 1982329.749380253488198, 783954.000957750366069 ], [ 1982335.787266401806846, 784083.398826448363252 ], [ 1982354.479287532391027, 784211.581792706740089 ], [ 1982363.287076369393617, 784247.115062614786439 ] ] ] } },
{ "type": "Feature", "properties": { "FID": 25, "FeatureTyp": "Bike Lane", "Label": "Weaver Dairy Ext.", "Fr_St": "Martin Luther King Jr. Blvd.", "To_St": "Homestead Rd", "Notes": " ", "Shape_Leng": 6632.0653052600001, "GlobalID": "d61a4147-4fdc-4dc4-871e-0c8338755624" }, "geometry": { "type": "Polygon", "coordinates": [ [ [ 1978518.419759677257389, 804191.522914292057976 ], [ 1978526.319860986433923, 804218.902488495223224 ], [ 1978538.367080986499786, 804253.42440108419396 ], [ 1978577.238688858924434, 804351.922314853523858 ], [ 1978604.981087449006736, 804414.718449102481827 ], [ 1978635.781164813553914, 804479.600616397336125 ], [ 1978656.79063722351566, 804520.917790980311111 ], [ 1978697.59807655098848, 804595.170377478818409 ], [ 1978715.986491221003234, 804626.224777311901562 ], [ 1978726.79499323409982, 804642.201194705441594 ], [ 1978725.201534998603165, 804876.094647132093087 ], [ 1978724.589920717291534, 804974.178051158552989 ], [ 1978727.619282076600939, 805072.160530909663066 ], [ 1978732.537579316645861, 805144.325412823585793 ], [ 1978742.696179706370458, 805240.875228864140809 ], [ 1978752.500622046180069, 805309.646088702138513 ], [ 1978761.419704334577546, 805364.049921312835068 ], [ 1978770.273361174622551, 805411.787686728872359 ], [ 1978804.669051564764231, 805553.230578835471533 ], [ 1978829.179173144744709, 805634.266177918529138 ], [ 1978849.230157969286665, 805695.178416808252223 ], [ 1978878.892500219400972, 805778.423329060198739 ], [ 1978946.785800204845145, 805935.806060811271891 ], [ 1978986.853305374737829, 806014.248489221325144 ], [ 1979056.677203133702278, 806134.787792236427777 ], [ 1979085.589218793669716, 806179.127270490396768 ], [ 1979124.760720318416134, 806235.901262435829267 ], [ 1979150.733437398448586, 806271.5173329297686 ], [ 1979206.188332645455375, 806342.358709496678784 ], [ 1979238.111825235420838, 806380.394394589704461 ], [ 1979266.493381788488477, 806413.10494112316519 ], [ 1979312.241649878676981, 806464.115993955172598 ], [ 1979448.239597745006904, 806595.476066339877434 ], [ 1979497.991466735024005, 806637.073752167867497 ], [ 1979527.140191368758678, 806660.74883139168378 ], [ 1979556.232324788579717, 806683.698916718713008 ], [ 1979588.547928052721545, 806708.393857552669942 ], [ 1979625.032763212919235, 806735.394787802710198 ], [ 1979717.135806748643517, 806797.728045578696765 ], [ 1979784.765920838573948, 806839.456308584660292 ], [ 1979939.028861642815173, 806921.080474948859774 ], [ 1979967.602640026248991, 806933.85847328719683 ], [ 1979994.338126899441704, 806946.731085252366029 ], [ 1980144.829175973311067, 807008.085790432640351 ], [ 1980185.377323233289644, 807021.772114760591649 ], [ 1980320.326130005531013, 807059.472984718158841 ], [ 1980425.570342085557058, 807082.933239640202373 ], [ 1980539.025376270990819, 807103.07096596295014 ], [ 1980615.041300351032987, 807113.164121630950831 ], [ 1980776.566708494909108, 807124.591575902886689 ], [ 1980933.01521449489519, 807126.039407651871443 ], [ 1980989.922947915736586, 807125.339113547932357 ], [ 1981257.545671116327867, 807116.272758773062378 ], [ 1981586.212639327859506, 807111.838362417533062 ], [ 1981616.027993487659842, 807111.099128528498113 ], [ 1981751.124686990166083, 807106.221904068021104 ], [ 1982001.586535306880251, 807138.308691221405752 ], [ 1982098.131105031818151, 807147.088145652902313 ], [ 1982344.156859701965004, 807160.376176828867756 ], [ 1982394.294419130543247, 807162.12940183642786 ], [ 1982564.309499050490558, 807164.841338667436503 ], [ 1982693.777042618952692, 807160.549526105867699 ], [ 1982822.20049338391982, 807143.58834140887484 ], [ 1982948.343063311185688, 807114.121130056795664 ], [ 1983070.989930495852605, 807072.431677403510548 ], [ 1983188.959938561078161, 807018.921475667855702 ], [ 1983301.116971840616316, 806954.105857344227843 ], [ 1983406.380896792281419, 806878.609032268752344 ], [ 1983503.737964275991544, 806793.158076137769967 ], [ 1983592.250572510994971, 806698.575928371050395 ], [ 1983671.066296694101766, 806595.773466755403206 ], [ 1983739.426098316442221, 806485.740735193830915 ], [ 1983796.671635118778795, 806369.537409041193314 ], [ 1983842.251601288560778, 806248.282589851645753 ], [ 1983875.727036834694445, 806123.144027818460017 ], [ 1983896.775555013446137, 805995.326875701895915 ], [ 1983905.194447088520974, 805866.062082548625767 ], [ 1983900.902634527068585, 805736.594538980163634 ], [ 1983883.941449829842895, 805608.17108821508009 ], [ 1983854.474238477880135, 805482.028518287814222 ], [ 1983812.784785824595019, 805359.381651103147306 ], [ 1983759.274584088940173, 805241.411643037805334 ], [ 1983694.458965765312314, 805129.254609758383594 ], [ 1983618.962140689836815, 805023.990684806602076 ], [ 1983533.511184558738023, 804926.633617322891951 ], [ 1983438.929036792134866, 804838.121009087888524 ], [ 1983336.126575176604092, 804759.305284904781729 ], [ 1983226.093843614915386, 804690.945483282557689 ], [ 1983109.890517462277785, 804633.699946480221115 ], [ 1982988.635698272846639, 804588.119980310439132 ], [ 1982863.497136239660904, 804554.644544764305465 ], [ 1982735.679984122980386, 804533.596026585553773 ], [ 1982606.415190969593823, 804525.177134510478936 ], [ 1982461.485552133992314, 804522.865339429466985 ], [ 1982288.94550379505381, 804513.546325066476129 ], [ 1981979.318683953024447, 804473.879885119618848 ], [ 1981871.840811303816736, 804464.555372892646119 ], [ 1981763.960448612226173, 804464.038668901543133 ], [ 1981535.684974219184369, 804472.279808625695296 ], [ 1981366.911488332552835, 804474.556911599589512 ], [ 1981366.337031682953238, 804357.466690725996159 ], [ 1981366.437643650919199, 804303.403219975531101 ], [ 1981360.24873333866708, 804173.250087869470008 ], [ 1981341.257923151599243, 804044.341245906311087 ], [ 1981309.65026166732423, 803917.932796254521236 ], [ 1981304.392001560190693, 803900.59063636243809 ], [ 1981296.957350902725011, 803873.140572070376948 ], [ 1981257.226352570112795, 803750.519868030794896 ], [ 1981248.05347066000104, 803726.310598864802159 ], [ 1981212.228227218147367, 803640.925949939410202 ], [ 1981196.532064378261566, 803606.912238442455418 ], [ 1981161.403154384344816, 803536.398200772586279 ], [ 1981144.864801644347608, 803505.543603680562228 ], [ 1981062.488995838677511, 803371.670676666195504 ], [ 1981035.146399645833299, 803332.648373276460916 ], [ 1981002.496571830008179, 803285.361514198593795 ], [ 1980994.739254584303126, 803275.711369321797974 ], [ 1980985.821968236006796, 803252.354091712972149 ], [ 1980980.957082845270634, 803239.80378551222384 ], [ 1980949.051306765293702, 803158.723239014274441 ], [ 1980947.455927769187838, 803154.688455546274781 ], [ 1980939.343073064927012, 803134.268895138869993 ], [ 1980945.642362909391522, 803125.819316237349994 ], [ 1980961.438815863803029, 803104.453179006231949 ], [ 1980993.864913664525375, 803066.297877973876894 ], [ 1981000.064703183947131, 803058.263292653835379 ], [ 1981004.698389424709603, 803052.534091657609679 ], [ 1981043.853773202048615, 802999.060694069834426 ], [ 1981094.091140968492255, 802932.887959399260581 ], [ 1981135.989980652695522, 802863.748493293998763 ], [ 1981137.027318013831973, 802864.376466732588597 ], [ 1981150.806818023789674, 802841.614373143645935 ], [ 1981182.758154775714502, 802785.704166022129357 ], [ 1981184.768547196872532, 802782.218880460597575 ], [ 1981208.292890105396509, 802739.642507827375084 ], [ 1981219.141293625580147, 802719.123848071321845 ], [ 1981241.969073484418914, 802673.865088053862564 ], [ 1981249.501538734417409, 802658.189594470895827 ], [ 1981254.735852462006733, 802646.970852736965753 ], [ 1981260.241025112569332, 802635.927662184461951 ], [ 1981311.515310876071453, 802519.290921592386439 ], [ 1981339.582666469505057, 802433.914219099329785 ], [ 1981339.674387298058718, 802433.944646967109293 ], [ 1981350.953564218012616, 802399.945043040090241 ], [ 1981352.217773380456492, 802394.950492889038287 ], [ 1981359.227056539151818, 802369.558679517242126 ], [ 1981358.682911785785109, 802369.408471078029834 ], [ 1981397.819194037467241, 802214.791553046903573 ], [ 1981403.954680457478389, 802180.191556628909893 ], [ 1981405.95758741395548, 802168.59612319082953 ], [ 1981410.906068314099684, 802139.166392030776478 ], [ 1981422.382346272934228, 802054.072550301556475 ], [ 1981425.401697192806751, 802024.435470466618426 ], [ 1981428.525278121931478, 801989.062536254059523 ], [ 1981429.784133882028982, 801972.224643424036913 ], [ 1981430.998663929756731, 801954.348605566774495 ], [ 1981431.688623169669881, 801943.061226569814608 ], [ 1981430.142892332281917, 801806.443772401078604 ], [ 1981431.782102721510455, 801806.403071311186068 ], [ 1981431.30736614135094, 801787.283358898130246 ], [ 1981429.662798821926117, 801764.01131807488855 ], [ 1981429.529138737590984, 801752.19794151885435 ], [ 1981427.570153157692403, 801728.841689012828283 ], [ 1981427.352234484627843, 801728.859966753982008 ], [ 1981425.191931983688846, 801677.766743072541431 ], [ 1981424.449821220943704, 801662.35095578932669 ], [ 1981420.232309971004725, 801584.25039020634722 ], [ 1981418.843365800799802, 801562.01601653394755 ], [ 1981416.239696470787749, 801525.315958700026385 ], [ 1981400.743490962544456, 801396.707513769040816 ], [ 1981372.716071925126016, 801270.237247402430512 ], [ 1981332.427358725108206, 801147.123137401184067 ], [ 1981280.265353694558144, 801028.550839945441112 ], [ 1981216.732405456714332, 800915.662271078093909 ], [ 1981142.440371033502743, 800809.544609428266995 ], [ 1981058.104723328957334, 800711.21982608770486 ], [ 1980964.537660732632503, 800621.6348424697062 ], [ 1980862.640285206725821, 800541.652410938637331 ], [ 1980753.393924179952592, 800472.042806032928638 ], [ 1980637.850679829251021, 800413.476406300324015 ], [ 1980517.12329676002264, 800366.517238185857423 ], [ 1980392.374445667723194, 800331.617544149048626 ], [ 1980264.805526182753965, 800309.113427321659401 ], [ 1980135.645096736261621, 800299.221614650567062 ], [ 1980006.13704286981374, 800302.037369699217379 ], [ 1979877.52859793882817, 800317.533575207344256 ], [ 1979751.058331572217867, 800345.560994244762696 ], [ 1979627.944221571087837, 800385.849707444896922 ], [ 1979509.371924115344882, 800438.011712475446984 ], [ 1979396.483355247881263, 800501.544660713290796 ], [ 1979290.36569359828718, 800575.83669513638597 ], [ 1979192.040910257725045, 800660.172342841047794 ], [ 1979102.455926639726385, 800753.73940543725621 ], [ 1979022.473495108541101, 800855.636780963279307 ], [ 1978952.863890202715993, 800964.883141990168951 ], [ 1978894.29749047011137, 801080.426386340870522 ], [ 1978847.338322355877608, 801201.153769409982488 ], [ 1978812.438628318952397, 801325.902620502398349 ], [ 1978789.934511491563171, 801453.471539987251163 ], [ 1978780.042698820354417, 801582.631969433743507 ], [ 1978780.68834831751883, 801612.328021969296969 ], [ 1978763.163680080091581, 801635.639989357907325 ], [ 1978727.051321230828762, 801686.105489053530619 ], [ 1978708.855414308607578, 801712.839750482700765 ], [ 1978688.144981003599241, 801741.354729075799696 ], [ 1978620.540903868153691, 801844.1982217640616 ], [ 1978620.188434924930334, 801844.793103343225084 ], [ 1978590.103801669785753, 801889.826380823273212 ], [ 1978539.673121525673196, 801979.817023361450993 ], [ 1978531.292881350498646, 801996.245147656882182 ], [ 1978520.933570511406288, 802015.027371161151677 ], [ 1978454.667820489732549, 802153.698114328086376 ], [ 1978437.987735739676282, 802194.56319008115679 ], [ 1978431.31914281914942, 802211.223580489633605 ], [ 1978416.230918409302831, 802249.674619073630311 ], [ 1978367.796177614713088, 802398.509831354487687 ], [ 1978344.756197434617206, 802486.789182350388728 ], [ 1978336.18667673971504, 802521.54610096802935 ], [ 1978314.37274399981834, 802615.483249047072604 ], [ 1978301.857321473071352, 802675.715913671767339 ], [ 1978285.940686642890796, 802762.414231094764546 ], [ 1978272.84918383997865, 802850.278352161752991 ], [ 1978268.297355660004541, 802889.944611406768672 ], [ 1978262.591539630666375, 802952.975433449726552 ], [ 1978259.980324380798265, 802992.300814117770642 ], [ 1978257.571864398662001, 803043.724023074610159 ], [ 1978255.850739228539169, 803106.75145608256571 ], [ 1978256.8436521620024, 803205.375303645036183 ], [ 1978258.742926592007279, 803245.384409968042746 ], [ 1978266.332400927785784, 803337.304417643346824 ], [ 1978269.526292177848518, 803364.402460563345812 ], [ 1978273.412087422795594, 803394.408421311760321 ], [ 1978281.115155992796645, 803448.973600897705182 ], [ 1978299.98644790542312, 803552.590953091508709 ], [ 1978311.890951675362885, 803605.812631423585117 ], [ 1978315.469137914245948, 803621.367606588290073 ], [ 1978325.333947574254125, 803663.095213421271183 ], [ 1978373.925818457268178, 803822.771030144300312 ], [ 1978399.01730370731093, 803889.701014386257157 ], [ 1978408.291218990925699, 803913.723119130707346 ], [ 1978493.20559373148717, 804127.447420587297529 ], [ 1978518.419759677257389, 804191.522914292057976 ] ] ] } },
{ "type": "Feature", "properties": { "FID": 26, "FeatureTyp": "Bike Lane", "Label": "Friday Center", "Fr_St": "Raleigh Road", "To_St": "Friday Center Driveway", "Notes": " ", "Shape_Leng": 1118.8864724099999, "GlobalID": "2dce8cb1-79cb-42f6-ba77-4d33cf39f00a" }, "geometry": { "type": "Polygon", "coordinates": [ [ [ 1997983.987514648586512, 782911.326051380019635 ], [ 1997982.552769268397242, 782893.152858431800269 ], [ 1997988.557356990640983, 782496.855458802659996 ], [ 1997988.646313066594303, 782464.008588493103161 ], [ 1997987.159439386567101, 782311.265455663087778 ], [ 1997979.544167913030833, 782181.950831072055735 ], [ 1997959.290516347857192, 782054.005318876355886 ], [ 1997926.593538427492604, 781928.661104300641455 ], [ 1997881.768123923335224, 781807.125320651335642 ], [ 1997825.245966080809012, 781690.568423963268287 ], [ 1997757.571404178626835, 781580.112920867861249 ], [ 1997679.396181242074817, 781476.822558241197839 ], [ 1997591.473167403135449, 781381.692078739521094 ], [ 1997494.649109348654747, 781295.637640884146094 ], [ 1997389.85647568735294, 781219.487995953764766 ], [ 1997278.104476766427979, 781153.976506656501442 ], [ 1997160.469345425721258, 781099.734084446681663 ], [ 1997038.08397228596732, 781057.28311350219883 ], [ 1996912.126995392842218, 781027.032419878989458 ], [ 1996783.811449289089069, 781009.273334293742664 ], [ 1996654.373082828009501, 781004.17688644840382 ], [ 1996525.058458236977458, 781011.792157921940088 ], [ 1996397.112946041394025, 781032.045809486997314 ], [ 1996271.768731465796009, 781064.742787407361902 ], [ 1996150.23294781637378, 781109.568201911635697 ], [ 1996033.676051128190011, 781166.090359754045494 ], [ 1995923.220548033015803, 781233.764921656460501 ], [ 1995819.930185406235978, 781311.940144593012519 ], [ 1995724.799705904675648, 781399.863158431835473 ], [ 1995638.745268049184233, 781496.687216486316174 ], [ 1995562.595623118802905, 781601.479850147734396 ], [ 1995497.084133821539581, 781713.231849068426527 ], [ 1995442.841711611719802, 781830.866980409133248 ], [ 1995400.390740667236969, 781953.252353549003601 ], [ 1995370.140047044027597, 782079.209330442128703 ], [ 1995352.380961458664387, 782207.524876545881853 ], [ 1995347.284513613441959, 782336.963243006845005 ], [ 1995348.611508443951607, 782473.282387244864367 ], [ 1995341.915803449461237, 782915.192906447337009 ], [ 1995345.858865507878363, 783039.079575786949135 ], [ 1995366.692485257750377, 783302.968483710894361 ], [ 1995381.925538138952106, 783424.138292347546667 ], [ 1995408.291767741087824, 783543.381700390484184 ], [ 1995445.56549087469466, 783659.678037344361655 ], [ 1995530.371423624688759, 783887.442017510416918 ], [ 1995581.474595881067216, 784006.47449323895853 ], [ 1995643.998915272532031, 784119.924808255629614 ], [ 1995717.342238423647359, 784226.700374008505605 ], [ 1995800.798229039413854, 784325.772883430123329 ], [ 1995893.563160308171064, 784416.188214096007869 ], [ 1995994.743655231548473, 784497.075616945861839 ], [ 1996103.365290332352743, 784567.656102072796784 ], [ 1996218.381979886209592, 784627.249940821668133 ], [ 1996338.686050297925249, 784675.283211948000826 ], [ 1996463.118907604599372, 784711.293328793370165 ], [ 1996590.482195368502289, 784734.933494247379713 ], [ 1996719.549335504649207, 784745.976040593464859 ], [ 1996849.077340898104012, 784744.314622074132785 ], [ 1996977.818786049960181, 784729.965239057783037 ], [ 1997104.533820465905592, 784703.066083946963772 ], [ 1997228.002109095454216, 784663.876210310147144 ], [ 1997347.034584823762998, 784612.773038053768687 ], [ 1997460.484899840550497, 784550.248718662420288 ], [ 1997567.260465593542904, 784476.905395511188544 ], [ 1997666.332975015044212, 784393.449404895538464 ], [ 1997756.748305680928752, 784300.684473626781255 ], [ 1997837.635708530899137, 784199.503978703403845 ], [ 1997908.216193657601252, 784090.882343602599576 ], [ 1997967.810032406589016, 783975.865654048859142 ], [ 1998015.843303533038124, 783855.561583637143485 ], [ 1998051.853420378407463, 783731.128726330469362 ], [ 1998075.493585832184181, 783603.76543856645003 ], [ 1998086.536132178502157, 783474.698298430303112 ], [ 1998084.874713659053668, 783345.170293036848307 ], [ 1998070.525330642703921, 783216.428847884992138 ], [ 1998043.626175531884655, 783089.713813468930312 ], [ 1998004.436301895184442, 782966.245524839614518 ], [ 1997983.987514648586512, 782911.326051380019635 ] ] ] } },
{ "type": "Feature", "properties": { "FID": 27, "FeatureTyp": "Bike Lane", "Label": "Eubanks Road", "Fr_St": "Kousa Trail", "To_St": "Martin Luther King Jr. Boulevard", "Notes": " ", "Shape_Leng": 3166.5490538899999, "GlobalID": "6e618077-a7de-4206-a40a-11ff6b59bda2" }, "geometry": { "type": "Polygon", "coordinates": [ [ [ 1980895.467759306309745, 806439.876923445146531 ], [ 1979569.568489053286612, 806445.000487963669002 ], [ 1979545.385613800026476, 806445.315494609763846 ], [ 1979368.613985719857737, 806449.23805895273108 ], [ 1979199.356871266616508, 806463.929832348949276 ], [ 1978972.127338846679777, 806498.500629344955087 ], [ 1978941.421082137385383, 806503.54329412500374 ], [ 1978483.551138256676495, 806584.289516157004982 ], [ 1978404.43694915343076, 806594.888470097794197 ], [ 1978297.109411077573895, 806602.009686672594398 ], [ 1978168.431451774667948, 806616.917647041729651 ], [ 1978041.834347660653293, 806644.366467101150192 ], [ 1977918.537298053037375, 806684.091799708781764 ], [ 1977799.727720940485597, 806735.711068195523694 ], [ 1977686.549817499006167, 806798.727150787832215 ], [ 1977580.093552807578817, 806872.533168162219226 ], [ 1977481.384158889995888, 806956.418328024912626 ], [ 1977391.372261170297861, 807049.57477043021936 ], [ 1977310.924723428674042, 807151.10534791322425 ], [ 1977240.816299430560321, 807260.032265510526486 ], [ 1977181.722171624423936, 807375.30649746011477 ], [ 1977134.211448765359819, 807495.81788989296183 ], [ 1977098.74168508592993, 807620.405852221883833 ], [ 1977075.654473800677806, 807747.870534262852743 ], [ 1977065.172157374676317, 807876.984381448477507 ], [ 1977067.395686245523393, 808006.503956849570386 ], [ 1977082.303646614775062, 808135.181916152476333 ], [ 1977109.752466674195603, 808261.779020266490988 ], [ 1977149.477799281943589, 808385.076069874106906 ], [ 1977201.097067768452689, 808503.88564698654227 ], [ 1977264.11315036076121, 808617.06355042825453 ], [ 1977337.919167735148221, 808723.51981511968188 ], [ 1977421.804327598074451, 808822.229209037031978 ], [ 1977514.96077000326477, 808912.24110675684642 ], [ 1977616.491347486153245, 808992.688644498470239 ], [ 1977725.418265083571896, 809062.797068496583961 ], [ 1977840.69249703316018, 809121.89119630260393 ], [ 1977961.203889466123655, 809169.401919161900878 ], [ 1978085.791851794812828, 809204.871682841097936 ], [ 1978213.256533835781738, 809227.958894126466475 ], [ 1978342.370381021406502, 809238.441210552351549 ], [ 1978471.889956422615796, 809236.217681681504473 ], [ 1978623.30697643244639, 809226.171113839489408 ], [ 1978711.191611769143492, 809217.378511463291943 ], [ 1978861.173595269210637, 809197.285375793231651 ], [ 1978915.145664042560384, 809188.914680710993707 ], [ 1979384.591628246475011, 809106.127005817252211 ], [ 1979512.283470513066277, 809086.699915024801157 ], [ 1979591.862830359255895, 809084.934048167313449 ], [ 1980923.867655286798254, 809079.786890451330692 ], [ 1980960.255670249462128, 809079.144570840173401 ], [ 1981580.409285589354113, 809059.642969428212382 ], [ 1981709.528206872288138, 809049.223340862081386 ], [ 1981837.004083062056452, 809026.198018228984438 ], [ 1981961.609251785557717, 808990.788747972575948 ], [ 1982082.14369715214707, 808943.336540722288191 ], [ 1982197.446606561774388, 808884.298387173796073 ], [ 1982306.40754996589385, 808814.242857019533403 ], [ 1982407.977173915598541, 808733.844623310957104 ], [ 1982501.177307408303022, 808643.87796498881653 ], [ 1982585.110382210463285, 808545.209310153615661 ], [ 1982658.968076928984374, 808438.788891889154911 ], [ 1982722.039101589238271, 808325.641596998670138 ], [ 1982773.716047745430842, 808206.857095784507692 ], [ 1982813.50123815680854, 808083.579347927588969 ], [ 1982841.011519690509886, 807956.995585530297831 ], [ 1982855.981953297043219, 807828.324879422201775 ], [ 1982858.268365517258644, 807698.806398841668852 ], [ 1982847.848736951127648, 807569.687477558734827 ], [ 1982824.823414317797869, 807442.211601368850097 ], [ 1982789.414144061505795, 807317.606432645232417 ], [ 1982741.961936811218038, 807197.07198727875948 ], [ 1982682.923783262725919, 807081.769077869132161 ], [ 1982612.868253108346835, 806972.808134465012699 ], [ 1982532.470019399886951, 806871.238510515424423 ], [ 1982442.503361077746376, 806778.038377022603527 ], [ 1982343.834706242429093, 806694.105302220443264 ], [ 1982237.414287978084758, 806620.24760750180576 ], [ 1982124.26699308748357, 806557.176582841668278 ], [ 1982005.482491873437539, 806505.499636685359292 ], [ 1981882.204744016518816, 806465.714446274098009 ], [ 1981755.620981619227678, 806438.204164740280248 ], [ 1981626.950275511015207, 806423.233731133746915 ], [ 1981497.431794930482283, 806420.94731891376432 ], [ 1980895.467759306309745, 806439.876923445146531 ] ] ] } },
{ "type": "Feature", "properties": { "FID": 28, "FeatureTyp": "Bike Lane", "Label": "Rogers Road", "Fr_St": "Tallyho Trail", "To_St": "Homestead Road", "Notes": " ", "Shape_Leng": 992.50513860499996, "GlobalID": "a5cd4dd0-6c0d-4d85-869c-13dc5aa58691" }, "geometry": { "type": "Polygon", "coordinates": [ [ [ 1977318.30579710775055, 802186.133242474403232 ], [ 1977322.786270750919357, 802166.250844432157464 ], [ 1977339.53960844851099, 802089.135540789109655 ], [ 1977357.694578724447638, 802007.893918131594546 ], [ 1977374.260301490314305, 801934.40936743025668 ], [ 1977376.654436882818118, 801923.577147134579718 ], [ 1977386.350908226100728, 801878.813830113154836 ], [ 1977393.341797166271135, 801849.822734999586828 ], [ 1977404.118181374156848, 801806.589023606386036 ], [ 1977407.154221257427707, 801794.118120363680646 ], [ 1977415.24326140107587, 801777.080760130193084 ], [ 1977415.82768414192833, 801775.98530386458151 ], [ 1977461.074030935531482, 801695.720942556508817 ], [ 1977513.319112458731979, 801577.185226633562706 ], [ 1977553.694087732583284, 801454.099379094666801 ], [ 1977581.810123674338683, 801327.648783937329426 ], [ 1977597.396447487641126, 801199.051229517674074 ], [ 1977600.302954354090616, 801069.545180583372712 ], [ 1977590.501653023529798, 800940.377851180965081 ], [ 1977568.086935385828838, 800812.793193302582949 ], [ 1977533.274667425081134, 800688.019916948396713 ], [ 1977486.400110311806202, 800567.259656977839768 ], [ 1977427.914691655430943, 800451.675400708569214 ], [ 1977358.381658009020612, 800342.380287713254802 ], [ 1977278.470650497125462, 800240.426889676949941 ], [ 1977188.951255805790424, 800146.797073556110263 ], [ 1977090.685594642302021, 800062.39254566305317 ], [ 1976984.620019041234627, 799988.026167741860263 ], [ 1976871.775998476659879, 799924.414128664531745 ], [ 1976753.240282553713769, 799872.169047141331248 ], [ 1976630.154435014817864, 799831.794071867363527 ], [ 1976503.703839857364073, 799803.678035925840959 ], [ 1976375.106285437941551, 799788.091712112422101 ], [ 1976245.60023650364019, 799785.185205246089026 ], [ 1976116.432907101232558, 799794.986506576533429 ], [ 1975988.848249222617596, 799817.401224214234389 ], [ 1975864.07497286866419, 799852.213492174982093 ], [ 1975743.314712897874415, 799899.088049288257025 ], [ 1975627.730456628603861, 799957.573467944632284 ], [ 1975518.435343633405864, 800027.106501591042615 ], [ 1975416.481945597101003, 800107.017509103054181 ], [ 1975322.85212947614491, 800196.536903794272803 ], [ 1975238.447601583320647, 800294.802564957761206 ], [ 1975164.081223662011325, 800400.868140558945015 ], [ 1975145.031064901966602, 800431.092161473003216 ], [ 1975097.094770705327392, 800513.615617353003472 ], [ 1975071.443903375184163, 800561.696229847962968 ], [ 1975043.643771344562992, 800616.877827063552104 ], [ 1975011.980103125330061, 800683.568721431307495 ], [ 1975008.162191990530118, 800691.314258228521794 ], [ 1974973.435027305269614, 800767.813542777090333 ], [ 1974950.310073555214331, 800823.388890930102207 ], [ 1974918.733118762960657, 800907.182801755727269 ], [ 1974906.449022602988407, 800943.464881422696635 ], [ 1974898.076311953831464, 800969.050378958228976 ], [ 1974885.934275873936713, 801007.475498969200999 ], [ 1974875.75511499424465, 801041.253436967148446 ], [ 1974865.471014814218506, 801077.107039794209413 ], [ 1974850.074944106396288, 801135.848727845121175 ], [ 1974840.747445089742541, 801175.096562262158841 ], [ 1974830.49688222585246, 801216.220734147704206 ], [ 1974828.089270458789542, 801226.03989799588453 ], [ 1974816.308126028859988, 801274.896099495817907 ], [ 1974809.446944207185879, 801304.877868614392355 ], [ 1974797.668850553920493, 801359.250899940961972 ], [ 1974782.051769109675661, 801428.527334746788256 ], [ 1974781.511645595775917, 801430.933767237118445 ], [ 1974762.234125095885247, 801517.198686563060619 ], [ 1974760.549567849142477, 801524.843337909784168 ], [ 1974745.128773223375902, 801595.824970432673581 ], [ 1974709.266045412281528, 801749.428954867529683 ], [ 1974686.039221595972776, 801876.868270418606699 ], [ 1974675.415478561073542, 802005.970557682099752 ], [ 1974677.497128760209307, 802135.4924910570262 ], [ 1974692.264124763896689, 802264.186703521059826 ], [ 1974719.574252328369766, 802390.813799456926063 ], [ 1974759.164499995764345, 802514.154290709178895 ], [ 1974810.65359203889966, 802633.020340922405012 ], [ 1974873.545660354662687, 802746.267205054289661 ], [ 1974947.235019944841042, 802852.804253895999864 ], [ 1975031.01200199406594, 802951.605477428412996 ], [ 1975124.06978836748749, 803041.719365858356468 ], [ 1975225.512181712314487, 803122.278073179186322 ], [ 1975334.362236326560378, 803192.505775001482107 ], [ 1975449.571666680276394, 803251.7261401664 ], [ 1975570.030942979967222, 803299.368844184093177 ], [ 1975694.579976544482633, 803334.975061770877801 ], [ 1975822.019292095676064, 803358.201885586953722 ], [ 1975951.121579359052703, 803368.825628621969372 ], [ 1976080.643512733979151, 803366.743978422950022 ], [ 1976209.337725198129192, 803351.976982419146225 ], [ 1976335.964821133995429, 803324.666854854789563 ], [ 1976459.305312386248261, 803285.076607187278569 ], [ 1976578.171362599590793, 803233.587515144143254 ], [ 1976691.418226731242612, 803170.695446828263812 ], [ 1976797.95527557306923, 803097.006087238085456 ], [ 1976896.756499105365947, 803013.229105189093389 ], [ 1976986.87038753554225, 802920.171318815439008 ], [ 1977067.429094856372103, 802818.728925470612012 ], [ 1977137.656796678667888, 802709.878870856598951 ], [ 1977196.877161843469366, 802594.669440502650104 ], [ 1977244.519865861162543, 802474.210164203192107 ], [ 1977280.126083447830752, 802349.661130638443865 ], [ 1977318.30579710775055, 802186.133242474403232 ] ] ] } },
{ "type": "Feature", "properties": { "FID": 29, "FeatureTyp": "Bike Lane", "Label": "Homestead Road", "Fr_St": "Hearthstone Lane", "To_St": "1804 Homestead Driveway", "Notes": "Bike on one side", "Shape_Leng": 1879.34663624, "GlobalID": "77222b73-c2a4-4ab8-a7db-ef85f9da1268" }, "geometry": { "type": "Polygon", "coordinates": [ [ [ 1977111.16451846761629, 800121.974700146587566 ], [ 1976995.430132165085524, 800070.75985480460804 ], [ 1976872.404105618363246, 800030.202965317526832 ], [ 1976745.995212687877938, 800001.900027646915987 ], [ 1976617.420840114355087, 799986.123614554526284 ], [ 1976487.919229391729459, 799983.025661522522569 ], [ 1976358.737551824189723, 799992.63600353221409 ], [ 1976231.119897584430873, 800014.862087736604735 ], [ 1976106.295294445706531, 800049.48986479465384 ], [ 1975985.465871572261676, 800096.185850283829495 ], [ 1975869.795282358536497, 800154.50033633725252 ], [ 1975760.397497810656205, 800223.871722576441243 ], [ 1975658.326078396523371, 800303.631924629444256 ], [ 1975564.564027683343738, 800393.012808149214834 ], [ 1975480.014325474854559, 800491.15358636691235 ], [ 1975405.491231622872874, 800597.109109939192422 ], [ 1975341.712444259785116, 800709.858969252672978 ], [ 1975289.292187972692773, 800828.317321526817977 ], [ 1975248.735298485727981, 800951.343348073540255 ], [ 1975220.432360815117136, 801077.752241004141979 ], [ 1975204.655947722494602, 801206.32661357766483 ], [ 1975201.557994690490887, 801335.828224300174043 ], [ 1975211.168336700415239, 801465.009901867830195 ], [ 1975233.394420904573053, 801592.627556107589044 ], [ 1975268.022197962738574, 801717.452159246429801 ], [ 1975314.718183451797813, 801838.281582119758241 ], [ 1975373.032669505337253, 801953.95217133348342 ], [ 1975442.404055744409561, 802063.349955881363712 ], [ 1975522.164257797412574, 802165.42137529538013 ], [ 1975611.545141317415982, 802259.183426008676179 ], [ 1975709.685919535113499, 802343.733128217165358 ], [ 1975815.641443107277155, 802418.256222069147043 ], [ 1975928.391302420757711, 802482.035009432351217 ], [ 1976015.793686670716852, 802525.961102683329955 ], [ 1976192.387423509266227, 802599.216828681412153 ], [ 1976365.310962159186602, 802656.66389226145111 ], [ 1976549.422440832713619, 802703.425164496526122 ], [ 1976825.444526592735201, 802752.714764078496955 ], [ 1976957.703223160468042, 802769.493328877259046 ], [ 1977090.979803804075345, 802772.845359072904103 ], [ 1978061.987048134207726, 802748.200395242893137 ], [ 1978102.261030190391466, 802746.562602637801319 ], [ 1978449.320375440409407, 802727.137444628868252 ], [ 1978578.145612906198949, 802713.560895561240613 ], [ 1978705.019787126919255, 802687.422639909433201 ], [ 1978828.721030448563397, 802648.974403364118189 ], [ 1978948.0580322756432, 802598.5864634612808 ], [ 1979061.881512044230476, 802536.74408360675443 ], [ 1979169.095287422416732, 802464.042839725269005 ], [ 1979268.666831143666059, 802381.182884537847713 ], [ 1979359.637214811053127, 802288.962204708717763 ], [ 1979441.130343900294974, 802188.268935797736049 ], [ 1979512.361395029583946, 802080.0728090290213 ], [ 1979572.644374237628654, 801965.415812249411829 ], [ 1979621.398723480524495, 801845.402155015617609 ], [ 1979658.154911723453552, 801721.187634453061037 ], [ 1979682.558956780703738, 801593.968504297430627 ], [ 1979694.375834357459098, 801464.969954316853546 ], [ 1979693.491741463076323, 801335.43431106582284 ], [ 1979679.915192395215854, 801206.609073599916883 ], [ 1979653.776936743641272, 801079.734899379080161 ], [ 1979615.32870019832626, 800956.033656057552435 ], [ 1979564.940760295372456, 800836.696654230589047 ], [ 1979503.098380440846086, 800722.87317446176894 ], [ 1979430.397136559244245, 800615.659399083815515 ], [ 1979347.537181371822953, 800516.087855362333357 ], [ 1979255.316501542925835, 800425.117471694946289 ], [ 1979154.62323263194412, 800343.624342605704442 ], [ 1979046.427105863112956, 800272.393291476531886 ], [ 1978931.770109083503485, 800212.110312268487178 ], [ 1978811.75645184982568, 800163.355963025474921 ], [ 1978687.541931287152693, 800126.59977478266228 ], [ 1978560.322801131522283, 800102.195729725528508 ], [ 1978431.324251150945202, 800090.378852148773149 ], [ 1978301.78860789979808, 800091.262945043155923 ], [ 1977974.853749389294535, 800109.56172123842407 ], [ 1977157.784132174449041, 800130.299621269921772 ], [ 1977111.16451846761629, 800121.974700146587566 ] ] ] } },
{ "type": "Feature", "properties": { "FID": 30, "FeatureTyp": "Bike Lane", "Label": "Novus Lane", "Fr_St": "Legion Road", "To_St": "Fordham Boulevard Service Road", "Notes": " ", "Shape_Leng": 1002.35493101, "GlobalID": "be5e629f-dc6b-46fd-933b-3c8e5f93b9e9" }, "geometry": { "type": "Polygon", "coordinates": [ [ [ 1993761.036731624975801, 795189.122483106562868 ], [ 1993661.831623080885038, 795212.434143249993213 ], [ 1993540.218500927556306, 795253.839852475677617 ], [ 1993423.206368820276111, 795306.871401350479573 ], [ 1993311.903577187331393, 795371.026469825650565 ], [ 1993207.364397021941841, 795445.697374780196697 ], [ 1993110.579033724730834, 795530.176826055394486 ], [ 1993022.464247779455036, 795623.664625976933166 ], [ 1992943.854671108303592, 795725.275248905527405 ], [ 1992838.129567920230329, 795876.617125509190373 ], [ 1992669.104474684223533, 796083.382247904315591 ], [ 1992592.138095320668072, 796187.576494100387208 ], [ 1992525.755152161465958, 796298.813040928682312 ], [ 1992470.594949238467962, 796416.02061963500455 ], [ 1992427.188709458801895, 796538.070457164314575 ], [ 1992395.954458640189841, 796663.787146861897781 ], [ 1992377.192999692400917, 796791.959968282375485 ], [ 1992371.085015721153468, 796921.354547088965774 ], [ 1992377.689329950837418, 797050.724742753547616 ], [ 1992396.942339225439355, 797178.824649570859037 ], [ 1992428.658626540564001, 797304.420595411793329 ], [ 1992472.532746711513028, 797426.303022660082206 ], [ 1992528.142167977290228, 797543.298136913683265 ], [ 1992594.951341211795807, 797654.279211266315542 ], [ 1992672.316857555182651, 797758.177437303471379 ], [ 1992759.493644792353734, 797853.992218311876059 ], [ 1992855.642142807133496, 797940.800805572769605 ], [ 1992959.836389003321528, 798017.767184936441481 ], [ 1993071.072935831500217, 798084.150128095410764 ], [ 1993188.280514538055286, 798139.310331018641591 ], [ 1993310.330352067248896, 798182.716570798191242 ], [ 1993436.047041764948517, 798213.950821616686881 ], [ 1993564.21986318542622, 798232.712280564475805 ], [ 1993693.614441992016509, 798238.820264535839669 ], [ 1993822.984637656481937, 798232.215950306155719 ], [ 1993951.084544473793358, 798212.962941031670198 ], [ 1994076.680490314727649, 798181.246653716545552 ], [ 1994198.562917562900111, 798137.372533545363694 ], [ 1994315.55803181650117, 798081.763112279586494 ], [ 1994426.539106169249862, 798014.95393904519733 ], [ 1994530.437332206405699, 797937.588422701926902 ], [ 1994626.252113214693964, 797850.411635464522988 ], [ 1994713.060700475703925, 797754.263137449743226 ], [ 1994809.77425460005179, 797635.955320113571361 ], [ 1994820.935776330530643, 797631.937368304352276 ], [ 1994924.597521261544898, 797584.139098740997724 ], [ 1995023.742020789068192, 797527.563484305283055 ], [ 1995117.627828831784427, 797462.63362227298785 ], [ 1995176.226537061389536, 797418.242937270202674 ], [ 1995231.150126880500466, 797376.975639378884807 ], [ 1995330.770632427185774, 797294.174556249869056 ], [ 1995421.795512626180425, 797202.007665895973332 ], [ 1995503.348148121731356, 797101.362585855065845 ], [ 1995574.643142452929169, 796993.208583266008645 ], [ 1995634.993885850533843, 796878.587240296765231 ], [ 1995683.819167664740235, 796758.602423138450831 ], [ 1995720.648773740744218, 796634.409651170717552 ], [ 1995745.128014839021489, 796507.204968678415753 ], [ 1995757.021142486017197, 796378.213426291011274 ], [ 1995756.213619361398742, 796248.6772830755217 ], [ 1995742.713222353952006, 796119.844042902928777 ], [ 1995716.649967666948214, 795992.954440303496085 ], [ 1995678.274858690798283, 795869.230491515016183 ], [ 1995627.957468702923506, 795749.863725798903033 ], [ 1995566.182381675112993, 795636.003710361430421 ], [ 1995493.544525464996696, 795528.746979393530637 ], [ 1995410.743442335864529, 795429.126473846845329 ], [ 1995318.576551981968805, 795338.101593647850677 ], [ 1995217.931471941061318, 795256.548958152299747 ], [ 1995109.777469351887703, 795185.253963820985518 ], [ 1994995.156126382760704, 795124.903220423380844 ], [ 1994875.171309224329889, 795076.077938609290868 ], [ 1994750.978537256829441, 795039.248332533286884 ], [ 1994623.773854764411226, 795014.769091434893198 ], [ 1994494.782312376890332, 795002.875963787781075 ], [ 1994365.246169161517173, 795003.683486912515946 ], [ 1994236.41292898892425, 795017.183883919962682 ], [ 1994109.523326389491558, 795043.247138606850058 ], [ 1993985.799377601128072, 795081.622247582999989 ], [ 1993866.432611885014921, 795131.939637570991181 ], [ 1993761.036731624975801, 795189.122483106562868 ] ] ] } },
{ "type": "Feature", "properties": { "FID": 31, "FeatureTyp": "Bike Lane", "Label": "Millhouse Road", "Fr_St": "Eubanks Road", "To_St": "Clyde Road", "Notes": " ", "Shape_Leng": 2747.49014515, "GlobalID": "f90e9e55-97de-4e05-8a50-75ccf52a1ad3" }, "geometry": { "type": "Polygon", "coordinates": [ [ [ 1978806.474266137927771, 809608.314321448444389 ], [ 1978868.610340690938756, 808854.832993880612776 ], [ 1978906.680099559249356, 808697.795382819836959 ], [ 1978995.111323601566255, 808520.466968045802787 ], [ 1979047.163152809720486, 808401.846263407845981 ], [ 1979087.337475980632007, 808278.694778437144123 ], [ 1979115.247392420424148, 808152.198529255343601 ], [ 1979130.62411437695846, 808023.575743892113678 ], [ 1979133.319555611815304, 807894.065130082773976 ], [ 1979123.307757552480325, 807764.913945836015046 ], [ 1979100.685139287263155, 807637.365987657220103 ], [ 1979065.669568996876478, 807512.649612108711153 ], [ 1979018.598265764536336, 807391.965906063793227 ], [ 1978959.924551972188056, 807276.477119584102184 ], [ 1978890.213487558066845, 807167.295472816098481 ], [ 1978810.136428180616349, 807065.472444702754728 ], [ 1978720.46455969568342, 806971.98864666710142 ], [ 1978622.061471216846257, 806887.744378787581809 ], [ 1978515.874838278628886, 806813.550959416432306 ], [ 1978402.927296203793958, 806750.122911740560085 ], [ 1978284.306591565953568, 806698.071082532289438 ], [ 1978161.155106595251709, 806657.896759361377917 ], [ 1978034.658857413567603, 806629.986842921469361 ], [ 1977906.036072050221264, 806614.610120965051465 ], [ 1977776.525458240881562, 806611.914679730194621 ], [ 1977647.374273994006217, 806621.926477789529599 ], [ 1977519.826315815327689, 806644.549096054746769 ], [ 1977395.109940266935155, 806679.564666345249861 ], [ 1977274.426234222017229, 806726.635969577590004 ], [ 1977158.937447742326185, 806785.309683369821869 ], [ 1977049.755800974089652, 806855.020747783826664 ], [ 1976947.932772860862315, 806935.097807161509991 ], [ 1976854.448974825209007, 807024.769675646210089 ], [ 1976770.204706945689395, 807123.172764125047252 ], [ 1976696.011287574423477, 807229.359397063264623 ], [ 1976632.583239898551255, 807342.306939138099551 ], [ 1976477.671148158377036, 807652.947393967187963 ], [ 1976419.061030517099425, 807789.134409334044904 ], [ 1976376.093115919036791, 807931.03510475018993 ], [ 1976278.688783159246668, 808332.827608256135136 ], [ 1976258.402966564986855, 808433.444769577006809 ], [ 1976245.996442390605807, 808535.333952835411765 ], [ 1976169.008407400455326, 809468.914762831409462 ], [ 1976165.375311009353027, 809624.273712662863545 ], [ 1976202.667231179308146, 810673.796876084874384 ], [ 1976213.61373982205987, 810802.872196891228668 ], [ 1976237.1591318664141, 810930.253039274248295 ], [ 1976273.076652315678075, 811054.712656088289805 ], [ 1976321.020395813276991, 811175.052433187025599 ], [ 1976380.528637900482863, 811290.113432732527144 ], [ 1976451.0282816758845, 811398.78755440027453 ], [ 1976531.84037703066133, 811500.028206991497427 ], [ 1976622.186659310245886, 811592.860387677908875 ], [ 1976721.197044427972287, 811676.390071812202223 ], [ 1976827.918008250417188, 811749.812822874286212 ], [ 1976941.321769556496292, 811812.421539634466171 ], [ 1977060.316188132157549, 811863.613265924854204 ], [ 1977183.755282677244395, 811902.894997437018901 ], [ 1977310.450267232954502, 811929.888429623097181 ], [ 1977439.180999839212745, 811944.333600974758156 ], [ 1977568.707733169663697, 811946.091396595584229 ], [ 1977697.783053976017982, 811935.14488795271609 ], [ 1977825.163896359037608, 811911.599495908478275 ], [ 1977949.623513173311949, 811875.681975459330715 ], [ 1978069.963290272047743, 811827.738231961731799 ], [ 1978185.024289817316458, 811768.229989874293096 ], [ 1978293.698411485180259, 811697.730346099007875 ], [ 1978394.939064076403156, 811616.918250744231045 ], [ 1978487.771244762931019, 811526.571968464646488 ], [ 1978571.300928897224367, 811427.561583346920088 ], [ 1978644.723679959308356, 811320.840619524475187 ], [ 1978707.3323967193719, 811207.436858218279667 ], [ 1978758.524123009759933, 811088.442439642734826 ], [ 1978797.80585452192463, 810965.003345097531565 ], [ 1978824.79928670800291, 810838.308360541937873 ], [ 1978839.2444580597803, 810709.577627935679629 ], [ 1978841.002253680489957, 810580.050894605112262 ], [ 1978806.474266137927771, 809608.314321448444389 ] ] ] } },
{ "type": "Feature", "properties": { "FID": 32, "FeatureTyp": "Bike Lane", "Label": "Brandon Road", "Fr_St": "U.S. 15-501", "To_St": "Flemington Road", "Notes": " ", "Shape_Leng": 533.3466248, "GlobalID": "cb38bd09-49c3-44bb-8fb6-5b2276d6e1be" }, "geometry": { "type": "Polygon", "coordinates": [ [ [ 1992803.325123733375221, 788499.957627114490606 ], [ 1992932.6647869204171, 788492.780161031987518 ], [ 1993060.678129577077925, 788472.959752493537962 ], [ 1993186.132313233800232, 788440.687282868544571 ], [ 1993307.819145522313192, 788396.273553681210615 ], [ 1993424.5667157266289, 788340.146293422789313 ], [ 1993535.250680925091729, 788272.84603829192929 ], [ 1993638.805094026727602, 788195.020926535362378 ], [ 1993734.232669424731284, 788107.420456522959284 ], [ 1993820.614387401845306, 788010.888268668204546 ], [ 1993897.118344793329015, 787906.354020709986798 ], [ 1993963.007766667753458, 787794.824434600421228 ], [ 1994017.648101874161512, 787677.373601222061552 ], [ 1994060.513134114444256, 787555.132636305410415 ], [ 1994091.190049696248025, 787429.278787166345865 ], [ 1994109.383413152303547, 787301.024095170781948 ], [ 1994114.918012447655201, 787171.603723113774322 ], [ 1994107.740546365035698, 787042.264059926616028 ], [ 1994087.920137826586142, 786914.250717270071618 ], [ 1994055.647668201476336, 786788.79653361311648 ], [ 1994011.23393901437521, 786667.10970132460352 ], [ 1993955.106678755953908, 786550.362131120287813 ], [ 1993887.806423624977469, 786439.6781659219414 ], [ 1993809.981311868410558, 786336.123752820421942 ], [ 1993722.380841855891049, 786240.696177422418259 ], [ 1993625.848654001252726, 786154.314459445187822 ], [ 1993521.314406042918563, 786077.810502053704113 ], [ 1993409.784819933585823, 786011.921080179163255 ], [ 1993292.333986554993317, 785957.280744972988032 ], [ 1993170.093021638458595, 785914.415712732588872 ], [ 1993044.239172499394044, 785883.738797150901519 ], [ 1992915.984480503713712, 785865.545433694613166 ], [ 1992786.564108446706086, 785860.010834399494343 ], [ 1992253.228232866618782, 785863.396982479491271 ], [ 1992123.888569679576904, 785870.574448561994359 ], [ 1991995.875227022916079, 785890.394857100443915 ], [ 1991870.421043366193771, 785922.667326725437306 ], [ 1991748.734211077680811, 785967.081055912771262 ], [ 1991631.986640873365104, 786023.208316171192564 ], [ 1991521.302675674902275, 786090.508571302052587 ], [ 1991417.748262573266402, 786168.333683058619499 ], [ 1991322.320687175262719, 786255.934153071022592 ], [ 1991235.938969198148698, 786352.466340925777331 ], [ 1991159.435011806664988, 786457.000588883995079 ], [ 1991093.545589932240546, 786568.530174993560649 ], [ 1991038.905254725832492, 786685.981008371920325 ], [ 1990996.040222485549748, 786808.221973288571462 ], [ 1990965.363306903745979, 786934.075822427636012 ], [ 1990947.169943447690457, 787062.330514423199929 ], [ 1990941.635344152338803, 787191.750886480207555 ], [ 1990948.812810234958306, 787321.090549667365849 ], [ 1990968.633218773407862, 787449.103892323910259 ], [ 1991000.905688398517668, 787574.558075980865397 ], [ 1991045.319417585618794, 787696.244908269378357 ], [ 1991101.446677844040096, 787812.992478473694064 ], [ 1991168.746932975016534, 787923.676443672040477 ], [ 1991246.572044731583446, 788027.230856773559935 ], [ 1991334.172514744102955, 788122.658432171563618 ], [ 1991430.704702598741278, 788209.040150148794055 ], [ 1991535.238950557075441, 788285.544107540277764 ], [ 1991646.768536666408181, 788351.433529414818622 ], [ 1991764.219370045000687, 788406.073864620993845 ], [ 1991886.460334961535409, 788448.938896861393005 ], [ 1992012.314184100599959, 788479.615812443080358 ], [ 1992140.568876096280292, 788497.809175899368711 ], [ 1992269.989248153287917, 788503.343775194487534 ], [ 1992803.325123733375221, 788499.957627114490606 ] ] ] } },
{ "type": "Feature", "properties": { "FID": 33, "FeatureTyp": "Bike Lane", "Label": "Homestead Road", "Fr_St": "Rogers Road", "To_St": "Winmore Avenue", "Notes": " ", "Shape_Leng": 2180.4082189199999, "GlobalID": "762ab61d-0b86-418c-8b44-7bffa2c73276" }, "geometry": { "type": "Polygon", "coordinates": [ [ [ 1976765.167902349727228, 799718.075874989153817 ], [ 1976624.994676049333066, 799294.268958296161145 ], [ 1976475.27645465428941, 798834.001713808975182 ], [ 1976429.209908679826185, 798712.930917021818459 ], [ 1976371.498172436840832, 798596.95842031436041 ], [ 1976302.697041493840516, 798487.201102227088995 ], [ 1976223.469108352670446, 798384.715985732618719 ], [ 1976134.577381319366395, 798290.490058526862413 ], [ 1976036.877936318982393, 798205.430767797864974 ], [ 1975931.311672414420173, 798130.357281013508327 ], [ 1975818.895250435452908, 798065.992596890893765 ], [ 1975700.711301979143173, 798012.956582523533143 ], [ 1975577.898003074573353, 797971.760003722039983 ], [ 1975451.638112927321345, 797942.799606060725637 ], [ 1975323.147583299782127, 797926.354294000426307 ], [ 1975193.663848232477903, 797922.582444886094891 ], [ 1975064.433906876947731, 797931.520383686758578 ], [ 1974936.702314213151112, 797953.082033165730536 ], [ 1974811.699195303022861, 797987.05974285164848 ], [ 1974690.628398515749723, 798033.126288826228119 ], [ 1974574.655901808291674, 798090.838025069213472 ], [ 1974464.898583721136674, 798159.639156012213789 ], [ 1974362.413467226782814, 798238.867089153500274 ], [ 1974268.187540020793676, 798327.758816186571494 ], [ 1974183.128249291796237, 798425.458261187071912 ], [ 1974108.054762507556006, 798531.024525091750547 ], [ 1974043.690078384941444, 798643.440947070601396 ], [ 1973990.654064017580822, 798761.624895527027547 ], [ 1973949.457485216204077, 798884.438194431364536 ], [ 1973920.497087554773316, 799010.69808457873296 ], [ 1973904.051775494357571, 799139.188614206272177 ], [ 1973900.27992638014257, 799268.672349273576401 ], [ 1973909.217865180689842, 799397.902290628990158 ], [ 1973930.7795146596618, 799525.633883293019608 ], [ 1973964.757224345812574, 799650.637002203031443 ], [ 1974115.482316595735028, 800113.999592531006783 ], [ 1974117.511311589973047, 800120.185280881938525 ], [ 1974345.814332680078223, 800810.448336057947017 ], [ 1974395.382019007578492, 800937.789576905081049 ], [ 1974457.848978530149907, 801059.324041631538421 ], [ 1974532.54577269195579, 801173.749283996643499 ], [ 1974618.67189968470484, 801279.83904503681697 ], [ 1975265.59449035464786, 801997.374683442874812 ], [ 1975356.952020873548463, 802089.211855166591704 ], [ 1975456.871256860904396, 802171.652201917720959 ], [ 1975564.389921452384442, 802243.901778090628795 ], [ 1975678.472551132785156, 802305.264780771220103 ], [ 1975798.020467813825235, 802355.150250699021854 ], [ 1975921.882359706796706, 802393.077763528679498 ], [ 1976048.865369082661346, 802418.682056578225456 ], [ 1976177.746580145321786, 802431.716546508832835 ], [ 1976307.284796378575265, 802432.055704057216644 ], [ 1976436.232493947260082, 802419.696262950776145 ], [ 1976563.347836033673957, 802394.757251363596879 ], [ 1976687.40663240570575, 802357.478845610516146 ], [ 1976807.214129036292434, 802308.220057117170654 ], [ 1976921.616514239693061, 802247.455274944426492 ], [ 1977029.512030507670715, 802175.769697162089869 ], [ 1977129.861585036851466, 802093.85369507141877 ], [ 1977221.698756760684773, 802002.496164552518167 ], [ 1977304.139103511814028, 801902.576928565278649 ], [ 1977376.388679684605449, 801795.058263973682187 ], [ 1977437.751682365080342, 801680.975634293397889 ], [ 1977487.637152292998508, 801561.427717612241395 ], [ 1977525.564665122656152, 801437.565825719269924 ], [ 1977551.16895817220211, 801310.582816343405284 ], [ 1977564.203448102809489, 801181.701605280744843 ], [ 1977564.542605651309714, 801052.163389047491364 ], [ 1977552.183164544636384, 800923.215691478806548 ], [ 1977527.244152957573533, 800796.100349392276257 ], [ 1977489.965747204376385, 800672.041553020477295 ], [ 1977440.706958711147308, 800552.234056389774196 ], [ 1977379.942176538519561, 800437.831671186373569 ], [ 1977308.256598756182939, 800329.936154918395914 ], [ 1977226.340596665395424, 800229.586600389215164 ], [ 1976765.167902349727228, 799718.075874989153817 ] ] ] } },
{ "type": "Feature", "properties": { "FID": 34, "FeatureTyp": "Bike Lane", "Label": "Eubanks Road", "Fr_St": "Martin Luther King Jr. Boulevard", "To_St": "Myrica Street", "Notes": " ", "Shape_Leng": 2682.89396971, "GlobalID": "6200ec84-bfbd-40c9-8ceb-0897633c4824" }, "geometry": { "type": "Polygon", "coordinates": [ [ [ 1979567.299696072470397, 809153.57497982669156 ], [ 1979582.557484821649268, 809153.597974665579386 ], [ 1980922.969502151710913, 809143.758099340484478 ], [ 1980944.482594280736521, 809143.424818360363133 ], [ 1981157.704280700767413, 809138.38316177634988 ], [ 1981177.928033264819533, 809137.749848742503673 ], [ 1981492.041578264674172, 809125.502825994510204 ], [ 1981642.861358612775803, 809110.919181729201227 ], [ 1981760.317160442937165, 809092.707932050223462 ], [ 1981902.688178763492033, 809062.514610614394769 ], [ 1982040.869923144578934, 809016.831473280326463 ], [ 1982173.182614340214059, 808956.213858138187788 ], [ 1982302.10164784011431, 808888.315699975239113 ], [ 1982401.514080059016123, 808830.285234451992437 ], [ 1982495.492795169819146, 808763.814430976752192 ], [ 1982583.323116618208587, 808689.408777677919716 ], [ 1982664.337124317418784, 808607.634104550932534 ], [ 1982764.424850657349452, 808497.381372303934768 ], [ 1982846.683239339850843, 808397.312286247848533 ], [ 1982918.737045746529475, 808289.662328165955842 ], [ 1982979.892352333292365, 808175.468226002180018 ], [ 1983029.560200067004189, 808055.829731385107152 ], [ 1983067.262260422343388, 807931.899028418934904 ], [ 1983092.635441948426887, 807804.869637520750985 ], [ 1983105.435387036530301, 807675.9649211660726 ], [ 1983105.538825218332931, 807546.426302239997312 ], [ 1983092.944760327693075, 807417.50130845583044 ], [ 1983067.774480093969032, 807290.431557981180958 ], [ 1983030.270388075616211, 807166.440801976481453 ], [ 1982980.79366918024607, 807046.723139202455059 ], [ 1982919.820811257697642, 806932.431516195880249 ], [ 1982847.939016260905191, 806824.666623764438555 ], [ 1982765.840545170241967, 806724.466296732542105 ], [ 1982674.316051141824573, 806632.795519024482928 ], [ 1982574.246965085854754, 806550.537130342097953 ], [ 1982466.597007003845647, 806478.483323935419321 ], [ 1982352.402904840186238, 806417.328017348540016 ], [ 1982232.764410222880542, 806367.660169615061022 ], [ 1982108.833707256708294, 806329.958109259605408 ], [ 1981981.80431635864079, 806304.584927733638324 ], [ 1981852.89960000384599, 806291.78498264553491 ], [ 1981723.360981077887118, 806291.681544463615865 ], [ 1981594.435987293720245, 806304.275609354255721 ], [ 1981467.366236818954349, 806329.445889587863348 ], [ 1981343.375480814371258, 806366.949981606332585 ], [ 1981223.657818040344864, 806416.426700501702726 ], [ 1981109.366195033770055, 806477.399558424251154 ], [ 1981076.121930291643366, 806499.574288701405749 ], [ 1980892.832055981038138, 806503.908203403581865 ], [ 1979574.857146347872913, 806513.583369415719062 ], [ 1979546.742810869356617, 806513.292235730914399 ], [ 1979453.055959484772757, 806515.649065188830718 ], [ 1979319.022762974724174, 806523.789140767883509 ], [ 1979200.501337963156402, 806536.378061389434151 ], [ 1978975.821997303282842, 806570.560735812410712 ], [ 1978848.867272384697571, 806596.304906289209612 ], [ 1978725.047239136882126, 806634.36885063641239 ], [ 1978605.554352167295292, 806684.385992262046784 ], [ 1978491.539393298793584, 806745.874638750217855 ], [ 1978384.100388912251219, 806818.242620822042227 ], [ 1978284.272035351954401, 806900.792995249852538 ], [ 1978193.015734234591946, 806992.73075680132024 ], [ 1978111.210333625320345, 807093.170494574238546 ], [ 1978039.643664251780137, 807201.144918988109566 ], [ 1977979.004952262155712, 807315.614177310955711 ], [ 1977929.8781816016417, 807435.475868009729311 ], [ 1977892.736469926778227, 807559.5756574801635 ], [ 1977867.937512224772945, 807686.718396909534931 ], [ 1977855.72013601497747, 807815.679632214130834 ], [ 1977856.202001309022307, 807945.217396200401708 ], [ 1977869.378467480419204, 808074.084169388748705 ], [ 1977895.122637957101688, 808201.038894307450391 ], [ 1977933.186582304304466, 808324.858927555149421 ], [ 1977983.203723930055276, 808444.351814524736255 ], [ 1978044.692370418226346, 808558.366773393237963 ], [ 1978117.060352490050718, 808665.805777779780328 ], [ 1978199.61072691786103, 808765.634131340077147 ], [ 1978291.548488469328731, 808856.890432457556017 ], [ 1978391.988226242363453, 808938.695833066711202 ], [ 1978499.962650656234473, 809010.26250244025141 ], [ 1978614.431908978847787, 809070.901214429875836 ], [ 1978734.293599677737802, 809120.027985090506263 ], [ 1978858.393389148171991, 809157.169696765369736 ], [ 1978985.536128577543423, 809181.968654467258602 ], [ 1979114.497363882139325, 809194.186030677054077 ], [ 1979244.0351278684102, 809193.704165383125655 ], [ 1979372.901901056757197, 809180.527699211612344 ], [ 1979538.604995372472331, 809155.317660285742022 ], [ 1979567.299696072470397, 809153.57497982669156 ] ] ] } },
{ "type": "Feature", "properties": { "FID": 35, "FeatureTyp": "Bike Lane", "Label": "Martin Luther King Jr. Boulevard", "Fr_St": "Eubanks Road", "To_St": "Homestead Road", "Notes": " ", "Shape_Leng": 6595.92442114, "GlobalID": "ac914dfc-2df1-4e93-9c78-0bfc2ff3be3b" }, "geometry": { "type": "Polygon", "coordinates": [ [ [ 1981436.419959737220779, 805327.817441016086377 ], [ 1981405.343530130106956, 805427.59631622757297 ], [ 1981369.881535990629345, 805564.961571455816738 ], [ 1981345.610197108937427, 805650.884358374285512 ], [ 1981314.770914474036545, 805753.351673737517558 ], [ 1981282.190578617621213, 805855.277933394536376 ], [ 1981247.878129431977868, 805956.634761716937646 ], [ 1981207.734289207262918, 806068.883176084142178 ], [ 1981201.258158548735082, 806087.42535596981179 ], [ 1981177.749846511287615, 806156.377011158620007 ], [ 1981159.269098220625892, 806205.950659679248929 ], [ 1981139.393716091290116, 806254.98626275267452 ], [ 1981118.141884005395696, 806303.439408464008011 ], [ 1981095.529184718383476, 806351.273698187549599 ], [ 1981071.574562035733834, 806398.450141464127228 ], [ 1981046.298691688803956, 806444.927140008076094 ], [ 1981019.718348899623379, 806490.674356158240698 ], [ 1980991.855149981565773, 806535.654251413536258 ], [ 1980962.732570653548464, 806579.829231476178393 ], [ 1980932.37451242422685, 806623.162725148024037 ], [ 1980889.171483133919537, 806681.266724381363019 ], [ 1980817.072084469953552, 806788.886152018909343 ], [ 1980755.868412658339366, 806903.054339573485777 ], [ 1980706.149892515968531, 807022.671784988371655 ], [ 1980668.395340570481494, 807146.58650687453337 ], [ 1980642.968353796051815, 807273.605138721643016 ], [ 1980630.113807975081727, 807402.504421669407748 ], [ 1980629.955499410862103, 807532.042985159670934 ], [ 1980642.494952701264992, 807660.973302013124339 ], [ 1980667.611406056443229, 807788.053702797740698 ], [ 1980705.062974300701171, 807912.060333784902468 ], [ 1980754.488978358451277, 808031.798943329253234 ], [ 1980815.413418791722506, 808146.116383165004663 ], [ 1980887.249559934483841, 808253.91171385452617 ], [ 1980969.305580477928743, 808354.146807436016388 ], [ 1981060.791236087679863, 808445.856345164473169 ], [ 1981160.8254698892124, 808528.157114058034495 ], [ 1981268.444897526875138, 808600.256512721884064 ], [ 1981382.613085081335157, 808661.46018453349825 ], [ 1981502.230530496221036, 808711.1787046759855 ], [ 1981626.145252382382751, 808748.933256621472538 ], [ 1981753.163884229492396, 808774.360243395902216 ], [ 1981882.063167177373543, 808787.214789216872305 ], [ 1982011.601730667520314, 808787.373097781091928 ], [ 1982140.532047520857304, 808774.833644490689039 ], [ 1982267.612448305590078, 808749.717191135510802 ], [ 1982391.619079292751849, 808712.265622891369276 ], [ 1982511.357688836986199, 808662.83961883361917 ], [ 1982625.675128672970459, 808601.915178400347941 ], [ 1982733.470459362259135, 808530.079037257586606 ], [ 1982833.705552943982184, 808448.023016714141704 ], [ 1982925.415090672438964, 808356.537361104274169 ], [ 1983007.715859565883875, 808256.503127302741632 ], [ 1983062.045147225959226, 808183.435360055649653 ], [ 1983083.870538366725668, 808153.199508474441245 ], [ 1983135.627652696799487, 808079.320719213457778 ], [ 1983156.591770433355123, 808048.478124474408105 ], [ 1983206.241277443245053, 807973.166595314396545 ], [ 1983226.322949257213622, 807941.748599017271772 ], [ 1983273.825478917220607, 807865.064697260269895 ], [ 1983293.014499190496281, 807833.087249564589001 ], [ 1983338.331993850646541, 807755.091670649591833 ], [ 1983356.609809587942436, 807722.585268805152737 ], [ 1983399.705523917917162, 807643.341332803131081 ], [ 1983417.060152541380376, 807610.326867323252372 ], [ 1983457.899965881370008, 807529.896581988316029 ], [ 1983474.309309902368113, 807496.416801009210758 ], [ 1983512.86107007227838, 807414.865454931161366 ], [ 1983528.323176516918465, 807380.924431148683652 ], [ 1983564.555715597001836, 807298.316000569728203 ], [ 1983579.049282061634585, 807263.960189616656862 ], [ 1983612.934056811500341, 807180.361275439616293 ], [ 1983626.453528699930757, 807145.604193234932609 ], [ 1983657.962980119977146, 807061.081724489922635 ], [ 1983670.495672721182927, 807025.955099867191166 ], [ 1983696.853098410647362, 806948.646779095404781 ], [ 1983737.476744222687557, 806835.056753758923151 ], [ 1983744.869486270705238, 806813.81655267206952 ], [ 1983786.394009520765394, 806691.155708748032339 ], [ 1983793.424340323312208, 806669.7909613722004 ], [ 1983832.852739153197035, 806546.440814378205687 ], [ 1983839.517566067632288, 806524.960905181360431 ], [ 1983876.838685657596216, 806400.956888096407056 ], [ 1983883.136591403279454, 806379.36651968176011 ], [ 1983914.53121365327388, 806268.226650096708909 ], [ 1983922.336554629728198, 806239.348056113463826 ], [ 1983946.70681852591224, 806144.947625418310054 ], [ 1984049.809166724560782, 805835.63995520293247 ], [ 1984074.47829486685805, 805752.65446117031388 ], [ 1984168.927252956898883, 805392.031166667235084 ], [ 1984189.387125073932111, 805300.858061177656054 ], [ 1984234.679685394046828, 805059.298176838667132 ], [ 1984248.280165967997164, 804969.98751086986158 ], [ 1984267.707620557863265, 804804.549849623930641 ], [ 1984269.129506797762588, 804791.916637263610028 ], [ 1984287.151780457701534, 804624.543940521543846 ], [ 1984288.451999152079225, 804611.896925564855337 ], [ 1984304.79875124222599, 804444.997981141903438 ], [ 1984308.157494781771675, 804404.190742512000725 ], [ 1984308.618779941694811, 804397.27605817199219 ], [ 1984311.209123587002978, 804339.243822366232052 ], [ 1984313.693698677001521, 804229.330984458210878 ], [ 1984314.019311741227284, 804205.011780383065343 ], [ 1984314.481581151252612, 804094.303996550035663 ], [ 1984314.359087968943641, 804069.984213559073396 ], [ 1984312.781663308851421, 803959.28758455615025 ], [ 1984312.211060205241665, 803934.971907972358167 ], [ 1984308.594269545283169, 803824.322522967355326 ], [ 1984307.575660036178306, 803800.019909980706871 ], [ 1984302.06910936627537, 803692.359364154632203 ], [ 1984285.582888526609167, 803541.287840286502615 ], [ 1984270.811920686624944, 803453.283751199604012 ], [ 1984266.312147525604814, 803427.985404227394611 ], [ 1984249.299714365508407, 803337.458682392374612 ], [ 1984244.311439520446584, 803312.267542308429256 ], [ 1984225.54113585036248, 803222.088916888460517 ], [ 1984220.06261298712343, 803196.994650067994371 ], [ 1984199.541328577324748, 803107.19889791496098 ], [ 1984193.575259297154844, 803082.214745798963122 ], [ 1984180.506711252266541, 803029.752356335753575 ], [ 1984173.379248648649082, 802991.204961072071455 ], [ 1984163.908086263341829, 802930.995843902230263 ], [ 1984156.052843549055979, 802870.550603399984539 ], [ 1984149.820859905332327, 802809.920887943357229 ], [ 1984145.215632760897279, 802749.142850533360615 ], [ 1984142.240613513858989, 802688.262800553115085 ], [ 1984140.898175988346338, 802627.328135263058357 ], [ 1984141.261188407894224, 802551.321477277786471 ], [ 1984139.196739699924365, 802470.952548494795337 ], [ 1984136.132702433504164, 802416.43044897983782 ], [ 1984135.202347343089059, 802379.502736221067607 ], [ 1984135.414993859827518, 802342.564245578600094 ], [ 1984136.770567405968904, 802305.651738064480014 ], [ 1984139.267887393943965, 802268.795937502523884 ], [ 1984142.904465208528563, 802232.033971496857703 ], [ 1984147.676273147342727, 802195.405921467463486 ], [ 1984153.579405439319089, 802158.942621928174049 ], [ 1984164.16487676743418, 802104.327531596645713 ], [ 1984170.457980578299612, 802069.343411835259758 ], [ 1984177.458294668467715, 802027.17715758329723 ], [ 1984186.314363134559244, 801964.592280140495859 ], [ 1984191.214943884406239, 801922.763623631559312 ], [ 1984197.065106001216918, 801859.822589707328007 ], [ 1984199.712082331301644, 801821.372863468248397 ], [ 1984199.736179602798074, 801820.146490758983418 ], [ 1984202.711960308486596, 801787.807385537656955 ], [ 1984202.235001008957624, 801713.459462788305245 ], [ 1984203.153618030017242, 801713.456330797984265 ], [ 1984203.03386760991998, 801678.333369544940069 ], [ 1984200.345010676886886, 801598.503736841492355 ], [ 1984197.543507096823305, 801554.742013352573849 ], [ 1984190.584883188595995, 801479.709688001079485 ], [ 1984185.436927598668262, 801437.381032490055077 ], [ 1984180.792378773912787, 801402.973666026256979 ], [ 1984177.492552076932043, 801380.738080555107445 ], [ 1984176.822720700409263, 801375.069553948240355 ], [ 1984154.391686563147232, 801243.091532669146545 ], [ 1984148.591954440111294, 801217.043547811452299 ], [ 1984144.741347324568778, 801198.273479644441977 ], [ 1984138.940982508473098, 801169.043132001534104 ], [ 1984127.002934785094112, 801114.87093346612528 ], [ 1984118.44914612499997, 801079.599350460106507 ], [ 1984116.230878110276535, 801070.59065714024473 ], [ 1984088.477135096909478, 800959.561039158375934 ], [ 1984063.082748770248145, 800837.250616216682829 ], [ 1984030.557491839630529, 800711.861732521560043 ], [ 1983985.898593101883307, 800590.264663246576674 ], [ 1983929.536142165539786, 800473.630454640486278 ], [ 1983862.012940243585035, 800363.08235789090395 ], [ 1983783.979272682685405, 800259.685011601424776 ], [ 1983696.186646358808503, 800164.434188739396632 ], [ 1983599.48055225610733, 800078.247206798405387 ], [ 1983494.792322925291955, 800001.954093529144302 ], [ 1983383.130163243273273, 799936.289593318593688 ], [ 1983265.569440848892555, 799881.886091199470684 ], [ 1983143.242329763714224, 799839.26752263715025 ], [ 1983017.326906938571483, 799808.844327744678594 ], [ 1982889.035806727362797, 799790.909498519846238 ], [ 1982759.604542556218803, 799785.635757172247395 ], [ 1982630.279608253622428, 799793.073892713990062 ], [ 1982502.306473632808775, 799813.152271833736449 ], [ 1982376.917589937802404, 799845.677528764586896 ], [ 1982255.32052066270262, 799890.336427502101287 ], [ 1982138.686312056612223, 799946.698878438561223 ], [ 1982028.138215307146311, 800014.222080360399559 ], [ 1981924.740869017550722, 800092.255747921415605 ], [ 1981829.490046155406162, 800180.048374245176092 ], [ 1981743.303064214531332, 800276.754468348110095 ], [ 1981667.009950945386663, 800381.44269767892547 ], [ 1981601.345450734719634, 800493.104857360711321 ], [ 1981546.941948615480214, 800610.665579755208455 ], [ 1981504.323380053276196, 800732.99269084027037 ], [ 1981473.90018516080454, 800858.908113665529527 ], [ 1981455.965355935972184, 800987.199213876738213 ], [ 1981450.691614588489756, 801116.630478047882207 ], [ 1981458.129750130232424, 801245.955412350594997 ], [ 1981478.208129249978811, 801373.928546971292235 ], [ 1981509.001374749932438, 801522.242226711357944 ], [ 1981520.8406482397113, 801574.010539446840994 ], [ 1981553.176015629898757, 801703.369072705507278 ], [ 1981550.774266845546663, 801716.876304933102801 ], [ 1981538.341877015540376, 801793.670442679082043 ], [ 1981532.437652777414769, 801834.096712784026749 ], [ 1981522.387804107507691, 801911.238618867122568 ], [ 1981517.738239638740197, 801951.820628659334034 ], [ 1981510.080118468729779, 802029.236156241269782 ], [ 1981506.688497114693746, 802069.941802666289732 ], [ 1981501.429321294650435, 802147.557461083284579 ], [ 1981499.298660401487723, 802188.352020967868157 ], [ 1981496.443679231451824, 802266.093663383857347 ], [ 1981495.576342076063156, 802306.937823911895975 ], [ 1981495.128508316120133, 802384.730319251888432 ], [ 1981495.525362149812281, 802425.574603787041269 ], [ 1981497.484675819752738, 802503.343805200071074 ], [ 1981499.14545338996686, 802544.162935937172733 ], [ 1981501.099224445642903, 802578.928733697044663 ], [ 1981500.843792431987822, 802632.410467820242047 ], [ 1981501.148955182405189, 802667.788356407429092 ], [ 1981503.270670102443546, 802764.095250411424786 ], [ 1981504.523698130855337, 802799.44911707600113 ], [ 1981509.225460370769724, 802895.664803903899156 ], [ 1981511.425221230369061, 802930.969525935011916 ], [ 1981518.703421900514513, 803027.0244519431144 ], [ 1981521.848736312007532, 803062.26083264243789 ], [ 1981531.69845415186137, 803158.086756472359411 ], [ 1981535.787414816906676, 803193.230140189756639 ], [ 1981548.20176006690599, 803288.757180104730651 ], [ 1981553.229004120687023, 803323.764845540630631 ], [ 1981568.198134280741215, 803418.925088292686269 ], [ 1981574.16543063824065, 803453.807029974996112 ], [ 1981591.868479228345677, 803549.550276812980883 ], [ 1981609.008731313049793, 803628.614538809051737 ], [ 1981628.754821909824386, 803707.88326029968448 ], [ 1981643.553280578926206, 803772.637429695925675 ], [ 1981657.089738271199167, 803837.670961875934154 ], [ 1981669.357553426641971, 803902.950577063369565 ], [ 1981669.403298846445978, 803903.223124132840894 ], [ 1981670.400819165632129, 803922.726001427741721 ], [ 1981673.222950611263514, 804009.064177510910667 ], [ 1981674.453818710753694, 804095.441012374940328 ], [ 1981674.100296731805429, 804180.105136759579182 ], [ 1981672.709813631139696, 804235.249197100987658 ], [ 1981661.644070519832894, 804348.229490333003923 ], [ 1981644.982884232420474, 804502.961780635057949 ], [ 1981631.568038795376197, 804617.198087033466436 ], [ 1981603.22013792488724, 804768.386617934447713 ], [ 1981531.588768655434251, 805041.888209673576057 ], [ 1981448.377484448486939, 805291.522567215375602 ], [ 1981444.021326828282326, 805303.411295651225373 ], [ 1981438.42339751822874, 805321.384888407657854 ], [ 1981437.152751705376431, 805325.196833556052297 ], [ 1981436.419959737220779, 805327.817441016086377 ] ] ] } },
{ "type": "Feature", "properties": { "FID": 36, "FeatureTyp": "Bike Lane", "Label": "Weaver Dairy Road Extension", "Fr_St": "Homestead Road", "To_St": "Martin Luther King Jr. Boulevard", "Notes": " ", "Shape_Leng": 6866.18466463, "GlobalID": "ddc27615-dd0f-4141-a6de-e2a09b9ea528" }, "geometry": { "type": "Polygon", "coordinates": [ [ [ 1978794.523477912414819, 801346.290827965596691 ], [ 1978796.340696897590533, 801428.168601242126897 ], [ 1978802.694030657410622, 801547.440016237203963 ], [ 1978803.959927411051467, 801568.141569535480812 ], [ 1978804.303095340263098, 801573.112179584568366 ], [ 1978804.863081668503582, 801587.115307456115261 ], [ 1978806.802633541403338, 801623.221970872255042 ], [ 1978807.04159821011126, 801626.764040871639736 ], [ 1978799.55444570700638, 801636.905963974073529 ], [ 1978786.72623754455708, 801654.116767805768177 ], [ 1978781.65640977025032, 801660.294174990267493 ], [ 1978675.87246436602436, 801809.088771351031028 ], [ 1978666.796987402951345, 801823.930475858040154 ], [ 1978657.485334022901952, 801837.671757739735767 ], [ 1978602.773618499515578, 801925.658984051668085 ], [ 1978575.756284079514444, 801973.170371965738013 ], [ 1978555.70213931822218, 802009.771344971610233 ], [ 1978536.900011578109115, 802045.413005959591828 ], [ 1978483.693817696999758, 802159.053948269109242 ], [ 1978469.526523187058046, 802193.486950279097073 ], [ 1978468.053062028484419, 802197.083170500467531 ], [ 1978452.973039698554203, 802234.043398407404311 ], [ 1978416.59969726530835, 802334.672217742539942 ], [ 1978388.496252330252901, 802437.916470383177511 ], [ 1978376.655342540238053, 802489.598724365932867 ], [ 1978347.132940065348521, 802612.955383968772367 ], [ 1978334.678619975922629, 802670.667501992546022 ], [ 1978323.928969556000084, 802726.509253820520826 ], [ 1978317.158568466780707, 802764.693283282686025 ], [ 1978304.736677296692505, 802841.278760038781911 ], [ 1978289.95330761722289, 802975.672540953266434 ], [ 1978288.001539877383038, 803009.098983279196545 ], [ 1978286.512875500367954, 803130.704918515635654 ], [ 1978287.668380688643083, 803164.836486245854758 ], [ 1978287.870988156879321, 803184.245513682253659 ], [ 1978290.597685484448448, 803256.376855551498011 ], [ 1978293.092103054514155, 803294.622185885556974 ], [ 1978317.215050793020055, 803473.944590911734849 ], [ 1978323.570335918804631, 803504.928312818752602 ], [ 1978330.618380493018776, 803543.160403680521995 ], [ 1978366.072790380334482, 803688.637868185644038 ], [ 1978380.810621810145676, 803736.99997619271744 ], [ 1978398.041615067515522, 803789.566895686322823 ], [ 1978418.872282057534903, 803848.886002772254869 ], [ 1978440.492368636419997, 803906.167560997186229 ], [ 1978525.674742096103728, 804116.925274313194677 ], [ 1978554.609298855764791, 804191.691102496697567 ], [ 1978567.274638, 804223.207082077628002 ], [ 1978579.324659182690084, 804252.111437441897579 ], [ 1978583.8610831995029, 804263.806295280228369 ], [ 1978593.967952389968559, 804290.34575888607651 ], [ 1978602.736626353580505, 804312.75495994312223 ], [ 1978615.558779173530638, 804344.663032608106732 ], [ 1978624.223326829262078, 804365.699050787603483 ], [ 1978635.745285419281572, 804393.001817706623115 ], [ 1978692.289318173425272, 804510.439096075249836 ], [ 1978703.379519093316048, 804530.830787566257641 ], [ 1978772.919767884304747, 804644.599578468361869 ], [ 1978785.437500274274498, 804662.929200736922212 ], [ 1978797.020326388068497, 804680.350998975802213 ], [ 1978798.904574794461951, 804926.702762967557646 ], [ 1978798.972140563186258, 804933.34877011552453 ], [ 1978799.888805383117869, 805005.616670194547623 ], [ 1978802.413508414058015, 805072.173030330450274 ], [ 1978806.340009754057974, 805134.271003245492466 ], [ 1978813.637703059939668, 805212.567480616038665 ], [ 1978823.06288105994463, 805288.97874510998372 ], [ 1978829.440848560770974, 805334.225417548906989 ], [ 1978834.753173890756443, 805367.708290228969418 ], [ 1978868.844310223357752, 805522.128494207281619 ], [ 1978892.266835553338751, 805604.443618286284618 ], [ 1978928.314858974423259, 805713.015812812605873 ], [ 1978956.261981564573944, 805786.39132222358603 ], [ 1979035.222374647855759, 805956.333206541021354 ], [ 1979076.086138067767024, 806030.079450123012066 ], [ 1979134.500976673793048, 806125.689018204808235 ], [ 1979157.372978173894808, 806159.782453953754157 ], [ 1979189.419650563038886, 806205.436422528233379 ], [ 1979215.697485143085942, 806241.238844366278499 ], [ 1979245.547403831966221, 806280.358010127558373 ], [ 1979274.700560751836747, 806317.122372298501432 ], [ 1979379.535634737927467, 806434.261990767205134 ], [ 1979419.293757318053395, 806473.687108767218888 ], [ 1979463.134902536170557, 806515.21573944517877 ], [ 1979513.189592455979437, 806560.503378526191227 ], [ 1979587.539346667472273, 806622.956202986766584 ], [ 1979615.610812827479094, 806644.826566073810682 ], [ 1979666.967766582965851, 806682.876853611320257 ], [ 1979695.726239243056625, 806703.124188434332609 ], [ 1979812.709725387161598, 806776.642638807184994 ], [ 1979881.914311387110502, 806815.236393650178798 ], [ 1979936.381494817091152, 806843.966779140289873 ], [ 1979969.840089317178354, 806860.629803550313227 ], [ 1980051.225887601263821, 806897.774759648484178 ], [ 1980097.028617521282285, 806916.831480069435202 ], [ 1980102.273828553268686, 806919.00058913405519 ], [ 1980143.439756723120809, 806935.920830877032131 ], [ 1980248.261329466709867, 806973.914188129361719 ], [ 1980355.915250554680824, 807002.926092273672111 ], [ 1980448.876022644806653, 807023.810893035726622 ], [ 1980583.024432961363345, 807046.758081286097877 ], [ 1980674.619394121225923, 807057.602219700114802 ], [ 1980841.704035531496629, 807066.703579323599115 ], [ 1980952.929206791566685, 807065.701612817589194 ], [ 1980969.364270650083199, 807065.451215552631766 ], [ 1981259.450632720021531, 807059.224850060534663 ], [ 1981599.748680006247014, 807051.749475996941328 ], [ 1981612.766368813579902, 807051.39925679564476 ], [ 1981790.304330664686859, 807045.746386984246783 ], [ 1982052.162420579930767, 807075.119875854114071 ], [ 1982159.43483218178153, 807082.744627710315399 ], [ 1982411.720744941849262, 807090.36895629321225 ], [ 1982466.308499963954091, 807090.889313213527203 ], [ 1982645.36161954398267, 807088.893254213617183 ], [ 1982774.665352846030146, 807081.095238640904427 ], [ 1982902.582114143297076, 807060.660790472407825 ], [ 1983027.87999509787187, 807027.786704614525661 ], [ 1983149.352308621630073, 806982.789576484938152 ], [ 1983265.829209931893274, 806926.102753025363199 ], [ 1983376.188962795771658, 806858.272159334039316 ], [ 1983479.368742465041578, 806779.951041108113714 ], [ 1983574.374871257226914, 806691.893673530896194 ], [ 1983660.292388216592371, 806594.948097188957036 ], [ 1983736.293860687408596, 806490.047950978507288 ], [ 1983801.647352943429723, 806378.203480651718564 ], [ 1983855.723475128179416, 806260.491809598286636 ], [ 1983898.001444624038413, 806138.046565558179282 ], [ 1983928.074101473204792, 806012.046963166911155 ], [ 1983945.65182955074124, 805883.706447473843582 ], [ 1983950.565345726674423, 805754.261007803259417 ], [ 1983942.767330154078081, 805624.957274501095526 ], [ 1983922.332881985465065, 805497.040513203945011 ], [ 1983889.458796127466485, 805371.742632249253802 ], [ 1983844.461667997995391, 805250.270318725379184 ], [ 1983787.774844538420439, 805133.793417415348813 ], [ 1983719.94425084721297, 805023.433664551354013 ], [ 1983641.623132621170953, 804920.253884882200509 ], [ 1983553.565765043953434, 804825.247756090015173 ], [ 1983456.62018870189786, 804739.330239130649716 ], [ 1983351.720042491564527, 804663.328766659717076 ], [ 1983239.875572164775804, 804597.975274403695948 ], [ 1983122.163901111343876, 804543.899152219062671 ], [ 1982999.718657071236521, 804501.621182723203674 ], [ 1982873.719054679851979, 804471.548525874037296 ], [ 1982745.378538986900821, 804453.970797796268016 ], [ 1982615.933099316200241, 804449.057281620451249 ], [ 1982464.179238399025053, 804450.749012323445641 ], [ 1982292.973457771819085, 804445.575005132472143 ], [ 1981990.290903930086643, 804411.622100987937301 ], [ 1981801.137031696503982, 804404.063583135372028 ], [ 1981535.258417991921306, 804412.529249707353301 ], [ 1981435.065917465370148, 804414.730241448851302 ], [ 1981434.612798055633903, 804355.488176801474765 ], [ 1981427.641042870935053, 804229.723026626743376 ], [ 1981408.713818985735998, 804105.194963264162652 ], [ 1981388.556707065552473, 804005.019638675148599 ], [ 1981355.538801776245236, 803875.323150436044671 ], [ 1981344.348863536259159, 803839.149010192020796 ], [ 1981287.364212000742555, 803688.272599350777455 ], [ 1981278.510227070888504, 803668.565617765765637 ], [ 1981260.806427800329402, 803630.770906973746605 ], [ 1981254.002867868402973, 803616.824727808823809 ], [ 1981247.823341412004083, 803603.900878180749714 ], [ 1981199.894444841425866, 803512.944223557366058 ], [ 1981187.119207921437919, 803490.833375399350189 ], [ 1981164.700644379248843, 803453.469808760099113 ], [ 1981147.297135889064521, 803425.52071766811423 ], [ 1981091.072616031393409, 803342.438953343895264 ], [ 1981049.047765691531822, 803285.156587604898959 ], [ 1981041.179485258180648, 803274.543427900527604 ], [ 1981020.512277994304895, 803246.956040434422903 ], [ 1981010.537358679808676, 803223.029226678190753 ], [ 1980984.196208824170753, 803154.96466634538956 ], [ 1980976.987922373460606, 803136.741768104839139 ], [ 1980975.853588592726737, 803133.935206323862076 ], [ 1980989.212889452232048, 803115.839007273199968 ], [ 1981016.769494938431308, 803078.798970841569826 ], [ 1981016.396743377204984, 803078.521655571181327 ], [ 1981078.588626965414733, 802992.757969501777552 ], [ 1981081.118523507611826, 802988.86637147446163 ], [ 1981104.442952648503706, 802957.267911817296408 ], [ 1981176.620256313821301, 802848.637281958363019 ], [ 1981191.850509298266843, 802819.918132359394804 ], [ 1981252.827676978195086, 802713.205323541536927 ], [ 1981305.082482639700174, 802596.994874068419449 ], [ 1981317.001422059722245, 802566.65143082337454 ], [ 1981330.127051690826192, 802531.798998060286976 ], [ 1981339.742189940763637, 802505.133368986309506 ], [ 1981346.83632761798799, 802484.948026207275689 ], [ 1981357.753956698114052, 802453.059638527338393 ], [ 1981374.933209994575009, 802399.136790942051448 ], [ 1981388.577211584663019, 802352.906568448990583 ], [ 1981416.26118544023484, 802241.457398510305211 ], [ 1981424.165369090158492, 802202.45682034525089 ], [ 1981440.344809308182448, 802103.4217648236081 ], [ 1981445.183382318122312, 802064.576041984721087 ], [ 1981452.745389881078154, 801983.591787558863871 ], [ 1981455.10857413103804, 801945.703739982796833 ], [ 1981457.48606246849522, 801841.57087397610303 ], [ 1981456.723268718458712, 801795.727133632171899 ], [ 1981456.343979669502005, 801779.173916359781288 ], [ 1981454.954218669561669, 801731.562134955776855 ], [ 1981454.015429189661518, 801707.149089826853015 ], [ 1981451.83334692963399, 801661.428052647854201 ], [ 1981449.97512872167863, 801630.246116267400794 ], [ 1981448.063616138650104, 801603.502811037702486 ], [ 1981447.080236217472702, 801585.244692512787879 ], [ 1981446.936666608555242, 801578.640802687266842 ], [ 1981446.778218304505572, 801572.098818684346043 ], [ 1981445.807091644499451, 801535.727828437346034 ], [ 1981443.283603798598051, 801482.108619226724841 ], [ 1981442.03217111248523, 801463.559173410525545 ], [ 1981441.430840431479737, 801448.522180551895872 ], [ 1981439.350404858822003, 801410.351347719551995 ], [ 1981438.404899353627115, 801396.656189266475849 ], [ 1981432.603194262599573, 801287.740523609798402 ], [ 1981432.521638579666615, 801287.744867907022126 ], [ 1981429.459386414615437, 801211.70725338475313 ], [ 1981411.58509519114159, 801083.407704648328945 ], [ 1981381.221318692434579, 800957.477940217941068 ], [ 1981338.660476685268804, 800835.130732565536164 ], [ 1981284.312453343998641, 800717.544352182303555 ], [ 1981218.700649843085557, 800605.851220190757886 ], [ 1981142.456943717086688, 800501.127002509660088 ], [ 1981056.315603535389528, 800404.380250603309833 ], [ 1980961.106217493535951, 800316.542688579647802 ], [ 1980857.745704025728628, 800238.460240178043023 ], [ 1980747.229481379268691, 800170.884882060578093 ], [ 1980630.621881192782894, 800114.467401866684668 ], [ 1980509.045898399781436, 800069.751130771241151 ], [ 1980383.672376175178215, 800037.166710909456015 ], [ 1980255.708730074111372, 800017.02794805704616 ], [ 1980126.3873199603986, 800009.528789509204216 ], [ 1979996.953581707784906, 800014.741456262301654 ], [ 1979868.654032971244305, 800032.615747485891916 ], [ 1979742.724268540972844, 800062.979523984366097 ], [ 1979620.377060888335109, 800105.540365991648287 ], [ 1979502.7906805051025, 800159.88838933291845 ], [ 1979391.097548513673246, 800225.500192833947949 ], [ 1979286.373330832459033, 800301.743898959713988 ], [ 1979189.626578926108778, 800387.885239141411148 ], [ 1979101.789016902679577, 800483.09462518338114 ], [ 1979023.706568500958383, 800586.455138651188463 ], [ 1978956.131210383493453, 800696.9713612976484 ], [ 1978899.713730189483613, 800813.578961484250613 ], [ 1978854.997459094040096, 800935.154944277135655 ], [ 1978822.413039232371375, 801060.528466501738876 ], [ 1978802.27427637996152, 801188.492112602805719 ], [ 1978794.775117832235992, 801317.813522716634907 ], [ 1978794.523477912414819, 801346.290827965596691 ] ] ] } },
{ "type": "Feature", "properties": { "FID": 37, "FeatureTyp": "Bike Lane", "Label": "Kingston Drive", "Fr_St": "Timberlyne Driveway", "To_St": "Silver Cedar Court", "Notes": " ", "Shape_Leng": 892.19051764599999, "GlobalID": "27a14a68-d534-40ac-8712-39d27d50b3f3" }, "geometry": { "type": "Polygon", "coordinates": [ [ [ 1985875.032365699764341, 805984.165309871197678 ], [ 1985900.680145271820948, 805964.093292509904131 ], [ 1985944.014080601045862, 805928.673372623044997 ], [ 1985994.161528008757159, 805885.879206868936308 ], [ 1986001.411419113399461, 805880.146666242857464 ], [ 1986098.958354353904724, 805794.912518638302572 ], [ 1986187.681167032569647, 805700.527525111217983 ], [ 1986266.725407962221652, 805597.900664745131508 ], [ 1986335.329837892670184, 805488.020290307118557 ], [ 1986392.833758660824969, 805371.944609869620763 ], [ 1986438.683376074768603, 805250.791495688725263 ], [ 1986472.437133254716173, 805125.727718482958153 ], [ 1986493.769963067490608, 804997.95771079370752 ], [ 1986502.47641870030202, 804868.711967641254887 ], [ 1986498.472652225987986, 804739.235196184949018 ], [ 1986481.79722210438922, 804610.774328513187356 ], [ 1986452.610721843317151, 804484.566513005411252 ], [ 1986411.194233394926414, 804361.827199917286634 ], [ 1986357.946620183996856, 804243.738435929990374 ], [ 1986293.380685833515599, 804131.437480394495651 ], [ 1986218.118235586909577, 804026.005852902657352 ], [ 1986132.884087982354686, 803928.458917661919259 ], [ 1986038.499094455037266, 803839.736104983254336 ], [ 1985935.872234089067206, 803760.691864053718746 ], [ 1985825.99185965093784, 803692.087434123270214 ], [ 1985709.916179213440046, 803634.583513355115429 ], [ 1985588.763065032660961, 803588.73389594128821 ], [ 1985463.699287826893851, 803554.980138761224225 ], [ 1985335.929280137643218, 803533.64730894844979 ], [ 1985206.683536985190585, 803524.940853315521963 ], [ 1985077.206765529001132, 803528.944619789835997 ], [ 1984948.745897857006639, 803545.620049911434762 ], [ 1984822.538082349346951, 803574.806550172623247 ], [ 1984699.798769261222333, 803616.223038620897569 ], [ 1984581.710005274042487, 803669.470651831943542 ], [ 1984469.409049738431349, 803734.036586182424799 ], [ 1984363.977422246476635, 803809.299036429147236 ], [ 1984337.364614566555247, 803830.341973350150511 ], [ 1984299.224742569029331, 803861.675999644910917 ], [ 1984251.591772835468873, 803902.324393681134097 ], [ 1984227.311204988276586, 803921.326427677995525 ], [ 1984199.407009540591389, 803943.781376601429656 ], [ 1984098.26088637043722, 804027.461327345459722 ], [ 1984096.379552936414257, 804029.020722788874991 ], [ 1984048.859962946502492, 804068.482914206921123 ], [ 1983978.58408522233367, 804131.211963555193506 ], [ 1983947.87745371228084, 804160.655802300199866 ], [ 1983928.074562027817592, 804180.047448186087422 ], [ 1983903.701251197839156, 804204.421087114023976 ], [ 1983856.321149817435071, 804254.339229043456726 ], [ 1983831.3070922375191, 804282.108530458528548 ], [ 1983792.448256868170574, 804327.2557629768271 ], [ 1983768.979143698234111, 804355.800981473759748 ], [ 1983731.533866187790409, 804403.540889621595852 ], [ 1983713.075241687707603, 804428.221942619653419 ], [ 1983671.257476311875507, 804487.462061430094764 ], [ 1983630.810378731926903, 804548.237530435086228 ], [ 1983597.195870648603886, 804601.455212958273478 ], [ 1983576.334363808622584, 804636.295694448286667 ], [ 1983520.103131049079821, 804740.552585748489946 ], [ 1983496.533296298934147, 804789.377291259472258 ], [ 1983479.936182940611616, 804825.110615989076905 ], [ 1983463.639299530768767, 804861.613823822117411 ], [ 1983405.087563200620934, 805018.94951669103466 ], [ 1983386.385172790614888, 805081.025508022983558 ], [ 1983356.920699551468715, 805197.897874647984281 ], [ 1983349.566055461298674, 805233.940453479997814 ], [ 1983330.644393124850467, 805355.208725007018074 ], [ 1983328.028584704967216, 805379.272981332032941 ], [ 1983320.365864442894235, 805508.584802952944301 ], [ 1983325.414817239390686, 805638.025030735530891 ], [ 1983343.126818918855861, 805766.347084526787512 ], [ 1983373.331293223192915, 805892.315152801107615 ], [ 1983415.737354552838951, 806014.716094199451618 ], [ 1983469.936609355965629, 806132.371120745316148 ], [ 1983535.407089180545881, 806244.147150216274895 ], [ 1983611.518277516122907, 806348.967718345229514 ], [ 1983697.537182012107223, 806445.82334576069843 ], [ 1983792.635393595555797, 806533.781259823706932 ], [ 1983895.897064503282309, 806611.994377739378251 ], [ 1984006.327728395583108, 806679.709464426385239 ], [ 1984122.863877611700445, 806736.274386583245359 ], [ 1984244.383205329533666, 806781.144393087830395 ], [ 1984369.715413994155824, 806813.887361249304377 ], [ 1984497.653485922142863, 806834.187958385096863 ], [ 1984626.965307543054223, 806841.850678647169843 ], [ 1984756.405535325407982, 806836.801725850673392 ], [ 1984884.727589116897434, 806819.089724171091802 ], [ 1985010.695657391101122, 806788.885249866987579 ], [ 1985133.09659878956154, 806746.479188537225127 ], [ 1985250.751625335309654, 806692.279933734098449 ], [ 1985362.527654806151986, 806626.809453909518197 ], [ 1985467.348222935339436, 806550.698265574057586 ], [ 1985564.203850350575522, 806464.679361078073271 ], [ 1985652.161764413816854, 806369.581149494391866 ], [ 1985730.374882329255342, 806266.31947858678177 ], [ 1985798.089969016378745, 806155.888814694480971 ], [ 1985854.654891173122451, 806039.352665478363633 ], [ 1985875.032365699764341, 805984.165309871197678 ] ] ] } },
{ "type": "Feature", "properties": { "FID": 38, "FeatureTyp": "Bike Lane", "Label": "Weaver Dairy Road", "Fr_St": "Sage Road", "To_St": "Martin Luther King Boulevard", "Notes": " ", "Shape_Leng": 12062.6397447, "GlobalID": "1a2af0da-697c-4f86-a841-4fb8d576a192" }, "geometry": { "type": "Polygon", "coordinates": [ [ [ 1984406.512317447224632, 807118.521441496675834 ], [ 1984451.486962847877294, 807125.641605183016509 ], [ 1984580.801468397956342, 807133.258897816762328 ], [ 1984710.239914499456063, 807128.164473067154177 ], [ 1984744.346998217981309, 807125.140669862739742 ], [ 1984865.978685315232724, 807120.173413114855066 ], [ 1984888.05431318609044, 807119.086679836851545 ], [ 1985021.749165901215747, 807111.382662354269996 ], [ 1985070.582870120415464, 807109.946509853354655 ], [ 1985258.144019750645384, 807106.433752157958224 ], [ 1985266.810830612434074, 807106.242964021395892 ], [ 1985440.336293103173375, 807101.852913112845272 ], [ 1985492.795149417128414, 807101.231349383480847 ], [ 1985499.941510321572423, 807101.127324715605937 ], [ 1985678.178596895653754, 807098.050195954972878 ], [ 1985823.149231130955741, 807099.596555686322972 ], [ 1985831.794079507701099, 807099.921931229881011 ], [ 1985906.93712018080987, 807104.773219024529681 ], [ 1985988.665270041674376, 807110.048964246292599 ], [ 1986100.57978186942637, 807118.831113145221025 ], [ 1986236.499209830304608, 807131.899251033435576 ], [ 1986359.348654522094876, 807144.420947045087814 ], [ 1986381.385020831832662, 807146.480543380836025 ], [ 1986490.89005116187036, 807155.789907967904583 ], [ 1986525.579832840478048, 807158.279168708249927 ], [ 1986576.221135760424659, 807161.243073536199518 ], [ 1986595.257398718735203, 807162.219355465727858 ], [ 1986634.792424628743902, 807163.960821793763898 ], [ 1986674.49526947690174, 807165.111509960377589 ], [ 1986709.872167226858437, 807165.604291137307882 ], [ 1986748.911768157500774, 807166.113209301256575 ], [ 1986774.836516312323511, 807166.196197434794158 ], [ 1986812.605469652218744, 807165.946197940735146 ], [ 1986857.158731635892764, 807164.898968648747541 ], [ 1986906.187176876002923, 807162.918001469806768 ], [ 1986921.273356473539025, 807162.22198935050983 ], [ 1986954.492778223473579, 807160.498895692522638 ], [ 1986966.225834964076057, 807159.837919741636142 ], [ 1987002.605683474102989, 807157.625981911551207 ], [ 1987017.772561091464013, 807156.61613574414514 ], [ 1987091.991244661388919, 807151.245083494228311 ], [ 1987098.61324901948683, 807150.749115705839358 ], [ 1987208.817753029521555, 807142.216324373846874 ], [ 1987224.832063218345866, 807140.878272054018453 ], [ 1987418.493696762481704, 807123.509450907236896 ], [ 1987592.534503589384258, 807109.046578958863392 ], [ 1987597.020693005993962, 807108.666069777798839 ], [ 1987668.963498154189438, 807102.440438765333965 ], [ 1987755.64193008095026, 807095.4495788711356 ], [ 1987770.195179183734581, 807094.194733246229589 ], [ 1987969.418862093705684, 807075.905727818259038 ], [ 1987997.635965885361657, 807073.009307198575698 ], [ 1988018.294717225478962, 807070.664167530601844 ], [ 1988051.204852893017232, 807066.92798958462663 ], [ 1988100.894987604347989, 807060.328956649173051 ], [ 1988201.149380274349824, 807045.072425485239364 ], [ 1988365.192388934083283, 807009.307999548385851 ], [ 1988539.421645747032017, 806959.528211884666234 ], [ 1988616.38707734295167, 806938.681580876116641 ], [ 1988728.78103179554455, 806896.970130405970849 ], [ 1988756.386619625380263, 806885.272975318017416 ], [ 1988796.403204882517457, 806867.52868199464865 ], [ 1988822.377890462521464, 806855.491632581688464 ], [ 1988930.187761554960161, 806799.363317288458347 ], [ 1988933.090207380009815, 806797.678027779445983 ], [ 1988945.15954173495993, 806791.118643245426938 ], [ 1988995.252470716135576, 806759.379810087149963 ], [ 1989070.4039498756174, 806716.493470331537537 ], [ 1989151.514572001295164, 806661.871251883800142 ], [ 1989244.844622337026522, 806593.863121295114979 ], [ 1989288.835066738072783, 806566.351744806393981 ], [ 1989372.263414915651083, 806504.551770146819763 ], [ 1989439.454264001222327, 806450.561243777163327 ], [ 1989504.815246735233814, 806398.43214628752321 ], [ 1989510.121777140768245, 806394.563263649004512 ], [ 1989513.841660231351852, 806393.994664294295944 ], [ 1989559.13585521443747, 806387.758507011574693 ], [ 1989577.812765578739345, 806385.050867226324044 ], [ 1989715.129820244153962, 806364.140347111271694 ], [ 1989765.654517974471673, 806356.953174040419981 ], [ 1989840.4673061366193, 806349.38473650929518 ], [ 1989843.377015841426328, 806348.950907931197435 ], [ 1989853.645323922391981, 806347.940290817525238 ], [ 1989986.98383592441678, 806327.897005762672052 ], [ 1990070.006307674339041, 806311.041724513750523 ], [ 1990075.37147499830462, 806309.940890182042494 ], [ 1990116.074805668322369, 806301.501274514943361 ], [ 1990172.404500084230676, 806287.208035378134809 ], [ 1990217.921467059291899, 806278.96773886482697 ], [ 1990342.512465966399759, 806243.508642936241813 ], [ 1990377.326044636545703, 806231.725530023220927 ], [ 1990398.685378095367923, 806224.291642670403235 ], [ 1990490.543790175346658, 806191.436393414391205 ], [ 1990515.026984438532963, 806182.405470563680865 ], [ 1990540.703442278550938, 806172.644991396693513 ], [ 1990540.545063589699566, 806172.228351633762941 ], [ 1990628.237658641533926, 806138.66730763297528 ], [ 1990750.157690391642973, 806084.810788052971475 ], [ 1990813.009323695674539, 806055.044194239540957 ], [ 1990873.777246785582975, 806024.279163900529966 ], [ 1990924.717761089326814, 805997.073503536405042 ], [ 1990957.055950999492779, 805978.882595044444315 ], [ 1991037.314588010311127, 805929.89289676793851 ], [ 1991039.541508347494528, 805928.422229377203621 ], [ 1991057.548846845282242, 805917.528930048225448 ], [ 1991125.122968218289316, 805873.782126101548783 ], [ 1991149.994637628085911, 805856.582029270473868 ], [ 1991161.833093147259206, 805848.298958663945086 ], [ 1991184.060082817450166, 805832.565394331933931 ], [ 1991256.775054468773305, 805777.218017325852998 ], [ 1991297.03514455864206, 805744.311915160855278 ], [ 1991309.050836224341765, 805734.372067607822828 ], [ 1991341.534038964426145, 805707.175927764852531 ], [ 1991355.01146264700219, 805695.737762263976038 ], [ 1991381.972038656938821, 805672.544239111011848 ], [ 1991384.957864841911942, 805669.967834664159454 ], [ 1991418.499792512040585, 805640.937708986108191 ], [ 1991488.981370836263523, 805575.289212508942001 ], [ 1991533.046571416081861, 805531.135429425979964 ], [ 1991613.358578035375103, 805443.04195113980677 ], [ 1991630.776489509502426, 805422.111371132545173 ], [ 1991700.523177961120382, 805347.124459646758623 ], [ 1991772.223701065639034, 805263.266537021729164 ], [ 1991815.94211238110438, 805207.582486105151474 ], [ 1991846.786886547459289, 805170.8828200167045 ], [ 1991864.672118296613917, 805149.135900834575295 ], [ 1992001.287002556724474, 804979.364914917619899 ], [ 1992014.395223338389769, 804962.805871396092698 ], [ 1992051.257691132370383, 804915.465801583603024 ], [ 1992097.080010546371341, 804914.326197713380679 ], [ 1992203.249773249030113, 804919.505335584282875 ], [ 1992237.764495200943202, 804920.73667250701692 ], [ 1992293.031116941012442, 804921.98470150004141 ], [ 1992334.138015372445807, 804922.272714406950399 ], [ 1992343.292196532478556, 804922.194302499992773 ], [ 1992385.812420021509752, 804921.144808066426776 ], [ 1992458.283731791423634, 804918.187136811437085 ], [ 1992482.659059888217598, 804916.966528816730715 ], [ 1992512.240037458250299, 804915.210954903741367 ], [ 1992547.25486603169702, 804912.665207678917795 ], [ 1992586.039893451612443, 804909.326303595909849 ], [ 1992688.097599486121908, 804896.518083689850755 ], [ 1992719.419387246249244, 804891.340600607800297 ], [ 1992743.975494591752067, 804887.04288186726626 ], [ 1992767.284831161610782, 804882.736131942248903 ], [ 1992840.211355043342337, 804867.119321198668331 ], [ 1992875.656166043365374, 804858.474981533712707 ], [ 1992887.070827798685059, 804855.63721449568402 ], [ 1992924.754479468800128, 804846.090317575726658 ], [ 1993025.456960671348497, 804816.267860534135252 ], [ 1993050.096206416841596, 804807.891340606613085 ], [ 1993086.596074582310393, 804795.922030427958816 ], [ 1993184.866404935484752, 804759.312578441808 ], [ 1993279.920453738654032, 804715.017684734542854 ], [ 1993325.067345058778301, 804691.753623640513979 ], [ 1993395.847039175685495, 804652.282098619849421 ], [ 1993488.847560356836766, 804603.364393290714361 ], [ 1993550.518231308087707, 804561.672785793081857 ], [ 1993569.157997146015987, 804549.941550142597407 ], [ 1993613.556488479487598, 804520.734606720739976 ], [ 1993639.561685809399933, 804502.867188386735506 ], [ 1993653.348073069704697, 804493.265239231288433 ], [ 1993674.915943319676444, 804478.038891725242138 ], [ 1993686.162959054578096, 804470.010255306842737 ], [ 1993713.077275304589421, 804450.584113060845993 ], [ 1993810.937320711556822, 804372.63913661451079 ], [ 1993834.655535505153239, 804351.836364079848863 ], [ 1993839.287475494667888, 804348.111053534550592 ], [ 1993977.006755241891369, 804220.17194107954856 ], [ 1994004.738983252085745, 804190.459073998499662 ], [ 1994036.856949855806306, 804154.7673705102643 ], [ 1994040.694738500984386, 804150.343312207958661 ], [ 1994058.844933093292639, 804130.784190865815617 ], [ 1994144.01038349349983, 804040.200472897500731 ], [ 1994165.157858029473573, 804017.166893487563357 ], [ 1994243.726080122636631, 803929.529994348878972 ], [ 1994390.740472369128838, 803768.218347288900986 ], [ 1994422.522294976748526, 803732.041752079967409 ], [ 1994512.903841629158705, 803625.2967801700579 ], [ 1994563.813561261165887, 803567.487127048661932 ], [ 1994578.425890942802653, 803550.608694797148928 ], [ 1994673.636330442968756, 803438.734902789117768 ], [ 1994752.650462479097769, 803336.084859285387211 ], [ 1994821.222656153840944, 803226.184364530607127 ], [ 1994878.692523756530136, 803110.091820366680622 ], [ 1994924.506599046289921, 802988.925261456752196 ], [ 1994958.223667433252558, 802863.851587999379262 ], [ 1994979.519015117315575, 802736.075327842263505 ], [ 1994988.187556259101257, 802606.827036220231093 ], [ 1994984.14580806856975, 802477.351444836007431 ], [ 1994967.432694790419191, 802348.895474413176998 ], [ 1994938.209172841627151, 802222.69622616795823 ], [ 1994896.756680713966489, 802099.969067848636769 ], [ 1994843.474428566871211, 801981.89592907926999 ], [ 1994778.875553615391254, 801869.613918731571175 ], [ 1994703.582178338896483, 801764.204373944667168 ], [ 1994618.319419100414962, 801666.682446257676929 ], [ 1994523.9084028811194, 801577.987325145048089 ], [ 1994421.258359377505258, 801498.973193108919077 ], [ 1994311.357864622725174, 801430.400999434175901 ], [ 1994195.265320458915085, 801372.931131831370294 ], [ 1994074.098761548753828, 801327.117056541726924 ], [ 1993949.025088091380894, 801293.399988154764287 ], [ 1993821.248827934265137, 801272.10464047070127 ], [ 1993692.000536312349141, 801263.436099328915589 ], [ 1993562.524944928241894, 801267.477847519447096 ], [ 1993434.06897450517863, 801284.190960797597654 ], [ 1993307.869726260192692, 801313.414482746273279 ], [ 1993185.142567940754816, 801354.866974873933941 ], [ 1993067.069429171504453, 801408.149227021145634 ], [ 1992954.787418823689222, 801472.748101972509176 ], [ 1992849.377874036785215, 801548.041477249236777 ], [ 1992751.855946349678561, 801633.304236487601884 ], [ 1992663.160825237166137, 801727.71525270678103 ], [ 1992575.185182590503246, 801831.08804248587694 ], [ 1992523.17339849867858, 801890.149125876370817 ], [ 1992506.402973033254966, 801909.569854682078585 ], [ 1992423.291519712191075, 802007.728495231480338 ], [ 1992288.865084310993552, 802155.227997638052329 ], [ 1992281.631891320692375, 802163.230053017381579 ], [ 1992209.900738897034898, 802243.240718940272927 ], [ 1992179.21270862291567, 802275.881136695155874 ], [ 1992129.226922109955922, 802276.880426020827144 ], [ 1992097.935009963577613, 802275.659711605869234 ], [ 1992085.975743339862674, 802275.247455560253002 ], [ 1991986.687884169863537, 802272.275348656228743 ], [ 1991976.334917332045734, 802272.006086062872782 ], [ 1991935.272401378490031, 802271.099299794062972 ], [ 1991905.668791036121547, 802269.760167734115385 ], [ 1991803.461486533517018, 802269.097933319746517 ], [ 1991774.820467703510076, 802270.021815983811393 ], [ 1991741.882288672262803, 802271.496307177934796 ], [ 1991707.468971672467887, 802273.467759934952483 ], [ 1991655.543672826839611, 802277.47148842131719 ], [ 1991617.002739396644756, 802281.209341829293407 ], [ 1991593.631578491767868, 802283.686173780239187 ], [ 1991522.136970831779763, 802291.90728595724795 ], [ 1991364.150214147288352, 802319.889387338538654 ], [ 1991333.57940914737992, 802327.24468758655712 ], [ 1991239.326608677161857, 802353.6545613250928 ], [ 1991220.747474430827424, 802360.381096102879383 ], [ 1991169.472028997028247, 802375.592365673277527 ], [ 1991117.017409497173503, 802393.130060261231847 ], [ 1991042.623734408989549, 802420.512777252704836 ], [ 1991006.922362228855491, 802434.88512383273337 ], [ 1991007.50982775632292, 802436.344407139229588 ], [ 1990882.034977636532858, 802489.086873219697736 ], [ 1990828.568221046589315, 802516.171464727609418 ], [ 1990738.722928253933787, 802566.173492914065719 ], [ 1990695.640993433771655, 802592.398177987080999 ], [ 1990656.843563773436472, 802616.949605136876926 ], [ 1990614.322651443537325, 802644.904601722955704 ], [ 1990562.214734181528911, 802681.932071779621765 ], [ 1990562.107241903198883, 802681.780180664500222 ], [ 1990540.097115323180333, 802697.356593074509874 ], [ 1990511.73568089469336, 802717.998777507338673 ], [ 1990486.603513304609805, 802736.806482671410777 ], [ 1990402.611310112522915, 802805.213805144536309 ], [ 1990368.443727542646229, 802835.456198727479205 ], [ 1990287.251841700868681, 802913.756745859282091 ], [ 1990270.5646983361803, 802932.857945775846019 ], [ 1990266.754078918369487, 802936.112190462998115 ], [ 1990182.912494095042348, 803022.059602030436508 ], [ 1990107.227506927913055, 803115.269856929429807 ], [ 1990049.839476560708135, 803192.912523033912294 ], [ 1990046.809170242166147, 803196.364190388470888 ], [ 1989997.278396261623129, 803256.249727443908341 ], [ 1989937.897963788360357, 803332.508154700975865 ], [ 1989816.730064754374325, 803483.083209475735202 ], [ 1989780.78776370245032, 803525.84800457325764 ], [ 1989753.044723354279995, 803559.996842909255065 ], [ 1989729.835810533491895, 803589.557987615698949 ], [ 1989672.895484548760578, 803650.776366285281256 ], [ 1989638.637694347882643, 803689.707528530620039 ], [ 1989610.320007436675951, 803702.216482454794459 ], [ 1989602.640908741625026, 803704.92566311522387 ], [ 1989589.161411755718291, 803710.049670107662678 ], [ 1989565.42762283841148, 803718.53859924338758 ], [ 1989545.268981377827004, 803723.702793660806492 ], [ 1989542.063511464744806, 803724.367430525948294 ], [ 1989520.199150459142402, 803728.806348644196987 ], [ 1989492.177419797983021, 803732.272096484084614 ], [ 1989424.86614937428385, 803738.853786619380116 ], [ 1989336.91717828437686, 803751.364588366355747 ], [ 1989324.099028931232169, 803753.25220544973854 ], [ 1989189.706308693625033, 803773.717410494340584 ], [ 1989144.04470946546644, 803780.004152419511229 ], [ 1989124.634582468541339, 803782.823656568769366 ], [ 1989069.633208974497393, 803791.230841611046344 ], [ 1989028.318821922177449, 803796.167779576964676 ], [ 1988900.796582085080445, 803817.788246501935646 ], [ 1988856.505004005040973, 803827.551350344903767 ], [ 1988769.799957430688664, 803849.771072215633467 ], [ 1988745.12261755624786, 803856.995029273210093 ], [ 1988708.702867810614407, 803867.526669392944314 ], [ 1988696.749088448937982, 803871.044613698730245 ], [ 1988666.161879288963974, 803880.203388044727035 ], [ 1988594.567018241621554, 803903.889758027391508 ], [ 1988568.416808061534539, 803913.378256104420871 ], [ 1988568.713688423158601, 803914.196455548983067 ], [ 1988466.449159476906061, 803952.049341477104463 ], [ 1988418.783652756828815, 803976.360524780466221 ], [ 1988418.725102525437251, 803976.235061964252964 ], [ 1988397.780590605456382, 803986.009320637327619 ], [ 1988342.421131926821545, 804013.439703817130066 ], [ 1988336.639208050211892, 804016.4751804479165 ], [ 1988324.194840004201978, 804022.406196505064145 ], [ 1988179.027508687460795, 804103.173193247872405 ], [ 1988144.34253868763335, 804125.438896746840328 ], [ 1988139.080487038241699, 804129.066206690622494 ], [ 1988129.560288944281638, 804134.64700581273064 ], [ 1988038.731576922582462, 804193.009199957246892 ], [ 1987952.976127529516816, 804258.598860212019645 ], [ 1987926.956690130056813, 804282.107523516518995 ], [ 1987905.585984018398449, 804298.83051845873706 ], [ 1987877.128548037260771, 804319.78070026927162 ], [ 1987791.454506777226925, 804388.110616105259396 ], [ 1987787.697139084339142, 804391.11855419317726 ], [ 1987772.545260907383636, 804403.293692465522327 ], [ 1987733.914706918643788, 804428.30786978919059 ], [ 1987705.469108717516065, 804449.035727003240027 ], [ 1987536.127551435958594, 804464.581512599950656 ], [ 1987452.885847019031644, 804471.295190731878392 ], [ 1987445.200986264040694, 804471.93759599130135 ], [ 1987371.659459247253835, 804478.301573742181063 ], [ 1987195.562355840578675, 804492.935324892168865 ], [ 1987186.965351961553097, 804493.67804171401076 ], [ 1986997.009512848453596, 804510.714503376395442 ], [ 1986898.126614884473383, 804518.370698032085784 ], [ 1986834.80008880677633, 804522.953507427359 ], [ 1986811.871643608203158, 804524.347584021859802 ], [ 1986792.061320345383137, 804525.375146832317114 ], [ 1986772.845746372127905, 804526.151541457511485 ], [ 1986770.325045935576782, 804526.168226427049376 ], [ 1986746.043642729753628, 804525.852033269708045 ], [ 1986731.125563475536183, 804525.644232441438362 ], [ 1986720.954958839109167, 804525.196230572182685 ], [ 1986697.189551685005426, 804523.80530259560328 ], [ 1986616.039830942172557, 804516.906511423527263 ], [ 1986500.441037907963619, 804505.1238538029138 ], [ 1986492.944423601264134, 804504.381352926022373 ], [ 1986482.501203021267429, 804503.377089838031679 ], [ 1986341.715286819962785, 804489.84124434820842 ], [ 1986318.652083754306659, 804487.827788763679564 ], [ 1986186.084107434377074, 804477.424922430654988 ], [ 1986167.850742898648605, 804476.121078137657605 ], [ 1986077.017814924009144, 804470.257598021999002 ], [ 1985984.19440456922166, 804464.264853069442324 ], [ 1985948.798440884333104, 804462.456467540352605 ], [ 1985904.665327054215595, 804460.795381622388959 ], [ 1985869.097463671350852, 804459.936488544684835 ], [ 1985687.903928431449458, 804458.00374962866772 ], [ 1985651.039263778366148, 804458.125333874369971 ], [ 1985457.94373349333182, 804461.458982450072654 ], [ 1985400.18450026283972, 804462.143348197452724 ], [ 1985382.439319657627493, 804462.472930230549537 ], [ 1985204.375466933939606, 804466.977798664360307 ], [ 1985014.104259849293157, 804470.541311940993182 ], [ 1985000.018516970332712, 804470.880329506704584 ], [ 1984925.564269560389221, 804473.069957660743967 ], [ 1984888.42986608389765, 804474.685594747192226 ], [ 1984747.212450986495242, 804482.82309153676033 ], [ 1984723.236301533412188, 804483.802241731900722 ], [ 1984661.950849140528589, 804476.945190900238231 ], [ 1984532.423557926435024, 804475.228996417718008 ], [ 1984481.793409846490249, 804477.044281504699029 ], [ 1984468.103519080206752, 804477.535279829753563 ], [ 1984360.754499348578975, 804478.888508537318558 ], [ 1984311.442936652805656, 804477.841752896551043 ], [ 1984280.642727704485878, 804477.187902151490562 ], [ 1984229.454969060374424, 804477.093970569549128 ], [ 1983898.453633123077452, 804482.905465656192973 ], [ 1983759.66290387022309, 804485.237970320275053 ], [ 1983667.658825535560027, 804486.783860358060338 ], [ 1983660.512301795883104, 804486.923295018146746 ], [ 1983607.135821223258972, 804488.109296530601569 ], [ 1983487.94015998672694, 804490.53345523995813 ], [ 1983338.142440921394154, 804490.982425022055395 ], [ 1983273.490810874151066, 804492.760672269505449 ], [ 1983209.293760794214904, 804496.101872949511744 ], [ 1983195.681887803599238, 804496.880824830732308 ], [ 1983049.223813820164651, 804506.021108625573106 ], [ 1982701.459773629903793, 804514.257603643578477 ], [ 1982572.263919056393206, 804523.675440643681213 ], [ 1982444.613287286367267, 804545.711336392210796 ], [ 1982319.73722368478775, 804580.153073167079128 ], [ 1982198.838353008031845, 804626.668958215275779 ], [ 1982083.080997470999137, 804684.811018135747872 ], [ 1981973.579963686643168, 804754.019313107710332 ], [ 1981871.389806470135227, 804833.62732941750437 ], [ 1981777.494672897970304, 804922.868398349848576 ], [ 1981692.798824434867129, 805020.883079626830295 ], [ 1981618.117928400635719, 805126.727438287460245 ], [ 1981554.171202649362385, 805239.382135297521017 ], [ 1981501.574489106656983, 805357.762244341312908 ], [ 1981460.834322876064107, 805480.727700255694799 ], [ 1981432.343054029392079, 805607.094278480391949 ], [ 1981416.375069060362875, 805735.644999788259156 ], [ 1981413.084148393478245, 805865.141850459971465 ], [ 1981422.501985393697396, 805994.337705033365637 ], [ 1981444.537881142226979, 806121.988336803391576 ], [ 1981478.979617916978896, 806246.864400405203924 ], [ 1981525.495502965291962, 806367.763271081843413 ], [ 1981583.63756288564764, 806483.520626618992537 ], [ 1981652.845857857726514, 806593.021660403115675 ], [ 1981732.453874167287722, 806695.211817619740032 ], [ 1981821.694943099748343, 806789.106951191904955 ], [ 1981919.709624376613647, 806873.802799655124545 ], [ 1982025.553983037360013, 806948.483695689123124 ], [ 1982138.208680047420785, 807012.430421440512873 ], [ 1982256.588789091212675, 807065.027134983218275 ], [ 1982379.554245005594566, 807105.767301213811152 ], [ 1982505.920823230408132, 807134.258570060599595 ], [ 1982634.471544538158923, 807150.226555029512383 ], [ 1982763.968395209871233, 807153.517475696397014 ], [ 1983137.236349469982088, 807144.676942201447673 ], [ 1983188.201793216401711, 807142.483878273284063 ], [ 1983353.31747183506377, 807132.179194342228584 ], [ 1983378.402547690086067, 807130.873616088996641 ], [ 1983507.29576317849569, 807130.487300734966993 ], [ 1983530.179649145808071, 807130.22032516868785 ], [ 1983662.057338135782629, 807127.538243916584179 ], [ 1983664.539772463962436, 807127.485421242774464 ], [ 1983715.584372271317989, 807126.351233077468351 ], [ 1983804.017299304250628, 807124.865346979931928 ], [ 1983943.310685268370435, 807122.524394719861448 ], [ 1984250.204350990243256, 807117.136538099381141 ], [ 1984255.412501975428313, 807117.247100771521218 ], [ 1984327.05132999108173, 807118.767805922310799 ], [ 1984371.703608196694404, 807118.960235858801752 ], [ 1984406.512317447224632, 807118.521441496675834 ] ] ] } },
{ "type": "Feature", "properties": { "FID": 39, "FeatureTyp": "Bike Lane", "Label": "Sage Road", "Fr_St": "Fordham Boulevard", "To_St": "Weaver Dairy Road", "Notes": " ", "Shape_Leng": 4211.50653375, "GlobalID": "a507b8c3-6bba-4fc3-8e58-512fe393590b" }, "geometry": { "type": "Polygon", "coordinates": [ [ [ 1996103.963990369113162, 802165.414306583814323 ], [ 1996129.171069225529209, 802139.608658796991222 ], [ 1996223.519031899515539, 802031.906919062254019 ], [ 1996269.556669479468837, 801973.213466898305342 ], [ 1996329.310902127763256, 801890.658349602133967 ], [ 1996382.518084704410285, 801803.739356088452041 ], [ 1996410.662385374307632, 801753.505532669485547 ], [ 1996429.373982831835747, 801718.908915531123057 ], [ 1996471.62980383192189, 801637.91957619402092 ], [ 1996520.892871937248856, 801532.393804156919941 ], [ 1996560.663159291259944, 801422.936676993267611 ], [ 1996591.218872451223433, 801325.670467331307009 ], [ 1996638.04780357866548, 801176.542762152734213 ], [ 1996712.755527780158445, 800944.616076563252136 ], [ 1996741.395994611317292, 800855.464094587485306 ], [ 1996753.578574502607808, 800826.370869268779643 ], [ 1996797.971469037700444, 800725.487216738983989 ], [ 1996798.569209995679557, 800724.126762992353179 ], [ 1996827.257361699594185, 800658.732830916414969 ], [ 1996882.254989855457097, 800534.764894775114954 ], [ 1996888.358441384974867, 800520.790138350683264 ], [ 1996917.759417796973139, 800452.397863601800054 ], [ 1996922.517372530186549, 800441.824359100195579 ], [ 1996949.307613217970356, 800391.56611813348718 ], [ 1996950.800884679658338, 800388.756603048415855 ], [ 1996981.125014231540263, 800331.53698753088247 ], [ 1996991.070228219032288, 800316.161374955670908 ], [ 1997032.717302057892084, 800257.755209255963564 ], [ 1997046.978649537777528, 800237.350655765039846 ], [ 1997111.154046117793769, 800143.66186677000951 ], [ 1997204.917354451259598, 799983.74365481629502 ], [ 1997234.893959850072861, 799923.243216937175021 ], [ 1997257.457098679849878, 799884.531371281016618 ], [ 1997303.496055017923936, 799788.489952846197411 ], [ 1997332.054396867984906, 799722.176109089166857 ], [ 1997449.925425094552338, 799447.846599558368325 ], [ 1997495.161900026025251, 799326.463215899420902 ], [ 1997528.282896816730499, 799201.230376498890109 ], [ 1997548.969442161731422, 799073.354142059455626 ], [ 1997557.022313320543617, 798944.066030622925609 ], [ 1997552.36395674222149, 798814.611157378531061 ], [ 1997535.039234946947545, 798686.23624352295883 ], [ 1997505.214994476176798, 798560.177609653328545 ], [ 1997463.178459069458768, 798437.649269324494526 ], [ 1997409.334463541861624, 798319.831237434758805 ], [ 1997344.201555005041882, 798207.858166037127376 ], [ 1997268.406998972874135, 798102.808417019667104 ], [ 1997182.680738453753293, 798005.693676891503856 ], [ 1997087.848364199278876, 797917.449213688611053 ], [ 1996984.823163814144209, 797838.924869830603711 ], [ 1996874.597326297080144, 797770.876877674949355 ], [ 1996758.232386719435453, 797713.960576584679075 ], [ 1996636.84900306048803, 797668.724101652973332 ], [ 1996511.616163660073653, 797635.603104862268083 ], [ 1996383.739929220406339, 797614.916559517499991 ], [ 1996254.451817783992738, 797606.863688358454965 ], [ 1996124.996944539714605, 797611.522044936893508 ], [ 1995996.622030684025958, 797628.846766732167453 ], [ 1995870.563396814279258, 797658.671007202938199 ], [ 1995748.035056485561654, 797700.707542609772645 ], [ 1995630.217024595942348, 797754.551538137136959 ], [ 1995518.243953198194504, 797819.68444667418953 ], [ 1995413.194204180734232, 797895.479002706240863 ], [ 1995316.079464052570984, 797981.205263225361705 ], [ 1995227.835000849561766, 798076.037637479836121 ], [ 1995149.310656991787255, 798179.062837864970788 ], [ 1995081.262664835900068, 798289.288675381918438 ], [ 1995024.346363745629787, 798405.653614959679544 ], [ 1994907.12650823011063, 798678.468756986665539 ], [ 1994906.253483637468889, 798680.495962093234994 ], [ 1994890.783997308695689, 798707.891038284753449 ], [ 1994880.61887809378095, 798728.406842373195104 ], [ 1994875.98816985450685, 798735.167150376597419 ], [ 1994824.205983962165192, 798807.786872502067126 ], [ 1994790.602481369161978, 798857.245343182468787 ], [ 1994748.821725029032677, 798921.839702178491279 ], [ 1994727.715904284268618, 798955.574353482224979 ], [ 1994705.041737044230103, 798993.060827072244138 ], [ 1994668.166840500198305, 799058.117721303598955 ], [ 1994618.875137910246849, 799151.127885554684326 ], [ 1994572.057616882026196, 799238.957117128535174 ], [ 1994533.15809335000813, 799318.208366100327112 ], [ 1994505.714906750014052, 799379.194792692316696 ], [ 1994496.763622875092551, 799399.543212829390541 ], [ 1994465.98404380492866, 799471.142380112782121 ], [ 1994412.970272584585473, 799590.638584323925897 ], [ 1994410.764163854299113, 799595.639188268687576 ], [ 1994381.276621798519045, 799662.85531087522395 ], [ 1994332.4027451321017, 799773.922076019109227 ], [ 1994323.038377522490919, 799795.732615561806597 ], [ 1994284.405580772552639, 799887.991617397754453 ], [ 1994245.224531138548627, 799994.108817851636559 ], [ 1994199.745988610433415, 800135.67644610570278 ], [ 1994123.709169239737093, 800371.729246373753995 ], [ 1994120.766556249698624, 800380.980894566630013 ], [ 1994107.896939812926576, 800421.964463784941472 ], [ 1994078.836682560620829, 800448.250204393872991 ], [ 1994046.487551681697369, 800477.561994211864658 ], [ 1994042.652158478507772, 800481.051096869399771 ], [ 1993923.972250989638269, 800589.442365576978773 ], [ 1993674.239896662300453, 800817.524263166007586 ], [ 1993624.26316745672375, 800859.483847349765711 ], [ 1993516.175557635724545, 800950.232046317541972 ], [ 1993487.916698245564476, 800973.957833971711807 ], [ 1993438.54392717173323, 801015.410136098740622 ], [ 1993373.120817022863775, 801070.338316341862082 ], [ 1993358.839689834043384, 801082.502574809012003 ], [ 1993191.139430816750973, 801227.413689150009304 ], [ 1993166.668461258523166, 801247.570341419195756 ], [ 1993150.757513398770243, 801260.887399427825585 ], [ 1993078.881344808731228, 801322.01293335086666 ], [ 1992984.438235424691811, 801410.673880687332712 ], [ 1992899.140187942888588, 801508.164944834425114 ], [ 1992823.808669189689681, 801613.547233550460078 ], [ 1992759.169162870617583, 801725.805857787374407 ], [ 1992705.844182767206803, 801843.859705626848154 ], [ 1992664.347277588443831, 801966.571853979490697 ], [ 1992635.078085215529427, 802092.760517775313929 ], [ 1992618.318483971292153, 802221.210431200219318 ], [ 1992614.229877977399155, 802350.684551369980909 ], [ 1992622.851642744615674, 802479.935971729806624 ], [ 1992644.100745965261012, 802607.719930445542559 ], [ 1992677.772547159111127, 802732.805798140820116 ], [ 1992723.542768473969772, 802853.98892953095492 ], [ 1992780.970617657760158, 802970.102264815242961 ], [ 1992849.503033129964024, 803080.027569100842811 ], [ 1992928.480010265717283, 803182.706201616209 ], [ 1993017.140957602066919, 803277.149311000248417 ], [ 1993114.632021749159321, 803362.447358482051641 ], [ 1993220.014310465427116, 803437.778877235366963 ], [ 1993332.272934702225029, 803502.41838355443906 ], [ 1993450.326782541815192, 803555.743363657733425 ], [ 1993573.03893089434132, 803597.240268836496398 ], [ 1993699.227594690164551, 803626.509461209294386 ], [ 1993827.677508115069941, 803643.26906245353166 ], [ 1993957.151628284947947, 803647.357668447424658 ], [ 1994086.403048644773662, 803638.735903680208139 ], [ 1994214.187007360393181, 803617.486800459679216 ], [ 1994339.272875055670738, 803583.814999265829101 ], [ 1994460.456006445921957, 803538.044777951086871 ], [ 1994576.569341730093583, 803480.61692876718007 ], [ 1994686.494646015577018, 803412.084513294976205 ], [ 1994789.173278531059623, 803333.107536159222946 ], [ 1994853.146306180628017, 803278.703057616949081 ], [ 1994881.634489251300693, 803255.237440589815378 ], [ 1994905.447408765787259, 803235.146456785034388 ], [ 1995077.838223250117153, 803086.182196530164219 ], [ 1995136.072587981820107, 803037.289570123772137 ], [ 1995185.446520258206874, 802995.836293076281436 ], [ 1995213.707032742211595, 802972.109117514104582 ], [ 1995321.793136374326423, 802881.362183112534694 ], [ 1995392.854460400762036, 802821.700343392323703 ], [ 1995434.263181497110054, 802785.435799817321822 ], [ 1995704.322352657094598, 802538.789311478263699 ], [ 1995737.418112974381074, 802508.562700036563911 ], [ 1995797.503240114776418, 802464.987044876324944 ], [ 1995895.461590195540339, 802377.884190266020596 ], [ 1995967.803303242428228, 802299.391935097868554 ], [ 1996005.063073408324271, 802265.689561539213173 ], [ 1996096.752435816917568, 802174.183685695868917 ], [ 1996103.963990369113162, 802165.414306583814323 ] ] ] } },
{ "type": "Feature", "properties": { "FID": 40, "FeatureTyp": "Bike Lane", "Label": "Old Sterling Drive", "Fr_St": "Sage Road", "To_St": "Eastowne Drive", "Notes": " ", "Shape_Leng": 2431.5701580999998, "GlobalID": "a3dca3fb-cf8c-4ad1-b910-4f58cf971619" }, "geometry": { "type": "Polygon", "coordinates": [ [ [ 1994876.493951426353306, 801885.906508892308921 ], [ 1994877.510541073977947, 801886.658309460384771 ], [ 1994912.193657973315567, 801913.401198476902209 ], [ 1995056.525614863960072, 802010.240628785453737 ], [ 1995061.250744848744944, 802012.978006464312784 ], [ 1995105.013125374680385, 802044.365560896927491 ], [ 1995207.386993501335382, 802104.645806960295886 ], [ 1995314.766083611175418, 802155.477371443761513 ], [ 1995346.261427431134507, 802168.686334524769336 ], [ 1995518.62742356187664, 802227.358200876391493 ], [ 1995535.652980061946437, 802231.870330958394334 ], [ 1995657.348855472635478, 802258.05024685326498 ], [ 1995780.969706019153818, 802272.650226248777471 ], [ 1995784.663594340439886, 802272.910666796029545 ], [ 1995795.235567619791254, 802273.901376268244348 ], [ 1995873.98126205499284, 802278.828832736937329 ], [ 1995893.29531013709493, 802287.44970560236834 ], [ 1996014.859936191001907, 802334.655983758973889 ], [ 1996100.95570594840683, 802358.628776520839892 ], [ 1996100.835238774307072, 802359.062293354189023 ], [ 1996126.523835694184527, 802366.20073052123189 ], [ 1996135.757240061881021, 802368.319031540886499 ], [ 1996140.489327696617693, 802369.636649776017293 ], [ 1996163.421368446666747, 802374.816429440048523 ], [ 1996163.453746573766693, 802374.673084244481288 ], [ 1996243.639719759114087, 802393.069119119318202 ], [ 1996263.702999839093536, 802396.719702371279709 ], [ 1996282.509341320255771, 802400.001266557141207 ], [ 1996309.455153570277616, 802404.502569887205027 ], [ 1996455.003696784609929, 802420.581617239280604 ], [ 1996464.887159863952547, 802421.121097462018952 ], [ 1996473.531405260553584, 802421.73902621853631 ], [ 1996558.707768494263291, 802425.068474940024316 ], [ 1996575.898678984260187, 802425.184944531996734 ], [ 1996627.192480335943401, 802424.535669594653882 ], [ 1996644.863704835996032, 802423.968413501628675 ], [ 1996759.933754548896104, 802415.227487599011511 ], [ 1996873.800603569718078, 802396.469534069183283 ], [ 1996897.839269399642944, 802391.421315818210132 ], [ 1996905.101227533537894, 802389.874937826418318 ], [ 1996925.760306953685358, 802385.414973000413738 ], [ 1996987.351218132069334, 802370.562989784753881 ], [ 1997014.412187631940469, 802363.346140695735812 ], [ 1997065.098447461379692, 802348.737884949310683 ], [ 1997090.221756791463122, 802340.950170870288275 ], [ 1997193.90247918991372, 802304.007029911270365 ], [ 1997219.084515439812094, 802293.832181488280185 ], [ 1997247.623528780182824, 802281.910126983420923 ], [ 1997266.13407550402917, 802273.921445854590274 ], [ 1997273.456315060844645, 802273.463834885973483 ], [ 1997318.260846263961866, 802269.897021024604328 ], [ 1997342.048200254095718, 802267.595188363571651 ], [ 1997465.740226502064615, 802249.68133193848189 ], [ 1997480.592559001874179, 802246.806665769545361 ], [ 1997545.978984434390441, 802232.421781333861873 ], [ 1997565.723039434524253, 802227.550071912817657 ], [ 1997636.529292581602931, 802207.97357904643286 ], [ 1997676.473438411485404, 802195.723603558377363 ], [ 1997759.160928666824475, 802167.337034237920307 ], [ 1997942.918361662887037, 802097.36882315040566 ], [ 1998037.732087257551029, 802061.267212592996657 ], [ 1998081.364557671593502, 802044.653156210086308 ], [ 1998168.83311042143032, 802012.605235507478938 ], [ 1998288.131408833898604, 801962.125729877618141 ], [ 1998401.907396544702351, 801900.196018808172084 ], [ 1998509.065348596312106, 801827.412519271136262 ], [ 1998608.573275331407785, 801744.476176154334098 ], [ 1998699.472861019428819, 801652.185711779864505 ], [ 1998780.888692959444597, 801551.429933770559728 ], [ 1998852.036692183231935, 801443.179175347439013 ], [ 1998912.231664564926177, 801328.475950489984825 ], [ 1998960.893899614457041, 801208.424913956667297 ], [ 1998997.554753406904638, 801084.182222855975851 ], [ 1999021.861161879263818, 800956.944402221124619 ], [ 1999033.579041030956432, 800827.936821820214391 ], [ 1999032.595541279995814, 800698.401895174989477 ], [ 1999018.920134266605601, 800569.587114440277219 ], [ 1998992.684521635994315, 800442.733036371762864 ], [ 1998954.141366679687053, 800319.061335086589679 ], [ 1998903.661861049709842, 800199.76303667423781 ], [ 1998841.732149980263785, 800085.987048963434063 ], [ 1998768.948650443227962, 799978.829096911940724 ], [ 1998686.012307326542214, 799879.321170176612213 ], [ 1998593.72184295183979, 799788.421584488591179 ], [ 1998492.966064942535013, 799707.005752548691817 ], [ 1998384.715306519530714, 799635.857753324904479 ], [ 1998270.01208166196011, 799575.662780943326652 ], [ 1998149.961045128758997, 799527.000545893795788 ], [ 1998025.718354028183967, 799490.339692101348191 ], [ 1997898.480533393332735, 799466.033283628872596 ], [ 1997769.472952992189676, 799454.315404477179982 ], [ 1997639.938026347197592, 799455.2989042281406 ], [ 1997511.123245612252504, 799468.974311241647229 ], [ 1997384.269167543854564, 799495.209923872258514 ], [ 1997260.597466258797795, 799533.753078828565776 ], [ 1997165.309271008707583, 799568.666066745528951 ], [ 1997149.706758975517005, 799574.494638716103509 ], [ 1997098.306313051376492, 799594.066528662806377 ], [ 1997003.497494182316586, 799630.16627091798 ], [ 1996977.510452148504555, 799640.061200406868011 ], [ 1996975.658686176175252, 799640.119715976295993 ], [ 1996935.960602836217731, 799642.388740318245254 ], [ 1996879.958262243773788, 799646.786923761479557 ], [ 1996856.559358913684264, 799649.126485998509452 ], [ 1996788.320863038767129, 799657.750307348673232 ], [ 1996762.982659118948504, 799661.625627693603747 ], [ 1996663.568306565051898, 799680.757871695561334 ], [ 1996637.618555325083435, 799686.792308443575166 ], [ 1996555.722006225492805, 799709.051128619350493 ], [ 1996530.957570408703759, 799701.653432181454264 ], [ 1996496.864462728844956, 799692.637046014424413 ], [ 1996487.641710591036826, 799690.233554199221544 ], [ 1996469.301196100888774, 799685.524574116221629 ], [ 1996304.835460600908846, 799654.257983534946106 ], [ 1996287.461048001190647, 799652.085172856110148 ], [ 1996280.648491967003793, 799647.448031614418142 ], [ 1996137.05660439026542, 799562.4654313394567 ], [ 1996105.056668390287086, 799546.164282849407755 ], [ 1996040.315795450704172, 799515.369420241448097 ], [ 1996010.253191540716216, 799502.058423232519999 ], [ 1995977.68331237998791, 799488.15676656528376 ], [ 1995947.340197219979018, 799475.684022488305345 ], [ 1995825.256566402968019, 799432.372920225025155 ], [ 1995699.515571248717606, 799401.236661130911671 ], [ 1995571.328166277846321, 799382.575104402145371 ], [ 1995441.928866274422035, 799376.567971031065099 ], [ 1995312.563857234083116, 799383.273112996248528 ], [ 1995184.478994912467897, 799402.625956114847213 ], [ 1995058.907806551782414, 799434.440121928462759 ], [ 1994937.05961134028621, 799478.40922262892127 ], [ 1994820.107874006731436, 799534.109811740578152 ], [ 1994709.178903713822365, 799601.005462141009048 ], [ 1994605.341007085749879, 799678.451932148193009 ], [ 1994509.594199830433354, 799765.703369919327088 ], [ 1994422.860576042206958, 799861.919496412272565 ], [ 1994345.975427931640297, 799966.173697731690481 ], [ 1994279.679201504681259, 800077.461948927724734 ], [ 1994224.610365663189441, 800194.712483305134811 ], [ 1994181.299263400025666, 800316.796114122145809 ], [ 1994150.163004305912182, 800442.537109276396222 ], [ 1994131.501447577029467, 800570.724514247267507 ], [ 1994125.49431420606561, 800700.123814250808209 ], [ 1994132.199456171132624, 800829.488823290914297 ], [ 1994151.552299289964139, 800957.573685612529516 ], [ 1994183.366465103579685, 801083.144873973214999 ], [ 1994227.335565804038197, 801204.993069184827618 ], [ 1994283.036154915578663, 801321.944806518498808 ], [ 1994349.931805316125974, 801432.873776811291464 ], [ 1994427.37827532319352, 801536.711673439363949 ], [ 1994514.629713094327599, 801632.45848069479689 ], [ 1994610.845839587273076, 801719.192104483023286 ], [ 1994715.100040906574577, 801796.077252593473531 ], [ 1994826.38829210284166, 801862.373479020316154 ], [ 1994876.493951426353306, 801885.906508892308921 ] ] ] } },
{ "type": "Feature", "properties": { "FID": 41, "FeatureTyp": "Bike Lane", "Label": "Ephesus Church Road", "Fr_St": "Rams Plaza Driveway", "To_St": "Fordham Boulevard", "Notes": " ", "Shape_Leng": 138.678174001, "GlobalID": "ba152d12-1b92-48d1-b1cb-6fbc52f4b350" }, "geometry": { "type": "Polygon", "coordinates": [ [ [ 1992132.607591036241502, 794866.477587837493047 ], [ 1992116.12331356620416, 794884.626760211773217 ], [ 1992038.847758923191577, 794988.591913736076094 ], [ 1991972.134674239438027, 795099.630775513127446 ], [ 1991916.626542990095913, 795216.673980603925884 ], [ 1991872.857938822591677, 795338.594338961178437 ], [ 1991841.250377321382985, 795464.217690885416232 ], [ 1991822.108256582403556, 795592.334214824950323 ], [ 1991815.615925692254677, 795721.710078618489206 ], [ 1991821.835909346584231, 795851.099321973859333 ], [ 1991840.708305702777579, 795979.255855746101588 ], [ 1991872.051363266771659, 796104.945462457370013 ], [ 1991915.563231260981411, 796226.957682486390695 ], [ 1991970.824866610113531, 796344.117471455363557 ], [ 1992037.304069556761533, 796455.296516550588422 ], [ 1992114.360609035706148, 796559.424102791235782 ], [ 1992201.252388447755948, 796655.497424599598162 ], [ 1992297.142592457821593, 796742.591243367874995 ], [ 1992401.107745982240885, 796819.866798011003993 ], [ 1992512.146607759175822, 796886.579882694524713 ], [ 1992629.18981284997426, 796942.088013943983242 ], [ 1992751.110171207226813, 796985.856618111487478 ], [ 1992876.733523131348193, 797017.464179612579755 ], [ 1993004.850047070998698, 797036.6063003516756 ], [ 1993134.225910864537582, 797043.098631241824478 ], [ 1993263.615154219791293, 797036.878647587494925 ], [ 1993391.771687992149964, 797018.006251231417991 ], [ 1993517.461294703418389, 796986.663193667191081 ], [ 1993639.473514732439071, 796943.15132567321416 ], [ 1993756.633303701411933, 796887.889690323965624 ], [ 1993867.812348796753213, 796821.410487377201207 ], [ 1993891.220110386610031, 796805.805531703168526 ], [ 1994009.186586083844304, 796717.257647429243661 ], [ 1994116.537327917292714, 796616.101157644414343 ], [ 1994211.931879926472902, 796503.59917257388588 ], [ 1994233.921009166631848, 796474.516881656949408 ], [ 1994318.440683089196682, 796348.230139700113796 ], [ 1994356.034768009092659, 796284.391028535086662 ], [ 1994416.211385668953881, 796169.678173197316937 ], [ 1994464.854410427622497, 796049.619351634406485 ], [ 1994501.495383365545422, 795925.370795928989537 ], [ 1994525.781431883573532, 795798.129087593639269 ], [ 1994537.478668058291078, 795669.119633836904541 ], [ 1994536.474441110854968, 795539.584866222343408 ], [ 1994522.77842229581438, 795410.772275372873992 ], [ 1994496.522511761169881, 795283.922396954498254 ], [ 1994457.959568278864026, 795160.256864639814012 ], [ 1994407.46097407466732, 795040.966645107138902 ], [ 1994345.513058216543868, 794927.200568381464109 ], [ 1994272.712412998080254, 794820.05426397244446 ], [ 1994189.760148429777473, 794720.559609363786876 ], [ 1994097.4551401657518, 794629.674792468431406 ], [ 1993996.686335894512013, 794548.275083755957894 ], [ 1993888.424194287043065, 794477.144406918785535 ], [ 1993773.711338949156925, 794416.967789259040728 ], [ 1993653.652517386479303, 794368.324764500372112 ], [ 1993529.403961680829525, 794331.683791562332772 ], [ 1993402.162253345595673, 794307.397743044421077 ], [ 1993273.152799588860944, 794295.700506869819947 ], [ 1993143.618031974183396, 794296.704733817256056 ], [ 1993014.805441124830395, 794310.400752632296644 ], [ 1992887.955562706571072, 794336.656663166708313 ], [ 1992764.290030391654, 794375.219606649130583 ], [ 1992644.999810859095305, 794425.718200853327289 ], [ 1992531.233734133420512, 794487.666116711450741 ], [ 1992424.087429724400863, 794560.466761929914355 ], [ 1992324.592775115743279, 794643.419026498217136 ], [ 1992233.707958220271394, 794735.724034762359224 ], [ 1992152.308249507797882, 794836.492839033599012 ], [ 1992132.607591036241502, 794866.477587837493047 ] ] ] } },
{ "type": "Feature", "properties": { "FID": 42, "FeatureTyp": "Bike Lane", "Label": "Friday Center Drive", "Fr_St": "Friday Center Driveway", "To_St": "Raleigh Road", "Notes": " ", "Shape_Leng": 1106.1858707700001, "GlobalID": "8729b0be-ef08-439a-8195-c32a3047772a" }, "geometry": { "type": "Polygon", "coordinates": [ [ [ 1998050.545566778630018, 782869.845725085586309 ], [ 1998050.041625972371548, 782865.071761761559173 ], [ 1998055.752763899974525, 782488.137742114486173 ], [ 1998055.841725136619061, 782455.29195022303611 ], [ 1998054.348289796616882, 782301.864435550058261 ], [ 1998046.733102965867147, 782172.549805974471383 ], [ 1998026.479535147780553, 782044.604280521860346 ], [ 1997993.782639271346852, 781919.26004454435315 ], [ 1997948.95730431843549, 781797.724231554544531 ], [ 1997892.435222768457606, 781681.167297869804315 ], [ 1997824.760733164846897, 781570.711750478018075 ], [ 1997746.585577837191522, 781467.421336681698449 ], [ 1997658.662626266013831, 781372.290799629990943 ], [ 1997561.838624538620934, 781286.236298398463987 ], [ 1997457.046040721004829, 781210.086584875942208 ], [ 1997345.29408468096517, 781144.575022431323305 ], [ 1997227.6589888446033, 781090.332523223478347 ], [ 1997105.273643491091207, 781047.881472171400674 ], [ 1996979.316686398582533, 781017.630696103093214 ], [ 1996851.001151919132099, 780999.87152652873192 ], [ 1996721.562788794049993, 780994.774993959465064 ], [ 1996592.248159218579531, 781002.390180789981969 ], [ 1996464.302633765852079, 781022.643748608301394 ], [ 1996338.958397788228467, 781055.340644484502263 ], [ 1996217.422584798419848, 781100.165979437413625 ], [ 1996100.865651113679633, 781156.688060987391509 ], [ 1995990.410103722009808, 781224.362550591002218 ], [ 1995887.119689925806597, 781302.537705918774009 ], [ 1995791.989152874099091, 781390.4606574899517 ], [ 1995705.934651642339304, 781487.284659217344597 ], [ 1995629.784938119817525, 781592.077243034960702 ], [ 1995564.273375675315037, 781703.829199075116776 ], [ 1995510.03087646747008, 781821.464294911362231 ], [ 1995467.579825415508822, 781943.849640264874324 ], [ 1995437.329049346968532, 782069.806597357382998 ], [ 1995419.569879772607237, 782198.122131836833432 ], [ 1995414.473347203340381, 782327.560494961915538 ], [ 1995415.806919693481177, 782464.564560238970444 ], [ 1995409.140075200004503, 782904.575031909509562 ], [ 1995416.282047537155449, 783063.142436584457755 ], [ 1995445.528380107134581, 783340.200609495397657 ], [ 1995465.232455354882404, 783467.233361636404879 ], [ 1995497.19984764023684, 783591.747041721711867 ], [ 1995541.127366305794567, 783712.560715624014847 ], [ 1995625.379822485847399, 783913.262085878057405 ], [ 1995681.320400884607807, 784030.099221161101013 ], [ 1995748.443651993060485, 784140.890618179808371 ], [ 1995826.103142209583893, 784244.569295216351748 ], [ 1995913.550968190655112, 784340.136769934091717 ], [ 1996009.944959567859769, 784426.672675309237093 ], [ 1996114.356789510231465, 784503.343623267486691 ], [ 1996225.780915017938241, 784569.411230667494237 ], [ 1996343.144260851666331, 784624.239230333827436 ], [ 1996465.316553834127262, 784667.299598657642491 ], [ 1996591.121207997202873, 784698.177640752634034 ], [ 1996719.346655749715865, 784716.575984193943441 ], [ 1996848.758015934610739, 784722.317442876636051 ], [ 1996978.108986410079524, 784715.346723415073939 ], [ 1997106.153846619650722, 784695.730957648018375 ], [ 1997231.659454563166946, 784663.65905612311326 ], [ 1997353.417122628074139, 784619.439888784196228 ], [ 1997470.254257911117747, 784563.49931038543582 ], [ 1997581.04565492994152, 784496.376059276983142 ], [ 1997684.724331966368482, 784418.716569060459733 ], [ 1997780.291806684108451, 784331.268743079504929 ], [ 1997866.827712059253827, 784234.874751702183858 ], [ 1997943.498660017503425, 784130.462921759928577 ], [ 1998009.566267417510971, 784019.0387962522218 ], [ 1998064.39426708384417, 783901.67545041826088 ], [ 1998107.45463540754281, 783779.50315743603278 ], [ 1998138.332677502650768, 783653.698503272840753 ], [ 1998156.731020943960175, 783525.473055520327762 ], [ 1998162.4724796267692, 783396.061695335432887 ], [ 1998155.501760164974257, 783266.710724860080518 ], [ 1998135.885994398035109, 783138.665864650392905 ], [ 1998103.814092873129994, 783013.160256706760265 ], [ 1998059.594925534212962, 782891.402588641969487 ], [ 1998050.545566778630018, 782869.845725085586309 ] ] ] } },
{ "type": "Feature", "properties": { "FID": 43, "FeatureTyp": "Bike Lane", "Label": "Rosemary Street", "Fr_St": "Pritchard Avenue", "To_St": "Merritt Mill Road", "Notes": " ", "Shape_Leng": 2689.69296158, "GlobalID": "2e406cf9-7a06-42ec-bf44-beb4705c26fa" }, "geometry": { "type": "Polygon", "coordinates": [ [ [ 1980745.00311768357642, 787881.400551117607392 ], [ 1980747.021606254158542, 787882.362450455315411 ], [ 1981018.362553990911692, 788008.866078646038659 ], [ 1981406.887319876346737, 788194.339718642528169 ], [ 1981744.144301670603454, 788359.288977327523753 ], [ 1981778.0511983060278, 788375.279921511304565 ], [ 1982088.704385151388124, 788516.430940180085599 ], [ 1982365.103995834011585, 788647.84313626633957 ], [ 1982397.636910722358152, 788665.410759650403634 ], [ 1982514.501704294001684, 788721.293534422293305 ], [ 1982636.281231718836352, 788765.452465488226153 ], [ 1982761.802689576521516, 788797.462278202408925 ], [ 1982889.857237610965967, 788817.014700569910929 ], [ 1983019.211640522582456, 788823.921432074974291 ], [ 1983148.620144699467346, 788818.115957117639482 ], [ 1983276.836475503863767, 788799.654185595340095 ], [ 1983402.625839580548927, 788768.713914459920488 ], [ 1983524.7768165897578, 788725.593115436262451 ], [ 1983642.113025848288089, 788670.707065391121432 ], [ 1983753.504455518443137, 788604.584346990101039 ], [ 1983857.878345240140334, 788527.861758157960139 ], [ 1983954.229517398402095, 788441.278179365792312 ], [ 1984041.630057534668595, 788345.667457808973268 ], [ 1984119.238250669324771, 788241.950377002009191 ], [ 1984186.306687477277592, 788131.125789130688645 ], [ 1984242.189462249167264, 788014.260995559161529 ], [ 1984286.348393315216526, 787892.481468134210445 ], [ 1984318.358206029282883, 787766.960010276525281 ], [ 1984337.910628396784887, 787638.90546224208083 ], [ 1984344.817359901964664, 787509.551059330347925 ], [ 1984339.011884944746271, 787380.142555153695866 ], [ 1984320.550113422330469, 787251.92622434918303 ], [ 1984289.609842286910862, 787126.13686027249787 ], [ 1984246.489043263252825, 787003.985883263405412 ], [ 1984191.60299321799539, 786886.649674004875124 ], [ 1984125.480274817207828, 786775.258244334487244 ], [ 1984048.757685984950513, 786670.884354612906463 ], [ 1983962.174107192782685, 786574.533182454644702 ], [ 1983866.563385635847226, 786487.132642318378203 ], [ 1983762.846304828999564, 786409.524449183838442 ], [ 1983652.021716957679018, 786342.45601237565279 ], [ 1983589.678665797691792, 786308.791053451597691 ], [ 1983529.271885969210416, 786278.146764995413832 ], [ 1983211.946405139286071, 786127.276659907423891 ], [ 1983191.204406474018469, 786117.634468322736211 ], [ 1982887.205444549908862, 785979.506919767474756 ], [ 1982561.15921893925406, 785820.04073785059154 ], [ 1982549.875046513276175, 785814.587982869823463 ], [ 1982150.257079333299771, 785623.818679368821904 ], [ 1982139.357258745701984, 785618.676298479782417 ], [ 1981872.664454152574763, 785494.339711338048801 ], [ 1981739.304327229037881, 785429.399233926087618 ], [ 1981642.342931207502261, 785386.905073773814365 ], [ 1981542.288064664695412, 785352.317653422011063 ], [ 1981451.267249344848096, 785324.886605922947638 ], [ 1981332.377242712536827, 785295.001873816247098 ], [ 1981211.227537375176325, 785276.275427628774196 ], [ 1980966.514890757389367, 785250.013722054194659 ], [ 1980706.195412901695818, 785217.698096410254948 ], [ 1980577.015292893862352, 785208.066840650979429 ], [ 1980447.513182325055823, 785211.143827971303836 ], [ 1980318.936257313238457, 785226.899425301235169 ], [ 1980192.522783933440223, 785255.181897625676356 ], [ 1980069.490193038946018, 785295.718869275180623 ], [ 1979951.023355736630037, 785348.119947053142823 ], [ 1979838.263172429986298, 785411.88047993532382 ], [ 1979732.295585325686261, 785486.386419134796597 ], [ 1979634.141120214946568, 785570.92023172811605 ], [ 1979544.745058253640309, 785664.667810889077373 ], [ 1979464.968332387274131, 785766.726316182641312 ], [ 1979395.579236096469685, 785876.112868412164971 ], [ 1979337.246024310123175, 785991.774015282746404 ], [ 1979290.530477746156976, 786112.595876723295078 ], [ 1979255.882492655189708, 786237.414872160181403 ], [ 1979233.635748074389994, 786365.028926434344612 ], [ 1979224.004492315230891, 786494.209046442178078 ], [ 1979227.081479635555297, 786623.711157010868192 ], [ 1979242.837076965486631, 786752.288082022801973 ], [ 1979271.119549289811403, 786878.701555402600206 ], [ 1979311.656520939432085, 787001.734146297094412 ], [ 1979364.05759871727787, 787120.200983599410392 ], [ 1979427.81813159934245, 787232.961166905937716 ], [ 1979502.324070798931643, 787338.928754010354169 ], [ 1979586.857883392134681, 787437.083219121093862 ], [ 1979680.605462553212419, 787526.479281082400121 ], [ 1979782.663967846892774, 787606.256006948766299 ], [ 1979892.050520076183602, 787675.64510323968716 ], [ 1980007.711666946997866, 787733.978315025917254 ], [ 1980128.533528387546539, 787780.693861589883454 ], [ 1980253.352523824432865, 787815.341846680734307 ], [ 1980380.966578098479658, 787837.588591261650436 ], [ 1980652.158292938489467, 787871.253878264687955 ], [ 1980673.923671314958483, 787873.772553469170816 ], [ 1980745.00311768357642, 787881.400551117607392 ] ] ] } },
{ "type": "Feature", "properties": { "FID": 44, "FeatureTyp": "Bike Lane", "Label": "Cameron Avenue", "Fr_St": "Pittsboro Street", "To_St": "Railroad Tracks", "Notes": " ", "Shape_Leng": 2583.72762771, "GlobalID": "3f644ce9-2477-4e62-a5ae-d6ef01f7f7de" }, "geometry": { "type": "Polygon", "coordinates": [ [ [ 1983096.759243540465832, 784591.058256803895347 ], [ 1981776.918975829379633, 783971.30704341433011 ], [ 1981657.103428184520453, 783922.067841194104403 ], [ 1981533.038539356552064, 783884.809716538176872 ], [ 1981405.919122046092525, 783859.891485554398969 ], [ 1981276.969405732117593, 783847.553124428726733 ], [ 1981147.431246673921123, 783847.913458323688246 ], [ 1981018.552168155787513, 783860.969017026945949 ], [ 1980891.573346156394109, 783886.594068371341564 ], [ 1980767.7176561455708, 783924.541829104186036 ], [ 1980648.177896124077961, 783974.446841545286588 ], [ 1980534.105299328221008, 784035.828493144130334 ], [ 1980426.598447223659605, 784108.095645040972158 ], [ 1980326.692689565243199, 784190.552325058029965 ], [ 1980235.350173413520679, 784282.404430291266181 ], [ 1980153.450577131472528, 784382.767374755698256 ], [ 1980081.782638602424413, 784490.674608432338573 ], [ 1980021.036559252301231, 784605.086925672716461 ], [ 1979971.797357032075524, 784724.902473317575641 ], [ 1979934.539232376031578, 784848.967362145311199 ], [ 1979909.62100139237009, 784976.086779455887154 ], [ 1979897.282640266697854, 785105.036495769862086 ], [ 1979897.642974161775783, 785234.574654828174971 ], [ 1979910.69853286491707, 785363.453733346308582 ], [ 1979936.32358420919627, 785490.43255534558557 ], [ 1979974.271344942040741, 785614.288245356525294 ], [ 1980024.176357383141294, 785733.828005377901718 ], [ 1980085.558008982101455, 785847.900602173758671 ], [ 1980157.825160878943279, 785955.407454278320074 ], [ 1980240.281840896001086, 786055.313211936620064 ], [ 1980332.133946129120886, 786146.655728088575415 ], [ 1980432.496890593785793, 786228.555324370507151 ], [ 1980540.404124270193279, 786300.223262899438851 ], [ 1980654.816441510571167, 786360.969342249678448 ], [ 1981975.517868340481073, 786981.124926093616523 ], [ 1981977.240768601885065, 786981.932425257982686 ], [ 1982995.953298111911863, 787458.493480009026825 ], [ 1983115.839698279974982, 787507.559920143452473 ], [ 1983239.958164811134338, 787544.639169848407619 ], [ 1983367.113369022496045, 787569.374135679798201 ], [ 1983496.080736787524074, 787581.526606395142153 ], [ 1983625.618241854012012, 787580.979547058232129 ], [ 1983754.478367235278711, 787567.738226149464026 ], [ 1983881.42011948232539, 787541.930164827732369 ], [ 1984005.220980127342045, 787503.803908831672743 ], [ 1984124.688679205952212, 787453.726634848397225 ], [ 1984238.672677468508482, 787392.180614401469938 ], [ 1984346.075246701249853, 787319.758569312281907 ], [ 1984445.862041450571269, 787237.157963464735076 ], [ 1984537.072060334263369, 787145.174285847577266 ], [ 1984618.826901009539142, 787044.693389559397474 ], [ 1984690.339219669345766, 786936.682960559963249 ], [ 1984750.920313592068851, 786822.183198324986733 ], [ 1984799.986753726378083, 786702.296798156923614 ], [ 1984837.066003431333229, 786578.178331625764258 ], [ 1984861.800969262607396, 786451.023127414286137 ], [ 1984873.953439977951348, 786322.055759649258107 ], [ 1984873.406380641041324, 786192.518254583002999 ], [ 1984860.165059732506052, 786063.658129201503471 ], [ 1984834.356998410774395, 785936.716376954456791 ], [ 1984796.230742414714769, 785812.915516309440136 ], [ 1984746.153468431439251, 785693.447817230829969 ], [ 1984684.607447984395549, 785579.46381896850653 ], [ 1984612.185402895091102, 785472.061249735648744 ], [ 1984529.584797047777101, 785372.274454986210912 ], [ 1984437.601119430502877, 785281.064436102751642 ], [ 1984337.120223142206669, 785199.309595427359454 ], [ 1984229.109794142888859, 785127.797276767669246 ], [ 1984114.610031907912344, 785067.216182844946161 ], [ 1983096.759243540465832, 784591.058256803895347 ] ] ] } },
{ "type": "Feature", "properties": { "FID": 45, "FeatureTyp": "Bike Lane", "Label": "Perkins Drive", "Fr_St": "Martin Luther King Jr. Boulevard", "To_St": "ABC Store Driveway", "Notes": " ", "Shape_Leng": 147.68966326, "GlobalID": "ec8a6f48-b6a0-46e3-a7d1-d1f53bb4b936" }, "geometry": { "type": "Polygon", "coordinates": [ [ [ 1981939.019259040011093, 807739.281183909275569 ], [ 1982049.474664865760133, 807806.955904570757411 ], [ 1982166.031480313744396, 807863.478229941916652 ], [ 1982287.567199534736574, 807908.303819131106138 ], [ 1982412.911367114400491, 807941.000977210351266 ], [ 1982540.856850199168548, 807961.254812673199922 ], [ 1982670.171463844599202, 807968.870270012295805 ], [ 1982799.609837630530819, 807963.774008210515603 ], [ 1982927.925409259507433, 807946.01510705484543 ], [ 1983053.882429632125422, 807915.764594471431337 ], [ 1983176.267863787245005, 807873.313799432944506 ], [ 1983293.903073091292754, 807819.071546301827766 ], [ 1983405.655166172422469, 807753.560217627324164 ], [ 1983510.447909284615889, 807677.410723316832446 ], [ 1983607.27209102618508, 807591.356424627942033 ], [ 1983695.195241597248241, 807496.226071499404497 ], [ 1983773.370612994302064, 807392.935821235063486 ], [ 1983841.045333655783907, 807282.480415409314446 ], [ 1983897.567659026943147, 807165.923599961446598 ], [ 1983942.393248216016218, 807044.387880740338005 ], [ 1983975.090406295377761, 806919.043713160557672 ], [ 1983995.344241758110002, 806791.098230075906031 ], [ 1984002.9596990973223, 806661.783616430591792 ], [ 1983997.863437295658514, 806532.34524264454376 ], [ 1983980.104536139871925, 806404.029671015567146 ], [ 1983949.854023556457832, 806278.072650642832741 ], [ 1983907.403228518087417, 806155.687216487713158 ], [ 1983853.160975386854261, 806038.052007183781825 ], [ 1983787.649646712234244, 805926.29991410265211 ], [ 1983711.500152401858941, 805821.50717099045869 ], [ 1983625.445853712968528, 805724.682989248889498 ], [ 1983530.315500584430993, 805636.759838677826338 ], [ 1983427.025250320089981, 805558.584467280772515 ], [ 1983305.030415560118854, 805475.340867359773256 ], [ 1983194.575009734369814, 805407.666146698291413 ], [ 1983078.018194286385551, 805351.143821327132173 ], [ 1982956.482475065393373, 805306.318232137942687 ], [ 1982831.138307485729456, 805273.621074058697559 ], [ 1982703.192824400961399, 805253.367238595848903 ], [ 1982573.878210755530745, 805245.75178125675302 ], [ 1982444.439836969599128, 805250.848043058533221 ], [ 1982316.124265340622514, 805268.606944214203395 ], [ 1982190.167244968004525, 805298.857456797617488 ], [ 1982067.781810812884942, 805341.308251836104318 ], [ 1981950.146601508837193, 805395.550504967221059 ], [ 1981838.394508427707478, 805461.061833641724661 ], [ 1981733.601765315514058, 805537.211327952216379 ], [ 1981636.777583573944867, 805623.265626641106792 ], [ 1981548.854433002881706, 805718.395979769644327 ], [ 1981470.679061605827883, 805821.686230033985339 ], [ 1981403.00434094434604, 805932.141635859734379 ], [ 1981346.4820155731868, 806048.698451307602227 ], [ 1981301.656426384113729, 806170.23417052871082 ], [ 1981268.959268304752186, 806295.578338108491153 ], [ 1981248.705432842019945, 806423.523821193142794 ], [ 1981241.089975502807647, 806552.838434838457033 ], [ 1981246.186237304471433, 806682.276808624505065 ], [ 1981263.945138460258022, 806810.592380253481679 ], [ 1981294.195651043672115, 806936.549400626216084 ], [ 1981336.64644608204253, 807058.934834781335667 ], [ 1981390.888699213275686, 807176.570044085267 ], [ 1981456.400027887895703, 807288.322137166396715 ], [ 1981532.549522198271006, 807393.114880278590135 ], [ 1981618.603820887161419, 807489.939062020159326 ], [ 1981713.734174015698954, 807577.862212591222487 ], [ 1981817.024424280039966, 807656.03758398827631 ], [ 1981939.019259040011093, 807739.281183909275569 ] ] ] } },
{ "type": "Feature", "properties": { "FID": 46, "FeatureTyp": "Bike Lane", "Label": "Millhouse Road", "Fr_St": "Clyde Road", "To_St": "Eubanks Road", "Notes": " ", "Shape_Leng": 2554.53075296, "GlobalID": "c1465205-7676-499e-813b-a10bbb003cc7" }, "geometry": { "type": "Polygon", "coordinates": [ [ [ 1978772.291283219354227, 809604.587014073389582 ], [ 1978837.803004767280072, 808848.981353911338374 ], [ 1978882.274842797080055, 808662.819818052696064 ], [ 1978886.447466259356588, 808653.672056280542165 ], [ 1978934.358536289772019, 808533.319267109385692 ], [ 1978970.242265197448432, 808408.849903439404443 ], [ 1978993.75307305669412, 808281.462673284579068 ], [ 1979004.664537935750559, 808152.38438530813437 ], [ 1979002.871576462872326, 808022.858133984729648 ], [ 1978988.391455837292597, 807894.131327920942567 ], [ 1978961.363627536222339, 807767.443676628288813 ], [ 1978922.048384321155027, 807644.015251443255693 ], [ 1978870.824353476054966, 807525.034735573222861 ], [ 1978808.184850419871509, 807411.647976427339017 ], [ 1978734.733127809129655, 807304.946950479759835 ], [ 1978651.176565885776654, 807205.959246938931756 ], [ 1978558.319860017392784, 807115.638171502389014 ], [ 1978457.057271042605862, 807034.853565500932746 ], [ 1978348.364013048354536, 806964.383428851724602 ], [ 1978233.286861527478322, 806904.906427493668161 ], [ 1978112.934072356438264, 806856.995357463136315 ], [ 1977988.4647086863406, 806821.111628555576317 ], [ 1977861.077478531515226, 806797.600820696214214 ], [ 1977731.999190555186942, 806786.689355817157775 ], [ 1977602.472939231665805, 806788.482317290036008 ], [ 1977473.74613316799514, 806802.962437915615737 ], [ 1977347.058481875108555, 806829.990266216685995 ], [ 1977223.63005669019185, 806869.305509431869723 ], [ 1977104.649540820159018, 806920.529540276969783 ], [ 1976991.262781674275175, 806983.16904333315324 ], [ 1976884.561755726579577, 807056.620765943662263 ], [ 1976785.574052185984328, 807140.17732786713168 ], [ 1976695.252976749325171, 807233.034033735399134 ], [ 1976614.468370747752488, 807334.296622710418887 ], [ 1976543.998234098777175, 807442.989880704437383 ], [ 1976484.521232740487903, 807558.067032225430012 ], [ 1976427.196216170676053, 807683.742305807420053 ], [ 1976379.905903880251572, 807802.285715584061109 ], [ 1976344.284951268462464, 807924.842075570020825 ], [ 1976247.315328928409144, 808330.762195496005006 ], [ 1976228.152727071661502, 808426.527459859265946 ], [ 1976216.123169205151498, 808523.447431516367942 ], [ 1976135.177136874990538, 809457.070892346440814 ], [ 1976131.090351410442963, 809618.358899562153965 ], [ 1976169.119146740529686, 810679.60874555807095 ], [ 1976180.104549897834659, 810808.680761929601431 ], [ 1976203.688325277529657, 810936.054503460414708 ], [ 1976239.643348230514675, 811060.503291390137747 ], [ 1976287.623352230759338, 811180.82861586031504 ], [ 1976347.166263611521572, 811295.871678219758905 ], [ 1976417.698651586426422, 811404.524550889036618 ], [ 1976498.541250702226534, 811505.740847308770753 ], [ 1976588.915502536809072, 811598.545799213694409 ], [ 1976687.951053641038015, 811682.045644184923731 ], [ 1976794.694137519458309, 811755.436233069514856 ], [ 1976908.116759922821075, 811818.010774377267808 ], [ 1977027.126598994247615, 811869.166641068528406 ], [ 1977150.577524925814942, 811908.411174182547256 ], [ 1977277.280637816060334, 811935.366427412140183 ], [ 1977406.015717424685135, 811949.772806933498941 ], [ 1977535.542974561220035, 811951.491571436403319 ], [ 1977664.6149909326341, 811940.506168279214762 ], [ 1977791.988732463447377, 811916.922392899519764 ], [ 1977916.437520393170416, 811880.96736994641833 ], [ 1978036.762844863347709, 811832.987365946057253 ], [ 1978151.80590722290799, 811773.444454565411434 ], [ 1978260.458779892185703, 811702.912066590622999 ], [ 1978361.675076311687008, 811622.069467474706471 ], [ 1978454.480028216727078, 811531.695215640240349 ], [ 1978537.979873188072816, 811432.659664536011405 ], [ 1978611.370462072547525, 811325.916580657474697 ], [ 1978673.945003380300477, 811212.493958254111931 ], [ 1978725.100870071677491, 811093.48411918268539 ], [ 1978764.345403185579926, 810970.033193251001649 ], [ 1978791.300656415289268, 810843.330080360872671 ], [ 1978805.707035936415195, 810714.595000752364285 ], [ 1978807.425800439435989, 810585.067743615829386 ], [ 1978772.291283219354227, 809604.587014073389582 ] ] ] } },
{ "type": "Feature", "properties": { "FID": 47, "FeatureTyp": "Bike Lane", "Label": "Myrica Street", "Fr_St": "Eubanks Road", "To_St": "Carraway Crossing", "Notes": " ", "Shape_Leng": 373.99532073300003, "GlobalID": "0f8465ef-9b36-4aad-92b9-de6d7b20ee72" }, "geometry": { "type": "Polygon", "coordinates": [ [ [ 1977816.068155697081238, 808011.408033657120541 ], [ 1977825.870377863757312, 808139.15760052530095 ], [ 1977848.011754046427086, 808265.355044458061457 ], [ 1977853.358967981068417, 808284.617094030836597 ], [ 1977856.917662861058488, 808383.160365972085856 ], [ 1977874.258873682236299, 808511.533053487772122 ], [ 1977904.099305560113862, 808637.587855530553497 ], [ 1977946.151578823337331, 808760.110795448534191 ], [ 1978000.01070709223859, 808877.92191035207361 ], [ 1978065.157997519243509, 808989.886614802875556 ], [ 1978140.96604608441703, 809094.926627490785904 ], [ 1978226.704779839143157, 809192.030355672817677 ], [ 1978321.548487907974049, 809280.262637364445254 ], [ 1978424.583773534977809, 809358.773747460334562 ], [ 1978534.818350594956428, 809426.807581051602028 ], [ 1978651.190599850611761, 809483.708935129689053 ], [ 1978772.579792925855145, 809528.929818549426273 ], [ 1978897.816885533509776, 809562.03472948318813 ], [ 1979025.69577600993216, 809582.704849541769363 ], [ 1979154.984920734306797, 809590.741114169475622 ], [ 1979284.439194566337392, 809586.06612974498421 ], [ 1979412.811882081907243, 809568.724918923806399 ], [ 1979538.866684124805033, 809538.884487045928836 ], [ 1979661.389624042669311, 809496.832213782705367 ], [ 1979779.20073894620873, 809442.973085513687693 ], [ 1979891.165443396894261, 809377.825795086682774 ], [ 1979996.205456084804609, 809302.017746521509252 ], [ 1980093.309184266952798, 809216.279012766783126 ], [ 1980181.541465958580375, 809121.435304698185064 ], [ 1980260.052576054353267, 809018.400019071064889 ], [ 1980328.086409645620733, 808908.16544201108627 ], [ 1980384.987763723824173, 808791.793192755430937 ], [ 1980430.208647143561393, 808670.403999680187553 ], [ 1980463.313558077206835, 808545.166907072649337 ], [ 1980483.983678135788068, 808417.288016596110538 ], [ 1980489.90765941911377, 808321.981738251051866 ], [ 1980495.736983891110867, 808270.48982127266936 ], [ 1980504.003780832048506, 808139.154191023553722 ], [ 1980499.152452142210677, 808007.648098713951185 ], [ 1980495.368010902078822, 807964.128500706981868 ], [ 1980477.200305377598852, 807832.456197120714933 ], [ 1980445.882547397864982, 807703.278570997295901 ], [ 1980427.041783184278756, 807649.776609222986735 ], [ 1980420.568734987871721, 807613.228121780324727 ], [ 1980385.584250678308308, 807488.503022660966963 ], [ 1980338.543028679909185, 807367.807588092749938 ], [ 1980279.898101675789803, 807252.304181089159101 ], [ 1980210.214252371806651, 807143.105162600404583 ], [ 1980130.162574329646304, 807041.262178868753836 ], [ 1980040.514008969534189, 806947.756033500656486 ], [ 1979942.131920983083546, 806863.487241791444831 ], [ 1979835.963783658342436, 806789.267358271405101 ], [ 1979723.032054195180535, 806725.811160991666839 ], [ 1979604.424326883396134, 806673.72976782056503 ], [ 1979481.282858974300325, 806633.524751044926234 ], [ 1979354.79357011988759, 806605.58330695470795 ], [ 1979226.1746213180013, 806590.174526930786669 ], [ 1979096.664683355949819, 806587.446805948042311 ], [ 1978967.511007733177394, 806597.426413450622931 ], [ 1978839.957414949079975, 806620.017240363056771 ], [ 1978715.232315829955041, 806655.001724672620185 ], [ 1978594.536881261505187, 806702.042946671135724 ], [ 1978479.03347425814718, 806760.68787367513869 ], [ 1978369.834455769276246, 806830.371722979121841 ], [ 1978267.991472037741914, 806910.423401021282189 ], [ 1978174.485326669411734, 807000.071966381277889 ], [ 1978090.216534960316494, 807098.454054367961362 ], [ 1978015.99665144039318, 807204.622191692702472 ], [ 1977952.540454160422087, 807317.553921155747958 ], [ 1977900.459060989320278, 807436.161648467532359 ], [ 1977860.254044213797897, 807559.303116376628168 ], [ 1977832.312600123463199, 807685.792405231040902 ], [ 1977816.903820099541917, 807814.411354032927193 ], [ 1977814.176099116913974, 807943.921291995095089 ], [ 1977816.068155697081238, 808011.408033657120541 ] ] ] } },
{ "type": "Feature", "properties": { "FID": 48, "FeatureTyp": "Bike Lane", "Label": "Myrica Street", "Fr_St": "Carraway Crossing", "To_St": "Eubanks Road", "Notes": " ", "Shape_Leng": 517.85869734100004, "GlobalID": "764bfef3-4573-4e70-923a-593135e858b4" }, "geometry": { "type": "Polygon", "coordinates": [ [ [ 1977802.772475678706542, 808279.917606220697053 ], [ 1977801.666179439984262, 808286.748881797189824 ], [ 1977793.59116935566999, 808416.035612380248494 ], [ 1977798.227358266012743, 808545.491281414520927 ], [ 1977815.530097137903795, 808673.869160039583221 ], [ 1977845.332751137204468, 808799.93289910571184 ], [ 1977887.348304414190352, 808922.468435892253183 ], [ 1977941.172124222619459, 809040.295686195255257 ], [ 1978006.28585775475949, 809152.279909183271229 ], [ 1978082.062424161704257, 809257.342635572189465 ], [ 1978167.772053685504943, 809354.472053873934783 ], [ 1978262.589315740158781, 809442.732754693599418 ], [ 1978365.601068259682506, 809521.274739234242588 ], [ 1978475.815251755295321, 809589.341605249443091 ], [ 1978592.170443390961736, 809646.277831610059366 ], [ 1978713.546079064486548, 809691.535091331927106 ], [ 1978838.773245054297149, 809724.677532263798639 ], [ 1978966.645935295382515, 809745.385974581935443 ], [ 1979095.932665878441185, 809753.460984666482545 ], [ 1979225.388334912713617, 809748.824795755906962 ], [ 1979353.766213537659496, 809731.522056884132326 ], [ 1979479.8299526036717, 809701.719402884831652 ], [ 1979602.365489390213042, 809659.703849607845768 ], [ 1979720.192739693215117, 809605.880029799416661 ], [ 1979832.176962681347504, 809540.766296267393045 ], [ 1979937.23968907026574, 809464.989729860331863 ], [ 1980034.369107371894643, 809379.280100336414762 ], [ 1980122.629808191675693, 809284.462838281760924 ], [ 1980201.171792732318863, 809181.451085762353614 ], [ 1980269.238658747402951, 809071.236902266740799 ], [ 1980279.330173987429589, 809052.945928350789472 ], [ 1980340.741741646779701, 808926.054139563115314 ], [ 1980388.270838236669078, 808793.336802031495608 ], [ 1980421.375371641479433, 808656.307620569481514 ], [ 1980439.677768798777834, 808516.529478635871783 ], [ 1980444.723690468585119, 808450.934793542837724 ], [ 1980453.5539963664487, 808336.140817016595975 ], [ 1980457.413894780445844, 808243.526769252843224 ], [ 1980458.044470940483734, 808147.026962252799422 ], [ 1980448.934750763932243, 807983.351455151918344 ], [ 1980441.996772513957694, 807924.694748326903209 ], [ 1980420.722744279773906, 807798.031226846389472 ], [ 1980387.239496613619849, 807674.034839492291212 ], [ 1980360.345036707120016, 807602.817665770417079 ], [ 1980327.723613731563091, 807492.63149832689669 ], [ 1980278.952891170745715, 807372.624493891140446 ], [ 1980218.65426957514137, 807257.975722740287893 ], [ 1980147.408457633340731, 807149.789315213914961 ], [ 1980065.901591461151838, 807049.107165556983091 ], [ 1979974.918626736151055, 806956.898897909442894 ], [ 1979875.335779144894332, 806874.052528294618241 ], [ 1979768.112085947068408, 806801.36591254058294 ], [ 1979654.280169923091307, 806739.539062491501682 ], [ 1979534.936294650426134, 806689.167404511244968 ], [ 1979411.229806888615713, 806650.736045202240348 ], [ 1979284.3520677392371, 806624.615099563263357 ], [ 1979155.524979188805446, 806611.056126580107957 ], [ 1979025.9892165241763, 806610.189706574543379 ], [ 1978896.992279951227829, 806622.024183644913137 ], [ 1978769.776480486150831, 806646.445585307665169 ], [ 1978645.566975820809603, 806683.218720114673488 ], [ 1978525.559971385169774, 806731.989442675490864 ], [ 1978410.911200234433636, 806792.288064271095209 ], [ 1978302.724792707944289, 806863.533876212895848 ], [ 1978202.042643051128834, 806945.040742384968325 ], [ 1978109.834375403355807, 807036.023707110085525 ], [ 1978026.988005788763985, 807135.606554701342247 ], [ 1977954.301390034612268, 807242.83024789893534 ], [ 1977892.474539985414594, 807356.662163923145272 ], [ 1977842.102882005274296, 807476.006039195577614 ], [ 1977803.671522696269676, 807599.712526957504451 ], [ 1977777.550577057292685, 807726.590266106883064 ], [ 1977763.991604074137285, 807855.417354657314718 ], [ 1977763.125184068456292, 807984.953117321943864 ], [ 1977774.959661138942465, 808113.95005389477592 ], [ 1977784.420272138901055, 808180.806219393736683 ], [ 1977802.772475678706542, 808279.917606220697053 ] ] ] } },
{ "type": "Feature", "properties": { "FID": 49, "FeatureTyp": "Bike Lane", "Label": "E. Barbee Chapel Road", "Fr_St": "NC 54", "To_St": "NC 54", "Notes": " ", "Shape_Leng": 4407.5195164400002, "GlobalID": "c7f4969b-c188-4e1b-a83a-4f517dfee4df" }, "geometry": { "type": "Polygon", "coordinates": [ [ [ 1994096.524514272110537, 785154.17688242753502 ], [ 1994127.4428626941517, 785218.263117621419951 ], [ 1994188.978172694332898, 785335.618197868345305 ], [ 1994192.511423412244767, 785342.309815843240358 ], [ 1994251.351528832223266, 785452.977573518292047 ], [ 1994263.683941624360159, 785475.635690084425732 ], [ 1994303.296395204262808, 785546.751033416367136 ], [ 1994363.687189902178943, 785644.840826122905128 ], [ 1994384.805585982277989, 785676.00907087197993 ], [ 1994430.817821088479832, 785739.744816537713632 ], [ 1994446.72559766843915, 785760.451796125620604 ], [ 1994522.573271145811304, 785850.556881795171648 ], [ 1994606.150750891538337, 785933.542428216082044 ], [ 1994696.792650225339457, 786008.747761275852099 ], [ 1994714.929753075353801, 786022.477392609929666 ], [ 1994722.195214551640674, 786027.938040497014299 ], [ 1994741.488483051536605, 786042.334993319935165 ], [ 1994831.02135700522922, 786103.584211124223657 ], [ 1994846.442801573080942, 786113.228447808767669 ], [ 1994862.822827089577913, 786123.590621064184234 ], [ 1994913.065731440670788, 786153.833386747399345 ], [ 1994930.31635310058482, 786163.70180532138329 ], [ 1995068.241697710705921, 786232.251400913926773 ], [ 1995087.571711550699547, 786240.489573415950872 ], [ 1995171.023050874937326, 786272.759055653004907 ], [ 1995189.482659625122324, 786279.186864324961789 ], [ 1995311.569119243184105, 786315.199953281786293 ], [ 1995436.55665050377138, 786339.28653103124816 ], [ 1995454.566785083618015, 786341.863953694235533 ], [ 1995510.860071596689522, 786348.68965092569124 ], [ 1995527.025393596850336, 786350.298243510653265 ], [ 1995684.89317315374501, 786356.505951222730801 ], [ 1995703.25698156375438, 786356.12799922877457 ], [ 1995768.69642272265628, 786353.155384651501663 ], [ 1995792.19506339263171, 786351.502828887547366 ], [ 1995792.159754260675982, 786351.000748035032302 ], [ 1995905.777980807470158, 786340.839122888748534 ], [ 1996040.857612965861335, 786314.366345121175982 ], [ 1996054.424186885822564, 786310.96444904722739 ], [ 1996112.34975834726356, 786295.0298000323819 ], [ 1996137.280482757370919, 786287.557374035357498 ], [ 1996219.833992491243407, 786259.814523103064857 ], [ 1996242.549826331203803, 786251.336849766084924 ], [ 1996379.754741671029478, 786191.050635069608688 ], [ 1996399.050792584428564, 786181.229669176624157 ], [ 1996419.801374826347455, 786170.743696158519015 ], [ 1996523.171373432967812, 786112.534387700608931 ], [ 1996620.89773429906927, 786045.279361160588451 ], [ 1996644.940665219211951, 786027.088452653610148 ], [ 1996728.602623819140717, 785958.211768977460451 ], [ 1996735.315444738138467, 785951.690945049049333 ], [ 1996756.226042884401977, 785951.419291452504694 ], [ 1996776.972937281709164, 785950.98663685307838 ], [ 1996945.748190271668136, 785946.139533673995174 ], [ 1996948.86245928844437, 785946.046415580785833 ], [ 1997114.963833128567785, 785940.883696256787516 ], [ 1997116.515908176545054, 785940.834541235002689 ], [ 1997180.667777104303241, 785938.765045452862978 ], [ 1997250.474293083883822, 785937.741970417904668 ], [ 1997316.937404929660261, 785934.153190924203955 ], [ 1997330.625889383256435, 785934.166205199435353 ], [ 1997392.190070723183453, 785933.445078032324091 ], [ 1997425.129219930851832, 785932.647998914588243 ], [ 1997462.899157500825822, 785931.262174919596873 ], [ 1997549.861448146868497, 785925.190965387620963 ], [ 1997582.717353577027097, 785921.803833055659197 ], [ 1997642.573188100242987, 785914.24723624298349 ], [ 1997678.94089752016589, 785908.808926900965162 ], [ 1997773.908262655138969, 785891.032591432682239 ], [ 1997797.939054485177621, 785885.617247939691879 ], [ 1997812.000536272069439, 785882.367615908849984 ], [ 1997838.295103101991117, 785876.139281899901107 ], [ 1997878.460794630460441, 785865.432430688524619 ], [ 1997898.806884417543188, 785861.11697494215332 ], [ 1998030.30835281428881, 785818.44331450026948 ], [ 1998045.160685314331204, 785812.747787825181149 ], [ 1998051.007447351701558, 785810.489752911380492 ], [ 1998083.386975771514699, 785797.896274157450534 ], [ 1998103.690601166104898, 785789.805365878157318 ], [ 1998141.623596176272258, 785774.324097636155784 ], [ 1998252.97498403955251, 785722.716872821212746 ], [ 1998300.633681359468028, 785697.875058989156969 ], [ 1998405.282861910294741, 785637.069994114805013 ], [ 1998435.293956750305369, 785617.739652193849906 ], [ 1998463.866555289598182, 785598.806508729117922 ], [ 1998493.218202619580552, 785578.803924063104205 ], [ 1998555.505798292346299, 785533.642831245088018 ], [ 1998585.056920282309875, 785510.874175990116782 ], [ 1998632.580686556873843, 785472.4727603221545 ], [ 1998655.237465407000855, 785453.281525748083368 ], [ 1998701.084351897239685, 785412.581580667174421 ], [ 1998723.637456387281418, 785391.603932335274294 ], [ 1998725.679759370163083, 785389.700262796017341 ], [ 1998728.656787540065125, 785386.919428462977521 ], [ 1998816.887585320975631, 785296.202514481497929 ], [ 1998844.155903480947018, 785265.334137899451889 ], [ 1998861.191699860384688, 785245.661749310675077 ], [ 1998892.410469440510496, 785208.884919978678226 ], [ 1998940.709373769816011, 785148.486429922399111 ], [ 1998958.092869189800695, 785125.392315990407951 ], [ 1999008.81590349948965, 785053.093550133751705 ], [ 1999020.192521169316024, 785035.665435391827486 ], [ 1999053.139983001165092, 784982.480009576538578 ], [ 1999069.868296001339331, 784953.989580995519646 ], [ 1999084.93886533100158, 784927.632896054419689 ], [ 1999100.085488590877503, 784900.42166439036373 ], [ 1999140.583788222400472, 784821.542491503292695 ], [ 1999153.159222382353619, 784794.881455578259192 ], [ 1999176.931283982470632, 784741.445449581136927 ], [ 1999185.953903732588515, 784719.890374591224827 ], [ 1999208.842785471351817, 784661.330696602002718 ], [ 1999222.521235811291263, 784623.716926682973281 ], [ 1999234.274524706415832, 784589.982665801537223 ], [ 1999242.931659626541659, 784564.008964458480477 ], [ 1999266.310476851416752, 784485.903679281123914 ], [ 1999272.39412609138526, 784463.030037373187952 ], [ 1999291.109345007222146, 784382.618338766274974 ], [ 1999296.842601257143542, 784353.951729434309527 ], [ 1999297.719264923827723, 784349.529097644495778 ], [ 1999303.576208593789488, 784319.714852807461284 ], [ 1999312.330622821114957, 784270.178850236930884 ], [ 1999314.977271061157808, 784253.336364227929153 ], [ 1999324.949577481253073, 784174.44703543628566 ], [ 1999326.672014991287142, 784156.488081862218678 ], [ 1999329.474005170399323, 784122.717161091044545 ], [ 1999332.407070160377771, 784080.851431178045459 ], [ 1999334.513448265148327, 784042.993553402367979 ], [ 1999335.521976445103064, 784018.539862143457867 ], [ 1999336.375165243400261, 783937.548428288660944 ], [ 1999335.592358413385227, 783898.706970549654216 ], [ 1999334.469147435389459, 783864.717148194671609 ], [ 1999332.898940595332533, 783830.543660098686814 ], [ 1999313.334233260247856, 783656.856889499351382 ], [ 1999307.183983090333641, 783622.75393934326712 ], [ 1999302.505350885912776, 783598.149783102562651 ], [ 1999296.219602305907756, 783566.721696345601231 ], [ 1999272.0328243910335, 783466.370272771571763 ], [ 1999251.61324581108056, 783394.169957862584852 ], [ 1999247.012524428078905, 783378.283302377560176 ], [ 1999207.384700897848234, 783244.585931368055753 ], [ 1999156.667878576554358, 783071.785551783395931 ], [ 1999141.293927028542385, 783017.843331474810839 ], [ 1999108.002105067716911, 782888.514642123249359 ], [ 1999069.592438250780106, 782764.801417334121652 ], [ 1999019.241707963170484, 782645.44871123903431 ], [ 1998957.434819262009114, 782531.605955642415211 ], [ 1998884.76700627268292, 782424.369518513674848 ], [ 1998801.938099758699536, 782324.772145363502204 ], [ 1998709.745787368388847, 782233.773013340891339 ], [ 1998609.077931467676535, 782152.248493832536042 ], [ 1998500.904018539469689, 782080.983712526969612 ], [ 1998386.265822499059141, 782020.664988225558773 ], [ 1998266.267371842171997, 781971.873223216854967 ], [ 1998142.064317246200517, 781935.078308870084584 ], [ 1998014.852802023524418, 781910.634600324789062 ], [ 1997885.857942606322467, 781898.777503856341355 ], [ 1997756.32203000667505, 781899.621209785575047 ], [ 1997627.492565874243155, 781913.157592763076536 ], [ 1997500.610248374287039, 781939.256290021236055 ], [ 1997376.897023585159332, 781977.66595683817286 ], [ 1997257.544317489955574, 782028.016687125898898 ], [ 1997143.701561893569306, 782089.823575826943852 ], [ 1997036.465124764712527, 782162.491388816270046 ], [ 1996936.867751614423469, 782245.320295330369845 ], [ 1996845.868619591929018, 782337.512607720680535 ], [ 1996764.344100083690137, 782438.180463621392846 ], [ 1996693.079318778123707, 782546.354376549599692 ], [ 1996632.760594476480037, 782660.992572589893825 ], [ 1996583.968829467892647, 782780.991023246780969 ], [ 1996547.173915121238679, 782905.194077842636034 ], [ 1996522.730206575710326, 783032.405593065428548 ], [ 1996510.873110107379034, 783161.400452482630499 ], [ 1996511.716816036496311, 783290.936365082394332 ], [ 1996514.485671618720517, 783317.288321989588439 ], [ 1996457.893743351567537, 783319.157110209926032 ], [ 1996301.64485062751919, 783323.630300632910803 ], [ 1996298.843138492200524, 783323.713486959808506 ], [ 1996233.150162311038002, 783325.733804762363434 ], [ 1996217.041753034107387, 783325.914892375119962 ], [ 1996089.229410902131349, 783333.562154899700545 ], [ 1996071.425640732282773, 783335.497518489719369 ], [ 1995997.03327190130949, 783345.732924336800352 ], [ 1995981.764273561304435, 783348.278194839716889 ], [ 1995932.609601201722398, 783357.608525102608837 ], [ 1995896.344952716259286, 783333.737350425915793 ], [ 1995781.683664554031566, 783273.462534045567736 ], [ 1995661.666536698816344, 783224.716728953178972 ], [ 1995537.449399699922651, 783187.969383898773231 ], [ 1995410.228532490786165, 783163.574395903502591 ], [ 1995281.229141568765044, 783151.76670203730464 ], [ 1995151.693561586318538, 783152.660016846843064 ], [ 1995022.869290990289301, 783166.245737222256139 ], [ 1994895.996977928793058, 783192.393025249475613 ], [ 1994772.298472132300958, 783230.850068251485936 ], [ 1994652.965057832188904, 783281.246503881178796 ], [ 1994539.14598104218021, 783343.096986914053559 ], [ 1994431.93738169176504, 783415.805863387533464 ], [ 1994332.371737198671326, 783498.672907074564137 ], [ 1994241.407919147750363, 783590.900063044624403 ], [ 1994159.921958832535893, 783691.599133369280025 ], [ 1994088.698610595893115, 783799.800330953556113 ], [ 1994028.423794215545058, 783914.461619115900248 ], [ 1993979.677989123156294, 784034.478746971231885 ], [ 1993942.930644068866968, 784158.695883970009163 ], [ 1993918.535656073363498, 784285.916751179145649 ], [ 1993906.727962207281962, 784414.916142101283185 ], [ 1993907.621277016820386, 784544.451722083613276 ], [ 1993921.206997392233461, 784673.275992679758929 ], [ 1993947.354285419452935, 784800.148305741138756 ], [ 1993985.811328421346843, 784923.846811537630856 ], [ 1994036.207764051156119, 785043.18022583774291 ], [ 1994096.524514272110537, 785154.17688242753502 ] ] ] } },
{ "type": "Feature", "properties": { "FID": 50, "FeatureTyp": "Bike Lane", "Label": "Sprunt Street", "Fr_St": "Meadowmont Lane", "To_St": "Old Barn Lane", "Notes": " ", "Shape_Leng": 1759.4427879299999, "GlobalID": "3b7cfce8-419c-4514-8e2c-12ab9e3de53e" }, "geometry": { "type": "Polygon", "coordinates": [ [ [ 1995619.965019684750587, 784395.195937933400273 ], [ 1995551.025319396518171, 784398.507247373578139 ], [ 1995422.868034292012453, 784417.374540962977335 ], [ 1995297.177179707679898, 784448.71259397524409 ], [ 1995175.163227282697335, 784492.21960382850375 ], [ 1995058.001238078810275, 784547.476574234780855 ], [ 1994946.819546098820865, 784613.951350362272933 ], [ 1994842.688891814788803, 784691.003743778215721 ], [ 1994746.612110351212323, 784777.891697812941857 ], [ 1994659.514473634539172, 784873.778433971107006 ], [ 1994582.23477951833047, 784977.740510566625744 ], [ 1994515.517273702891544, 785088.776715970481746 ], [ 1994460.004482240183279, 785205.817710825940594 ], [ 1994416.23102365876548, 785327.736326371552423 ], [ 1994384.618460293626413, 785453.358419691910967 ], [ 1994365.471238411031663, 785581.474181356607005 ], [ 1994358.973756225081161, 785710.849786545382813 ], [ 1994365.188588040415198, 785840.23927745653782 ], [ 1994384.055881629930809, 785968.396562560927123 ], [ 1994415.393934642197564, 786094.087417145259678 ], [ 1994458.90094449557364, 786216.101369570125826 ], [ 1994514.157914901617914, 786333.263358774245717 ], [ 1994580.632691029226407, 786444.445050754118711 ], [ 1994657.685084445169196, 786548.575705038150772 ], [ 1994744.573038479778916, 786644.652486501727253 ], [ 1994840.45977463806048, 786731.750123218516819 ], [ 1994944.421851233579218, 786809.029817334492691 ], [ 1995055.458056637318805, 786875.747323150164448 ], [ 1995172.499051492894068, 786931.260114612756297 ], [ 1995294.417667038505897, 786975.033573194174096 ], [ 1995420.039760358864442, 787006.646136559313163 ], [ 1995548.155522023560479, 787025.793358441791497 ], [ 1995655.284331382950768, 787036.462790379766375 ], [ 1995694.375944828148931, 787041.226944449706934 ], [ 1995878.80818388867192, 787050.68991277704481 ], [ 1995910.884563308674842, 787050.088536020019092 ], [ 1995944.4082269994542, 787049.033833470079117 ], [ 1995962.236275329254568, 787048.246105384081602 ], [ 1996060.198583979625255, 787040.254823126480915 ], [ 1996082.551885729655623, 787037.59045838646125 ], [ 1996209.580638491781428, 787016.118094056844711 ], [ 1996262.597567852819338, 787001.725077955401503 ], [ 1996262.602198511594906, 787001.74398614326492 ], [ 1996282.650058691622689, 786996.834219067241065 ], [ 1996308.069553963840008, 786989.380360217997804 ], [ 1996333.911194244865328, 786982.36488140525762 ], [ 1996351.809221484232694, 786976.554405008675531 ], [ 1996396.770372193772346, 786963.370269466424361 ], [ 1996424.341511273756623, 786953.917204369441606 ], [ 1996523.952333130408078, 786915.190779419266619 ], [ 1996560.079885550541803, 786899.43326501629781 ], [ 1996559.842646405333653, 786898.889342324342579 ], [ 1996623.920185651397333, 786871.14326638658531 ], [ 1996725.854147669393569, 786815.920319143217057 ], [ 1996773.108318249462172, 786787.568013641168363 ], [ 1996792.983215868473053, 786774.537195906508714 ], [ 1996830.279821404954419, 786751.82747062901035 ], [ 1996866.5084669215139, 786730.391748391557485 ], [ 1996908.438953732140362, 786704.513816396007314 ], [ 1996970.081231752876192, 786664.863001217949204 ], [ 1997000.305186829762533, 786645.816365383798257 ], [ 1997059.194045597687364, 786608.70581856300123 ], [ 1997124.214655545772985, 786567.851408974383958 ], [ 1997126.48230894212611, 786566.442210998851806 ], [ 1997126.837325388332829, 786566.439550495706499 ], [ 1997142.12068901467137, 786566.23652071680408 ], [ 1997181.885045184753835, 786565.477992051863112 ], [ 1997271.068153548287228, 786560.755034977104515 ], [ 1997307.180614128243178, 786557.614621320040897 ], [ 1997421.193192400736734, 786542.672567889210768 ], [ 1997450.776466570794582, 786537.476055965176784 ], [ 1997547.674027807777748, 786516.678012448363006 ], [ 1997570.994847307680175, 786510.748562368447892 ], [ 1997619.337896834593266, 786497.474793681874871 ], [ 1997644.224330004770309, 786490.130648264777847 ], [ 1997809.940323443617672, 786428.900433143600821 ], [ 1997825.072984173195437, 786422.126272874651477 ], [ 1997847.109173575649038, 786412.262551537482068 ], [ 1997962.604322927771136, 786353.601363611873239 ], [ 1998071.793529679067433, 786283.90214107837528 ], [ 1998173.625242079375312, 786203.836125551606528 ], [ 1998267.118765071500093, 786114.174396529444493 ], [ 1998351.373704920290038, 786015.780445476528257 ], [ 1998425.578640496591106, 785909.60185992915649 ], [ 1998489.018937706248835, 785796.661197709152475 ], [ 1998541.083631807006896, 785678.046139133512042 ], [ 1998581.271311333402991, 785554.899012057692744 ], [ 1998609.194946962874383, 785428.405790634686127 ], [ 1998624.585618819342926, 785299.784673735033721 ], [ 1998627.295106319477782, 785170.274353025713935 ], [ 1998617.297315618023276, 785041.122083692927845 ], [ 1998594.688530904008076, 784913.571672692080028 ], [ 1998559.68648713408038, 784788.851500207209028 ], [ 1998512.628273123409599, 784668.162689678370953 ], [ 1998453.96708519780077, 784552.667540326248854 ], [ 1998384.267862664302811, 784443.478333574952558 ], [ 1998304.201847137417644, 784341.646621174644679 ], [ 1998214.540118115255609, 784248.153098182519898 ], [ 1998116.146167062455788, 784163.898158333729953 ], [ 1998009.967581514967605, 784089.693222757428885 ], [ 1997897.026919295080006, 784026.252925547771156 ], [ 1997778.411860719323158, 783974.18823144689668 ], [ 1997655.26473364373669, 783934.000551920500584 ], [ 1997528.771512220613658, 783906.076916291262023 ], [ 1997400.150395320961252, 783890.686244434677064 ], [ 1997270.640074611641467, 783887.976756934425794 ], [ 1997141.487805278738961, 783897.97454763611313 ], [ 1997013.937394277891144, 783920.583332350011915 ], [ 1996989.273447916610166, 783927.505135879269801 ], [ 1996983.979175841668621, 783927.584526555961929 ], [ 1996850.682854501763359, 783930.583536298945546 ], [ 1996748.374355959473178, 783936.866098421858624 ], [ 1996684.561819549417123, 783943.2794714308111 ], [ 1996507.612288931151852, 783973.32723690813873 ], [ 1996437.786969261243939, 783990.136914568138309 ], [ 1996357.706525131361559, 784012.101890880032443 ], [ 1996323.658692961325869, 784022.602854136028327 ], [ 1996230.020953338127583, 784055.383976050885394 ], [ 1996203.037739598192275, 784065.984676622902043 ], [ 1996181.012678183382377, 784074.86703498265706 ], [ 1996166.497201970312744, 784080.873269365751185 ], [ 1996153.113283936167136, 784086.411001488915645 ], [ 1996056.012247473234311, 784131.27783074544277 ], [ 1996030.609083053190261, 784144.289615745423362 ], [ 1995933.974454822484404, 784199.036775587010197 ], [ 1995894.556226582499221, 784223.614810421015136 ], [ 1995821.378323507262394, 784269.243671424454078 ], [ 1995727.991261327639222, 784327.277610463788733 ], [ 1995722.439817660022527, 784330.746579735307023 ], [ 1995653.907474420033395, 784373.807517229346558 ], [ 1995652.441637553973123, 784374.729888543020934 ], [ 1995647.166057544061914, 784378.054356962093152 ], [ 1995619.965019684750587, 784395.195937933400273 ] ] ] } },
{ "type": "Feature", "properties": { "FID": 51, "FeatureTyp": "Bike Lane", "Label": "Meadowmont Lane", "Fr_St": "Raleigh Road", "To_St": "Simerville Road", "Notes": " ", "Shape_Leng": 3319.92748145, "GlobalID": "cdc51980-490b-4a99-89f0-5306e9bd274c" }, "geometry": { "type": "Polygon", "coordinates": [ [ [ 1995970.866658341372386, 785044.736176805570722 ], [ 1995983.230297636706382, 785182.617955528083257 ], [ 1995985.520248031243682, 785197.213629791163839 ], [ 1995988.312146254582331, 785229.850484634866007 ], [ 1996002.71076553943567, 785307.098181252134964 ], [ 1996002.693850087467581, 785307.101111844182014 ], [ 1996007.624286427395418, 785335.55971634411253 ], [ 1996009.979626670014113, 785346.095168968429789 ], [ 1996012.234600906493142, 785358.192965448019095 ], [ 1996019.217526566470042, 785387.520006537088193 ], [ 1996019.239527673693374, 785387.514767955522984 ], [ 1996035.491205222671852, 785460.208630090230145 ], [ 1996075.274830128764734, 785581.580702868755907 ], [ 1996093.549071788787842, 785629.382772622862831 ], [ 1996110.765670796157792, 785672.162488511879928 ], [ 1996118.951678056269884, 785691.519733255845495 ], [ 1996168.669829460326582, 785796.055680430610664 ], [ 1996227.355229251785204, 785895.833847792586312 ], [ 1996277.561106848530471, 785966.249969554133713 ], [ 1996290.000807927688584, 785987.982648077537306 ], [ 1996323.347382516600192, 786042.400972359231673 ], [ 1996323.645709882490337, 786053.432611598982476 ], [ 1996326.645236472599208, 786104.551467969547957 ], [ 1996329.059541562572122, 786150.100588998175226 ], [ 1996329.108456222107634, 786150.097996304626577 ], [ 1996332.1577400167007, 786246.003378382069059 ], [ 1996338.343338896986097, 786309.512967495364137 ], [ 1996338.017204803880304, 786347.79139242763631 ], [ 1996336.066088542342186, 786427.797313536051661 ], [ 1996335.822868043323979, 786440.137500078068115 ], [ 1996334.409197241766378, 786534.175513410824351 ], [ 1996331.941713987383991, 786654.373334083938971 ], [ 1996330.874346996191889, 786700.963601736933924 ], [ 1996334.265506578376517, 786830.457866202341393 ], [ 1996350.332994292257354, 786958.99618862522766 ], [ 1996378.922071447828785, 787085.340674694511108 ], [ 1996419.757409603567794, 787208.274557942524552 ], [ 1996472.445742130279541, 787326.613917871029116 ], [ 1996536.479651583358645, 787439.219081753049977 ], [ 1996611.242456410080194, 787545.005600304109976 ], [ 1996696.014149930793792, 787642.954691521823406 ], [ 1996789.978334395680577, 787732.123052113340236 ], [ 1996892.230083342408761, 787811.651942021795548 ], [ 1997001.784656532108784, 787880.775454562390223 ], [ 1997117.586983536370099, 787938.827892522676848 ], [ 1997238.521824642084539, 787985.250179190305062 ], [ 1997363.424511219607666, 788019.595242567826062 ], [ 1997491.092162118759006, 788041.532320919795893 ], [ 1997620.29526807111688, 788050.850148189812899 ], [ 1997749.789532536407933, 788047.458988607628271 ], [ 1997878.3278549592942, 788031.391500893631019 ], [ 1998004.672341028694063, 788002.802423738176003 ], [ 1998127.606224276591092, 787961.967085582436994 ], [ 1998245.945584204979241, 787909.278753055725247 ], [ 1998358.550748087000102, 787845.244843602646142 ], [ 1998464.337266638176516, 787770.482038775924593 ], [ 1998562.286357855889946, 787685.710345255327411 ], [ 1998651.454718447290361, 787591.746160790440626 ], [ 1998730.983608355745673, 787489.494411843712442 ], [ 1998800.107120896456763, 787379.939838654012419 ], [ 1998858.159558856626973, 787264.137511649751104 ], [ 1998904.581845524488017, 787143.202670544036664 ], [ 1998938.926908901892602, 787018.299983966280706 ], [ 1998960.863987253978848, 786890.632333067129366 ], [ 1998970.181814523879439, 786761.429227115004323 ], [ 1998971.285158773884177, 786713.268562273005955 ], [ 1998971.353375625796616, 786710.12768682022579 ], [ 1998973.927517455769703, 786584.734236828284338 ], [ 1998974.056438556639478, 786577.48358051397372 ], [ 1998975.431848091073334, 786485.990723771159537 ], [ 1998977.487751397537068, 786401.687988464953378 ], [ 1998977.832192562287673, 786380.752578780287877 ], [ 1998978.55889714229852, 786295.459114194265567 ], [ 1998978.518928472883999, 786295.458773659192957 ], [ 1998979.705885283881798, 786236.896980394725688 ], [ 1998973.723871163325384, 786133.823702210909687 ], [ 1998965.764373080106452, 786052.100903399754316 ], [ 1998965.358837957493961, 786010.365053691784851 ], [ 1998962.746966537553817, 785961.088577442802489 ], [ 1998962.330757387680933, 785953.635043918970041 ], [ 1998961.554742080159485, 785940.409951939014718 ], [ 1998961.740558318328112, 785899.460798924206756 ], [ 1998960.985094537492841, 785848.418751204619184 ], [ 1998958.244942537508905, 785768.181050786632113 ], [ 1998954.456540212733671, 785703.639042890979908 ], [ 1998954.133005452109501, 785699.755708261975087 ], [ 1998954.003840800607577, 785695.724796981434338 ], [ 1998946.003313151653856, 785586.892029166105203 ], [ 1998929.040442524477839, 785479.092025394784287 ], [ 1998924.86886294442229, 785458.23708022676874 ], [ 1998912.823117393767461, 785403.981795660802163 ], [ 1998904.84150606370531, 785371.299446335877292 ], [ 1998890.75056047225371, 785318.38807197578717 ], [ 1998879.666265052277595, 785279.987886301707476 ], [ 1998868.213103327900171, 785242.416956973378547 ], [ 1998854.392592907883227, 785199.386203137459233 ], [ 1998805.848572501447052, 785071.439468392287381 ], [ 1998796.154527821345255, 785049.406455058022402 ], [ 1998791.584743772866204, 785038.139383217901923 ], [ 1998746.470717935124412, 784938.887261507217772 ], [ 1998714.005439388565719, 784880.743441252154298 ], [ 1998711.651082126889378, 784875.47461704921443 ], [ 1998701.543589763110504, 784858.424841901985928 ], [ 1998693.319931389996782, 784843.696648099343292 ], [ 1998678.5104891336523, 784819.5715662779985 ], [ 1998634.352942706551403, 784745.084620303125121 ], [ 1998624.88052070653066, 784731.015750801190734 ], [ 1998621.94030362716876, 784727.002431664499454 ], [ 1998622.35357855935581, 784718.77678536309395 ], [ 1998622.635730229318142, 784703.728259032126516 ], [ 1998622.863420146051794, 784675.627130923443474 ], [ 1998622.741373155964538, 784627.625914586475119 ], [ 1998621.92618891200982, 784584.477498501189984 ], [ 1998621.387052743928507, 784569.184005896910094 ], [ 1998622.437790154712275, 784551.642175570712425 ], [ 1998624.739661165047437, 784485.279511665343307 ], [ 1998624.960461254930124, 784462.080083002336323 ], [ 1998619.189317134441808, 784325.583560577360913 ], [ 1998611.346901953918859, 784272.176553405355662 ], [ 1998607.498480941401795, 784221.393715945421718 ], [ 1998605.182272433070466, 784204.323268581996672 ], [ 1998603.920617827214301, 784194.232961779809557 ], [ 1998572.780634225578979, 784030.246342489146627 ], [ 1998571.325865221675485, 784024.570968990796246 ], [ 1998570.388351712841541, 784020.62415675946977 ], [ 1998570.1934637168888, 784019.532103533390909 ], [ 1998556.707087476272136, 783953.698110322118737 ], [ 1998549.488269886234775, 783922.518710742122494 ], [ 1998526.345617388607934, 783836.024313400615938 ], [ 1998517.195373228751123, 783805.950554649578407 ], [ 1998469.528525452362373, 783674.669834083761089 ], [ 1998448.742149702273309, 783625.671900576795451 ], [ 1998444.32373205688782, 783615.378446931834333 ], [ 1998418.000293896766379, 783554.764394933823496 ], [ 1998379.373354113427922, 783473.515681451768614 ], [ 1998330.554780941689387, 783379.254627533606254 ], [ 1998305.329931995132938, 783322.387934776605107 ], [ 1998296.503284864360467, 783302.916187670780346 ], [ 1998245.984357044333592, 783193.828479331801645 ], [ 1998182.825850094435737, 783073.988541420083493 ], [ 1998181.777393205324188, 783072.224953009048477 ], [ 1998177.211354811675847, 783059.790609742165543 ], [ 1998120.854830498807132, 782943.153537333360873 ], [ 1998053.337245960254222, 782832.602009660447948 ], [ 1997975.308832444250584, 782729.200698368484154 ], [ 1997887.521046227542683, 782633.945414610207081 ], [ 1997790.819331680890173, 782547.753518839832395 ], [ 1997686.134979178197682, 782471.455086131230928 ], [ 1997574.476156260119751, 782405.784912100061774 ], [ 1997456.918198430212215, 782351.37543642136734 ], [ 1997334.593253086553887, 782308.750652089132927 ], [ 1997208.679376322077587, 782278.321059077512473 ], [ 1997080.389187601394951, 782260.379711001762189 ], [ 1996950.95819157268852, 782255.099392851698212 ], [ 1996821.63287948211655, 782262.530956977512687 ], [ 1996693.658724780892953, 782282.602833354030736 ], [ 1996568.268188537098467, 782315.121718839625828 ], [ 1996446.668850160203874, 782359.774438790278509 ], [ 1996330.031777751399204, 782416.130963103147224 ], [ 1996219.480250078486279, 782483.648547641583718 ], [ 1996116.07893878640607, 782561.676961157703772 ], [ 1996020.823655028128996, 782649.464747374528088 ], [ 1995934.631759257754311, 782746.166461921064183 ], [ 1995858.333326549036428, 782850.850814423873089 ], [ 1995792.66315251798369, 782962.50963734195102 ], [ 1995738.25367683917284, 783080.067595171625726 ], [ 1995695.628892506938428, 783202.392540515400469 ], [ 1995665.199299495434389, 783328.306417279993184 ], [ 1995647.25795141980052, 783456.596606000559404 ], [ 1995641.977633269736543, 783586.027602029149421 ], [ 1995649.409197395434603, 783715.352914119954221 ], [ 1995669.481073772069067, 783843.327068820944987 ], [ 1995701.999959257431328, 783968.717605064739473 ], [ 1995716.916268007596955, 784016.457667062757537 ], [ 1995760.803037866251543, 784136.246716458234005 ], [ 1995816.0486819378566, 784251.239689003443345 ], [ 1995850.774334277724847, 784315.381292995414697 ], [ 1995876.94047118560411, 784361.477364916936494 ], [ 1995878.90089697833173, 784364.774958022171631 ], [ 1995896.427089105593041, 784402.620023576309904 ], [ 1995933.478354014921933, 784486.148091566399671 ], [ 1995967.968835576437414, 784557.972654887242243 ], [ 1995981.335529132047668, 784583.781656258972362 ], [ 1995981.750461857998744, 784626.011760667897761 ], [ 1995982.456845480483025, 784646.049505023984239 ], [ 1995981.783803895348683, 784656.982862544595264 ], [ 1995977.162679316708818, 784714.337411455460824 ], [ 1995977.061862386995926, 784716.179971493082121 ], [ 1995976.10691328952089, 784727.00113849772606 ], [ 1995974.202793956967071, 784746.551806963165291 ], [ 1995971.83238199679181, 784773.817023614887148 ], [ 1995968.216575576690957, 784821.080708617926575 ], [ 1995966.927445687586442, 785003.888044918538071 ], [ 1995969.478949767770246, 785044.822674329509027 ], [ 1995970.866658341372386, 785044.736176805570722 ] ] ] } },
{ "type": "Feature", "properties": { "FID": 52, "FeatureTyp": "Bike Lane", "Label": "Novus Lane", "Fr_St": "Fordham Boulevard Service Road", "To_St": "Legion Road", "Notes": " ", "Shape_Leng": 1007.94197668, "GlobalID": "14185df4-f2ae-468c-9867-5097ae9ed060" }, "geometry": { "type": "Polygon", "coordinates": [ [ [ 1993749.222551629180089, 795162.709327057935297 ], [ 1993643.447404283564538, 795187.565027132513933 ], [ 1993521.834427071269602, 795228.970900630112737 ], [ 1993404.82245179801248, 795282.002591430908069 ], [ 1993293.519825952360407, 795346.157778800814413 ], [ 1993188.980817575007677, 795420.828779289848171 ], [ 1993092.195629139896482, 795505.308302762219682 ], [ 1993004.08101827185601, 795598.796151909278706 ], [ 1992925.471614140085876, 795700.406801787088625 ], [ 1992815.479307711822912, 795857.857422773493454 ], [ 1992646.933181763160974, 796064.036507522221655 ], [ 1992569.966771137900651, 796168.230730626033619 ], [ 1992503.583794604288414, 796279.467257537296973 ], [ 1992448.423556515015662, 796396.674819693784229 ], [ 1992405.017280116677284, 796518.724644199828617 ], [ 1992373.782991579035297, 796644.441324526211247 ], [ 1992355.021494175307453, 796772.614140317542478 ], [ 1992348.91347138164565, 796902.008717291522771 ], [ 1992355.517746796132997, 797031.378914937609807 ], [ 1992374.770717636449262, 797159.478827531449497 ], [ 1992406.486967268865556, 797285.07478288828861 ], [ 1992450.36105087143369, 797406.957223300240003 ], [ 1992505.970437034731731, 797523.952354238368571 ], [ 1992572.779576971428469, 797634.933448635856621 ], [ 1992650.145062141818926, 797738.831697885179892 ], [ 1992737.321820631856099, 797834.646505049429834 ], [ 1992833.470292601268739, 797921.455121157923713 ], [ 1992937.664515704847872, 797998.421531783184037 ], [ 1993048.901042616227642, 798064.804508316679858 ], [ 1993166.108604772714898, 798119.964746405836195 ], [ 1993288.158429278759286, 798163.371022804290988 ], [ 1993413.8751096050255, 798194.605311341816559 ], [ 1993542.047925396589562, 798213.366808745544404 ], [ 1993671.442502370569855, 798219.474831539439037 ], [ 1993800.812700016656891, 798212.87055612495169 ], [ 1993928.91261261026375, 798193.617585284519009 ], [ 1994054.508567967219278, 798161.901335652102716 ], [ 1994176.391008379170671, 798118.027252049650997 ], [ 1994293.386139317415655, 798062.417865886120126 ], [ 1994404.36723371478729, 797995.608725949539803 ], [ 1994508.265482963994145, 797918.243240779032931 ], [ 1994604.080290128244087, 797831.066482289228588 ], [ 1994690.888906236737967, 797734.918010319815949 ], [ 1994791.268600759562105, 797612.125549635267816 ], [ 1994804.955300134140998, 797607.198608307749964 ], [ 1994908.61692602513358, 797559.40066144533921 ], [ 1995007.761345272650942, 797502.82539707433898 ], [ 1995101.647115555359051, 797437.895908049540594 ], [ 1995157.495731131872162, 797395.58874756610021 ], [ 1995212.455010590143502, 797354.294121467624791 ], [ 1995312.075022621080279, 797271.492444578441791 ], [ 1995403.099353482248262, 797179.325011696666479 ], [ 1995484.651389108272269, 797078.679445584770292 ], [ 1995555.945738815004006, 796970.525018062791787 ], [ 1995616.295799041632563, 796855.903315390925854 ], [ 1995665.120365717215464, 796735.918207224691287 ], [ 1995701.949231574544683, 796611.725215746206231 ], [ 1995726.427714502671733, 796484.520387354074046 ], [ 1995738.320073329843581, 796355.528774083126336 ], [ 1995737.511778139509261, 796225.992635682923719 ], [ 1995724.010613256134093, 796097.159475978231058 ], [ 1995697.946602277923375, 795970.270028724102303 ], [ 1995659.570755878696218, 795846.546308662509546 ], [ 1995609.252654437674209, 795727.179842851939611 ], [ 1995547.476888778619468, 795613.320195610402152 ], [ 1995474.838393294485286, 795506.063897583051585 ], [ 1995392.036716405535117, 795406.443885551881976 ], [ 1995299.869283523643389, 795315.41955469083041 ], [ 1995199.223717411747202, 795233.867519064922817 ], [ 1995091.069289889652282, 795162.573169358074665 ], [ 1994976.447587217902765, 795102.223109131562524 ], [ 1994856.462479051668197, 795053.398542455863208 ], [ 1994732.269487573066726, 795016.569676598533988 ], [ 1994605.064659181050956, 794992.091193670290522 ], [ 1994476.073045910103247, 794980.198834843118675 ], [ 1994346.53690750990063, 794981.00713003356941 ], [ 1994217.703747805207968, 794994.508294917060994 ], [ 1994090.814300551079214, 795020.572305895271711 ], [ 1993967.090580489486456, 795058.948152294382453 ], [ 1993847.724114678800106, 795109.266253735288046 ], [ 1993749.222551629180089, 795162.709327057935297 ] ] ] } },
{ "type": "Feature", "properties": { "FID": 53, "FeatureTyp": "Bike Lane", "Label": "Eastowne Drive", "Fr_St": "Fordham Boulevard", "To_St": "UNC Healthcare Driveway", "Notes": " ", "Shape_Leng": 491.25792760899998, "GlobalID": "8eac84db-efcc-49bd-b69f-004e41da03eb" }, "geometry": { "type": "Polygon", "coordinates": [ [ [ 1996665.414984320988879, 799140.522503527230583 ], [ 1996663.54580489336513, 799143.754371265880764 ], [ 1996621.603303483454511, 799216.511443595867604 ], [ 1996593.036709520500153, 799268.754479003488086 ], [ 1996568.213924510404468, 799316.688438248471357 ], [ 1996546.009064646670595, 799361.637449120986275 ], [ 1996529.256680329330266, 799397.23599826078862 ], [ 1996516.892785649513826, 799422.614781470387243 ], [ 1996506.309929756447673, 799444.862662401166745 ], [ 1996495.182327346410602, 799468.82980607112404 ], [ 1996482.033806843217462, 799498.074500243412331 ], [ 1996458.01318558328785, 799553.284035499440506 ], [ 1996403.65967489941977, 799702.02050045854412 ], [ 1996386.540614649420604, 799759.316645704559051 ], [ 1996362.890261600492522, 799850.123046821798198 ], [ 1996353.902418690500781, 799890.460236480808817 ], [ 1996331.967738874722272, 800018.128299496253021 ], [ 1996322.652338985586539, 800147.331580482539721 ], [ 1996326.04593141679652, 800276.825781214283779 ], [ 1996342.115834017749876, 800405.363801749539562 ], [ 1996370.707284841686487, 800531.707750684581697 ], [ 1996411.544932587770745, 800654.640866724541411 ], [ 1996464.235488383797929, 800772.979236759943888 ], [ 1996528.271513374056667, 800885.583197596832179 ], [ 1996603.036305632209405, 800991.368311536964029 ], [ 1996687.809839338297024, 801089.315810104948469 ], [ 1996781.775699020596221, 801178.482405346119776 ], [ 1996884.028942083474249, 801258.00937420479022 ], [ 1996993.584813898894936, 801327.130828497000039 ], [ 1997109.388231532182544, 801385.181090832338668 ], [ 1997230.32394476654008, 801431.601105451001786 ], [ 1997355.227276573888958, 801465.943822236382402 ], [ 1997482.895339589100331, 801487.878502052277327 ], [ 1997612.098620575619861, 801497.193901941296645 ], [ 1997741.592821307247505, 801493.800309510319494 ], [ 1997870.130841842386872, 801477.730406909366138 ], [ 1997996.474790777545422, 801449.138956085313112 ], [ 1998119.407906817505136, 801408.301308339345269 ], [ 1998237.746276852907613, 801355.61075254320167 ], [ 1998350.350237689912319, 801291.574727552826516 ], [ 1998456.135351629927754, 801216.809935294673778 ], [ 1998554.082850198028609, 801132.036401588702574 ], [ 1998643.249445439083502, 801038.070541906403378 ], [ 1998722.776414297753945, 800935.81729884352535 ], [ 1998791.897868589963764, 800826.261427027988248 ], [ 1998849.948130925418809, 800710.458009394817054 ], [ 1998896.368145543849096, 800589.522296160343103 ], [ 1998911.164700623136014, 800535.707711828057654 ], [ 1998914.183917693328112, 800529.402653553988785 ], [ 1998923.850127299549058, 800508.862112509552389 ], [ 1998949.788711839122698, 800463.866811608895659 ], [ 1998989.08207135903649, 800396.148557243752293 ], [ 1999048.518727283924818, 800281.050562364631332 ], [ 1999096.387603149050847, 800160.680984745849855 ], [ 1999132.227695512352511, 800036.199049220536835 ], [ 1999155.693844691617414, 799908.803584876586683 ], [ 1999166.560058842878789, 799779.721479677013122 ], [ 1999164.721690383739769, 799650.195864858455025 ], [ 1999150.196443806868047, 799521.474142897408456 ], [ 1999123.124205177882686, 799394.795974342850968 ], [ 1999083.765694953268394, 799271.381339207291603 ], [ 1999032.499957102583721, 799152.418787892442197 ], [ 1998969.82070870581083, 799039.053994798916392 ], [ 1998896.331585188861936, 798932.378724855720066 ], [ 1998812.740326984552667, 798833.420319227152504 ], [ 1998719.851963605033234, 798743.131801455514506 ], [ 1998618.561060767620802, 798662.382699323585257 ], [ 1998509.843105237931013, 798591.950670826947317 ], [ 1998394.745110358810052, 798532.514014902058989 ], [ 1998274.375532740028575, 798484.645139036816545 ], [ 1998149.893597214482725, 798448.805046673747711 ], [ 1998022.498132870532572, 798425.338897494249977 ], [ 1997893.416027670959011, 798414.472683342988603 ], [ 1997763.890412852400914, 798416.311051802360453 ], [ 1997635.16869089147076, 798430.836298378999345 ], [ 1997508.490522336913273, 798457.908537008217536 ], [ 1997385.075887201353908, 798497.267047232598998 ], [ 1997266.113335886504501, 798548.532785083400086 ], [ 1997152.748542792862281, 798611.212033480289392 ], [ 1997046.073272849898785, 798684.701156997121871 ], [ 1996947.114867221098393, 798768.29241520143114 ], [ 1996856.82634944957681, 798861.180778580950573 ], [ 1996776.077247317647561, 798962.471681418363005 ], [ 1996705.645218821009621, 799071.189636948169209 ], [ 1996665.414984320988879, 799140.522503527230583 ] ] ] } },
{ "type": "Feature", "properties": { "FID": 54, "FeatureTyp": "Bike Lane", "Label": "Eastowne Drive", "Fr_St": "UNC Healthcare Driveway", "To_St": "Fordham Boulevard", "Notes": " ", "Shape_Leng": 533.22698842900002, "GlobalID": "4c28034b-393b-452d-a7b2-fdbf10ac33e5" }, "geometry": { "type": "Polygon", "coordinates": [ [ [ 1996593.548538486706093, 799164.576434475835413 ], [ 1996560.071045701391995, 799226.544864444993436 ], [ 1996531.735029375879094, 799278.359551420202479 ], [ 1996476.593442569253966, 799391.739156423369423 ], [ 1996450.91468814923428, 799451.656687511363998 ], [ 1996414.176501012872905, 799547.513176397187635 ], [ 1996397.913082102779299, 799595.447135642170906 ], [ 1996376.250776239903644, 799665.658384789596312 ], [ 1996369.107143350876868, 799691.32750698341988 ], [ 1996358.212434016168118, 799724.0119690670399 ], [ 1996322.894392082933336, 799850.680677252588794 ], [ 1996313.532206082949415, 799892.141224252525717 ], [ 1996291.233964242739603, 800019.746290388400666 ], [ 1996281.550578205613419, 800148.922513152472675 ], [ 1996284.575304273283109, 800278.425854904460721 ], [ 1996300.27901267958805, 800407.00912766973488 ], [ 1996328.510468128370121, 800533.43400424066931 ], [ 1996368.997786270687357, 800656.482943944982253 ], [ 1996421.351052100304514, 800774.970918228034861 ], [ 1996485.066075048176572, 800887.756823125295341 ], [ 1996559.529244612669572, 800993.754468717728741 ], [ 1996644.023439765674993, 801091.943039733800106 ], [ 1996737.734935218468308, 801181.376926559372805 ], [ 1996839.761238041799515, 801261.194831974920817 ], [ 1996949.11977916629985, 801330.628065918223001 ], [ 1997064.757376059656963, 801389.007948390557431 ], [ 1997185.56037544971332, 801435.772249209694564 ], [ 1997310.365378414513543, 801470.470602595130913 ], [ 1997437.970444550504908, 801492.76884443545714 ], [ 1997567.146667314693332, 801502.452230472350493 ], [ 1997696.650009066564962, 801499.427504404913634 ], [ 1997825.233281831722707, 801483.723795998492278 ], [ 1997951.658158402657136, 801455.492340549710207 ], [ 1998074.707098107086495, 801415.005022407276556 ], [ 1998193.195072390139103, 801362.651756577659398 ], [ 1998305.980977287515998, 801298.936733630020171 ], [ 1998411.978622879832983, 801224.47356406529434 ], [ 1998510.167193895904347, 801139.979368912405334 ], [ 1998599.601080721477047, 801046.267873459612019 ], [ 1998679.418986137025058, 800944.241570636280812 ], [ 1998748.852220080327243, 800834.883029511664063 ], [ 1998807.232102552661672, 800719.245432618423365 ], [ 1998853.996403371915221, 800598.442433228367008 ], [ 1998876.396703896578401, 800517.871763423201628 ], [ 1998884.137808153871447, 800494.648213275009766 ], [ 1998895.238991838414222, 800458.322554516489618 ], [ 1998921.416594713926315, 800409.866567655350082 ], [ 1998931.551091111730784, 800390.733547947485931 ], [ 1998977.773111521732062, 800301.713056689477526 ], [ 1999031.75336886709556, 800183.957393090473488 ], [ 1999073.931623115669936, 800061.47776473837439 ], [ 1999103.901674621738493, 799935.453717408236116 ], [ 1999121.374895405955613, 799807.098931567859836 ], [ 1999126.183008800726384, 799677.649533970514312 ], [ 1999118.279710045317188, 799548.352193079423159 ], [ 1999097.741112227318808, 799420.452112968428992 ], [ 1999064.765013271011412, 799295.1810413262574 ], [ 1999019.668991036247462, 799173.745407053153031 ], [ 1998962.887344868853688, 799057.314701690454967 ], [ 1998894.966913061682135, 798947.010216578375548 ], [ 1998816.561806501820683, 798843.894244206952862 ], [ 1998728.427109226351604, 798748.959847759339027 ], [ 1998631.411606549285352, 798663.12129736947827 ], [ 1998526.449610795360059, 798587.205265201977454 ], [ 1998414.551963361678645, 798521.942864146316424 ], [ 1998296.796299762558192, 798467.962606800836511 ], [ 1998174.316671410342678, 798425.78435255237855 ], [ 1998048.29262408032082, 798395.814301046309993 ], [ 1997919.937838239828125, 798378.341080261976458 ], [ 1997790.488440642599016, 798373.532966867322102 ], [ 1997661.191099751507863, 798381.436265622731298 ], [ 1997533.29101964039728, 798401.974863440846093 ], [ 1997408.01994799845852, 798434.950962397037074 ], [ 1997286.584313725121319, 798480.046984631801024 ], [ 1997170.153608362423256, 798536.828630799194798 ], [ 1997059.849123250460252, 798604.749062606366351 ], [ 1996956.733150879153982, 798683.154169166111387 ], [ 1996861.798754431307316, 798771.288866441580467 ], [ 1996775.960204041562974, 798868.304369118763134 ], [ 1996700.044171873945743, 798973.266364872804843 ], [ 1996634.781770818401128, 799085.164012306486256 ], [ 1996593.548538486706093, 799164.576434475835413 ] ] ] } },
{ "type": "Feature", "properties": { "FID": 55, "FeatureTyp": "Bike Lane", "Label": "Westminster Drive", "Fr_St": "Martin Luther King Jr. Boulevard", "To_St": "Saluda Court", "Notes": " ", "Shape_Leng": 1547.3376645799999, "GlobalID": "72f35664-68d9-4bf5-8696-775a2f13d566" }, "geometry": { "type": "Polygon", "coordinates": [ [ [ 1983352.634386356221512, 803466.597510867752135 ], [ 1983330.251419240608811, 803462.542472740984522 ], [ 1983201.808087643468753, 803445.732503645238467 ], [ 1983072.335580695653334, 803441.593127202941105 ], [ 1982943.080789415398613, 803450.164207872003317 ], [ 1982815.288508100667968, 803471.363201459986158 ], [ 1982690.189446279313415, 803504.985950070316903 ], [ 1982568.98837630241178, 803550.708648253697902 ], [ 1982452.852530729025602, 803608.090961431968026 ], [ 1982342.900361238513142, 803676.580266561126336 ], [ 1982240.19076732895337, 803755.51697419246193 ], [ 1982145.712898536585271, 803844.140880680293776 ], [ 1982060.376628384692594, 803941.598489358555526 ], [ 1981985.003791804192588, 804046.951230179867707 ], [ 1981920.320270414697006, 804159.184498658403754 ], [ 1981866.949001886416227, 804277.2174270657124 ], [ 1981825.403980711242184, 804399.913293778081425 ], [ 1981796.08530815388076, 804526.090470526483841 ], [ 1981779.275339058367535, 804654.533802123391069 ], [ 1981775.135962615953758, 804784.006309071439318 ], [ 1981783.70704328501597, 804913.26110035169404 ], [ 1981804.906036873115227, 805041.053381666191854 ], [ 1981838.528785483445972, 805166.152443487662822 ], [ 1981884.251483666710556, 805287.353513464680873 ], [ 1981941.633796845097095, 805403.489359037950635 ], [ 1982010.12310197413899, 805513.441528528463095 ], [ 1982089.059809605358168, 805616.151122438022867 ], [ 1982177.683716093422845, 805710.628991230390966 ], [ 1982275.141324771568179, 805795.965261382283643 ], [ 1982380.494065592763945, 805871.338097962667234 ], [ 1982492.727334071416408, 805936.021619352279231 ], [ 1982610.760262478841469, 805989.392887880443595 ], [ 1982733.456129190977663, 806030.937909055617638 ], [ 1982859.63330593938008, 806060.256581612979062 ], [ 1983019.799741519149393, 806089.273333483142778 ], [ 1983174.448450790252537, 806117.989293023827486 ], [ 1983423.873060138430446, 806164.216610492439941 ], [ 1983577.322700207354501, 806194.408573906170204 ], [ 1983613.323189231799915, 806201.493195784161799 ], [ 1983613.383834501961246, 806201.185026990249753 ], [ 1983663.205798229435459, 806211.558068534242921 ], [ 1983763.237578427419066, 806224.517557639745064 ], [ 1983777.094834177289158, 806225.776741463690996 ], [ 1983824.884860725374892, 806228.036519359215163 ], [ 1983824.864267015829682, 806228.346238529193215 ], [ 1983844.34946426586248, 806229.641839614138007 ], [ 1983858.509454190963879, 806229.626476899604313 ], [ 1983891.425274933921173, 806231.182919728802517 ], [ 1983907.31631926400587, 806231.244599404861219 ], [ 1983907.322805420262739, 806229.57351742812898 ], [ 1984022.358133680419996, 806229.448711201315746 ], [ 1984061.930889180395752, 806226.731196939363144 ], [ 1984173.50268757971935, 806214.284231804893352 ], [ 1984283.613335885573179, 806192.401858332799748 ], [ 1984294.193940240889788, 806189.345047407783568 ], [ 1984295.530351934954524, 806189.0753939144779 ], [ 1984308.259001014754176, 806186.189572914503515 ], [ 1984415.963541837641969, 806156.932946908520535 ], [ 1984443.005482517648488, 806148.344381409464404 ], [ 1984502.958011673297733, 806127.705570381716825 ], [ 1984528.066885333508253, 806118.381442051730119 ], [ 1984664.579503966961056, 806058.719510265626013 ], [ 1984694.755952796898782, 806043.448215344687924 ], [ 1984761.238986535463482, 806007.374499390949495 ], [ 1984786.864263365510851, 805992.504450390930288 ], [ 1984796.672983770491555, 805986.811970530310646 ], [ 1984932.5940542134922, 805896.247176731703803 ], [ 1984933.222005723509938, 805895.770143563626334 ], [ 1984952.428532910533249, 805881.172524180961773 ], [ 1985006.569814902264625, 805837.730650778627023 ], [ 1985018.262704892316833, 805827.83204851555638 ], [ 1985032.315857690293342, 805815.765089855529368 ], [ 1985039.186578860273585, 805809.781177939614281 ], [ 1985089.401647708378732, 805760.101850096252747 ], [ 1985168.333254433935508, 805683.880879030912183 ], [ 1985257.182601921027526, 805577.98737325752154 ], [ 1985267.062175340950489, 805564.875194752472453 ], [ 1985299.972454603761435, 805519.201804781914689 ], [ 1985320.080025933915749, 805490.00304428790696 ], [ 1985390.99609516444616, 805374.801789912278764 ], [ 1985402.795284164370969, 805353.230966913281009 ], [ 1985464.963518580887467, 805223.176122840144671 ], [ 1985471.385324470466003, 805204.826478268252686 ], [ 1985486.193491595331579, 805169.139863273943774 ], [ 1985493.214474915293977, 805151.137274615000933 ], [ 1985518.718198620714247, 805078.556752785923891 ], [ 1985518.766750254202634, 805078.573269987595268 ], [ 1985520.419777578208596, 805073.714264289243147 ], [ 1985522.918647795682773, 805066.602781022433192 ], [ 1985523.859751750016585, 805063.602601970778778 ], [ 1985527.811351594282314, 805051.987037071608938 ], [ 1985560.49672419205308, 804939.869219964835793 ], [ 1985583.144429025705904, 804825.301249046227895 ], [ 1985595.577189852949232, 804709.179911847342737 ], [ 1985598.310124012874439, 804665.446403514361009 ], [ 1985600.26743117463775, 804623.32730714941863 ], [ 1985600.458792320452631, 804617.047962075914256 ], [ 1985601.009176723891869, 804605.649522273568437 ], [ 1985596.664861476514488, 804417.528290019952692 ], [ 1985595.475231306394562, 804404.967291520908475 ], [ 1985591.768314214656129, 804370.621262464555912 ], [ 1985590.817657522158697, 804362.77667027618736 ], [ 1985581.482015816029161, 804275.184965437860228 ], [ 1985561.449539801804349, 804147.204637271817774 ], [ 1985528.969259849749506, 804021.804095379193313 ], [ 1985484.353978811297566, 803900.191015529213473 ], [ 1985428.033366231946275, 803783.536598161444999 ], [ 1985360.549820399144664, 803672.964289084658958 ], [ 1985282.553244749316946, 803569.538960080477409 ], [ 1985194.794788943137974, 803474.256653605261818 ], [ 1985098.119614883791655, 803388.034990356769413 ], [ 1984993.458757345564663, 803311.704332085791975 ], [ 1984881.820157599868253, 803245.999784757965244 ], [ 1984764.278956390218809, 803191.554119081934914 ], [ 1984641.967139738844708, 803148.891676580999047 ], [ 1984516.062637302326038, 803118.423319898429327 ], [ 1984387.777978265658021, 803100.442475964431651 ], [ 1984258.348614022834226, 803095.122310135629959 ], [ 1984129.021020104875788, 803102.514058517175727 ], [ 1984001.040691938949749, 803122.546534531400539 ], [ 1983875.640150046441704, 803155.026814483455382 ], [ 1983754.027070196345448, 803199.642095521907322 ], [ 1983637.372652828460559, 803255.962708101025783 ], [ 1983526.800343751907349, 803323.446253933943808 ], [ 1983423.3750147477258, 803401.442829583771527 ], [ 1983352.634386356221512, 803466.597510867752135 ] ] ] } },
{ "type": "Feature", "properties": { "FID": 56, "FeatureTyp": "Paved Greenway", "Label": "Fan Branch Trail", "Fr_St": " ", "To_St": " ", "Notes": " ", "Shape_Leng": 1334.6565252, "GlobalID": "3e0175fa-e9a4-4e5a-9522-98fd5e5868b0" }, "geometry": { "type": "Polygon", "coordinates": [ [ [ 1978178.399168499978259, 773331.116344484034926 ], [ 1978192.442187685519457, 773378.314799284678884 ], [ 1978214.207892185542732, 773446.770699118729681 ], [ 1978267.237240752670914, 773585.856270486605354 ], [ 1978335.58868258795701, 773718.087085243547335 ], [ 1978373.712496991967782, 773775.037093668128364 ], [ 1978368.860030906507745, 773808.241891949204728 ], [ 1978362.782295507146046, 773937.63789507583715 ], [ 1978369.416852261405438, 774067.006543323397636 ], [ 1978388.69980676099658, 774195.101945889182389 ], [ 1978420.445453612832353, 774320.690474022412673 ], [ 1978464.348064884077758, 774442.562641543569043 ], [ 1978519.984834428410977, 774559.544752857182175 ], [ 1978586.819949741009623, 774670.51020628248807 ], [ 1978664.209752125665545, 774774.390343843027949 ], [ 1978751.408935479586944, 774870.184743027552031 ], [ 1978847.577723999507725, 774956.970851405174471 ], [ 1978951.789959680754691, 775033.912871310370974 ], [ 1979063.042021725093946, 775100.269809030462056 ], [ 1979180.262491958914325, 775155.402610980789177 ], [ 1979302.322473174426705, 775198.780318140168674 ], [ 1979428.046461027814075, 775229.985179475625046 ], [ 1979556.223664788296446, 775248.716675114468671 ], [ 1979685.619667914928868, 775254.794410513946787 ], [ 1979814.988316162489355, 775248.159853759687394 ], [ 1979942.107849630760029, 775229.023802576120943 ], [ 1980039.67657748865895, 775214.985392283881083 ], [ 1980149.011113157495856, 775189.621051757130772 ], [ 1980163.723354077432305, 775185.541663586162031 ], [ 1980270.524556828197092, 775150.974643073859625 ], [ 1980374.002555475570261, 775107.458213853649795 ], [ 1980387.811582965543494, 775100.94674393767491 ], [ 1980487.200357387773693, 775048.805862867506221 ], [ 1980581.800495230359957, 774988.410383897018619 ], [ 1980594.308016150491312, 774979.655152069986798 ], [ 1980683.440872542792931, 774911.4373047221452 ], [ 1980766.456033891066909, 774835.893782354192808 ], [ 1980777.300828471081331, 774825.147412768215872 ], [ 1980853.600833858828992, 774742.821165700210258 ], [ 1980922.630668903468177, 774654.310241785598919 ], [ 1980931.499417573446408, 774641.883101281593554 ], [ 1980942.442615723237395, 774626.313016296830028 ], [ 1980954.302172053139657, 774609.177879960858263 ], [ 1981037.520542691927403, 774471.76337889675051 ], [ 1981047.210483951959759, 774453.314924978651106 ], [ 1981113.110425505321473, 774306.833377249771729 ], [ 1981120.488035405287519, 774287.344242997816764 ], [ 1981168.111833213828504, 774133.930148696876131 ], [ 1981173.067531973822042, 774113.689047446940094 ], [ 1981201.703831922728568, 773955.625226649572141 ], [ 1981204.164128842763603, 773934.932354661519639 ], [ 1981213.388568665832281, 773774.577772247372195 ], [ 1981213.31737457588315, 773753.739231246407144 ], [ 1981202.994577730074525, 773593.428420913871378 ], [ 1981200.392548809992149, 773572.752609235816635 ], [ 1981170.670484039466828, 773414.874248113133945 ], [ 1981165.57600604952313, 773394.667595620150678 ], [ 1981116.907341077690944, 773241.601202207268216 ], [ 1981109.39652932761237, 773222.163248959230259 ], [ 1981063.891004001256078, 773117.978681438369676 ], [ 1981017.800695118959993, 773033.20010997261852 ], [ 1981014.587440646020696, 773020.38702583045233 ], [ 1981008.256088486174121, 773000.114100498496555 ], [ 1980996.289331984473392, 772968.293558943201788 ], [ 1980993.096738891908899, 772955.112109857029282 ], [ 1980954.131073357071728, 772840.98669118701946 ], [ 1980904.912502689287066, 772730.893700589891523 ], [ 1980854.16785350907594, 772630.024807845824398 ], [ 1980785.038584123365581, 772508.987246962497011 ], [ 1980703.531383807072416, 772395.914158532978036 ], [ 1980610.55511337146163, 772292.066384525503963 ], [ 1980590.68679328658618, 772274.10866655188147 ], [ 1980542.218660423066467, 772188.66125351714436 ], [ 1980467.570368261775002, 772082.793897971860133 ], [ 1980382.904712586198002, 771984.753134808153845 ], [ 1980289.037069942802191, 771895.483150169719011 ], [ 1980186.871437044115737, 771815.843662808765657 ], [ 1980077.391724783927202, 771746.601644523791037 ], [ 1979961.652282639406621, 771688.423933802521788 ], [ 1979840.767744707642123, 771641.870813802233897 ], [ 1979715.902295171283185, 771607.39061651728116 ], [ 1979588.258456567768008, 771585.315405096043833 ], [ 1979459.065508840139955, 771575.857775892131031 ], [ 1979329.567650698823854, 771579.108811045065522 ], [ 1979201.012017308734357, 771595.037201308761723 ], [ 1979074.636669694911689, 771623.489547577919438 ], [ 1978951.658671538811177, 771664.191838204162195 ], [ 1978833.262368188938126, 771716.752087878761813 ], [ 1978720.587980769108981, 771780.66411266499199 ], [ 1978614.720625223824754, 771855.312404826050624 ], [ 1978516.679862060118467, 771939.978060501860455 ], [ 1978427.409877421800047, 772033.845703145023435 ], [ 1978347.770390060730278, 772136.011336043826304 ], [ 1978278.528371775755659, 772245.491048303898424 ], [ 1978220.350661054486409, 772361.230490448651835 ], [ 1978173.797541054198518, 772482.115028380416334 ], [ 1978139.317343769129366, 772606.980477916658856 ], [ 1978117.242132348008454, 772734.624316520174034 ], [ 1978107.784503144212067, 772863.817264247918501 ], [ 1978111.035538296913728, 772993.315122389118187 ], [ 1978126.963928560726345, 773121.870755779207684 ], [ 1978155.416274830000475, 773248.246103393030353 ], [ 1978178.399168499978259, 773331.116344484034926 ] ] ] } },
{ "type": "Feature", "properties": { "FID": 57, "FeatureTyp": "Paved Greenway", "Label": "Sedgefield/Weaver Dairy Connector", "Fr_St": " ", "To_St": " ", "Notes": " ", "Shape_Leng": 1347.5473834300001, "GlobalID": "2c36da66-a281-42a6-8dba-46afac79909f" }, "geometry": { "type": "Polygon", "coordinates": [ [ [ 1992070.92360069626011, 802821.332426266511902 ], [ 1992072.522264637053013, 802893.760111453360878 ], [ 1992088.060969840502366, 803022.363428414217196 ], [ 1992116.130181296728551, 803148.824425804545172 ], [ 1992156.459577155066654, 803271.925215088878758 ], [ 1992208.660763287218288, 803390.480268372688442 ], [ 1992272.231013734592125, 803503.347835684078746 ], [ 1992346.558112234342843, 803609.440940650179982 ], [ 1992430.926248196512461, 803707.737848673714325 ], [ 1992524.522910351632163, 803797.291906795930117 ], [ 1992626.446711677825078, 803877.240660481736995 ], [ 1992735.71607025153935, 803946.814159528817981 ], [ 1992851.278662416385487, 804005.342373108607717 ], [ 1992972.021557237254456, 804052.261642529629171 ], [ 1993096.781934632221237, 804087.12010957847815 ], [ 1993224.358283966081217, 804109.582068162038922 ], [ 1993353.521975254174322, 804119.431197340134531 ], [ 1993483.029091541422531, 804116.572644614730962 ], [ 1993611.632408502278849, 804101.033939411281608 ], [ 1993738.093405892606825, 804072.964727955171838 ], [ 1993861.194195176940411, 804032.635332096833736 ], [ 1993979.74924846063368, 803980.434145964682102 ], [ 1994092.616815772140399, 803916.86389551742468 ], [ 1994198.70992073812522, 803842.536797017673962 ], [ 1994297.006828761659563, 803758.168661055387929 ], [ 1994386.560886883875355, 803664.571998900268227 ], [ 1994466.509640569565818, 803562.648197573958896 ], [ 1994536.083139616763219, 803453.378839000477456 ], [ 1994594.61135319666937, 803337.816246835514903 ], [ 1994641.530622617574409, 803217.073352014529519 ], [ 1994676.389089666306973, 803092.312974619562738 ], [ 1994687.987692487891763, 803026.436822286807001 ], [ 1994722.298720674822107, 802970.957160428864881 ], [ 1994779.307023858884349, 802854.63726591039449 ], [ 1994824.639473056886345, 802733.289692624239251 ], [ 1994857.85949200228788, 802608.083084036712535 ], [ 1994878.647153752157465, 802480.223248233203776 ], [ 1994886.80226176045835, 802350.941545327892527 ], [ 1994882.24627787899226, 802221.483028792310506 ], [ 1994865.023078722879291, 802093.094454909791239 ], [ 1994835.298533115535975, 801967.012275831424631 ], [ 1994793.358904680004343, 801844.45073186501395 ], [ 1994739.608094964642078, 801726.590157678117976 ], [ 1994674.563753650290892, 801614.565615029190667 ], [ 1994598.852293300675228, 801509.455961502739228 ], [ 1994513.202856666874141, 801412.273460521013476 ], [ 1994456.329343850724399, 801359.266914441599511 ], [ 1994434.889244845602661, 801291.443491726531647 ], [ 1994383.925870871404186, 801172.351094799232669 ], [ 1994321.534803290851414, 801058.827444492839277 ], [ 1994248.316902191145346, 800951.965835618204437 ], [ 1994164.977295984746888, 800852.795403885189444 ], [ 1994072.3185906377621, 800762.271214763633907 ], [ 1993971.233140134718269, 800681.265065680257976 ], [ 1993862.694452622905374, 800610.557090133079328 ], [ 1993747.747814996633679, 800550.828244579723105 ], [ 1993627.500226212432608, 800502.653750453842804 ], [ 1993503.10973628400825, 800466.497554468805902 ], [ 1993375.774293628288433, 800442.707860556896776 ], [ 1993246.720208166865632, 800431.513776475330815 ], [ 1993117.190341290552169, 800433.023107372922823 ], [ 1992988.432136425981298, 800447.221317568211816 ], [ 1992861.68560547195375, 800473.971670535509475 ], [ 1992738.171386808622628, 800513.01654575241264 ], [ 1992619.07898988132365, 800563.979919726611115 ], [ 1992505.555339574813843, 800626.370987307047471 ], [ 1992398.693730700295419, 800699.58888840675354 ], [ 1992299.52329896739684, 800782.928494613151997 ], [ 1992208.999109845608473, 800875.587199960253201 ], [ 1992127.992960762232542, 800976.672650463413447 ], [ 1992057.284985215170309, 801085.211337974993512 ], [ 1991997.556139661930501, 801200.157975601381622 ], [ 1991949.3816455360502, 801320.405564385699108 ], [ 1991913.225449550896883, 801444.796054314007051 ], [ 1991889.435755639104173, 801572.131496969610453 ], [ 1991878.241671557305381, 801701.185582431149669 ], [ 1991876.106177147245035, 801758.203513013198972 ], [ 1991875.190853777807206, 801812.616272321669385 ], [ 1991875.407388777704909, 801869.673900983645581 ], [ 1991876.736052807187662, 801924.086526983068325 ], [ 1991879.304617227287963, 801981.086741068051197 ], [ 1991882.874905980192125, 802035.393505933345295 ], [ 1991887.790906640235335, 802092.239192771376111 ], [ 1991893.596122891642153, 802146.347583630704321 ], [ 1991900.85102963168174, 802202.942614787723869 ], [ 1991908.882567015709355, 802256.771801205584779 ], [ 1991918.464240775676444, 802313.019392134621739 ], [ 1991928.708549406379461, 802366.47471500467509 ], [ 1991940.600914076436311, 802422.279721493599936 ], [ 1991953.037950350437313, 802475.258554652798921 ], [ 1991967.220336680300534, 802530.525832578772679 ], [ 1991981.83343488490209, 802582.956845249747857 ], [ 1991998.282220874913037, 802637.592562746838666 ], [ 1992045.759063399629667, 802769.4748177457368 ], [ 1992070.92360069626011, 802821.332426266511902 ] ] ] } },
{ "type": "Feature", "properties": { "FID": 58, "FeatureTyp": "Paved Greenway", "Label": "Fordham Sidepath", "Fr_St": "Ephesus Church Road", "To_St": "Novus Lane", "Notes": " ", "Shape_Leng": 1349.1163650200001, "GlobalID": "00abaa29-91ba-4a7a-b196-e9f40fd5a890" }, "geometry": { "type": "Polygon", "coordinates": [ [ [ 1991867.477667876519263, 796208.961866359575652 ], [ 1991868.465681333327666, 796227.321183651452884 ], [ 1991886.853197217918932, 796350.516026233904995 ], [ 1991916.770968463271856, 796471.4292055942351 ], [ 1991957.189452185761184, 796606.993172133108601 ], [ 1991984.096358786104247, 796707.541468497365713 ], [ 1992022.967016865964979, 796828.975502410205081 ], [ 1992031.728844109922647, 796849.333668207167648 ], [ 1992054.817931439960375, 796933.869632776011713 ], [ 1992101.614294306607917, 797056.047710502636619 ], [ 1992160.275742364581674, 797172.993068539071828 ], [ 1992203.476115284487605, 797249.412863203091547 ], [ 1992229.087488272925839, 797289.938379474449903 ], [ 1992239.727556661469862, 797308.495792885427363 ], [ 1992291.806520741665736, 797389.802060728427023 ], [ 1992370.185434671817347, 797499.415817605098709 ], [ 1992459.33135382970795, 797600.467462534783408 ], [ 1992558.315243596676737, 797691.903885321691632 ], [ 1992811.307847856543958, 797902.722361312713474 ], [ 1992914.773029600968584, 797980.666063170647249 ], [ 1993025.379816978238523, 798048.093083561747335 ], [ 1993142.063006161944941, 798104.354063420323655 ], [ 1993263.698874254943803, 798148.907178754801862 ], [ 1993389.116001354297623, 798181.323358709341846 ], [ 1993517.106551966397092, 798201.290417750482447 ], [ 1993646.437907121842727, 798208.616062184679322 ], [ 1993775.864535170840099, 798203.229742051335052 ], [ 1993904.139986933674663, 798185.183330557658337 ], [ 1994030.028899687109515, 798154.650624511763453 ], [ 1994152.318894383497536, 798111.925670563592575 ], [ 1994269.83225152362138, 798057.419933375553228 ], [ 1994381.437253238633275, 797991.658332992694341 ], [ 1994486.059082352556288, 797915.274189575458877 ], [ 1994582.690173459006473, 797829.003124180948362 ], [ 1994670.399916326627135, 797733.675974329351448 ], [ 1994748.34361818456091, 797630.210792584926821 ], [ 1994815.770638575777411, 797519.604005207773298 ], [ 1994872.031618434237316, 797402.92081602406688 ], [ 1994916.584733768599108, 797281.284947931068018 ], [ 1994949.000913723139092, 797155.867820831597783 ], [ 1994968.967972764512524, 797027.877270219614729 ], [ 1994976.293617198476568, 796898.545915064169094 ], [ 1994970.907297065248713, 796769.119287015055306 ], [ 1994952.860885571688414, 796640.843835252337158 ], [ 1994922.328179525677115, 796514.954922498902306 ], [ 1994879.603225577622652, 796392.66492780239787 ], [ 1994825.097488389583305, 796275.151570662390441 ], [ 1994759.335888006491587, 796163.546568947494961 ], [ 1994682.951744589256123, 796058.924739833455533 ], [ 1994596.680679194862023, 795962.293648727005348 ], [ 1994558.696504972409457, 795927.344715927960351 ], [ 1994548.080334045225754, 795825.345051871263422 ], [ 1994521.279128010151908, 795695.781783238518983 ], [ 1994481.642482139868662, 795569.552303607692011 ], [ 1994429.568604259286076, 795447.924771912628785 ], [ 1994392.908294903114438, 795381.577939418610185 ], [ 1994356.119814204284921, 795295.213039707159624 ], [ 1994289.439552404452115, 795175.106201698305085 ], [ 1994237.332701244624332, 795091.784846028196625 ], [ 1994163.34158466081135, 794985.457148980931379 ], [ 1994079.28481872449629, 794886.893846514518373 ], [ 1993985.971916042035446, 794797.044157112133689 ], [ 1993884.301530876429752, 794716.773382399347611 ], [ 1993775.252804615069181, 794646.854573817225173 ], [ 1993659.875936104450375, 794587.961087713832967 ], [ 1993539.282067659543827, 794540.660100554930978 ], [ 1993414.632584156701341, 794505.407146704033948 ], [ 1993287.127928262576461, 794482.541731378179975 ], [ 1993157.996039514429867, 794472.284061026177369 ], [ 1993028.48052859143354, 794474.732922621187754 ], [ 1992899.828700664453208, 794489.864732287125662 ], [ 1992773.27954316441901, 794517.533762425300665 ], [ 1992650.051793657243252, 794557.473545149783604 ], [ 1992531.332202733261511, 794609.299438519869 ], [ 1992418.26410495233722, 794672.512330851284787 ], [ 1992311.936407905071974, 794746.5034474353306 ], [ 1992213.373105438658968, 794830.560213371529244 ], [ 1992123.523416036274284, 794923.873116053990088 ], [ 1992043.252641323488206, 795025.543501219712198 ], [ 1991973.333832741482183, 795134.592227480839938 ], [ 1991914.440346637973562, 795249.969095991458744 ], [ 1991867.139359479071572, 795370.562964436481707 ], [ 1991831.886405628174543, 795495.212447939207777 ], [ 1991809.02099030232057, 795622.717103833449073 ], [ 1991798.763319950317964, 795751.848992581712082 ], [ 1991801.212181545328349, 795881.364503504591994 ], [ 1991816.343991211382672, 796010.016331431572326 ], [ 1991844.01302134944126, 796136.565488931490108 ], [ 1991867.477667876519263, 796208.961866359575652 ] ] ] } },
{ "type": "Feature", "properties": { "FID": 59, "FeatureTyp": "Paved Greenway", "Label": "Carolina North Greenway", "Fr_St": " ", "To_St": " ", "Notes": " ", "Shape_Leng": 4684.7931155599999, "GlobalID": "1373e339-9a7b-42d6-bda2-76d551260fd1" }, "geometry": { "type": "Polygon", "coordinates": [ [ [ 1978848.233588488539681, 800904.896536592626944 ], [ 1978823.379656390519813, 801011.093739068252034 ], [ 1978806.365721089532599, 801139.51021191466134 ], [ 1978802.02072797738947, 801268.975981628405862 ], [ 1978810.386521712411195, 801398.244222074048594 ], [ 1978831.382535127690062, 801526.070009430870414 ], [ 1978864.806565136881545, 801651.222311489866115 ], [ 1978910.336720059392974, 801772.495843167067505 ], [ 1978967.534519613953307, 801888.722674057586119 ], [ 1979035.849117723293602, 801998.783476243843324 ], [ 1979114.622607463272288, 802101.618304035509937 ], [ 1979203.09635706548579, 802196.236801825580187 ], [ 1979300.418315956601873, 802281.727741756709293 ], [ 1979405.651220471132547, 802357.267799343215302 ], [ 1979517.781620212132111, 802422.129482536227442 ], [ 1979635.729638133896515, 802475.688137869467027 ], [ 1979758.359370346181095, 802517.427966214017943 ], [ 1979884.489825492259115, 802546.946990205557086 ], [ 1980012.90629833843559, 802563.960925506311469 ], [ 1980142.372068052412942, 802568.305918618687429 ], [ 1980271.640308497939259, 802559.940124883665703 ], [ 1980399.466095854761079, 802538.944111468154006 ], [ 1980524.618397913873196, 802505.520081458962522 ], [ 1980645.891929591074586, 802459.989926536451094 ], [ 1980762.118760481476784, 802402.792126982007176 ], [ 1980872.179562667850405, 802334.477528872550465 ], [ 1980975.014390459284186, 802255.704039132688195 ], [ 1981069.632888249354437, 802167.230289530474693 ], [ 1981155.123828180599958, 802069.90833063935861 ], [ 1981195.108984430786222, 802019.612499480368569 ], [ 1981266.693101929267868, 801920.467196741839871 ], [ 1981328.794918725034222, 801815.122803042759188 ], [ 1981380.881448508705944, 801704.483432345674373 ], [ 1981422.505660762544721, 801589.498642536695115 ], [ 1981453.310317382449284, 801471.15528588462621 ], [ 1981473.031038659857586, 801350.469039421062917 ], [ 1981481.498572308570147, 801228.475687933969311 ], [ 1981489.630887945648283, 800874.362893018405885 ], [ 1981534.772037179209292, 800321.440023254137486 ], [ 1981538.254934935830534, 800165.450070095597766 ], [ 1981529.447590935975313, 800073.939600446727127 ], [ 1981552.117968547623605, 800035.411917968769558 ], [ 1981577.173038872657344, 799990.881538469344378 ], [ 1981612.042719792807475, 799926.000434640329331 ], [ 1981615.349790283478796, 799919.807617958518676 ], [ 1981627.954882851801813, 799896.051513767801225 ], [ 1981649.188970296876505, 799863.615824944921769 ], [ 1981680.672377693699673, 799813.071756540215574 ], [ 1981731.205723932711408, 799727.712655226816423 ], [ 1981803.982606503646821, 799604.940788883715868 ], [ 1981818.214941384503618, 799580.331016025040299 ], [ 1981863.749299144605175, 799499.60184677504003 ], [ 1981917.494363136356696, 799393.390792164253071 ], [ 1981961.452738855266944, 799282.769902504282072 ], [ 1981995.266953680664301, 799168.638754692859948 ], [ 1982013.256621722830459, 799096.048887784825638 ], [ 1982036.341889606788754, 799015.726003943942487 ], [ 1982057.470650188392028, 798956.23752433352638 ], [ 1982087.25926779396832, 798861.124294611858204 ], [ 1982091.356762896990404, 798846.070496875676326 ], [ 1982128.621828523930162, 798714.98567533842288 ], [ 1982137.8773915884085, 798662.177936644875444 ], [ 1982207.551766153424978, 798607.097764700301923 ], [ 1982301.542942447355017, 798516.326131917303428 ], [ 1982331.752199617214501, 798484.112941749277525 ], [ 1982375.262987804599106, 798435.350881618447602 ], [ 1982380.712451964616776, 798428.930618864484131 ], [ 1982459.591778061585501, 798326.176950281718746 ], [ 1982528.019657890545204, 798216.186542723327875 ], [ 1982585.337093562353402, 798100.018663941300474 ], [ 1982630.992086838465184, 797978.792074111872353 ], [ 1982664.544955176301301, 797853.674251564312726 ], [ 1982685.67256611189805, 797725.870149326161481 ], [ 1982694.171449202112854, 797596.610590766882524 ], [ 1982689.959755557123572, 797467.14041609573178 ], [ 1982673.078046089038253, 797338.706493870588019 ], [ 1982643.688900888198987, 797212.545712971361354 ], [ 1982602.075353489257395, 797089.873070684610866 ], [ 1982548.638165101408958, 796971.86997161549516 ], [ 1982483.89196506049484, 796859.672850114875473 ], [ 1982408.460294667398557, 796754.362225796096027 ], [ 1982323.069602142553777, 796656.952297540032305 ], [ 1982228.542246534489095, 796568.381176205351949 ], [ 1982125.78857795172371, 796489.501850108383223 ], [ 1982015.798170393332839, 796421.07397027942352 ], [ 1981899.630291611189023, 796363.756534607615322 ], [ 1981778.403701781760901, 796318.101541331387125 ], [ 1981653.28587923431769, 796284.548672993551008 ], [ 1981525.481776996282861, 796263.421062058070675 ], [ 1981396.222218436887488, 796254.922178967855871 ], [ 1981266.752043765736744, 796259.133872612845153 ], [ 1981138.318121540592983, 796276.015582081046887 ], [ 1981037.633153767324984, 796299.470138372736983 ], [ 1981030.725868194829673, 796299.967184701818042 ], [ 1980904.957574559375644, 796321.364816986955702 ], [ 1980781.842298680450767, 796354.803584856679663 ], [ 1980662.530043671373278, 796399.971141310641542 ], [ 1980615.148248661309481, 796420.578055488644168 ], [ 1980497.842575111659244, 796478.673811747808941 ], [ 1980386.867958053946495, 796548.102712871390395 ], [ 1980283.315784056670964, 796628.181956141488627 ], [ 1980230.162109124474227, 796678.446729851304553 ], [ 1980162.795458517968655, 796728.581708102254197 ], [ 1980076.568805827060714, 796807.534296562429518 ], [ 1980048.990480413427576, 796826.020315580186434 ], [ 1980011.526972673367709, 796853.673803575220518 ], [ 1979929.684924710774794, 796919.587612164323218 ], [ 1979927.733504494419321, 796921.033004758646712 ], [ 1979926.515999924624339, 796922.139795387745835 ], [ 1979924.906211433000863, 796923.436284089460969 ], [ 1979921.258907013572752, 796926.918833852978423 ], [ 1979829.82148334919475, 797010.04138318519108 ], [ 1979741.312789953080937, 797108.405332415364683 ], [ 1979719.018264753045514, 797138.827753128600307 ], [ 1979710.678347855107859, 797148.024833227042109 ], [ 1979633.486370528815314, 797252.052056246786378 ], [ 1979566.862544588977471, 797363.144496627966873 ], [ 1979511.448493899777532, 797480.232273440691642 ], [ 1979467.777886061230674, 797602.18776738725137 ], [ 1979436.271292900200933, 797727.836480393423699 ], [ 1979417.232140131527558, 797855.968346666311845 ], [ 1979410.843785204924643, 797985.349386289832182 ], [ 1979417.167751469882205, 798114.733589125447907 ], [ 1979436.14313567453064, 798242.87491457129363 ], [ 1979467.587194496067241, 798368.539291614084505 ], [ 1979467.711314001353458, 798368.886454706895165 ], [ 1979460.031721096253023, 798381.841639381251298 ], [ 1979424.092892649350688, 798442.547785256057978 ], [ 1979385.959017143119127, 798500.798393987119198 ], [ 1979324.326603316701949, 798605.093156639486551 ], [ 1979284.946067704353482, 798679.311422156170011 ], [ 1979266.674224426737055, 798713.309363335021771 ], [ 1979251.572015218902379, 798733.396142147714272 ], [ 1979188.547374066663906, 798825.017306364490651 ], [ 1979133.458271393552423, 798921.618206419749185 ], [ 1979087.927194483578205, 799009.905431412742473 ], [ 1979040.337177257984877, 799112.807445773505606 ], [ 1979001.752722964156419, 799219.413609694340266 ], [ 1978972.458468003198504, 799328.93749259354081 ], [ 1978953.966897985897958, 799412.257908398518339 ], [ 1978932.3784227182623, 799501.37263360270299 ], [ 1978929.697288868715987, 799512.656450780807063 ], [ 1978905.876142288791016, 799614.905262025771663 ], [ 1978883.623676609015092, 799735.543704088195227 ], [ 1978872.666672246996313, 799857.726968030096032 ], [ 1978872.930055675795302, 799932.330245258519426 ], [ 1978871.432928007794544, 799941.618504121550359 ], [ 1978863.651119210291654, 800075.840350880753249 ], [ 1978869.562963790027425, 800210.157553015393205 ], [ 1978885.961698814062402, 800321.768617623136379 ], [ 1978855.242726090829819, 800698.037783179897815 ], [ 1978851.213484041625634, 800775.140242087072693 ], [ 1978848.233588488539681, 800904.896536592626944 ] ] ] } },
{ "type": "Feature", "properties": { "FID": 60, "FeatureTyp": "Paved Greenway", "Label": "Bolin Creek Greenway", "Fr_St": " ", "To_St": " ", "Notes": " ", "Shape_Leng": 8798.1175520600009, "GlobalID": "e877fc7c-3b83-4880-95d1-48cad9b3f892" }, "geometry": { "type": "Polygon", "coordinates": [ [ [ 1982990.099918324733153, 792659.289994095335715 ], [ 1983006.062339660711586, 792684.703185403603129 ], [ 1983085.383464882383123, 792787.116190370288678 ], [ 1983174.360867084702477, 792881.261218863772228 ], [ 1983272.137645244598389, 792966.231602794840001 ], [ 1983377.772155538434163, 793041.209030916565098 ], [ 1983490.247079885797575, 793105.471429609344341 ], [ 1983608.479223280679435, 793158.399916844442487 ], [ 1983731.329945549601689, 793199.484762356150895 ], [ 1983857.616127080284059, 793228.330296622822061 ], [ 1983986.121562909567729, 793244.658721380867064 ], [ 1984115.608675441937521, 793248.312784973997623 ], [ 1984244.830432998947799, 793239.257296772091649 ], [ 1984338.310889088781551, 793228.075560601078905 ], [ 1984463.471815514145419, 793206.958108214195818 ], [ 1984586.025802677031606, 793173.916853252449073 ], [ 1984651.327837427146733, 793152.894913676544093 ], [ 1984747.70316893956624, 793117.680374105228111 ], [ 1984841.052073634928092, 793075.086356761399657 ], [ 1984889.351352525874972, 793050.737177066970617 ], [ 1984951.150814706692472, 793020.343889307230711 ], [ 1984984.769445096841082, 793010.976580598624423 ], [ 1985114.935606739018112, 792959.305050231516361 ], [ 1985238.894729685969651, 792894.133641428314149 ], [ 1985261.531495426082984, 792880.653353430330753 ], [ 1985363.636324527207762, 792813.250391114037484 ], [ 1985455.363043428631499, 792739.651293237810023 ], [ 1985546.022610104177147, 792688.30187768896576 ], [ 1985650.271486159646884, 792615.150891583994962 ], [ 1985651.365486877737567, 792614.213643141323701 ], [ 1985758.229858040111139, 792621.598691335995682 ], [ 1985773.649450277211145, 792646.445355951203965 ], [ 1985868.976207464933395, 792766.38540585397277 ], [ 1985904.509600965073332, 792806.121546849957667 ], [ 1985936.236128081800416, 792840.362340920837596 ], [ 1985963.745587501674891, 792869.018451594864018 ], [ 1986036.379369528032839, 792939.107223009923473 ], [ 1986114.156343599781394, 793003.441074706614017 ], [ 1986140.137590849772096, 793023.308817125624046 ], [ 1986234.368882182985544, 793089.070713788154535 ], [ 1986333.962439788505435, 793146.388133500469849 ], [ 1986438.163529047276825, 793194.826716430601664 ], [ 1986543.325671124504879, 793232.982841164455749 ], [ 1986580.019478513859212, 793263.42951100342907 ], [ 1986602.922319843899459, 793280.900276593398303 ], [ 1986691.481924288207665, 793342.888334476505406 ], [ 1986715.737781288102269, 793358.42668923153542 ], [ 1986809.079145955154672, 793412.964062421233393 ], [ 1986834.524961205199361, 793426.46534775022883 ], [ 1986932.036657184362411, 793473.190551181673072 ], [ 1986958.502155444351956, 793484.563888018601574 ], [ 1987059.485817491542548, 793523.142848095507361 ], [ 1987086.793177571613342, 793532.31244917854201 ], [ 1987190.589661465026438, 793562.497557683382183 ], [ 1987218.555812875041738, 793569.402071429416537 ], [ 1987324.502407813211903, 793590.997642798582092 ], [ 1987352.940014983061701, 793595.590153290540911 ], [ 1987400.767195445019752, 793601.315898892586119 ], [ 1987405.893122184090316, 793602.215188459609635 ], [ 1987420.804188071284443, 793607.556994459591806 ], [ 1987537.583356835879385, 793643.388734494685195 ], [ 1987564.724050585879013, 793650.360177239635959 ], [ 1987684.340791158610955, 793675.247379290289246 ], [ 1987712.009370988700539, 793679.679457040387206 ], [ 1987833.409856765065342, 793693.399943284341134 ], [ 1987861.370102694956586, 793695.254926450317726 ], [ 1987983.509293007431552, 793697.692650399752893 ], [ 1988011.521376087563112, 793696.954790986725129 ], [ 1988057.201857609674335, 793693.631278184941038 ], [ 1988210.494170702062547, 793704.913277737912722 ], [ 1988347.837606658693403, 793707.853704605367966 ], [ 1988484.742863178951666, 793696.503980039502494 ], [ 1988505.115853918949142, 793693.74151837755926 ], [ 1988618.990644089411944, 793670.831719021545723 ], [ 1988665.937301947502419, 793698.187237741309218 ], [ 1988705.38965085754171, 793719.716066064313054 ], [ 1988771.401218188228086, 793753.369004130829126 ], [ 1988811.999890288105235, 793772.650461628916673 ], [ 1988879.798729592235759, 793802.547669192426838 ], [ 1988921.414788082242012, 793819.520404284354299 ], [ 1988990.777024558046833, 793845.563581624417566 ], [ 1989033.280220388201997, 793860.174772867467254 ], [ 1989149.148385169683024, 793894.166129817953333 ], [ 1989267.637955232989043, 793917.426949738524854 ], [ 1989387.757379882503301, 793929.762580204056576 ], [ 1989508.501469387905672, 793931.06979353853967 ], [ 1989628.859806664288044, 793921.337650649948046 ], [ 1989663.490971004124731, 793916.935428493889049 ], [ 1989749.760415555909276, 793903.053721297648735 ], [ 1989784.024126556003466, 793896.370007622754201 ], [ 1989869.171186202205718, 793876.815082579269074 ], [ 1989902.91816595220007, 793867.879404917242937 ], [ 1989986.584472759393975, 793842.735217838198878 ], [ 1990019.666099499445409, 793831.586946173221804 ], [ 1990101.499904833268374, 793800.95772362255957 ], [ 1990133.771821923321113, 793787.645086203468964 ], [ 1990213.39118493697606, 793751.673214939422905 ], [ 1990244.711660356959328, 793736.254938689409755 ], [ 1990316.687870652414858, 793697.812826595152728 ], [ 1990326.822094542440027, 793700.180172044085339 ], [ 1990446.800715080928057, 793716.805268825264648 ], [ 1990567.798151759896427, 793722.362565502990037 ], [ 1990602.520523250102997, 793722.362565502990037 ], [ 1990731.903148485114798, 793716.006404710235074 ], [ 1990860.039748311508447, 793696.999135635211132 ], [ 1990985.696297226008028, 793665.523808669531718 ], [ 1991107.662653971929103, 793621.88354841794353 ], [ 1991224.764215860515833, 793566.49863444280345 ], [ 1991335.873230835888535, 793499.902453742339276 ], [ 1991439.919658346101642, 793422.736363941803575 ], [ 1991535.901474416255951, 793335.743516669259407 ], [ 1991622.894321688916534, 793239.761700598988682 ], [ 1991700.060411489568651, 793135.71527308889199 ], [ 1991766.656592190032825, 793024.606258113286458 ], [ 1991822.041506164940074, 792907.504696224932559 ], [ 1991865.681766416644678, 792785.538339478895068 ], [ 1991897.157093382440507, 792659.881790564279072 ], [ 1991916.164362457348034, 792531.745190738001838 ], [ 1991922.520523250102997, 792402.362565502990037 ], [ 1991916.164362457348034, 792272.979940267978236 ], [ 1991897.157093382440507, 792144.843340441701002 ], [ 1991865.681766416644678, 792019.186791527085006 ], [ 1991822.041506164940074, 791897.220434781047516 ], [ 1991766.656592190032825, 791780.118872892693616 ], [ 1991700.060411489568651, 791669.009857917088084 ], [ 1991622.894321688916534, 791564.963430406991392 ], [ 1991535.901474416255951, 791468.981614336720668 ], [ 1991439.919658346101642, 791381.9887670641765 ], [ 1991335.873230835888535, 791304.822677263640799 ], [ 1991224.764215860515833, 791238.226496563176624 ], [ 1991107.662653971929103, 791182.841582588036545 ], [ 1990985.696297226008028, 791139.201322336448357 ], [ 1990938.69233579817228, 791127.42744292144198 ], [ 1990832.545416238252074, 791094.909100158489309 ], [ 1990704.579478826373816, 791069.188702875049785 ], [ 1990635.135063916444778, 791058.772057050140575 ], [ 1990537.502439033472911, 791047.824143491801806 ], [ 1990455.702850048663095, 791044.777957119047642 ], [ 1990445.666498247766867, 791043.77435512887314 ], [ 1990411.838041826616973, 791040.830553501844406 ], [ 1990318.088229326531291, 791033.886013581883162 ], [ 1990203.598234973382205, 791030.388525366433896 ], [ 1990128.314694659085944, 791034.628726080176421 ], [ 1990101.959204299608245, 791035.258634602068923 ], [ 1990056.555423719575629, 791037.430218180059455 ], [ 1989986.778581934049726, 791042.624106288305484 ], [ 1989941.55327867413871, 791047.198572218301706 ], [ 1989872.145335471024737, 791056.083233319455758 ], [ 1989836.978723779320717, 791061.53572382684797 ], [ 1989787.061118746874854, 791018.919489674386568 ], [ 1989700.659611257957295, 790956.467748944065534 ], [ 1989688.798086438095197, 790948.603263367083855 ], [ 1989597.638833047356457, 790893.327785456203856 ], [ 1989502.316256884252653, 790845.588970947545022 ], [ 1989489.343841884285212, 790839.73498001950793 ], [ 1989390.470122558763251, 790799.840793972136453 ], [ 1989288.699237696593627, 790768.056435428676195 ], [ 1989274.954186446499079, 790764.365826018736698 ], [ 1989170.962458454305306, 790740.900927540962584 ], [ 1989065.416343050310388, 790725.904312106315047 ], [ 1989051.25659447023645, 790724.472884523216635 ], [ 1988889.974709765985608, 790718.087400637683459 ], [ 1988565.738121524220333, 790725.094023468438536 ], [ 1988510.720955546712503, 790724.053299198392779 ], [ 1988496.95457888673991, 790724.353167364373803 ], [ 1988425.599750638240948, 790728.81715045159217 ], [ 1988365.682372667593881, 790680.389756671735086 ], [ 1988257.439575134776533, 790609.229646532912739 ], [ 1988142.743085756199434, 790549.021841249894351 ], [ 1988022.69749442464672, 790500.34617490042001 ], [ 1988007.829085844568908, 790495.151303400401957 ], [ 1987882.643913531210274, 790458.247323395684361 ], [ 1987754.426309850998223, 790433.885935630300082 ], [ 1987739.760984851047397, 790431.844601120217703 ], [ 1987608.375737679190934, 790420.209956795326434 ], [ 1987476.485289976932108, 790421.745511386892758 ], [ 1987345.406536385184154, 790436.435932748951018 ], [ 1987330.79075196525082, 790438.81847391393967 ], [ 1987316.148612228920683, 790442.219683947856538 ], [ 1987282.707435274729505, 790412.803979692514986 ], [ 1987261.759642524877563, 790396.114052441436797 ], [ 1987181.904031255980954, 790337.256178730283864 ], [ 1987097.853681355714798, 790284.56171383545734 ], [ 1987074.937060535652563, 790271.36718641850166 ], [ 1986906.525602746987715, 790189.713243577512912 ], [ 1986878.747771156951785, 790178.602373409550637 ], [ 1986842.428270136937499, 790164.692006914177909 ], [ 1986793.12259446689859, 790146.636268748086877 ], [ 1986773.409461732953787, 790139.594083946431056 ], [ 1986711.604139142902568, 790118.066239860490896 ], [ 1986549.340851252200082, 790072.925448162597604 ], [ 1986534.0747079574503, 790069.711573208682239 ], [ 1986472.238470295676962, 790055.577361396979541 ], [ 1986289.348499680636451, 790027.085475447704084 ], [ 1986263.666113310726359, 790024.913364890846424 ], [ 1986248.83945772331208, 790021.974600669229403 ], [ 1986232.55383378174156, 790018.852837369660847 ], [ 1986224.308804526226595, 790017.325989196659066 ], [ 1986204.266316910739988, 790011.745865937322378 ], [ 1986096.54310938809067, 789994.038342594285496 ], [ 1986071.839101315708831, 789985.900188864790834 ], [ 1986031.336557665606961, 789973.661696286755614 ], [ 1985926.100229113828391, 789946.536289119860157 ], [ 1985893.46512376377359, 789939.543192856828682 ], [ 1985854.410781779326499, 789931.788725933758542 ], [ 1985830.517128789331764, 789927.417999780736864 ], [ 1985774.031880733091384, 789918.345785041106865 ], [ 1985755.091629903065041, 789915.723414947162382 ], [ 1985747.155849856091663, 789914.649191107833758 ], [ 1985724.03819143678993, 789911.591258980799466 ], [ 1985703.007503795670345, 789907.756900742417201 ], [ 1985661.816520855762064, 789900.918166151386686 ], [ 1985584.016479595797136, 789889.262677645427175 ], [ 1985575.123020673170686, 789887.961261100019328 ], [ 1985495.574623343069106, 789876.597110606031492 ], [ 1985447.056543087586761, 789870.580471504363231 ], [ 1985424.910918087698519, 789868.249767500325106 ], [ 1985231.83887084829621, 789862.142204680945724 ], [ 1985217.852350258268416, 789862.724552595987916 ], [ 1985215.437447215663269, 789862.827315303380601 ], [ 1985202.033602635608986, 789863.409991311375052 ], [ 1985080.09752155165188, 789874.393684035399929 ], [ 1984959.703559464542195, 789896.627515666303225 ], [ 1984908.470243286108598, 789911.105119888437912 ], [ 1984893.067436817334965, 789915.016865098150447 ], [ 1984840.707525901962072, 789929.467397282016464 ], [ 1984824.098635232076049, 789934.421127538080327 ], [ 1984689.16495509003289, 789982.787670542602427 ], [ 1984672.555408250074834, 789989.780766789568588 ], [ 1984582.312790827127174, 790031.849885061383247 ], [ 1984495.497884497977793, 790080.601426068227738 ], [ 1984481.220354007789865, 790089.343206483288668 ], [ 1984394.955793946050107, 790146.93942659534514 ], [ 1984347.152301005553454, 790184.602034194278531 ], [ 1984346.915534488391131, 790184.298357499414124 ], [ 1984339.274725701427087, 790190.255639423266985 ], [ 1984332.852458289125934, 790195.149295352399349 ], [ 1984261.130767019465566, 790253.893020521849394 ], [ 1984205.851350029464811, 790302.51136159489397 ], [ 1984187.065902037080377, 790319.354314145748504 ], [ 1984154.774299947079271, 790348.868362737703137 ], [ 1984117.896888323361054, 790383.901468265918083 ], [ 1984063.035449493210763, 790438.068026590975933 ], [ 1983990.743726859102026, 790517.23149101366289 ], [ 1983988.663559560896829, 790518.608781584305689 ], [ 1983957.213935777312145, 790525.896823489689268 ], [ 1983845.544278234709054, 790535.736569172819145 ], [ 1983718.241423639236018, 790559.700035212212242 ], [ 1983593.90039749792777, 790596.025972375879064 ], [ 1983473.718671863665804, 790644.36454203131143 ], [ 1983358.853662452893332, 790704.250217328080907 ], [ 1983250.411582097178325, 790775.106266476213932 ], [ 1983149.436787311453372, 790856.250306988600641 ], [ 1983056.901720567373559, 790946.900877397391014 ], [ 1982973.69754514307715, 791046.184963154722936 ], [ 1982900.625562731409445, 791153.146404240629636 ], [ 1982838.389496468473226, 791266.755103506264277 ], [ 1982787.588713694131002, 791385.916947073070332 ], [ 1982748.7124537169002, 791509.484341246890835 ], [ 1982722.135116172255948, 791636.267264473019168 ], [ 1982708.112655349541456, 791765.044727894244716 ], [ 1982706.78011521184817, 791894.576534140855074 ], [ 1982718.150328848976642, 792023.615221109474078 ], [ 1982742.113794888369739, 792150.918075704714283 ], [ 1982778.439732051920146, 792275.259101846138947 ], [ 1982826.778301707468927, 792395.440827480284497 ], [ 1982886.663977004121989, 792510.3058368912898 ], [ 1982957.520026152255014, 792618.747917246771976 ], [ 1982990.099918324733153, 792659.289994095335715 ] ] ] } },
{ "type": "Feature", "properties": { "FID": 61, "FeatureTyp": "Paved Greenway", "Label": "Timberlyne/Pitch Pine Connector", "Fr_St": "Edisto Ct.", "To_St": "Pitch Pine Ln.", "Notes": " ", "Shape_Leng": 345.06684384900001, "GlobalID": "a579a257-dcee-46bd-8d74-3a1270273347" }, "geometry": { "type": "Polygon", "coordinates": [ [ [ 1984169.156032617902383, 803012.886464465642348 ], [ 1984041.567063985159621, 803035.276631413027644 ], [ 1983916.787091245641932, 803070.064889429835603 ], [ 1983796.017813748447224, 803116.916208573966287 ], [ 1983680.422305655200034, 803175.37938503047917 ], [ 1983571.1138148996979, 803244.891386451083235 ], [ 1983469.14504200220108, 803324.782774262945168 ], [ 1983375.498001987347379, 803414.284150728140958 ], [ 1983291.074567042989656, 803512.533568665152416 ], [ 1983216.687780998647213, 803618.584832470398396 ], [ 1983153.054029267514125, 803731.416610500193201 ], [ 1983100.786139664705843, 803849.942271051811986 ], [ 1983060.387480539269745, 803973.020347221405245 ], [ 1983032.247113063232973, 804099.465529854176566 ], [ 1983016.636044358368963, 804228.060082719428465 ], [ 1983013.704617549898103, 804357.565569976111874 ], [ 1983023.481063880492002, 804486.734782987041399 ], [ 1983045.871230828110129, 804614.323751619900577 ], [ 1983080.659488844685256, 804739.103724359534681 ], [ 1983127.510807988932356, 804859.873001856612973 ], [ 1983185.97398444544524, 804975.468509949860163 ], [ 1983255.485985866049305, 805084.777000705245882 ], [ 1983335.377373677911237, 805186.745773602859117 ], [ 1983424.878750143107027, 805280.392813617712818 ], [ 1983523.128168080002069, 805364.816248561954126 ], [ 1983629.179431885480881, 805439.203034606412984 ], [ 1983742.01120991515927, 805502.836786337546073 ], [ 1983860.536870466778055, 805555.10467594047077 ], [ 1983983.614946636371315, 805595.503335065674037 ], [ 1984110.06012926902622, 805623.643702541710809 ], [ 1984238.654682134278119, 805639.25477124680765 ], [ 1984368.160169390961528, 805642.18619805527851 ], [ 1984497.329382402123883, 805632.40975172445178 ], [ 1984839.719773732125759, 805589.515152465435676 ], [ 1984967.308742364868522, 805567.12498551805038 ], [ 1985092.08871510438621, 805532.336727501242422 ], [ 1985212.857992601580918, 805485.485408357111737 ], [ 1985328.453500694828108, 805427.022231900598854 ], [ 1985437.761991450330243, 805357.510230479994789 ], [ 1985539.730764347827062, 805277.618842668132856 ], [ 1985633.377804362680763, 805188.117466202937067 ], [ 1985717.801239307038486, 805089.868048265925609 ], [ 1985792.188025351380929, 804983.816784460679628 ], [ 1985855.821777082514018, 804870.985006430884823 ], [ 1985908.0896666853223, 804752.459345879266039 ], [ 1985948.488325810758397, 804629.381269709672779 ], [ 1985976.628693286795169, 804502.936087076901458 ], [ 1985992.239761991659179, 804374.341534211649559 ], [ 1985995.171188800130039, 804244.83604695496615 ], [ 1985985.394742469536141, 804115.666833944036625 ], [ 1985963.004575521918014, 803988.077865311177447 ], [ 1985928.216317505342886, 803863.297892571543343 ], [ 1985881.364998361095786, 803742.528615074465051 ], [ 1985822.901821904582903, 803626.933106981217861 ], [ 1985753.389820483978838, 803517.624616225832142 ], [ 1985673.498432672116905, 803415.655843328218907 ], [ 1985583.997056206921116, 803322.008803313365206 ], [ 1985485.747638270026073, 803237.585368369123898 ], [ 1985379.696374464547262, 803163.19858232466504 ], [ 1985266.864596434868872, 803099.564830593531951 ], [ 1985148.338935883250087, 803047.296940990607254 ], [ 1985025.260859713656828, 803006.898281865403987 ], [ 1984898.815677081001922, 802978.757914389367215 ], [ 1984770.221124215750024, 802963.146845684270374 ], [ 1984640.715636959066615, 802960.215418875799514 ], [ 1984511.546423947904259, 802969.991865206626244 ], [ 1984169.156032617902383, 803012.886464465642348 ] ] ] } },
{ "type": "Feature", "properties": { "FID": 62, "FeatureTyp": "Paved Greenway", "Label": "NC 54 East", "Fr_St": "Hamilton Road", "To_St": "Barbee Chapel Road", "Notes": " ", "Shape_Leng": 6024.2239283099998, "GlobalID": "e1371492-c003-4880-82b7-e1a95bb86663" }, "geometry": { "type": "Polygon", "coordinates": [ [ [ 1993582.174490264849737, 786512.959442432387732 ], [ 1993718.666140509303659, 786467.344265944790095 ], [ 1994137.753885019337758, 786301.378718606778421 ], [ 1994274.966482602059841, 786237.718835108098574 ], [ 1994858.311482472345233, 785925.278176813852042 ], [ 1995692.87486604298465, 785487.311125579522923 ], [ 1996991.382472472032532, 784819.807854901300743 ], [ 1996996.38373681739904, 784817.223436302156188 ], [ 1997804.21980739873834, 784397.586634700652212 ], [ 1997884.230816322145984, 784362.439102072501555 ], [ 1997891.846162375062704, 784359.908976671751589 ], [ 1997909.891498137731105, 784358.116933324025013 ], [ 1997989.399213137803599, 784347.364986322936602 ], [ 1998115.778547474648803, 784323.960168695193715 ], [ 1998128.182240738067776, 784320.386331803048961 ], [ 1998138.88946091174148, 784320.286628036177717 ], [ 1998264.475278032943606, 784307.04942427680362 ], [ 1998292.08202806301415, 784301.432555856416002 ], [ 1998318.814822319895029, 784304.821069551282562 ], [ 1998448.303040570346639, 784308.435737870633602 ], [ 1998577.522037108894438, 784299.340935714775696 ], [ 1998705.227362361038104, 784277.624251000117511 ], [ 1998830.189144233474508, 784243.494827272137627 ], [ 1998951.203932455740869, 784197.281349538359791 ], [ 1999067.106288463808596, 784139.428878852166235 ], [ 1999176.780009210575372, 784070.494566131499596 ], [ 1999279.168876811861992, 783991.142286491463892 ], [ 1999373.28683050093241, 783902.136245763162151 ], [ 1999458.227462933631614, 783804.333620774559677 ], [ 1999533.172749386401847, 783698.676304268650711 ], [ 1999597.400925781344995, 783586.181833961512893 ], [ 1999650.293439669301733, 783467.933593097841367 ], [ 1999691.340907227480784, 783345.070376878371462 ], [ 1999720.148018904495984, 783218.7754252392333 ], [ 1999736.437346467282623, 783090.265027604298666 ], [ 1999740.052014786517248, 782960.776809353847057 ], [ 1999730.957212630659342, 782831.557812815066427 ], [ 1999709.240527916233987, 782703.852487563039176 ], [ 1999675.111104188254103, 782578.890705690602772 ], [ 1999628.897626454243436, 782457.875917468452826 ], [ 1999571.045155768049881, 782341.973561460385099 ], [ 1999502.110843047499657, 782232.299840713385493 ], [ 1999422.758563407463953, 782129.910973112215288 ], [ 1999333.752522679278627, 782035.793019423261285 ], [ 1999235.949897690676153, 781950.852386990562081 ], [ 1999130.292581184767187, 781875.907100537791848 ], [ 1999017.798110877396539, 781811.67892414261587 ], [ 1998899.549870013957843, 781758.786410254659131 ], [ 1998831.467985183931887, 781732.260872749611735 ], [ 1998705.178213626844808, 781690.257706200936809 ], [ 1998575.300711180781946, 781661.185266358079389 ], [ 1998544.354578850790858, 781655.880158868036233 ], [ 1998433.240336900111288, 781641.654454174917191 ], [ 1998321.320046260021627, 781636.901141508948058 ], [ 1998296.845655213110149, 781636.901141508948058 ], [ 1998287.979408147744834, 781636.421882507274859 ], [ 1998226.669470099266618, 781631.147867252468131 ], [ 1998127.190009013516828, 781626.361526061315089 ], [ 1998027.632830155314878, 781629.089231630205177 ], [ 1997986.960667395498604, 781631.741785382153466 ], [ 1997862.225269450573251, 781645.858464227290824 ], [ 1997739.394896717974916, 781671.760194988455623 ], [ 1997685.744863111525774, 781688.530534464051016 ], [ 1997653.500631255097687, 781692.155280422535725 ], [ 1997524.099563254974782, 781720.043282875791192 ], [ 1997420.539986613439396, 781753.512628224329092 ], [ 1997320.304283929988742, 781773.014402041444555 ], [ 1997211.504586170194671, 781804.052676688879728 ], [ 1996993.475166580174118, 781876.490852023824118 ], [ 1996878.773785105207935, 781920.628198696882464 ], [ 1996703.036931865150109, 781997.826535104890354 ], [ 1996625.440875022439286, 782034.975263872765936 ], [ 1995781.910259995376691, 782473.153877373202704 ], [ 1994480.94512603781186, 783141.920450364705175 ], [ 1994471.045025255298242, 783147.062644273741171 ], [ 1993626.608393915463239, 783590.211036190739833 ], [ 1993616.762305998010561, 783595.431252233916894 ], [ 1993095.284855808829889, 783874.735536763560958 ], [ 1992813.630815665470436, 783986.275107043795288 ], [ 1992644.255135494982824, 784032.784692157641985 ], [ 1992521.173841214273125, 784073.17354570585303 ], [ 1992402.644016933161765, 784125.431992378318682 ], [ 1992289.807169654406607, 784189.0567547660321 ], [ 1992183.749979899963364, 784263.435091626597568 ], [ 1992085.493836384266615, 784347.850698916590773 ], [ 1991995.984999481355771, 784441.490608191583306 ], [ 1991916.085488221375272, 784543.453015936538577 ], [ 1991846.564778575208038, 784652.755968426354229 ], [ 1991788.092392980353907, 784768.346818477730267 ], [ 1991741.231452474603429, 784889.112363016116433 ], [ 1991706.433253531809896, 785013.889563830452971 ], [ 1991684.032921830425039, 785141.476748266839422 ], [ 1991674.246184810064733, 785270.64518199278973 ], [ 1991677.167294098064303, 785400.150902380933985 ], [ 1991692.768117815023288, 785528.746698548900895 ], [ 1991720.898411500500515, 785655.194122681976296 ], [ 1991761.287265048827976, 785778.275416962569579 ], [ 1991813.545711721060798, 785896.805241243797354 ], [ 1991877.170474109007046, 786009.642088522552513 ], [ 1991951.548810969572514, 786115.69927827687934 ], [ 1992035.964418259449303, 786213.955421792692505 ], [ 1992129.604327534558252, 786303.464258695486933 ], [ 1992231.566735279280692, 786383.363769955467433 ], [ 1992340.869687769329175, 786452.884479601867497 ], [ 1992456.460537820588797, 786511.356865196605213 ], [ 1992577.226082358974963, 786558.217805702239275 ], [ 1992702.003283173311502, 786593.016004645032808 ], [ 1992829.590467609697953, 786615.416336346417665 ], [ 1992958.758901335531846, 786625.203073366894387 ], [ 1993088.2646217236761, 786622.281964079011232 ], [ 1993216.860417891759425, 786606.681140361935832 ], [ 1993343.307842024834827, 786578.550846676458605 ], [ 1993582.174490264849737, 786512.959442432387732 ] ] ] } },
{ "type": "Feature", "properties": { "FID": 63, "FeatureTyp": "Paved Greenway", "Label": "Southern Community Park", "Fr_St": " ", "To_St": " ", "Notes": " ", "Shape_Leng": 1280.8287856300001, "GlobalID": "61fe49ec-0b9e-4164-8038-1bb6b5440ad7" }, "geometry": { "type": "Polygon", "coordinates": [ [ [ 1978423.837332567432895, 773541.411769268568605 ], [ 1978382.464666762622073, 773625.012073092977516 ], [ 1978333.684690650319681, 773757.639080288819969 ], [ 1978299.362329971278086, 773894.72075180138927 ], [ 1978286.262618641369045, 773962.18649614835158 ], [ 1978268.425974124809727, 774084.32696020079311 ], [ 1978262.076435768976808, 774207.599512738757767 ], [ 1978267.269527191761881, 774330.926195366773754 ], [ 1978278.481118941679597, 774456.770103780785576 ], [ 1978287.680801612557843, 774559.762327025528066 ], [ 1978298.410441152751446, 774646.99483674170915 ], [ 1978305.520663162693381, 774692.296255328692496 ], [ 1978333.225457906257361, 774824.3420215905644 ], [ 1978374.264657502993941, 774952.869933484820649 ], [ 1978428.209506892599165, 775076.537201845552772 ], [ 1978494.496419860515743, 775194.051818845444359 ], [ 1978572.432867077877745, 775304.186056186095811 ], [ 1978661.204611267428845, 775405.789291730034165 ], [ 1978759.884213909739628, 775497.80003056966234 ], [ 1978867.440724611282349, 775579.256994944764301 ], [ 1978982.75045190891251, 775649.309167145052925 ], [ 1979018.157861398998648, 775668.413787736091763 ], [ 1979129.392004318535328, 775721.876233164803125 ], [ 1979245.133040287066251, 775764.716403743135743 ], [ 1979252.631898920983076, 775767.099790572770871 ], [ 1979278.279335431754589, 775777.597118751029484 ], [ 1979408.635502114892006, 775815.862642680993304 ], [ 1979542.234376678010449, 775840.526811619871296 ], [ 1979677.660766384331509, 775851.328361744410358 ], [ 1979813.480119904736057, 775848.152873862418346 ], [ 1979816.31575003452599, 775847.792693273746409 ], [ 1979828.140409207437187, 775849.354175337124616 ], [ 1979945.571373761165887, 775859.552706569200382 ], [ 1980063.443933576578274, 775859.234716150909662 ], [ 1980137.557337824720889, 775852.395100267371163 ], [ 1980183.283445544540882, 775857.311694628442638 ], [ 1980312.816933356691152, 775858.46929040143732 ], [ 1980441.840146247064695, 775846.924809982068837 ], [ 1980569.11052014445886, 775822.789433027617633 ], [ 1980693.402371775358915, 775786.295596412033774 ], [ 1980813.518702663248405, 775737.794755731476471 ], [ 1980928.30272687994875, 775677.754000594839454 ], [ 1981036.649011524394155, 775606.751556295785122 ], [ 1981137.514122647931799, 775525.471215186757036 ], [ 1981229.926674091489986, 775434.695751385064796 ], [ 1981312.996682466939092, 775335.299382229917683 ], [ 1981385.924138183007017, 775228.239349091891199 ], [ 1981448.00670997495763, 775114.546698615187779 ], [ 1981498.646508738631383, 774995.316353174508549 ], [ 1981537.355845529353246, 774871.696566174388863 ], [ 1981563.761928273364902, 774744.877863741130568 ], [ 1981577.610451958375052, 774616.081579305347987 ], [ 1981578.768047731369734, 774486.548091493314132 ], [ 1981567.223567311884835, 774357.524878602824174 ], [ 1981543.088190357666463, 774230.254504705430008 ], [ 1981506.594353741966188, 774105.962653074646369 ], [ 1981458.09351306129247, 773985.846322186640464 ], [ 1981398.052757924655452, 773871.062297970056534 ], [ 1981327.050313625717536, 773762.716013325378299 ], [ 1981245.76997251668945, 773661.850902202073485 ], [ 1981154.994508714880794, 773569.438350758515298 ], [ 1981055.598139559850097, 773486.368342382949777 ], [ 1981005.009329980006441, 773448.143681300920434 ], [ 1980888.813610921381041, 773369.679604384349659 ], [ 1980870.230469844536856, 773359.823099990724586 ], [ 1980864.015986507060006, 773345.662721939734183 ], [ 1980800.582705765496939, 773232.718118761549704 ], [ 1980726.384366589598358, 773126.53492349840235 ], [ 1980642.135539546608925, 773028.135738366632722 ], [ 1980548.647586895851418, 772938.468201309326105 ], [ 1980446.820848727365956, 772858.395859725656919 ], [ 1980337.635972193675116, 772788.68985403701663 ], [ 1980222.144467342412099, 772730.021491183550097 ], [ 1980101.458580499282107, 772682.955779570736922 ], [ 1979976.740582728292793, 772647.9459877301706 ], [ 1979849.191576525801793, 772625.329279095632955 ], [ 1979720.039928546641022, 772615.323464934830554 ], [ 1979590.529439762700349, 772618.024906707811169 ], [ 1979461.907366978237405, 772633.407588053611107 ], [ 1979335.412411066470668, 772661.323365341755562 ], [ 1979212.262787601910532, 772701.50339437671937 ], [ 1979093.644494778942317, 772753.560719514149241 ], [ 1978980.699891600525007, 772816.994000255712308 ], [ 1978874.516696337610483, 772891.192339431494474 ], [ 1978776.117511205608025, 772975.441166474483907 ], [ 1978686.449974148301408, 773068.929119125124998 ], [ 1978606.377632564632222, 773170.755857293610461 ], [ 1978536.671626876108348, 773279.940733827301301 ], [ 1978478.0032640225254, 773395.432238678564318 ], [ 1978430.937552409712225, 773516.11812552169431 ], [ 1978423.837332567432895, 773541.411769268568605 ] ] ] } },
{ "type": "Feature", "properties": { "FID": 64, "FeatureTyp": "Paved Greenway", "Label": "Christopher Road Connector", "Fr_St": " ", "To_St": " ", "Notes": " ", "Shape_Leng": 532.04821970700004, "GlobalID": "03390629-2619-4aa1-b457-cc1e2ebc9714" }, "geometry": { "type": "Polygon", "coordinates": [ [ [ 1990011.204061573604122, 784103.52533817186486 ], [ 1989986.723402319476008, 784128.270286337239668 ], [ 1989905.083739419700578, 784228.844785761088133 ], [ 1989833.695218635024503, 784336.937077775248326 ], [ 1989773.245350444922224, 784451.506174518493935 ], [ 1989724.316300126025453, 784571.448712959187105 ], [ 1989687.379281179746613, 784695.609580885036848 ], [ 1989662.790017290506512, 784822.793041264638305 ], [ 1989650.785316511522979, 784951.774247848894447 ], [ 1989651.480790673755109, 785081.31104111019522 ], [ 1989664.869741980684921, 785210.155910917324945 ], [ 1989690.8232275119517, 785337.068010740447789 ], [ 1989729.091301014646888, 785460.825107680866495 ], [ 1989779.305420021060854, 785580.235353242605925 ], [ 1989840.981995115755126, 785694.148761484655552 ], [ 1989913.527047164505348, 785801.46828401426319 ], [ 1989996.241927658906206, 785901.160375162609853 ], [ 1990088.330047083320096, 785992.264945594593883 ], [ 1990188.904546507168561, 786073.904608494252898 ], [ 1990296.99683852144517, 786145.293129279161803 ], [ 1990411.565935264574364, 786205.742997469031252 ], [ 1990531.508473705267534, 786254.672047788044438 ], [ 1990655.669341631233692, 786291.609066734323278 ], [ 1990782.852802010718733, 786316.198330623446964 ], [ 1990911.834008594974875, 786328.203031402430497 ], [ 1991041.370801856275648, 786327.507557240314782 ], [ 1991170.215671663405374, 786314.118605933501385 ], [ 1991297.127771486528218, 786288.165120402118191 ], [ 1991420.884868426946923, 786249.897046899423003 ], [ 1991540.295113988686353, 786199.682927892892621 ], [ 1991654.208522230852395, 786138.00635279819835 ], [ 1991761.528044760460034, 786065.461300749564543 ], [ 1991775.416796520352364, 786055.044654924538918 ], [ 1991863.581305630970746, 785982.766821312019601 ], [ 1991929.553614631062374, 785923.739052224089392 ], [ 1991954.064684498589486, 785901.245594460517168 ], [ 1992013.092453588498756, 785845.69025938550476 ], [ 1992100.283320467220619, 785755.437010221299715 ], [ 1992178.509613926755264, 785657.311869389028288 ], [ 1992223.648631246760488, 785594.811666300985962 ], [ 1992285.4425633570645, 785501.098737811436877 ], [ 1992316.692500867182389, 785449.015508642420173 ], [ 1992401.360420314827934, 785282.116621874622069 ], [ 1992429.138251894852147, 785216.144312880700454 ], [ 1992484.424459087429568, 785057.194570487597957 ], [ 1992501.785316757392138, 784994.694695478538051 ], [ 1992524.30631455196999, 784900.285753793665208 ], [ 1992538.195394391892478, 784830.841338880709372 ], [ 1992557.337035571690649, 784702.72474329022225 ], [ 1992563.828882188769057, 784573.348855195799842 ], [ 1992557.608414211543277, 784443.959635123726912 ], [ 1992538.735538146691397, 784315.803171994513832 ], [ 1992507.392010107869282, 784190.113682605791837 ], [ 1992463.87968540424481, 784068.101625449024141 ], [ 1992408.617611509049311, 783950.942043333314359 ], [ 1992342.137992403237149, 783839.763247080380097 ], [ 1992265.081063159974292, 783735.635949274525046 ], [ 1992178.188924131682143, 783639.562952715554275 ], [ 1992082.298394117271528, 783552.469492879114114 ], [ 1991978.332951339893043, 783475.1943273935467 ], [ 1991867.293839846737683, 783408.481658345437609 ], [ 1991750.250426981598139, 783352.973965206416324 ], [ 1991628.329904792830348, 783309.205817405134439 ], [ 1991502.706434557680041, 783277.598726131021976 ], [ 1991374.589838967192918, 783258.457084951223806 ], [ 1991245.213950872886926, 783251.965238334145397 ], [ 1991115.82473080069758, 783258.185706311604008 ], [ 1990987.6682676714845, 783277.058582376455888 ], [ 1990861.97877828264609, 783308.402110415161587 ], [ 1990739.966721126111224, 783351.914435118669644 ], [ 1990622.807139010401443, 783407.176509013981558 ], [ 1990511.62834275723435, 783473.656128119910136 ], [ 1990407.50104495161213, 783550.713057363056578 ], [ 1990311.428048392524943, 783637.605196391348727 ], [ 1990224.334588556084782, 783733.495726405759342 ], [ 1990147.059423070633784, 783837.461169183254242 ], [ 1990080.346754022408277, 783948.500280676409602 ], [ 1990024.839060883503407, 784065.543693541549146 ], [ 1990011.204061573604122, 784103.52533817186486 ] ] ] } },
{ "type": "Feature", "properties": { "FID": 65, "FeatureTyp": "Paved Greenway", "Label": "Fordham Sidepath", "Fr_St": "Eastgate Crossing", "To_St": "Eastgate Driveway", "Notes": " ", "Shape_Leng": 534.20918726299999, "GlobalID": "47f047ba-a945-4462-8034-7833fc03a102" }, "geometry": { "type": "Polygon", "coordinates": [ [ [ 1994211.87238541408442, 795055.787940048845485 ], [ 1994193.081132126273587, 794927.619483349961229 ], [ 1994161.817658253014088, 794801.910057712462731 ], [ 1994118.383048138115555, 794679.870313625084236 ], [ 1994063.195600820938125, 794562.675560537260026 ], [ 1993996.78680158755742, 794451.454447986092418 ], [ 1993919.796203477075323, 794347.27809608541429 ], [ 1993832.96526803728193, 794251.149780052364804 ], [ 1993737.130224642343819, 794163.995268119615503 ], [ 1993633.214017149526626, 794086.653905880404636 ], [ 1993522.217415442923084, 794019.87053293234203 ], [ 1993405.209377474151552, 793964.288309664232656 ], [ 1993283.316754611674696, 793920.442523270728998 ], [ 1993157.713439447339624, 793888.755432643112727 ], [ 1993029.60906056757085, 793869.532201786292717 ], [ 1992900.23733317037113, 793862.957960921688937 ], [ 1992770.844177711755037, 793869.096023582736962 ], [ 1992642.675721012754366, 793887.887276870664209 ], [ 1992516.966295375255868, 793919.150750743923709 ], [ 1992394.926551287993789, 793962.585360858822241 ], [ 1992277.731798200169578, 794017.772808175999671 ], [ 1992166.510685649001971, 794084.181607409496792 ], [ 1992062.334333748323843, 794161.172205519746058 ], [ 1991966.206017715390772, 794248.003140959772281 ], [ 1991879.05150578240864, 794343.838184354593977 ], [ 1991801.710143543314189, 794447.754391847527586 ], [ 1991734.926770595135167, 794558.750993554014713 ], [ 1991679.344547327142209, 794675.75903152290266 ], [ 1991635.498760933522135, 794797.651654385146685 ], [ 1991603.811670306138694, 794923.254969549598172 ], [ 1991584.588439449202269, 795051.359348429250531 ], [ 1991578.014198584482074, 795180.731075826683082 ], [ 1991584.152261245762929, 795310.124231285182759 ], [ 1991635.617709515849128, 795841.848561546183191 ], [ 1991654.408962803659961, 795970.017018245067447 ], [ 1991685.67243667691946, 796095.726443882565945 ], [ 1991729.107046791817993, 796217.76618796994444 ], [ 1991784.294494108995423, 796334.96094105776865 ], [ 1991850.703293342376128, 796446.182053608936258 ], [ 1991927.693891452858225, 796550.358405509614386 ], [ 1992014.524826892651618, 796646.486721542663872 ], [ 1992110.359870287589729, 796733.641233475413173 ], [ 1992214.276077780406922, 796810.98259571462404 ], [ 1992325.272679487010464, 796877.765968662686646 ], [ 1992442.280717455781996, 796933.34819193079602 ], [ 1992564.173340318258852, 796977.193978324299678 ], [ 1992689.776655482593924, 797008.88106895191595 ], [ 1992817.881034362362698, 797028.104299808735959 ], [ 1992947.252761759562418, 797034.678540673339739 ], [ 1993076.645917218178511, 797028.540478012291715 ], [ 1993204.814373917179182, 797009.749224724364467 ], [ 1993330.52379955467768, 796978.485750851104967 ], [ 1993452.563543641939759, 796935.051140736206435 ], [ 1993569.75829672976397, 796879.863693419029005 ], [ 1993680.979409280931577, 796813.454894185531884 ], [ 1993785.155761181609705, 796736.464296075282618 ], [ 1993881.284077214542776, 796649.633360635256395 ], [ 1993968.438589147524908, 796553.798317240434699 ], [ 1994045.779951386619359, 796449.88210974750109 ], [ 1994112.563324334798381, 796338.885508041013964 ], [ 1994168.145547602791339, 796221.877470072126016 ], [ 1994211.991333996411413, 796099.984847209881991 ], [ 1994243.678424623794854, 795974.381532045430504 ], [ 1994262.901655480731279, 795846.277153165778145 ], [ 1994269.475896345451474, 795716.905425768345594 ], [ 1994263.337833684170619, 795587.512270309845917 ], [ 1994211.87238541408442, 795055.787940048845485 ] ] ] } },
{ "type": "Feature", "properties": { "FID": 66, "FeatureTyp": "Paved Greenway", "Label": "Bike Ped Tunnel Under NC 54 at Meadowmont", "Fr_St": " ", "To_St": " ", "Notes": " ", "Shape_Leng": 317.29191834699998, "GlobalID": "5e6c0ade-2bcb-47c0-8617-ef2faee32c92" }, "geometry": { "type": "Polygon", "coordinates": [ [ [ 1997278.849378287792206, 783471.661280802683905 ], [ 1997179.160420740256086, 783296.249533416586928 ], [ 1997141.718639938626438, 783234.376984113478102 ], [ 1997079.724341358523816, 783137.994959036470391 ], [ 1997004.386408662889153, 783032.617255560471676 ], [ 1996919.082427555928007, 782935.131383250583895 ], [ 1996824.633922007633373, 782846.476184348226525 ], [ 1996721.950482757296413, 782767.505456882761791 ], [ 1996612.021007457049564, 782698.979732129373588 ], [ 1996495.904177048010752, 782641.558950277627446 ], [ 1996374.718260082649067, 782595.796104846056551 ], [ 1996249.630343188531697, 782562.131917052553035 ], [ 1996121.845091385068372, 782540.890591428498738 ], [ 1995992.593146501807496, 782532.276693551102653 ], [ 1995863.119275424396619, 782536.373179966001771 ], [ 1995734.670382308773696, 782553.140599269536324 ], [ 1995608.483500212896615, 782582.41747204773128 ], [ 1995485.773877792293206, 782623.921846011537127 ], [ 1995367.723275790689513, 782677.254011350916699 ], [ 1995255.468586038565263, 782741.900350159383379 ], [ 1995150.090882562566549, 782817.238282855018042 ], [ 1995052.605010252445936, 782902.542263961979188 ], [ 1994963.949811350088567, 782996.990769510273822 ], [ 1994884.979083884740248, 783099.674208760727197 ], [ 1994816.45335913146846, 783209.603684060974047 ], [ 1994759.032577279722318, 783325.720514470012859 ], [ 1994713.269731848035008, 783446.906431435374543 ], [ 1994679.605544054647908, 783571.994348329608329 ], [ 1994658.364218430360779, 783699.779600132955238 ], [ 1994649.75032055308111, 783829.031545016216114 ], [ 1994653.846806968096644, 783958.505416093626991 ], [ 1994670.614226271398365, 784086.954309209249914 ], [ 1994699.891099049709737, 784213.14119130501058 ], [ 1994741.395473013399169, 784335.850813725613989 ], [ 1994794.727638352895156, 784453.901415727217682 ], [ 1994859.373977161478251, 784566.156105479574762 ], [ 1994901.799607487628236, 784632.114883297123015 ], [ 1994983.936137449927628, 784776.641279173432849 ], [ 1994984.397570152301341, 784777.452604540274478 ], [ 1995053.904957541730255, 784886.764029336743988 ], [ 1995133.79204112640582, 784988.73617440124508 ], [ 1995223.289464620640501, 785082.386992233339697 ], [ 1995321.535318912239745, 785166.814574262243696 ], [ 1995427.583442717324942, 785241.205836720531806 ], [ 1995540.412534632021561, 785304.844351084087975 ], [ 1995658.935988822719082, 785357.117243671440519 ], [ 1995782.012359633808956, 785397.521097951568663 ], [ 1995908.456354334251955, 785425.666802720748819 ], [ 1996037.050248133484274, 785441.283299456117675 ], [ 1996166.555611537769437, 785444.220192757202312 ], [ 1996295.725237102480605, 785434.449198736110702 ], [ 1996423.315150722628459, 785412.064417406567372 ], [ 1996548.096591781824827, 785377.281426449655555 ], [ 1996668.86784679046832, 785330.435205082525499 ], [ 1996784.465822542319074, 785271.976908025681041 ], [ 1996893.777247338788584, 785202.469520636368543 ], [ 1996995.749392403289676, 785122.582437051692978 ], [ 1997089.400210235267878, 785033.085013557341881 ], [ 1997173.827792264288291, 784934.839159265859053 ], [ 1997248.219054722692817, 784828.79103546065744 ], [ 1997311.857569086132571, 784715.961943545844406 ], [ 1997364.130461673485115, 784597.438489355146885 ], [ 1997404.534315953496844, 784474.362118544057012 ], [ 1997432.680020722793415, 784347.918123843730427 ], [ 1997448.296517458045855, 784219.324230044498108 ], [ 1997451.233410759363323, 784089.818866640329361 ], [ 1997441.462416738271713, 783960.649241075385362 ], [ 1997419.077635408611968, 783833.059327455470338 ], [ 1997384.294644451700151, 783708.277886396157555 ], [ 1997337.448423084570095, 783587.506631387630478 ], [ 1997278.990126027725637, 783471.908655635663308 ], [ 1997278.849378287792206, 783471.661280802683905 ] ] ] } },
{ "type": "Feature", "properties": { "FID": 67, "FeatureTyp": "Paved Greenway", "Label": "Meadowmont Trail", "Fr_St": "Meadowmont Trail Unpaved", "To_St": "NC54 West Greenway", "Notes": " ", "Shape_Leng": 4888.0922398599996, "GlobalID": "3a6842a0-5bac-4b3f-925b-9214ebcb66f8" }, "geometry": { "type": "Polygon", "coordinates": [ [ [ 1994853.014647474046797, 784448.314436189713888 ], [ 1994863.393089219229296, 784576.28417915920727 ], [ 1994867.286454139277339, 784605.215551742119715 ], [ 1994887.098307290812954, 784716.284728856175207 ], [ 1994893.448032120708376, 784744.778110192273743 ], [ 1994922.669853457482532, 784853.742680983152241 ], [ 1994931.429350387537852, 784881.589738147100434 ], [ 1994969.849047412863001, 784987.662043464952148 ], [ 1994980.954340142896399, 785014.659364786930382 ], [ 1995028.28951093624346, 785117.060645240708254 ], [ 1995041.659562946297228, 785143.01138075068593 ], [ 1995097.57156375516206, 785241.006597034051083 ], [ 1995113.108606165042147, 785265.720458365045488 ], [ 1995170.629215759923682, 785349.083067272324115 ], [ 1995224.345094297314063, 785443.383815059205517 ], [ 1995454.885900533059612, 785848.08834056253545 ], [ 1995469.947982446523383, 785873.847776193753816 ], [ 1995482.097564466530457, 785894.097407613764517 ], [ 1995542.131801556795835, 785985.369308507069945 ], [ 1995546.087248989613727, 785990.872554619447328 ], [ 1995783.022370757069439, 786349.142479759873822 ], [ 1995785.95040993229486, 786354.152963495929725 ], [ 1995819.311548226280138, 786408.211330378893763 ], [ 1995842.443391736363992, 786443.751285547856241 ], [ 1995878.356895476114005, 786496.128520834841765 ], [ 1995903.171478386037052, 786530.514934989856556 ], [ 1995918.282982466509566, 786550.427714062388986 ], [ 1995919.708102598553523, 786575.944082179805264 ], [ 1995923.536178928567097, 786624.46760717977304 ], [ 1995929.677732199197635, 786684.67536599538289 ], [ 1995935.725948459235951, 786732.972513493383303 ], [ 1995944.622241741744801, 786792.844068193458952 ], [ 1995952.878130731871352, 786840.812804290442728 ], [ 1995964.510674407705665, 786900.217682245303877 ], [ 1995974.957175827585161, 786947.757941487361677 ], [ 1995989.29972189757973, 787006.562339848605916 ], [ 1996001.91452606767416, 787053.573400682536885 ], [ 1996018.938300119480118, 787111.660225292202085 ], [ 1996021.293950100662187, 787119.06450469547417 ], [ 1996019.157291062176228, 787142.45886959892232 ], [ 1996019.697194913867861, 787193.929672541911714 ], [ 1996014.175641464767978, 787238.123448250466026 ], [ 1996014.074256437830627, 787240.162700568325818 ], [ 1996012.34096389147453, 787247.196989873657003 ], [ 1996011.130155957071111, 787253.435761428438127 ], [ 1995979.926019109785557, 787359.762541443342343 ], [ 1995962.014217782532796, 787453.66496489464771 ], [ 1995961.843872172757983, 787454.379499254981056 ], [ 1995940.758020212640986, 787562.727805208880454 ], [ 1995928.798268226906657, 787672.458989875856787 ], [ 1995927.075502646854147, 787698.233872698852792 ], [ 1995924.619862717576325, 787821.971489638788626 ], [ 1995933.763785690767691, 787945.395217852317728 ], [ 1995954.426889492664486, 788067.420068414416164 ], [ 1995986.427529644919559, 788186.973349604406394 ], [ 1996029.484396056970581, 788303.004096685675904 ], [ 1996083.218985957326367, 788414.492310689180158 ], [ 1996147.158931222045794, 788520.457924984395504 ], [ 1996220.742150852456689, 788619.969420814188197 ], [ 1996303.321792095666751, 788712.15201605646871 ], [ 1996394.171916775172576, 788796.195355228264816 ], [ 1996423.058670015307143, 788820.506658322294243 ], [ 1996519.648023213027045, 788894.469710662029684 ], [ 1996622.636587644927204, 788959.226114660268649 ], [ 1996731.149573086295277, 789014.22582605201751 ], [ 1996844.265264592366293, 789059.001674426719546 ], [ 1996874.684495102148503, 789069.448832003748976 ], [ 1996999.419928898569196, 789105.534915854572318 ], [ 1997046.021233297185972, 789114.169146821601316 ], [ 1997067.386499997694045, 789125.357804731349461 ], [ 1997178.529652728466317, 789177.133628536597826 ], [ 1997293.997460588114336, 789218.373435492627323 ], [ 1997412.793660098221153, 789248.721405962016433 ], [ 1997533.893270209198818, 789267.915695754927583 ], [ 1997568.573318959213793, 789271.771659163990989 ], [ 1997718.386284000473097, 789279.850134667707607 ], [ 1997752.304851340362802, 789279.748756927670911 ], [ 1997803.884067970560864, 789278.586344536277466 ], [ 1997835.023769470630214, 789277.275323536247015 ], [ 1997936.50286404020153, 789269.073203630745411 ], [ 1998037.047967370366678, 789253.074341111583635 ], [ 1998092.490441780304536, 789242.044835605658591 ], [ 1998215.564200356835499, 789211.347096580429934 ], [ 1998335.123252023011446, 789168.97807020379696 ], [ 1998450.063576170010492, 789115.328996433294378 ], [ 1998559.323801994556561, 789050.89527634694241 ], [ 1998661.895009307656437, 788976.271897558821365 ], [ 1998756.830045006470755, 788892.147940041963011 ], [ 1998843.252269183984026, 788799.300213092705235 ], [ 1998865.582933183992282, 788772.869163596653379 ], [ 1998944.748891229741275, 788669.177516808267683 ], [ 1999013.292726517887786, 788558.177745768101886 ], [ 1999070.544924764428288, 788440.954060776857659 ], [ 1999115.946264788042754, 788318.651465338189155 ], [ 1999130.362246448174119, 788273.02294766518753 ], [ 1999144.741945219924673, 788218.740342093980871 ], [ 1999146.139586989302188, 788214.582574690808542 ], [ 1999180.118128131376579, 788095.180735195637681 ], [ 1999188.77141047292389, 788048.466421821736731 ], [ 1999204.414735094644129, 787988.093774452223442 ], [ 1999224.459264671429992, 787860.115333585184999 ], [ 1999231.86319356225431, 787730.788436422590166 ], [ 1999226.555217884015292, 787601.358571681310423 ], [ 1999208.586456344230101, 787473.072219712543301 ], [ 1999178.129957939498127, 787347.16484821413178 ], [ 1999135.479035398457199, 787224.849014001549222 ], [ 1999081.044440420577303, 787107.302685422822833 ], [ 1999015.350407912395895, 786995.657897879718803 ], [ 1998939.029607319273055, 786890.989851707359776 ], [ 1998852.817049671662971, 786794.306557407835498 ], [ 1998757.54300902877003, 786706.539127957774326 ], [ 1998654.125026483787224, 786628.532811681157909 ], [ 1998619.888760337373242, 786607.633600775501691 ], [ 1998617.40233225771226, 786595.340968647506088 ], [ 1998607.320003337692469, 786551.431279564509168 ], [ 1998590.138298439793289, 786484.650977376964875 ], [ 1998577.77677459968254, 786441.32790129201021 ], [ 1998554.440371505450457, 786369.932811786886305 ], [ 1998554.328489168081433, 786345.547405645484105 ], [ 1998553.292401998071, 786298.825386226526462 ], [ 1998549.634825963526964, 786225.636711304192431 ], [ 1998546.007536623626947, 786179.043956732144579 ], [ 1998538.292651035822928, 786106.160362731432542 ], [ 1998532.084986295783892, 786059.840901564457454 ], [ 1998520.336237283656374, 785987.494825797970407 ], [ 1998511.567225953796878, 785941.591374295996502 ], [ 1998495.822526230709627, 785870.01475314097479 ], [ 1998484.519399220589548, 785824.668715215986595 ], [ 1998464.826022203778848, 785754.074740764102899 ], [ 1998451.023556373780593, 785709.425879937014543 ], [ 1998427.447115332586691, 785640.04613740707282 ], [ 1998411.188289592508227, 785596.231920570135117 ], [ 1998383.786938956473023, 785528.2414307318395 ], [ 1998365.120965776499361, 785485.397356318775564 ], [ 1998333.998366202926263, 785419.054277173941955 ], [ 1998312.983644452877343, 785377.312234677025117 ], [ 1998278.224011368816718, 785312.7926934172865 ], [ 1998254.92484537884593, 785272.280963417259045 ], [ 1998216.632484667235985, 785209.781519775744528 ], [ 1998191.120724657317623, 785170.625758190755732 ], [ 1998149.429628118406981, 785110.363657760433853 ], [ 1998121.784342208411545, 785072.683943095384166 ], [ 1998031.822888795752078, 784966.143489835667424 ], [ 1998005.232548746746033, 784923.407017653342336 ], [ 1997733.944049316691235, 784513.19130266236607 ], [ 1997727.126750415191054, 784503.306210575741716 ], [ 1997518.281839330215007, 784136.687901696539484 ], [ 1997472.891370790312067, 784057.002802201895975 ], [ 1997468.909654891816899, 784029.508677872014232 ], [ 1997462.770231461850926, 783994.876529293949716 ], [ 1997445.597493820823729, 783913.142750451923348 ], [ 1997437.280253240838647, 783878.968278119922616 ], [ 1997414.982790129026398, 783798.515330381807871 ], [ 1997404.521853049052879, 783764.935016966890544 ], [ 1997377.177415455924347, 783686.037527287728153 ], [ 1997364.61412037583068, 783653.185558865661733 ], [ 1997312.462673712521791, 783534.608617162564769 ], [ 1997248.939777784748003, 783421.714391510002315 ], [ 1997174.657192805316299, 783315.590115015511401 ], [ 1997090.330300674540922, 783217.257822474930435 ], [ 1996996.771215461194515, 783127.664507619454525 ], [ 1996894.880962300812826, 783047.673003047821112 ], [ 1996785.640800029970706, 782978.053670676890761 ], [ 1996670.102771128294989, 782919.476982735097408 ], [ 1996549.379569973330945, 782872.507064748555422 ], [ 1996424.63382698665373, 782837.596262703998946 ], [ 1996297.066911865724251, 782815.080786709324457 ], [ 1996167.90736373863183, 782805.17747310642153 ], [ 1996038.399059659335762, 782807.981696218950674 ], [ 1995909.789235393051058, 782823.466449845582247 ], [ 1995783.316473852144554, 782851.482607344049029 ], [ 1995660.198776867706329, 782891.760357802268118 ], [ 1995541.62183516449295, 782943.911804465344176 ], [ 1995428.727609512163326, 783007.434700393117964 ], [ 1995322.603333017555997, 783081.717285372666083 ], [ 1995224.271040477091447, 783166.044177503557876 ], [ 1995134.677725621499121, 783259.603262716787867 ], [ 1995054.686221049865708, 783361.493515877169557 ], [ 1994985.066888678818941, 783470.733678148011677 ], [ 1994926.490200737025589, 783586.271707049687393 ], [ 1994879.520282750716433, 783706.994908204535022 ], [ 1994844.609480706043541, 783831.740651191328652 ], [ 1994822.094004711369053, 783959.307566312258132 ], [ 1994812.190691108349711, 784088.467114439350553 ], [ 1994814.994914221111685, 784217.975418518530205 ], [ 1994830.479667847743258, 784346.58524278504774 ], [ 1994853.014647474046797, 784448.314436189713888 ] ] ] } },
{ "type": "Feature", "properties": { "FID": 68, "FeatureTyp": "Paved Greenway", "Label": "NC 54 West", "Fr_St": "Burning Tree Drive", "To_St": "Town Boundary", "Notes": " ", "Shape_Leng": 4669.01083982, "GlobalID": "2c0c7484-a798-421d-9675-5e3ce5435c46" }, "geometry": { "type": "Polygon", "coordinates": [ [ [ 1995099.518271421082318, 786054.327087112586014 ], [ 1995104.895535263232887, 786052.436660085455514 ], [ 1995175.997099103173241, 786026.216240082518198 ], [ 1995213.52223142166622, 786011.724658707506023 ], [ 1995283.791447841562331, 785983.350043545477092 ], [ 1995320.860276270890608, 785967.720587215619162 ], [ 1995390.232512851012871, 785937.217695466591977 ], [ 1995426.808076766319573, 785920.465789736481383 ], [ 1995495.218373016221449, 785887.863164649461396 ], [ 1995531.259622264420614, 785870.007985014584847 ], [ 1995598.644986184546724, 785835.336138341692276 ], [ 1995634.137778213946149, 785816.384368081111461 ], [ 1995700.435217783786356, 785779.674795840051956 ], [ 1995735.325802243547514, 785759.65489716315642 ], [ 1995800.473637823713943, 785720.942376161110587 ], [ 1995834.739556442247704, 785699.867634906317107 ], [ 1995898.67742070206441, 785659.187926232349128 ], [ 1995932.283256733324379, 785637.080153894261457 ], [ 1995994.952094653388485, 785594.470987152308226 ], [ 1996027.875147771090269, 785571.344811605289578 ], [ 1996080.470820998074487, 785533.189824956003577 ], [ 1996091.834490803768858, 785527.63095422508195 ], [ 1996107.881603073794395, 785520.342200671322644 ], [ 1996151.992672372842208, 785512.231899376260117 ], [ 1996194.062470132950693, 785503.260132547235116 ], [ 1996266.581698867026716, 785485.637613462866284 ], [ 1996308.077022686833516, 785474.302662374917418 ], [ 1996379.506254943553358, 785452.602563166525215 ], [ 1996420.294559193542227, 785438.939860844518989 ], [ 1996490.367922873003408, 785413.24233134649694 ], [ 1996530.318630373105407, 785397.296169003471732 ], [ 1996598.838440503692254, 785367.674065386177972 ], [ 1996637.823926843702793, 785349.494967898237519 ], [ 1996704.545229055918753, 785316.054588453611359 ], [ 1996742.440822545904666, 785295.701282696565613 ], [ 1996807.180369111243635, 785258.534371989080682 ], [ 1996820.866693461313844, 785250.153811322059482 ], [ 1996843.867451303172857, 785236.069665623013861 ], [ 1996906.390152939129621, 785195.310748623218387 ], [ 1996941.746381439035758, 785170.81014144513756 ], [ 1997001.868916444480419, 785126.579978226684034 ], [ 1997035.783874864457175, 785100.120057402760722 ], [ 1997093.311660873936489, 785052.561148359905928 ], [ 1997123.499345222488046, 785026.13280979974661 ], [ 1997341.533806142397225, 784904.829071322688833 ], [ 1997382.031306190649047, 784881.348347774823196 ], [ 1997695.708500350825489, 784691.96585253579542 ], [ 1997752.047015254851431, 784655.973891330184415 ], [ 1997782.695935072144493, 784635.282537363586016 ], [ 1997791.650807862170041, 784629.745844292570837 ], [ 1997800.815086250659078, 784624.575282812467776 ], [ 1997810.184127570362762, 784619.773489169310778 ], [ 1997819.739421675447375, 784615.350139294634573 ], [ 1997829.462369320448488, 784611.313922379398718 ], [ 1997839.338735295459628, 784607.670584078063257 ], [ 1997849.352729914477095, 784604.425967494957149 ], [ 1997859.489817404653877, 784601.584766519255936 ], [ 1997869.730372332734987, 784599.152463225414976 ], [ 1997880.062106049852446, 784597.131978180259466 ], [ 1997890.468971980269998, 784595.526589586515911 ], [ 1997900.925702104112133, 784594.340046957600862 ], [ 1997911.423885818803683, 784593.573255015187897 ], [ 1997921.947355596581474, 784593.227466982672922 ], [ 1997932.472406069515273, 784593.303525182418525 ], [ 1997942.989789825165644, 784593.801321180653758 ], [ 1997953.475945821963251, 784594.719765724497847 ], [ 1997963.91886800643988, 784596.057826906442642 ], [ 1997974.299274158198386, 784597.813008031225763 ], [ 1998008.442303638672456, 784605.003844986204058 ], [ 1998045.739792967448011, 784612.982017561676912 ], [ 1998063.410478686448187, 784617.382793211028911 ], [ 1998080.923832824453712, 784622.370124937966466 ], [ 1998098.258595939027146, 784627.937796769896522 ], [ 1998136.119828418595716, 784641.507007051142864 ], [ 1998260.060998693807051, 784679.174643073696643 ], [ 1998387.097432323498651, 784704.512540053809062 ], [ 1998516.005699006607756, 784717.276680192328058 ], [ 1998645.54434166662395, 784717.344137842068449 ], [ 1998774.46583236171864, 784704.714263349189423 ], [ 1998901.528586660744622, 784679.50868930912111 ], [ 1999025.50892078015022, 784641.970159178599715 ], [ 1999145.212836327962577, 784592.460189523524605 ], [ 1999259.487519160611555, 784531.455588416545652 ], [ 1999367.232441613450646, 784459.543863514903933 ], [ 1999467.409961184021086, 784377.417564040166326 ], [ 1999559.055313596269116, 784285.867611151188612 ], [ 1999641.285904007963836, 784185.775680940598249 ], [ 1999713.309806881472468, 784078.105713412165642 ], [ 1999774.433392660226673, 783963.894629211397842 ], [ 1999824.068007799098268, 783844.242343513527885 ], [ 1999861.735643821768463, 783720.301173238316551 ], [ 1999887.073540801880881, 783593.26473960862495 ], [ 1999899.837680940283462, 783464.35647292539943 ], [ 1999899.905138590140268, 783334.817830265499651 ], [ 1999887.275264097144827, 783205.896339570404962 ], [ 1999862.069690057076514, 783078.833585271495394 ], [ 1999824.531159926671535, 782954.853251152089797 ], [ 1999775.02119027171284, 782835.149335604161024 ], [ 1999714.016589164733887, 782720.874652771512046 ], [ 1999642.104864262975752, 782613.12973031855654 ], [ 1999559.97856478812173, 782512.952210747986101 ], [ 1999468.428611899260432, 782421.30685833573807 ], [ 1999368.336681688670069, 782339.076267924159765 ], [ 1999260.666714160237461, 782267.052365050534718 ], [ 1999146.455629959469661, 782205.928779271896929 ], [ 1999026.803344261599705, 782156.294164132908918 ], [ 1998968.21684727142565, 782135.29715887887869 ], [ 1998926.530140473274514, 782121.136855880846269 ], [ 1998867.276321963407099, 782102.105397874838673 ], [ 1998825.148311688797548, 782089.345360607258044 ], [ 1998765.292788348626345, 782072.300119117251597 ], [ 1998722.759978360729292, 782060.951133285881951 ], [ 1998662.369023030856624, 782045.911137108923867 ], [ 1998619.485077820252627, 782035.987477259594016 ], [ 1998558.626603750279173, 782022.969458686537109 ], [ 1998554.552697275998071, 782022.104742410825565 ], [ 1998492.487532675964758, 782009.033246236853302 ], [ 1998440.520909251878038, 781999.171610432909802 ], [ 1998377.981992341810837, 781988.597156512900256 ], [ 1998325.673538340022787, 781980.826866345712915 ], [ 1998262.761262590065598, 781972.76585884578526 ], [ 1998210.17307093180716, 781967.096070648287423 ], [ 1998146.988486011745408, 781961.561960981227458 ], [ 1998094.222145420266315, 781958.00385323096998 ], [ 1998030.866301000351086, 781955.005171566968784 ], [ 1997977.998127305880189, 781953.563581560039893 ], [ 1997914.573385395808145, 781953.105249156011268 ], [ 1997861.684639572631568, 781953.78280843119137 ], [ 1997798.292049822630361, 781955.865809508250095 ], [ 1997745.48497463716194, 781958.66079761669971 ], [ 1997682.226899057161063, 781963.281195198651403 ], [ 1997629.556593718705699, 781968.191030833870173 ], [ 1997566.534410048741847, 781975.342263255850412 ], [ 1997514.115948959253728, 781982.356502044247463 ], [ 1997451.431034949375317, 781992.026430207304657 ], [ 1997399.335359932854772, 782001.134808158734813 ], [ 1997337.087781032780185, 782013.308012163732201 ], [ 1997285.393479777500033, 782024.497136555030011 ], [ 1997223.683629437582567, 782039.154259465052746 ], [ 1997172.480641620000824, 782052.404897516942583 ], [ 1997111.407601029844955, 782069.522317355964333 ], [ 1997060.779533545253798, 782084.812536291428842 ], [ 1997000.441071545239538, 782104.3626940313261 ], [ 1996950.46067225234583, 782121.670690341852605 ], [ 1996890.953901512315497, 782143.622418089886196 ], [ 1996841.713236299809068, 782162.916251512360759 ], [ 1996783.133300959831104, 782187.234116273350082 ], [ 1996734.699304496636614, 782208.487531069782563 ], [ 1996677.141020676819608, 782235.132490891846828 ], [ 1996629.607376245316118, 782258.304051091661677 ], [ 1996573.162279155105352, 782287.23312709259335 ], [ 1996526.581871475791559, 782312.297297353157774 ], [ 1996471.341168305836618, 782343.464557866216637 ], [ 1996425.805642074439675, 782370.372779023600742 ], [ 1996371.857915324391797, 782403.728027266566642 ], [ 1996327.443676005117595, 782432.434310185839422 ], [ 1996302.588602299336344, 782449.214187942561693 ], [ 1996037.577070302795619, 782609.214806830394082 ], [ 1995826.312671455089003, 782726.752013009623624 ], [ 1995792.862314542522654, 782742.088364071329124 ], [ 1995765.988680632552132, 782755.846866733278148 ], [ 1995666.606809027725831, 782812.285954609629698 ], [ 1995641.024183027679101, 782828.317418620688841 ], [ 1995546.922057554125786, 782893.12270538310986 ], [ 1995522.821712054079399, 782911.306396050029434 ], [ 1995473.170956538757309, 782952.257541470928118 ], [ 1995428.329511758172885, 782962.908792530186474 ], [ 1995381.393582018092275, 782976.334946786169894 ], [ 1995326.661359668942168, 782993.28465471288655 ], [ 1995280.352069078944623, 783008.735083124833182 ], [ 1995226.40645543159917, 783028.044196181930602 ], [ 1995180.81140227150172, 783045.489699341938831 ], [ 1995127.75241119088605, 783067.122618552995846 ], [ 1995082.957553270971403, 783086.530388144077733 ], [ 1995061.838030425598845, 783095.900985076325014 ], [ 1994982.873621425591409, 783131.767383157275617 ], [ 1994948.723859668942168, 783147.871607995242812 ], [ 1994870.817519418895245, 783185.98176800319925 ], [ 1994837.150597518775612, 783203.051755402004346 ], [ 1994760.365974188782275, 783243.373853225028142 ], [ 1994660.853540000272915, 783301.303612069808878 ], [ 1994566.768225269159302, 783367.6853495426476 ], [ 1994522.724999986123294, 783401.731491240090691 ], [ 1994493.950298620387912, 783422.605800457648002 ], [ 1994464.553699812851846, 783442.592840616824105 ], [ 1994434.559574414975941, 783461.676247565774247 ], [ 1994403.998035113560036, 783479.836700964253396 ], [ 1994372.900388519512489, 783497.055786823038943 ], [ 1994341.29045011755079, 783513.320074405055493 ], [ 1994309.196941445348784, 783528.615032742032781 ], [ 1994276.655454931780696, 783542.923486518557183 ], [ 1994243.691897595534101, 783556.23412667424418 ], [ 1994210.336605607066303, 783568.534696704242378 ], [ 1994176.626185786677524, 783579.811771802487783 ], [ 1994123.325357991969213, 783595.853541574906558 ], [ 1994011.874402255984023, 783634.913595920428634 ], [ 1993904.360616816207767, 783683.778607128886506 ], [ 1993869.057209726190194, 783701.771025209920481 ], [ 1993752.748532771132886, 783768.703749027219601 ], [ 1993643.836544502293691, 783847.09939089580439 ], [ 1993624.586908551165834, 783862.499342168564908 ], [ 1993551.849341093795374, 783919.134530690149404 ], [ 1993453.667687439592555, 784003.636763669317588 ], [ 1993364.241472511785105, 784097.355580223957077 ], [ 1993284.431919645052403, 784199.388416918576695 ], [ 1993215.007638462120667, 784308.75264175911434 ], [ 1993156.637222741963342, 784424.395017475704663 ], [ 1993109.882811496499926, 784545.20184477372095 ], [ 1993075.1946752644144, 784670.009687866433524 ], [ 1993052.906879760092124, 784797.616578998160549 ], [ 1993043.234068638179451, 784926.79359405010473 ], [ 1993046.269396357238293, 785056.296687752008438 ], [ 1993061.983631052309647, 785184.878674517967738 ], [ 1993090.225436052773148, 785311.301239525317214 ], [ 1993130.722827338147908, 785434.346864363411441 ], [ 1993183.085792891914025, 785552.8305524016032 ], [ 1993246.810048731742427, 785665.611240954254754 ], [ 1993321.281895438209176, 785771.60279033833649 ], [ 1993405.784128417493775, 785869.784443992422894 ], [ 1993499.502944971900433, 785959.210658920463175 ], [ 1993601.535781666636467, 786039.020211787079461 ], [ 1993710.900006507057697, 786108.444492969894782 ], [ 1993826.542382223764434, 786166.814908690168522 ], [ 1993947.349209521664307, 786213.569319935748354 ], [ 1994072.157052614493296, 786248.25745616783388 ], [ 1994199.76394374622032, 786270.54525167203974 ], [ 1994328.940958798164502, 786280.218062794068828 ], [ 1994458.444052499951795, 786277.182735074893571 ], [ 1994587.02603926602751, 786261.468500379938632 ], [ 1994713.448604273376986, 786233.226695379358716 ], [ 1994836.494229111587629, 786192.729304094100371 ], [ 1994954.977917149662971, 786140.366338540217839 ], [ 1995067.758605702314526, 786076.642082700505853 ], [ 1995099.518271421082318, 786054.327087112586014 ] ] ] } },
{ "type": "Feature", "properties": { "FID": 69, "FeatureTyp": "Paved Greenway", "Label": "Bolin Creek/McMasters Connector", "Fr_St": " ", "To_St": " ", "Notes": " ", "Shape_Leng": 672.20817082799999, "GlobalID": "e560a421-b3c0-46d1-acbf-6097a5de4f58" }, "geometry": { "type": "Polygon", "coordinates": [ [ [ 1979976.387163246748969, 787938.607137696817517 ], [ 1979915.947486311895773, 787993.214259529020637 ], [ 1979828.804391579236835, 788089.059684736188501 ], [ 1979751.475409158971161, 788192.985104969004169 ], [ 1979684.705259423935786, 788303.989661619067192 ], [ 1979629.136975416215137, 788421.0043201247463 ], [ 1979585.305710087995976, 788542.902165357721969 ], [ 1979553.633582484442741, 788668.509254432283342 ], [ 1979534.425612508552149, 788796.615922416909598 ], [ 1979527.866783411242068, 788925.988432068726979 ], [ 1979534.020260301884264, 789055.380855397437699 ], [ 1979552.826781834475696, 789183.547072633402422 ], [ 1979584.105230925837532, 789309.252773041836917 ], [ 1979627.554379012668505, 789431.287342010065913 ], [ 1979682.755787047324702, 789548.475519927917048 ], [ 1979749.177835294045508, 789659.688720580772497 ], [ 1979826.180843118345365, 789763.855900050722994 ], [ 1979913.023229460930452, 789859.973871455993503 ], [ 1980008.868654668098316, 789947.116966188652441 ], [ 1980112.794074900913984, 790024.445948608918115 ], [ 1980223.798631550977007, 790091.216098344069906 ], [ 1980340.813290056539699, 790146.784382351674139 ], [ 1980462.711135289631784, 790190.615647680009715 ], [ 1980588.318224364193156, 790222.287775283446535 ], [ 1980716.424892348935828, 790241.495745259337127 ], [ 1980845.797402000753209, 790248.054574356763624 ], [ 1980905.696888490812853, 790248.148406193824485 ], [ 1981041.785751431947574, 790241.3287433948135 ], [ 1981176.446510747540742, 790220.51609536842443 ], [ 1981308.244246734306216, 790185.932237774250098 ], [ 1981435.774547526380047, 790137.945689688902348 ], [ 1981557.67847424489446, 790077.067786735948175 ], [ 1981672.657041592989117, 790003.947232389822602 ], [ 1981711.163198173046112, 789976.569334396743216 ], [ 1981818.799933032132685, 789891.273477627895772 ], [ 1981916.991755492519587, 789795.255688260775059 ], [ 1982004.675763315754011, 789689.55533516255673 ], [ 1982080.90279876254499, 789575.316598562290892 ], [ 1982107.10583035252057, 789531.241227386286482 ], [ 1982115.843417424242944, 789514.622759213903919 ], [ 1982133.753533778013662, 789501.469115324434824 ], [ 1982230.141198839060962, 789414.926163463504054 ], [ 1982317.582038290333003, 789319.352296277997084 ], [ 1982395.233949047746137, 789215.667942354921252 ], [ 1982462.349100762046874, 789104.871638702345081 ], [ 1982518.281137833371758, 788988.030414291657507 ], [ 1982562.491404169006273, 788866.269513985840604 ], [ 1982594.554130736505613, 788740.761561816325411 ], [ 1982614.160535951610655, 788612.715267971972935 ], [ 1982621.121799414046109, 788483.36378825979773 ], [ 1982615.370880351634696, 788353.952848140150309 ], [ 1982596.963163258507848, 788225.728745709522627 ], [ 1982566.075924512930214, 788099.926349168759771 ], [ 1982523.006625108653679, 787977.757204367080703 ], [ 1982468.170045942999423, 787860.397866953513585 ], [ 1982402.09429325023666, 787748.978571502491832 ], [ 1982325.415712649468333, 787644.572346737026237 ], [ 1982238.872760788537562, 787548.184681675978936 ], [ 1982143.298893603030592, 787460.743842224823311 ], [ 1982039.614539680071175, 787383.091931467293762 ], [ 1981928.818236027378589, 787315.976779752993025 ], [ 1981811.9770116165746, 787260.04474268166814 ], [ 1981690.216111310990527, 787215.834476346033625 ], [ 1981564.708159141475335, 787183.771749778534286 ], [ 1981436.661865297006443, 787164.165344563429244 ], [ 1981307.310385584831238, 787157.204081100877374 ], [ 1981177.899445465067402, 787162.955000163405202 ], [ 1981049.675343034556136, 787181.362717256532051 ], [ 1980923.872946493793279, 787212.249956002226099 ], [ 1980801.703801692230627, 787255.319255406386219 ], [ 1980684.344464278547093, 787310.155834571924061 ], [ 1980612.870525868609548, 787347.930693403934129 ], [ 1980497.429485297296196, 787416.677149900933728 ], [ 1980389.574983998201787, 787496.802774257725105 ], [ 1980345.445479078218341, 787533.214118756703101 ], [ 1980248.238527937792242, 787621.924686539452523 ], [ 1980208.931191847659647, 787661.563714864430949 ], [ 1980186.388730266131461, 787684.861766312853433 ], [ 1980154.446208856068552, 787718.696672399877571 ], [ 1980144.930623359745368, 787728.883211922016926 ], [ 1980104.606557019753382, 787772.510093178017996 ], [ 1980014.025594525970519, 787881.748341646976769 ], [ 1979976.387163246748969, 787938.607137696817517 ] ] ] } },
{ "type": "Feature", "properties": { "FID": 70, "FeatureTyp": "Paved Greenway", "Label": "Booker Creek Greenway", "Fr_St": " ", "To_St": " ", "Notes": " ", "Shape_Leng": 4450.4879746799998, "GlobalID": "96d04f21-bed8-4c60-a770-355574e18aee" }, "geometry": { "type": "Polygon", "coordinates": [ [ [ 1990462.169423865852877, 798362.597281537018716 ], [ 1990457.565722176572308, 798380.049260128289461 ], [ 1990436.960800144355744, 798507.93867204640992 ], [ 1990428.990450878394768, 798637.231897024787031 ], [ 1990433.731433199020103, 798766.683770627947524 ], [ 1990451.138088854728267, 798895.047600547433831 ], [ 1990481.042782236123458, 799021.087172930478118 ], [ 1990523.157514798687771, 799143.588657794636674 ], [ 1990577.076698645018041, 799261.372298874543048 ], [ 1990642.281062559923157, 799373.303775319713168 ], [ 1990674.237466073129326, 799417.535190878086723 ], [ 1990673.130918855080381, 799452.962893621297553 ], [ 1990673.348766185110435, 799487.955933870282024 ], [ 1990677.663991848938167, 799586.700551957590505 ], [ 1990680.499616099055856, 799621.579419211600907 ], [ 1990697.343770628795028, 799750.158211472560652 ], [ 1990726.723034337162971, 799876.463754601543769 ], [ 1990768.353862402960658, 799999.277049955329858 ], [ 1990917.394902902888134, 800376.847817119327374 ], [ 1990970.812075206078589, 800494.859978339402005 ], [ 1991035.539243791252375, 800607.068080273573287 ], [ 1991110.953050641575828, 800712.391497561009601 ], [ 1991196.327219571219757, 800809.815908117569052 ], [ 1991290.83955066348426, 800898.40306161204353 ], [ 1991393.579838504083455, 800977.299815329490229 ], [ 1991503.558637957554311, 801045.746350402361713 ], [ 1991619.716793064726517, 801103.083489281241782 ], [ 1991740.93563729361631, 801148.759043974918313 ], [ 1991866.047766908770427, 801182.333133923006244 ], [ 1991993.848283709259704, 801203.482422285946086 ], [ 1992123.10639885533601, 801212.00322985521052 ], [ 1992252.577286038314924, 801207.813496596063487 ], [ 1992381.01406983868219, 801190.953571930178441 ], [ 1992507.179833817761391, 801161.585826148511842 ], [ 1992629.859532699221745, 801119.993086697184481 ], [ 1992747.871693919412792, 801066.575914393761195 ], [ 1992860.079795853700489, 801001.84874580858741 ], [ 1992965.403213141020387, 800926.434938958496787 ], [ 1993062.827623697696254, 800841.060770028852858 ], [ 1993151.414777192054316, 800746.548438936588354 ], [ 1993230.311530909501016, 800643.80815109598916 ], [ 1993298.758065982256085, 800533.829351642401889 ], [ 1993356.095204861136153, 800417.671196535113268 ], [ 1993401.770759555045515, 800296.452352306456305 ], [ 1993435.344849503133446, 800171.340222691069357 ], [ 1993456.494137865956873, 800043.53970589058008 ], [ 1993465.014945435104892, 799914.281590744620189 ], [ 1993460.825212176190689, 799784.810703561641276 ], [ 1993443.965287510072812, 799656.37391976127401 ], [ 1993414.597541728522629, 799530.208155782194808 ], [ 1993396.436754791298881, 799476.642079051234759 ], [ 1993401.902074720477685, 799460.584376343525946 ], [ 1993408.777389050461352, 799436.526353590539657 ], [ 1993438.502635406097397, 799308.807671012240462 ], [ 1993442.9570228359662, 799284.186001094174571 ], [ 1993459.865904327947646, 799154.116178955649957 ], [ 1993461.854745487915352, 799129.173971619689837 ], [ 1993465.771774067776278, 798998.083058785181493 ], [ 1993465.27571206795983, 798973.066704626195133 ], [ 1993456.167110363487154, 798842.252835480612703 ], [ 1993453.191394533263519, 798817.409053145558573 ], [ 1993431.146309338975698, 798688.134322810801677 ], [ 1993425.720139079028741, 798663.708518642815761 ], [ 1993390.94936458603479, 798537.237963502644561 ], [ 1993383.125889416085556, 798513.47127874661237 ], [ 1993335.985994742484763, 798391.099741600919515 ], [ 1993325.842970422469079, 798368.226755849900655 ], [ 1993266.796367028029636, 798251.14146446925588 ], [ 1993256.785070694750175, 798233.524919947376475 ], [ 1993270.075148668140173, 798198.766294118948281 ], [ 1993281.874146344140172, 798166.666924987104721 ], [ 1993313.124083844013512, 798078.125435401103459 ], [ 1993323.527309294091538, 798047.455921399989165 ], [ 1993359.985569714102894, 797935.476814645924605 ], [ 1993361.090719983913004, 797932.066696856520139 ], [ 1993378.758656207239255, 797877.295983262825757 ], [ 1993394.312537937425077, 797835.126665326301008 ], [ 1993409.972543211188167, 797790.190980223473161 ], [ 1993432.506618881132454, 797721.574647632543929 ], [ 1993446.538395225070417, 797676.098086662590504 ], [ 1993466.584286895114928, 797606.714039079495706 ], [ 1993478.967294679721817, 797560.762305160635151 ], [ 1993496.499083759728819, 797490.700437416671775 ], [ 1993507.217526226537302, 797444.332438451470807 ], [ 1993522.21224689646624, 797373.684613866498694 ], [ 1993531.252476943889633, 797326.959150210255757 ], [ 1993543.690772274043411, 797255.816247880226001 ], [ 1993551.040186322061345, 797208.799254350131378 ], [ 1993560.905980231938884, 797137.254449926083907 ], [ 1993566.555866099428385, 797090.003056942950934 ], [ 1993573.836363359587267, 797018.14919802499935 ], [ 1993577.779454893432558, 796970.723567318636924 ], [ 1993582.465141063323244, 796898.653829571674578 ], [ 1993584.696377299027517, 796851.108543865382671 ], [ 1993586.780690699117258, 796778.916759111336432 ], [ 1993587.29642646596767, 796731.335457866312936 ], [ 1993586.777398645877838, 796659.115457956329919 ], [ 1993585.577567686326802, 796611.540174760273658 ], [ 1993583.689445, 796567.903231006814167 ], [ 1993583.689445, 796534.636125087970868 ], [ 1993582.171471436973661, 796476.913210581056774 ], [ 1993583.572496510809287, 796468.232610426843166 ], [ 1993585.557092845905572, 796455.544165114988573 ], [ 1993592.250899107661098, 796411.34013972140383 ], [ 1993598.400026394985616, 796375.480003278818913 ], [ 1993601.255593106616288, 796361.282822574721649 ], [ 1993620.485353990923613, 796233.697377596516162 ], [ 1993627.167016651248559, 796104.844031275832094 ], [ 1993621.236740878317505, 795975.953917988575995 ], [ 1993617.675396298291162, 795938.527811729582027 ], [ 1993595.72661679238081, 795793.684724365826696 ], [ 1993557.86275771795772, 795652.165831440477632 ], [ 1993504.550191010581329, 795515.714231560123153 ], [ 1993487.360350540140644, 795478.032862441847101 ], [ 1993468.742344251135364, 795436.491478925687261 ], [ 1993407.872606579447165, 795317.271606900845654 ], [ 1993335.241426622727886, 795204.829557168995962 ], [ 1993251.59572931448929, 795100.321661908994429 ], [ 1993157.795710744336247, 795004.822659997851588 ], [ 1993054.805992066394538, 794919.31464460468851 ], [ 1992963.302238066215068, 794850.873508527758531 ], [ 1992855.887720035854727, 794778.469186771311797 ], [ 1992741.893567702965811, 794716.941975501482375 ], [ 1992622.417607070179656, 794666.884415396954864 ], [ 1992498.610456950729713, 794628.778588125831448 ], [ 1992371.664447880117223, 794602.991473635425791 ], [ 1992242.80213932110928, 794589.771415935014375 ], [ 1992113.2645457489416, 794589.245731407077983 ], [ 1991984.299185001756996, 794601.419482680852525 ], [ 1991857.148064003325999, 794626.175429876893759 ], [ 1991733.035717556718737, 794663.275159690761939 ], [ 1991613.15741540491581, 794712.361381443333812 ], [ 1991498.667651129886508, 794772.961367986048572 ], [ 1991390.669023748021573, 794844.491508321138099 ], [ 1991290.201619079103693, 794926.262928094831295 ], [ 1991198.232993151061237, 795017.488123833900318 ], [ 1991115.648854106664658, 795117.2885470346082 ], [ 1991043.244532350217924, 795224.703065065084957 ], [ 1990981.717321080388501, 795338.697217397973873 ], [ 1990931.659760975977406, 795458.173178030643612 ], [ 1990893.553933704737574, 795581.980328150093555 ], [ 1990867.766819214448333, 795708.926337220822461 ], [ 1990854.546761513920501, 795837.788645779713988 ], [ 1990854.021076985867694, 795967.326239352114499 ], [ 1990866.194828259758651, 796096.291600099299103 ], [ 1990890.9507754559163, 796223.4427210977301 ], [ 1990928.05050526955165, 796347.555067544220947 ], [ 1990941.874015586683527, 796381.314825118053705 ], [ 1990940.305587366688997, 796505.055649312911555 ], [ 1990943.689445, 796569.348944424069487 ], [ 1990943.689445, 796596.447353168972768 ], [ 1990944.923363323556259, 796653.508914834703319 ], [ 1990947.016607183264568, 796701.886472727870569 ], [ 1990947.193590084789321, 796726.512715544435196 ], [ 1990946.482965555274859, 796751.125738267786801 ], [ 1990944.885597077896819, 796775.694589674356394 ], [ 1990942.403170776087791, 796800.194552093278617 ], [ 1990939.039140134351328, 796824.589843189925887 ], [ 1990934.798259157920256, 796848.846268455381505 ], [ 1990929.686108249938115, 796872.932235012878664 ], [ 1990923.708794634323567, 796896.81922989373561 ], [ 1990916.874568923842162, 796920.474263538140804 ], [ 1990909.191309937741607, 796943.869811759912409 ], [ 1990892.433631242485717, 796989.302835685666651 ], [ 1990874.621102456003428, 797040.851680393447168 ], [ 1990849.129747794708237, 797119.87504042906221 ], [ 1990818.239858933025971, 797214.751266628969461 ], [ 1990798.071235513314605, 797271.895699653541669 ], [ 1990777.299487719777972, 797326.221747311414219 ], [ 1990745.748644763138145, 797401.943717417772859 ], [ 1990736.404469841392711, 797424.978262883145362 ], [ 1990710.609101277310401, 797490.326804336393252 ], [ 1990681.42387512489222, 797553.847463447251357 ], [ 1990657.941165987635031, 797608.130511909141205 ], [ 1990624.086902997689322, 797691.464006647118367 ], [ 1990585.394159700721502, 797800.089348236913793 ], [ 1990567.826699449447915, 797857.183686259784736 ], [ 1990552.235016184160486, 797897.875396980321966 ], [ 1990542.404655264224857, 797927.141086472314782 ], [ 1990511.647266492247581, 798033.219505888526328 ], [ 1990504.297871742164716, 798063.204682138515636 ], [ 1990482.514210589230061, 798171.495711361989379 ], [ 1990477.697619179263711, 798201.990072941989638 ], [ 1990465.045852485578507, 798311.702111155958846 ], [ 1990462.795200805412605, 798342.492731988895684 ], [ 1990462.169423865852877, 798362.597281537018716 ] ] ] } },
{ "type": "Feature", "properties": { "FID": 71, "FeatureTyp": "Paved Greenway", "Label": "Fordham Sidepath", "Fr_St": "Ridgefield Drive", "To_St": "Cleland Drive", "Notes": " ", "Shape_Leng": 1872.80484101, "GlobalID": "6a5ebb8a-1904-45de-b02d-5b2ead91ac1c" }, "geometry": { "type": "Polygon", "coordinates": [ [ [ 1991295.966893178410828, 790885.192370742093772 ], [ 1991295.643194867530838, 790926.295121518080123 ], [ 1991296.420424277428538, 790975.337018174002878 ], [ 1991298.897237631026655, 791037.902595152379945 ], [ 1991301.999265541089699, 791086.852628489374183 ], [ 1991307.440523136174306, 791149.232603153446689 ], [ 1991312.860459806164727, 791197.980537152499892 ], [ 1991321.25422810181044, 791260.03445405466482 ], [ 1991328.97993444185704, 791308.470380804617889 ], [ 1991340.306776644429192, 791370.054439907893538 ], [ 1991350.320864214329049, 791418.069763829931617 ], [ 1991364.553442504024133, 791479.0393650009064 ], [ 1991376.832945514004678, 791526.525490499916486 ], [ 1991393.945831288350746, 791586.768700928776525 ], [ 1991408.463846858358011, 791633.619000927777961 ], [ 1991427.792395505821332, 791691.131502396427095 ], [ 1991424.656191613757983, 791719.618687750189565 ], [ 1991416.815764304017648, 791848.919856315362267 ], [ 1991421.686821578769013, 791978.366900676162913 ], [ 1991439.222452493850142, 792106.713175032520667 ], [ 1991469.253779337508604, 792232.722634600941092 ], [ 1991511.491584015078843, 792355.181739402236417 ], [ 1991565.52909337868914, 792472.911141314078122 ], [ 1991630.845896672690287, 792584.777041838737205 ], [ 1991706.812957375776023, 792689.702111201942898 ], [ 1991792.698671165388077, 792786.675863627810031 ], [ 1991887.675911667989567, 792874.764388869283721 ], [ 1991990.829996137879789, 792953.119346274295822 ], [ 1992101.167494351509959, 793020.98613476974424 ], [ 1992217.625795884523541, 793077.711160082602873 ], [ 1992339.083343630889431, 793122.748129210202023 ], [ 1992464.370435009943321, 793155.663311520125717 ], [ 1992592.280486843083054, 793176.139715813333169 ], [ 1992721.581655408255756, 793183.980143122957088 ], [ 1992851.028699769172817, 793179.109085848205723 ], [ 1992979.37497412529774, 793161.573454933124594 ], [ 1993105.384433693950996, 793131.542128089582548 ], [ 1993227.843538495246321, 793089.304323411779478 ], [ 1993345.572940407088026, 793035.266814048402011 ], [ 1993457.438840931514278, 792969.950010754284449 ], [ 1993562.363910294836387, 792893.982950051315129 ], [ 1993659.337662720587105, 792808.097236261586659 ], [ 1993747.426187962293625, 792713.119995758868754 ], [ 1993825.781145367072895, 792609.965911289094947 ], [ 1993893.647933862637728, 792499.628413075464778 ], [ 1993950.372959175612777, 792383.17011154233478 ], [ 1993995.409928303211927, 792261.712563796085306 ], [ 1994028.32511061290279, 792136.425472417031415 ], [ 1994048.801514906110242, 792008.515420583891682 ], [ 1994055.293627906125039, 791949.545394165907055 ], [ 1994060.237379516474903, 791893.79746299632825 ], [ 1994064.223920096410438, 791834.605652254307643 ], [ 1994066.800159542821348, 791778.695931127178483 ], [ 1994068.273909872863442, 791719.387978872167878 ], [ 1994068.47789725032635, 791663.427697801729664 ], [ 1994067.436560750473291, 791604.110559218679555 ], [ 1994065.268596872221678, 791548.193644078099169 ], [ 1994061.714142032200471, 791488.974274324136786 ], [ 1994057.177193304290995, 791433.190021121758036 ], [ 1994051.115525644272566, 791374.174063050770201 ], [ 1994044.2184715019539, 791318.636092241853476 ], [ 1994035.660745841916651, 791259.93050098081585 ], [ 1994026.416183038847521, 791204.737067843321711 ], [ 1994015.377819288754836, 791146.446830103290267 ], [ 1994003.801171778002754, 791091.690748931490816 ], [ 1993990.301854938035831, 791033.920851336559281 ], [ 1993961.012807404855266, 790928.505808489164338 ], [ 1993935.761064454680309, 790860.160894058295526 ], [ 1993934.355444967979565, 790772.415212087682448 ], [ 1993930.052303967997432, 790704.882210679701529 ], [ 1993926.944383942522109, 790665.434005242888816 ], [ 1993920.618937272345647, 790598.060452324803919 ], [ 1993916.329763813409954, 790558.721359770861454 ], [ 1993907.987588903401047, 790491.567622687900439 ], [ 1993902.521279321284965, 790452.375741380034015 ], [ 1993892.169922071276233, 790385.502187462989241 ], [ 1993885.533236379502341, 790346.502211548155174 ], [ 1993873.182539289584383, 790279.968880049185827 ], [ 1993865.377484607277438, 790241.173102412139997 ], [ 1993851.037946357391775, 790175.040032569202594 ], [ 1993845.940911612240598, 790153.124476847238839 ], [ 1993847.260944409295917, 790143.19175145868212 ], [ 1993851.65772496489808, 790013.72773014975246 ], [ 1993843.343640676001087, 789884.456153632840142 ], [ 1993822.398760719224811, 789756.621977856848389 ], [ 1993789.024795738514513, 789631.456315815798007 ], [ 1993743.543155260384083, 789510.164581257500686 ], [ 1993686.391852345783263, 789393.914879890740849 ], [ 1993618.121285283472389, 789283.826759888092056 ], [ 1993539.388936954783276, 789180.960430025588721 ], [ 1993450.953042913693935, 789086.306549292057753 ], [ 1993353.665289164055139, 789000.776686302386224 ], [ 1993248.462609956972301, 788925.194540392141789 ], [ 1993136.358164602890611, 788860.288008944247849 ], [ 1993018.431580193340778, 788806.682177337701432 ], [ 1992895.818554201396182, 788764.893299035029486 ], [ 1992769.699917094083503, 788735.323823778307997 ], [ 1992641.290260290727019, 788718.258521778625436 ], [ 1992511.826238981680945, 788713.861741223139688 ], [ 1992382.554662464885041, 788722.175825511920266 ], [ 1992254.720486688893288, 788743.120705468580127 ], [ 1992129.554824647726491, 788776.49467044940684 ], [ 1992008.26309008942917, 788821.976310927420855 ], [ 1991892.013388722669333, 788879.127613842254505 ], [ 1991781.925268719904125, 788947.398180904565379 ], [ 1991679.05893885740079, 789026.130529233138077 ], [ 1991667.76663860748522, 789035.687596732168458 ], [ 1991530.399326819228008, 789170.302705788868479 ], [ 1991520.615553739247844, 789181.399468371877447 ], [ 1991404.267662154044956, 789334.548605917254463 ], [ 1991396.200421063927934, 789346.949171660235152 ], [ 1991303.366265659686178, 789515.329537099343725 ], [ 1991297.186159919714555, 789528.770455098361708 ], [ 1991229.776843324070796, 789708.925563460681587 ], [ 1991225.615762394154444, 789723.122057383647189 ], [ 1991185.106764616211876, 789911.148834065184928 ], [ 1991183.052962956251577, 789925.79939530917909 ], [ 1991170.298742004437372, 790117.65926028508693 ], [ 1991170.395198504440486, 790132.452865865081549 ], [ 1991185.660372798331082, 790324.196767274406739 ], [ 1991187.905775138176978, 790338.819113363395445 ], [ 1991190.468647599220276, 790354.851040079724044 ], [ 1991217.57128366921097, 790517.949139087693766 ], [ 1991255.382440941873938, 790680.859299772884697 ], [ 1991258.681486219633371, 790691.856332498602569 ], [ 1991268.410677365958691, 790726.54047019360587 ], [ 1991275.184671835973859, 790753.807262257905677 ], [ 1991281.137536607682705, 790781.261509030126035 ], [ 1991286.265925096580759, 790808.888190253870562 ], [ 1991290.564267832553014, 790836.65705647750292 ], [ 1991294.027590554207563, 790864.536484323441982 ], [ 1991295.966893178410828, 790885.192370742093772 ] ] ] } },
{ "type": "Feature", "properties": { "FID": 72, "FeatureTyp": "Paved Greenway", "Label": "Morgan Greek Greenway", "Fr_St": " ", "To_St": " ", "Notes": " ", "Shape_Leng": 2776.8488828999998, "GlobalID": "3d4aa14d-45a3-4e10-8266-33344db00bcd" }, "geometry": { "type": "Polygon", "coordinates": [ [ [ 1979990.065513110952452, 780023.37657282629516 ], [ 1979973.143934767693281, 780032.060922049451619 ], [ 1979864.248777913162485, 780102.218667925335467 ], [ 1979762.754642625804991, 780182.712176949367858 ], [ 1979669.638972910819575, 780272.766252627479844 ], [ 1979585.798523569479585, 780371.513624982209876 ], [ 1979512.040723960846663, 780478.003302837139927 ], [ 1979449.075902015436441, 780591.209732381161302 ], [ 1979397.510443388484418, 780710.042673812946305 ], [ 1979357.840951635269448, 780833.357700945693068 ], [ 1979330.449465646641329, 780959.967222657403909 ], [ 1979315.599780406802893, 781088.651920042117126 ], [ 1979313.434906502021477, 781218.172489117947407 ], [ 1979323.975692851468921, 781347.281576001318172 ], [ 1979347.120625920360908, 781474.735789607511833 ], [ 1979382.646807350916788, 781599.307676185737364 ], [ 1979430.212100595701486, 781719.797540370607749 ], [ 1979489.358425878454, 781835.044998903409578 ], [ 1979559.516171754337847, 781943.940155757823959 ], [ 1979640.009680778486654, 782045.434291045065038 ], [ 1979730.063756456598639, 782138.549960760166869 ], [ 1979828.811128811212257, 782222.390410101506859 ], [ 1979935.300806666025892, 782296.148209710139781 ], [ 1980048.507236210163683, 782359.113031655550003 ], [ 1980167.340177641948685, 782410.678490282502025 ], [ 1980290.655204774811864, 782450.347982035833411 ], [ 1980417.264726486522704, 782477.7394680242287 ], [ 1980545.949423871235922, 782492.589153264183551 ], [ 1980675.469992946833372, 782494.754027168964967 ], [ 1980804.579079830320552, 782484.213240819633938 ], [ 1980932.033293436514214, 782461.068307750741951 ], [ 1980980.415767338359728, 782447.270294466172345 ], [ 1981033.949768521822989, 782447.197804722236469 ], [ 1981161.205080174375325, 782434.652673492091708 ], [ 1981286.649431138532236, 782409.853288972983137 ], [ 1981409.105607487726957, 782373.03237731475383 ], [ 1981467.325177050428465, 782349.169154926319607 ], [ 1981532.898826468735933, 782331.975075903930701 ], [ 1981656.492646112805232, 782285.96291957446374 ], [ 1981774.878290285589173, 782227.847602848662063 ], [ 1981886.874039330752566, 782158.209229948930442 ], [ 1981991.361957210348919, 782077.742927675833926 ], [ 1982087.299050686415285, 781987.251906686462462 ], [ 1982173.72768042748794, 781887.639443884952925 ], [ 1982177.52374594961293, 781882.262106719776057 ], [ 1982179.878379067406058, 781879.918885212973692 ], [ 1982211.31499597732909, 781846.737193044973537 ], [ 1982243.246982794255018, 781809.68219692457933 ], [ 1982343.495622525224462, 781702.541336512076668 ], [ 1982435.949177785310894, 781591.943132510059513 ], [ 1982484.425855282694101, 781528.297214047051966 ], [ 1982501.462827015202492, 781521.486964891315438 ], [ 1982625.629310312215239, 781455.774978393455967 ], [ 1982719.086912057828158, 781392.761798903462477 ], [ 1982724.716618856880814, 781391.325188260991126 ], [ 1982733.087631379021332, 781388.21958356606774 ], [ 1982733.855436417739838, 781388.061613854253665 ], [ 1982865.914638897636905, 781346.058867059880868 ], [ 1982992.842586721293628, 781290.442684530164115 ], [ 1983113.240343358833343, 781221.826040087849833 ], [ 1983155.248664988903329, 781191.642902058316395 ], [ 1983177.177653957158327, 781181.240091870073229 ], [ 1983289.863594514550641, 781113.281673967139795 ], [ 1983395.223165032686666, 781034.441147184581496 ], [ 1983492.209272074047476, 780945.502051146118902 ], [ 1983579.858040066668764, 780847.34828793478664 ], [ 1983605.108645726693794, 780816.062589342822321 ], [ 1983681.42213832680136, 780711.389214791706763 ], [ 1983747.108375759096816, 780599.739840836031362 ], [ 1983801.534763649571687, 780482.189711980638094 ], [ 1983844.177146130474284, 780359.870900225825608 ], [ 1983874.624853747664019, 780233.961402595276013 ], [ 1983892.584658432286233, 780105.673796380055137 ], [ 1983897.883597447536886, 779976.243561357376166 ], [ 1983890.470639113802463, 779846.917181444121525 ], [ 1983870.417174272472039, 779718.940140375867486 ], [ 1983837.916328752413392, 779593.544927017414011 ], [ 1983793.28110346221365, 779471.939165821531788 ], [ 1983736.941360021941364, 779355.293986744945869 ], [ 1983669.439680959098041, 779244.732746626948938 ], [ 1983591.426144343568012, 779141.320210648700595 ], [ 1983503.652063179062679, 779046.052298062830232 ], [ 1983406.962749849772081, 778959.84649094613269 ], [ 1983302.289375298656523, 778883.53299834614154 ], [ 1983190.640001342864707, 778817.846760913846083 ], [ 1983073.089872487587854, 778763.420373023254797 ], [ 1982950.771060732891783, 778720.777990542468615 ], [ 1982824.861563102109358, 778690.330282925395295 ], [ 1982696.573956887004897, 778672.370478240656666 ], [ 1982567.143721864325926, 778667.071539225522429 ], [ 1982437.817341950954869, 778674.484497559024021 ], [ 1982309.840300882700831, 778694.537962400354445 ], [ 1982184.445087524363771, 778727.038807920645922 ], [ 1982062.839326328597963, 778771.674033210729249 ], [ 1981946.194147252012044, 778828.013776651117951 ], [ 1981935.803902720566839, 778834.357400790904649 ], [ 1981870.534869320690632, 778865.042050287942402 ], [ 1981841.345383548410609, 778882.452022204292007 ], [ 1981834.526897180592641, 778884.025085434317589 ], [ 1981707.358729932690039, 778927.37981209566351 ], [ 1981617.231518969638273, 778968.757168113952503 ], [ 1981607.485618918435648, 778968.35569480957929 ], [ 1981479.593438267474994, 778975.513215300859883 ], [ 1981352.997163191437721, 778995.033028521807864 ], [ 1981271.585252521326765, 779011.665213101776317 ], [ 1981140.390764859039336, 779045.566506369854324 ], [ 1981013.363067059777677, 779092.73911780922208 ], [ 1980891.840768259949982, 779152.685945687117055 ], [ 1980777.10446208063513, 779224.775274457060732 ], [ 1980695.71847000066191, 779281.939202117035165 ], [ 1980598.483619166538119, 779357.235857648774981 ], [ 1980508.678323404397815, 779441.254970974638127 ], [ 1980427.082101471722126, 779533.267247967189178 ], [ 1980354.403216562233865, 779632.474013055558316 ], [ 1980278.605139812221751, 779746.747406567563303 ], [ 1980211.678569523151964, 779859.414168641669676 ], [ 1980198.076910328119993, 779888.555443712510169 ], [ 1980121.530700938310474, 779930.26661366969347 ], [ 1980014.774125180207193, 780002.793611096101813 ], [ 1979990.065513110952452, 780023.37657282629516 ] ] ] } },
{ "type": "Feature", "properties": { "FID": 73, "FeatureTyp": "Paved Greenway", "Label": "Chapel Watch/Maywood Way Connector", "Fr_St": " ", "To_St": " ", "Notes": " ", "Shape_Leng": 804.802782718, "GlobalID": "bdc0e34f-a2b2-447e-9db8-eb0445d8cc5c" }, "geometry": { "type": "Polygon", "coordinates": [ [ [ 1977915.591878093313426, 807576.402431584894657 ], [ 1977916.077869248809293, 807586.452913896762766 ], [ 1977922.610825511394069, 807668.468422781093977 ], [ 1977922.673161351354793, 807669.029445287073031 ], [ 1977943.278368273284286, 807796.918811304843985 ], [ 1977976.319705427391455, 807922.172691611223854 ], [ 1978021.478966674767435, 808043.584822867996991 ], [ 1978078.32124364329502, 808159.985939880483784 ], [ 1978146.299114132067189, 808270.255036260816269 ], [ 1978224.757914088433608, 808373.330160331330262 ], [ 1978312.94204237847589, 808468.218642300809734 ], [ 1978410.002237640321255, 808554.006654216442257 ], [ 1978515.003757135244086, 808629.868010627105832 ], [ 1978626.935378831112757, 808695.07212520041503 ], [ 1978744.719140022527426, 808748.991046668961644 ], [ 1978867.220718702301383, 808791.105506343767047 ], [ 1978993.260357701452449, 808821.009918956202455 ], [ 1979121.624226395972073, 808838.416288665379398 ], [ 1979251.076110559981316, 808843.156982615590096 ], [ 1979380.369317783042789, 808835.186345332651399 ], [ 1979508.258683800930157, 808814.581138410838321 ], [ 1979633.512564107310027, 808781.539801256614737 ], [ 1979754.924695363966748, 808736.380540009122342 ], [ 1979871.325812376569957, 808679.538263040827587 ], [ 1979981.594908756902441, 808611.560392551822588 ], [ 1980084.670032827416435, 808533.101592595572583 ], [ 1980179.558514796895906, 808444.917464305646718 ], [ 1980265.346526712412015, 808347.857269043684937 ], [ 1980341.20788312307559, 808242.85574954864569 ], [ 1980406.411997696617618, 808130.924127852893434 ], [ 1980443.179284693906084, 808050.607436913647689 ], [ 1980479.090156467631459, 807995.032525722170249 ], [ 1980489.243351387558505, 807977.390500639216043 ], [ 1980550.825493738055229, 807856.387734743999317 ], [ 1980559.112550648162141, 807837.796564566902816 ], [ 1980607.945237401407212, 807711.090109580545686 ], [ 1980614.278558081248775, 807691.745660090586171 ], [ 1980649.832525182981044, 807560.706883573438972 ], [ 1980654.145180603023618, 807540.8142068174202 ], [ 1980676.807316369609907, 807399.827620934112929 ], [ 1980678.802063019713387, 807380.947081263177097 ], [ 1980685.564756080275401, 807204.394769445294514 ], [ 1980685.02013776008971, 807185.416789025301114 ], [ 1980668.137509889202192, 807009.504924654378556 ], [ 1980665.062712879385799, 806990.769725918304175 ], [ 1980624.847468295367435, 806818.735787382000126 ], [ 1980619.298266795231029, 806800.578999540070072 ], [ 1980556.445859764469787, 806635.405083855148405 ], [ 1980548.521006854483858, 806618.152493690140545 ], [ 1980483.935241329250857, 806495.078650924493559 ], [ 1980406.766281716059893, 806379.47828953305725 ], [ 1980317.869722551200539, 806272.63310409989208 ], [ 1980305.29986579134129, 806259.048813684843481 ], [ 1980207.276472216239199, 806163.558972627972253 ], [ 1980193.367707396158949, 806151.349023298011161 ], [ 1980187.745669492520392, 806146.907887766021304 ], [ 1980124.114062368869781, 806061.632917378563434 ], [ 1980036.840905469376594, 805965.905906678643078 ], [ 1979940.605104833608493, 805879.194112967001274 ], [ 1979836.333463829243556, 805802.332618218380958 ], [ 1979725.030175359919667, 805736.061640644096769 ], [ 1979607.767150938278064, 805681.019405985600315 ], [ 1979485.673697591759264, 805637.73600105184596 ], [ 1979359.925642019370571, 805606.628268693224527 ], [ 1979231.734006737126037, 805587.995793377864175 ], [ 1979102.333347269333899, 805582.018016028450802 ], [ 1978972.969862704398111, 805588.75250590860378 ], [ 1978844.889394115889445, 805608.134406199329533 ], [ 1978719.325426432304084, 805639.977058605756611 ], [ 1978597.487209302606061, 805683.973800978157669 ], [ 1978480.548111361218616, 805739.700920636299998 ], [ 1978369.634320046985522, 805806.621734954533167 ], [ 1978265.813995801610872, 805884.091759908245876 ], [ 1978170.086985101690516, 805971.364916807622649 ], [ 1978083.375191390048712, 806067.600717443507165 ], [ 1978006.513696641428396, 806171.872358447872102 ], [ 1977940.242719067260623, 806283.175646917195991 ], [ 1977885.200484408764169, 806400.438671338954009 ], [ 1977841.917079474776983, 806522.532124685356393 ], [ 1977810.809347116388381, 806648.280180257745087 ], [ 1977792.176871801028028, 806776.471815540106036 ], [ 1977786.453129950910807, 806836.381472617038526 ], [ 1977780.469708499964327, 806961.9220290039666 ], [ 1977780.469708499964327, 806990.567969084018841 ], [ 1977788.286198703572154, 807134.005888123996556 ], [ 1977811.643097315914929, 807275.745047938195057 ], [ 1977850.263784686569124, 807414.106807989999652 ], [ 1977855.730637276545167, 807430.2439148259582 ], [ 1977915.591878093313426, 807576.402431584894657 ] ] ] } },
{ "type": "Feature", "properties": { "FID": 74, "FeatureTyp": "Paved Greenway", "Label": "Morgan Greek Greenway", "Fr_St": " ", "To_St": " ", "Notes": " ", "Shape_Leng": 1660.8617461599999, "GlobalID": "91ba1a8a-45c4-4e50-84f3-32d5a54d00c7" }, "geometry": { "type": "Polygon", "coordinates": [ [ [ 1981261.56181946140714, 779893.559885526774451 ], [ 1981260.773096043616533, 779900.402522243559361 ], [ 1981258.62482379633002, 780029.923367743729614 ], [ 1981269.182158956304193, 780159.031102473498322 ], [ 1981292.343428614316508, 780286.482348370016553 ], [ 1981327.885577082401142, 780411.049680263153277 ], [ 1981375.466314041754231, 780531.533446651534177 ], [ 1981434.627410985063761, 780646.773323001689278 ], [ 1981504.799114207969978, 780755.659486307878979 ], [ 1981585.305631848750636, 780857.143303294084035 ], [ 1981675.3716421329882, 780950.247429326176643 ], [ 1981774.129760146839544, 781034.075220774393529 ], [ 1981880.628891226835549, 781107.819370182463899 ], [ 1981993.843390522757545, 781170.769681078614667 ], [ 1982112.682940516620874, 781222.319907556986436 ], [ 1982236.00305137806572, 781261.97359275619965 ], [ 1982362.616083025466651, 781289.348850011010654 ], [ 1982491.302682750625536, 781304.182040629209951 ], [ 1982620.823528250679374, 781306.330312876496464 ], [ 1982749.931262980448082, 781295.772977716755122 ], [ 1982877.382508876966313, 781272.611708058742806 ], [ 1982909.786379051394761, 781265.063780614524148 ], [ 1982933.252688200911507, 781260.376818696619011 ], [ 1983065.480554508278146, 781226.7770522441715 ], [ 1983193.534060093108565, 781179.708457179716788 ], [ 1983316.045275958953425, 781119.673842822783627 ], [ 1983431.705478507559747, 781047.314527733018622 ], [ 1983539.27912995335646, 780963.403488837531768 ], [ 1983579.737710453337058, 780928.33531751553528 ], [ 1983647.042802849086002, 780865.7641538947355 ], [ 1983669.90889884904027, 780842.971876632655039 ], [ 1983696.803922285092995, 780813.345844352385029 ], [ 1983765.378624411765486, 780797.276080708834343 ], [ 1983881.630222735926509, 780758.351893358048983 ], [ 1983993.769258758518845, 780708.810364579083398 ], [ 1984007.444428248330951, 780701.993121003033593 ], [ 1984120.400788011029363, 780638.580777710303664 ], [ 1984226.597735476214439, 780564.402122817002237 ], [ 1984325.012535986723378, 780480.171537319663912 ], [ 1984414.697401214623824, 780386.700207802001387 ], [ 1984494.788616880774498, 780284.888314263778739 ], [ 1984564.51486079627648, 780175.716360895894468 ], [ 1984623.204631115775555, 780060.235733288689516 ], [ 1984670.292713268194348, 779939.558573014102876 ], [ 1984705.325623281532899, 779814.847067094524391 ], [ 1984727.965975081082433, 779687.3022555061616 ], [ 1984737.995729702757671, 779558.152464507613331 ], [ 1984735.318295126548037, 779428.641477186814882 ], [ 1984719.959456511307508, 779300.016555149341002 ], [ 1984692.067127868765965, 779173.516426708200015 ], [ 1984651.909927571425214, 779050.359357252251357 ], [ 1984599.874591409927234, 778931.731416684691794 ], [ 1984536.462248117197305, 778818.775056921876967 ], [ 1984505.427764020627365, 778774.344924265169539 ], [ 1984478.012925351737067, 778724.972730734501965 ], [ 1984403.20669807610102, 778617.108277425053529 ], [ 1984318.057169924490154, 778517.206977220717818 ], [ 1984223.406390363350511, 778426.25676086358726 ], [ 1984120.190367379225791, 778345.157041219761595 ], [ 1984009.429811233188957, 778274.709818924195133 ], [ 1983892.22004058631137, 778215.611751342192292 ], [ 1983769.720150820910931, 778168.447263277717866 ], [ 1983643.14155166526325, 778133.682767555932514 ], [ 1983513.735987482825294, 778111.662052636034787 ], [ 1983382.783158685779199, 778102.602882863255218 ], [ 1983251.919790187384933, 778106.584447922417894 ], [ 1983249.4126102917362, 778106.535070335376076 ], [ 1983222.304045082069933, 778108.757455936749466 ], [ 1983161.353891848120838, 778109.071583121083677 ], [ 1983093.260802673175931, 778108.12606758531183 ], [ 1983090.940361788496375, 778108.269918055506423 ], [ 1983084.402126437053084, 778107.872101708082482 ], [ 1983033.861442307708785, 778109.736989928176627 ], [ 1982974.939747469034046, 778103.222246429999359 ], [ 1982841.956474995939061, 778101.98188812774606 ], [ 1982725.441810027696192, 778112.668724715942517 ], [ 1982674.982925939839333, 778113.386556313605979 ], [ 1982550.336228299187496, 778121.067887452314608 ], [ 1982426.973277210025117, 778140.49427104042843 ], [ 1982350.278876790078357, 778156.321667210431769 ], [ 1982226.740981757408008, 778188.109691244899295 ], [ 1982106.848281947895885, 778231.673787855543196 ], [ 1981991.720442650374025, 778286.607116535073146 ], [ 1981882.432630623690784, 778352.39666071604006 ], [ 1981780.005473227240145, 778428.42801877844613 ], [ 1981685.395526889944449, 778513.991141881560907 ], [ 1981599.486343930242583, 778608.286965035833418 ], [ 1981523.080221154727042, 778710.434869485790841 ], [ 1981444.972765834536403, 778826.117380904732272 ], [ 1981374.442836579866707, 778943.228193388436921 ], [ 1981316.403780488064513, 779067.005740985856391 ], [ 1981271.478138828882948, 779196.122355109662749 ], [ 1981240.147795145632699, 779329.193099024123512 ], [ 1981222.748806452844292, 779464.790623019682243 ], [ 1981219.467798606492579, 779601.460474518709816 ], [ 1981230.339964507846162, 779737.73669889359735 ], [ 1981255.248686617007479, 779872.157563658547588 ], [ 1981261.56181946140714, 779893.559885526774451 ] ] ] } },
{ "type": "Feature", "properties": { "FID": 75, "FeatureTyp": "Paved Greenway", "Label": "Library", "Fr_St": " ", "To_St": " ", "Notes": " ", "Shape_Leng": 697.022731239, "GlobalID": "53d28780-42a9-448d-966e-1701f45aed82" }, "geometry": { "type": "Polygon", "coordinates": [ [ [ 1989329.268237459938973, 792927.455959737650119 ], [ 1989210.778845730703324, 792961.256048245471902 ], [ 1989090.292156056268141, 793008.829382205381989 ], [ 1988975.048644875874743, 793067.983398328768089 ], [ 1988866.158170200418681, 793138.148411103524268 ], [ 1988764.669406826607883, 793218.648693100549281 ], [ 1988671.559747025370598, 793308.708982598269358 ], [ 1988587.725887719308957, 793407.461949776858091 ], [ 1988513.975194801809266, 793513.956549578579143 ], [ 1988451.017927761888131, 793627.167180791380815 ], [ 1988399.460399497067556, 793746.003563149482943 ], [ 1988359.799137189052999, 793869.321237328229472 ], [ 1988332.416100474540144, 793995.932586712879129 ], [ 1988317.575002966215834, 794124.618274796172045 ], [ 1988315.418772546108812, 794254.138988055172376 ], [ 1988325.96817489201203, 794383.247371217817999 ], [ 1988349.121613492490724, 794510.700039976509288 ], [ 1988384.656108076451346, 794635.269555458333343 ], [ 1988432.229442036477849, 794755.756245132652111 ], [ 1988491.383458159863949, 794870.999756313045509 ], [ 1988561.548470934620127, 794979.890230988501571 ], [ 1988642.04875293164514, 795081.378994362195954 ], [ 1988732.109042429365218, 795174.488654163549654 ], [ 1988830.862009607953951, 795258.322513469611295 ], [ 1988937.356609409442171, 795332.073206387110986 ], [ 1989050.567240622360259, 795395.030473427032121 ], [ 1989169.403622980462387, 795446.588001691736281 ], [ 1989292.721297159092501, 795486.249263999983668 ], [ 1989419.332646543858573, 795513.632300714496523 ], [ 1989548.018334627151489, 795528.473398222704418 ], [ 1989677.53904788615182, 795530.62962864281144 ], [ 1989764.663873636163771, 795527.802206470863894 ], [ 1989781.806454887380823, 795527.019970292458311 ], [ 1989844.913209448801354, 795525.853503534570336 ], [ 1989874.116891198791564, 795524.177981952554546 ], [ 1989976.109544355189428, 795514.342769693001173 ], [ 1990005.095050685340539, 795510.407082017045468 ], [ 1990106.033077415311709, 795492.686871568788774 ], [ 1990134.626196075230837, 795486.514311740756966 ], [ 1990233.895585560472682, 795461.013751609483734 ], [ 1990261.923416640376672, 795452.6413930344861 ], [ 1990358.883426510263234, 795419.527856756467372 ], [ 1990386.177335180342197, 795409.0068804215407 ], [ 1990480.303020938299596, 795368.460255326353945 ], [ 1990506.69863743823953, 795355.853325160336681 ], [ 1990597.395775323035195, 795308.125792723149061 ], [ 1990622.733651153044775, 795293.509024050086737 ], [ 1990709.429840024793521, 795238.905588175286539 ], [ 1990733.557744534919038, 795222.367563511361368 ], [ 1990832.326123164501041, 795147.623185730539262 ], [ 1990923.653740664944053, 795063.950126095907763 ], [ 1991155.080115084769204, 794831.027363596833311 ], [ 1991241.763206110801548, 794734.765708599123172 ], [ 1991318.5936022142414, 794630.471151083707809 ], [ 1991384.831384680932388, 794519.148104652995244 ], [ 1991439.83864745660685, 794401.8686710994225 ], [ 1991483.085640530567616, 794279.762315479456447 ], [ 1991514.155871718423441, 794154.004988747881725 ], [ 1991532.750117708928883, 794025.807802707073279 ], [ 1991538.689305748557672, 793896.405366338440217 ], [ 1991531.91623820993118, 793767.043895842507482 ], [ 1991512.496143436059356, 793638.969212896656245 ], [ 1991480.616047555580735, 793513.41474671009928 ], [ 1991436.582973319338635, 793391.589655427495018 ], [ 1991380.820983303012326, 793274.667181274155155 ], [ 1991313.867095953086391, 793163.773351592477411 ], [ 1991236.366113805444911, 793059.97613458300475 ], [ 1991149.064413684885949, 792964.275154186994769 ], [ 1991052.80275868694298, 792877.59206316107884 ], [ 1990948.508201171644032, 792800.761667057638988 ], [ 1990837.185154740931466, 792734.523884590831585 ], [ 1990719.905721187358722, 792679.516621815273538 ], [ 1990597.799365567276254, 792636.269628741312772 ], [ 1990472.042038835817948, 792605.199397553573363 ], [ 1990343.844852795125917, 792586.605151563067921 ], [ 1990214.442416426260024, 792580.665963523322716 ], [ 1990085.080945930443704, 792587.439031061832793 ], [ 1989957.006262984592468, 792606.859125835704617 ], [ 1989831.451796798035502, 792638.739221716299653 ], [ 1989709.62670551543124, 792682.772295952541754 ], [ 1989592.704231362091377, 792738.534285968984477 ], [ 1989481.810401680413634, 792805.488173318793997 ], [ 1989378.013184671057388, 792882.989155466319062 ], [ 1989329.268237459938973, 792927.455959737650119 ] ] ] } },
{ "type": "Feature", "properties": { "FID": 76, "FeatureTyp": "Paved Greenway", "Label": "Southern Community Park", "Fr_St": " ", "To_St": " ", "Notes": " ", "Shape_Leng": 2301.6233805100001, "GlobalID": "bb491d6f-16c6-48a4-9f9d-10a0448106af" }, "geometry": { "type": "Polygon", "coordinates": [ [ [ 1979843.321466071298346, 771594.372553371824324 ], [ 1979729.058118230896071, 771589.483401341363788 ], [ 1979599.718283563153818, 771596.657776637235656 ], [ 1979471.704467301955447, 771616.475126079982147 ], [ 1979346.249512476846576, 771648.74459776119329 ], [ 1979224.561618883861229, 771693.155419028131291 ], [ 1979107.812707459321246, 771749.279889394761994 ], [ 1978997.1271340418607, 771816.577499530627392 ], [ 1978893.570861210580915, 771894.40013666136656 ], [ 1978798.141192482085899, 771981.998326249420643 ], [ 1978780.24149675690569, 772002.000402393518016 ], [ 1978766.149970055324957, 772010.702476246515289 ], [ 1978723.290168625535443, 772042.978548346203752 ], [ 1978701.491562206065282, 772050.963479969883338 ], [ 1978584.809463070472702, 772107.22672049200628 ], [ 1978474.203982076374814, 772174.655883817467839 ], [ 1978370.740310468710959, 772252.601590243168175 ], [ 1978275.414859964279458, 772340.313180006691255 ], [ 1978189.14566676132381, 772436.945942550548352 ], [ 1978112.763550350209698, 772541.569251546636224 ], [ 1978047.004112266702577, 772653.175527336308733 ], [ 1977992.500651847105473, 772770.689940473646857 ], [ 1977949.778067209757864, 772892.98076292022597 ], [ 1977919.247800199780613, 773018.870267204823904 ], [ 1977901.203873977530748, 773147.146068583009765 ], [ 1977895.820061416365206, 773276.572800964815542 ], [ 1977903.148211574880406, 773405.904014165513217 ], [ 1977923.117750360397622, 773533.894177902489901 ], [ 1977955.536360198399052, 773659.3106769323349 ], [ 1978000.091832153964788, 773780.945681809796952 ], [ 1978056.355072675971314, 773897.627780945389532 ], [ 1978123.784236001549289, 774008.233261939603835 ], [ 1978201.729942427249625, 774111.696933547151275 ], [ 1978289.44153219088912, 774207.022384051699191 ], [ 1978386.074294734513387, 774293.291577254538424 ], [ 1978490.697603730717674, 774369.673693665652536 ], [ 1978602.303879520390183, 774435.433131749276072 ], [ 1978719.818292657844722, 774489.936592168989591 ], [ 1978842.109115104191005, 774532.659176806104369 ], [ 1978967.998619388788939, 774563.189443816314451 ], [ 1979096.274420767091215, 774581.233370038564317 ], [ 1979128.884263677056879, 774584.19793103961274 ], [ 1979158.572398190153763, 774585.260698600322939 ], [ 1979189.002757695736364, 774623.333440892514773 ], [ 1979273.262633311329409, 774710.862652218318544 ], [ 1979365.213410205440596, 774790.27388632716611 ], [ 1979464.076109012821689, 774860.894395094830543 ], [ 1979569.013194642728195, 774922.125902781495824 ], [ 1979679.135671623283997, 774973.449674445088021 ], [ 1979793.510615404462442, 775014.430910506867804 ], [ 1979911.16907581477426, 775044.722430243506096 ], [ 1979931.239901824854314, 775048.915335252531804 ], [ 1980050.185338429408148, 775068.145793823408894 ], [ 1980170.388775342376903, 775076.450080678449012 ], [ 1980290.848667136626318, 775073.75900378159713 ], [ 1980410.561331579694524, 775060.094985418370925 ], [ 1980528.529312402708456, 775035.571875370806083 ], [ 1980569.714269392658025, 775025.028589374851435 ], [ 1980672.75075414031744, 774994.126944658462889 ], [ 1980747.99715027003549, 774968.173830416053534 ], [ 1980795.732773002935573, 774952.585092388675548 ], [ 1980920.902225192636251, 774904.546645059017465 ], [ 1980949.411354522686452, 774891.908875062013976 ], [ 1981068.253413026919588, 774831.88278904336039 ], [ 1981180.44414567342028, 774760.190353037789464 ], [ 1981284.842163337161765, 774677.560940719093196 ], [ 1981380.385357238352299, 774584.835194718441926 ], [ 1981394.106130328495055, 774570.104253050405532 ], [ 1981469.992184363305569, 774481.020334340515547 ], [ 1981537.690082361921668, 774385.565463452716358 ], [ 1981596.667743177386001, 774284.489881364977919 ], [ 1981646.461623592767864, 774178.588005825178698 ], [ 1981686.680361604085192, 774068.692187513224781 ], [ 1981693.004495933884755, 774048.708303595194593 ], [ 1981724.035228324821219, 773932.48598096461501 ], [ 1981744.356596760218963, 773813.921329338219948 ], [ 1981753.799833410885185, 773693.99902152211871 ], [ 1981752.286512724123895, 773573.715005581267178 ], [ 1981739.829202743712813, 773454.068233546102419 ], [ 1981716.531360732857138, 773336.05236517242156 ], [ 1981682.586473967414349, 773220.647515651886351 ], [ 1981672.888901599915698, 773192.487252964172512 ], [ 1981452.341674971627071, 772510.465553465532139 ], [ 1981396.776508486596867, 772367.573109715245664 ], [ 1981386.198445646557957, 772344.44553129223641 ], [ 1981329.00803257804364, 772233.578357774065807 ], [ 1981261.607031783321872, 772128.605129745556042 ], [ 1981184.597436380805448, 772030.463417274295352 ], [ 1981098.667058805236593, 771940.029774637427181 ], [ 1981004.583387600490823, 771858.111911362735555 ], [ 1980903.186732583213598, 771785.441478158230893 ], [ 1980795.382719601504505, 771722.66753216215875 ], [ 1980773.194115701597184, 771711.11506182118319 ], [ 1980658.497698784805834, 771658.211723789921962 ], [ 1980539.269920641789213, 771616.513184876297601 ], [ 1980416.60247301752679, 771586.401251664268784 ], [ 1980291.618542487965897, 771568.151639674324542 ], [ 1980165.462526166578755, 771561.931448814459145 ], [ 1980039.289553199429065, 771567.797633354202844 ], [ 1979983.312631029402837, 771573.09322643710766 ], [ 1979851.65879129501991, 771592.28294729324989 ], [ 1979843.321466071298346, 771594.372553371824324 ] ] ] } },
{ "type": "Feature", "properties": { "FID": 77, "FeatureTyp": "Paved Greenway", "Label": "Fan Branch Trail", "Fr_St": " ", "To_St": " ", "Notes": " ", "Shape_Leng": 47.338736274200002, "GlobalID": "ce50bdd9-327e-4832-a4b9-9ab977e0e60d" }, "geometry": { "type": "Polygon", "coordinates": [ [ [ 1980697.129176560323685, 780045.955733846290968 ], [ 1980739.370854632463306, 780168.413502592709847 ], [ 1980793.412087782751769, 780286.141195224248804 ], [ 1980858.732429393567145, 780398.005029704188928 ], [ 1980934.702808867907152, 780502.927696155617014 ], [ 1981020.591589921386912, 780599.898731943918392 ], [ 1981115.571616641245782, 780687.984252984751947 ], [ 1981218.728179448517039, 780766.335947558050975 ], [ 1981329.067824252415448, 780834.19924601376988 ], [ 1981445.527919955551624, 780890.920587689848617 ], [ 1981566.986892172833905, 780935.953715058742091 ], [ 1981692.27502460568212, 780968.864934486569837 ], [ 1981820.185724049108103, 780989.337292938958853 ], [ 1981949.487140544690192, 780997.173630412784405 ], [ 1982078.934030767763034, 780992.298478694283403 ], [ 1982207.279750403016806, 780974.758788159582764 ], [ 1982333.288260009139776, 780944.723475616774522 ], [ 1982455.746028755791485, 780902.481797544518486 ], [ 1982573.473721387097612, 780848.440564394346438 ], [ 1982685.337555867154151, 780783.120222783414647 ], [ 1982790.260222318582237, 780707.149843309191056 ], [ 1982887.231258106883615, 780621.261062255594879 ], [ 1982975.316779147833586, 780526.281035535852425 ], [ 1983053.668473721016198, 780423.124472728581168 ], [ 1983121.531772176735103, 780312.784827924682759 ], [ 1983178.25311385281384, 780196.324732221430168 ], [ 1983223.286241221707314, 780074.865760004147887 ], [ 1983256.19746064953506, 779949.577627571299672 ], [ 1983276.669819101924077, 779821.666928127757274 ], [ 1983284.506156575633213, 779692.3655116322916 ], [ 1983279.631004857365042, 779562.918621409218758 ], [ 1983262.091314322547987, 779434.572901773964986 ], [ 1983232.05600177962333, 779308.5643921677256 ], [ 1983218.833587289787829, 779263.109758663689718 ], [ 1983176.591909217415377, 779140.651989917270839 ], [ 1983122.550676067126915, 779022.924297285731882 ], [ 1983057.230334456311539, 778911.060462805791758 ], [ 1982981.259954981971532, 778806.137796354363672 ], [ 1982895.371173928491771, 778709.166760566062294 ], [ 1982800.391147208632901, 778621.081239525228739 ], [ 1982697.234584401361644, 778542.729544951929711 ], [ 1982586.894939597463235, 778474.866246496210806 ], [ 1982470.434843894327059, 778418.144904820132069 ], [ 1982348.975871677044779, 778373.111777451238595 ], [ 1982223.687739244196564, 778340.200558023410849 ], [ 1982095.777039800770581, 778319.728199571021833 ], [ 1981966.475623305188492, 778311.891862097196281 ], [ 1981837.02873308211565, 778316.767013815697283 ], [ 1981708.683013446861878, 778334.306704350397922 ], [ 1981582.674503840738907, 778364.342016893206164 ], [ 1981460.216735094087198, 778406.5836949654622 ], [ 1981342.489042462781072, 778460.624928115634248 ], [ 1981230.625207982724532, 778525.945269726566039 ], [ 1981125.702541531296447, 778601.91564920078963 ], [ 1981028.731505742995068, 778687.804430254385807 ], [ 1980940.645984702045098, 778782.784456974128261 ], [ 1980862.294290128862485, 778885.941019781399518 ], [ 1980794.430991673143581, 778996.280664585297927 ], [ 1980737.709649997064844, 779112.740760288550518 ], [ 1980692.676522628171369, 779234.199732505832799 ], [ 1980659.765303200343624, 779359.487864938681014 ], [ 1980639.292944747954607, 779487.398564382223412 ], [ 1980631.456607274245471, 779616.699980877689086 ], [ 1980636.331758992513642, 779746.146871100761928 ], [ 1980653.871449527330697, 779874.4925907360157 ], [ 1980683.906762070022523, 780000.501100342255086 ], [ 1980697.129176560323685, 780045.955733846290968 ] ] ] } },
{ "type": "Feature", "properties": { "FID": 78, "FeatureTyp": "Paved Greenway", "Label": "Upper Booker Creek Trail", "Fr_St": "NC 86", "To_St": "Homestead Park", "Notes": " ", "Shape_Leng": 3651.3229774900001, "GlobalID": "27688c68-474e-4282-af54-44d5b68e473c" }, "geometry": { "type": "Polygon", "coordinates": [ [ [ 1980194.97842403803952, 801606.368442225386389 ], [ 1980143.104500520508736, 801658.253146332572214 ], [ 1980060.936448943335563, 801758.396422655787319 ], [ 1979988.979816561797634, 801866.111359173548408 ], [ 1979927.927585081197321, 801980.360602164291777 ], [ 1979878.367720864946023, 802100.043868963024579 ], [ 1979840.77751249819994, 802224.008544284966774 ], [ 1979815.51897423597984, 802351.060780540690757 ], [ 1979802.835359609685838, 802479.976995241246186 ], [ 1979802.848818761529401, 802609.515654766466469 ], [ 1979815.559222072828561, 802738.429231011890806 ], [ 1979840.844161411281675, 802865.476215767092071 ], [ 1979878.460128988837823, 802989.433077117893845 ], [ 1979928.04486247501336, 803109.106042727595195 ], [ 1979989.120833780150861, 803223.342596517759375 ], [ 1980061.099847913486883, 803331.042578027117997 ], [ 1980143.288707620929927, 803431.168777559185401 ], [ 1980234.895889254752547, 803522.756925077643245 ], [ 1980259.951144924154505, 803545.460943826241419 ], [ 1980307.150064264191315, 803588.230873819673434 ], [ 1980415.514959481079131, 803676.446562596363947 ], [ 1980454.896442411001772, 803705.178460516384803 ], [ 1980548.82799101062119, 803767.736895385431126 ], [ 1980647.759939269628376, 803822.043094011722133 ], [ 1980713.188614179613069, 803854.399000438745134 ], [ 1980824.679365920135751, 803903.271605768590234 ], [ 1980940.1983186758589, 803941.665496292640455 ], [ 1981058.763009791029617, 803969.254140625707805 ], [ 1981135.426242290996015, 803983.402078206650913 ], [ 1981289.524641575757414, 804002.552445351495408 ], [ 1981444.805691827088594, 804003.473671039100736 ], [ 1981514.354765337193385, 803999.789623280172236 ], [ 1981582.134042618330568, 803994.445888164220378 ], [ 1981631.796344858361408, 803989.240518007194623 ], [ 1981670.713554377900437, 803982.903048896114342 ], [ 1981767.834617622196674, 803974.034506866242737 ], [ 1981895.060771385440603, 803949.667104638763703 ], [ 1982019.285873360466212, 803912.946694346261211 ], [ 1982022.153831260744482, 803911.782577343285084 ], [ 1982073.79549020761624, 803922.557147052837536 ], [ 1982202.586164774606004, 803936.457745502935722 ], [ 1982332.119173950515687, 803937.667715149815194 ], [ 1982461.147044047014788, 803926.175403324421495 ], [ 1982588.427166141336784, 803902.091487271944061 ], [ 1982712.733763078926131, 803865.647908269660547 ], [ 1982832.869694378692657, 803817.195637905388139 ], [ 1982947.677985349204391, 803757.20129802939482 ], [ 1983056.052969387965277, 803686.242666931007989 ], [ 1983156.950936154462397, 803605.003115017549135 ], [ 1983249.400183072779328, 803514.265023584011942 ], [ 1983332.510373356752098, 803414.902250053593889 ], [ 1983405.481110441498458, 803307.871712252264842 ], [ 1983451.467864609090611, 803223.736441269516945 ], [ 1983537.283487421926111, 803167.184963091043755 ], [ 1983636.156962803564966, 803087.400638033170253 ], [ 1983726.902162687852979, 802998.480385239236057 ], [ 1983808.678428279235959, 802901.247957290150225 ], [ 1983880.728188521694392, 802796.604110323474742 ], [ 1983942.383978196419775, 802685.51825947582256 ], [ 1983993.0746212862432, 802569.019498271634802 ], [ 1984036.895071706268936, 802453.395713774603792 ], [ 1984076.803837096784264, 802330.1579154424835 ], [ 1984104.441014300798997, 802203.601797736017033 ], [ 1984119.540442193625495, 802074.946165251429193 ], [ 1984121.956705030752346, 801945.43004205962643 ], [ 1984111.666532879928127, 801816.300739227794111 ], [ 1984088.769025724148378, 801688.801842531422153 ], [ 1984053.484699074877426, 801564.161236043670215 ], [ 1984006.153360285330564, 801443.579276940668933 ], [ 1983947.230836022645235, 801328.217235405114479 ], [ 1983877.284582405583933, 801219.186110960552469 ], [ 1983796.988220092840493, 801117.535932937636971 ], [ 1983707.115046948194504, 801024.245648118550889 ], [ 1983608.530590758658946, 800940.213692943681963 ], [ 1983502.184273728867993, 800866.249341077869758 ], [ 1983389.100269026588649, 800803.064909662585706 ], [ 1983270.367637435439974, 800751.268899312708527 ], [ 1983147.129839103436098, 800711.360133922193199 ], [ 1983020.573721396969631, 800683.722956718294881 ], [ 1982891.918088912265375, 800668.623528825351968 ], [ 1982762.401965720579028, 800666.207265988341533 ], [ 1982633.272662888746709, 800676.497438139165752 ], [ 1982505.773766192374751, 800699.39494529471267 ], [ 1982381.133159704739228, 800734.679271944216453 ], [ 1982334.022281181300059, 800753.171432534698397 ], [ 1982333.22563249617815, 800753.186393914511427 ], [ 1982225.462092979345471, 800764.092133332509547 ], [ 1982043.170462819281965, 800790.133747909567319 ], [ 1981960.175090373726562, 800806.571148608345538 ], [ 1981838.197268182178959, 800786.086688451818191 ], [ 1981788.323680262081325, 800780.219246126711369 ], [ 1981653.850062137935311, 800771.326008025556803 ], [ 1981519.170515319565311, 800776.190504314959981 ], [ 1981434.09882787312381, 800788.026673029991798 ], [ 1981429.930148733779788, 800788.06809695775155 ], [ 1981303.746374740032479, 800801.507696409942582 ], [ 1981179.436200373573229, 800827.001778110046871 ], [ 1981058.148479351541027, 800864.314730044221506 ], [ 1981005.34117028163746, 800883.383917625178583 ], [ 1980887.617357303388417, 800932.445793226594105 ], [ 1980775.177854471374303, 800992.639829330728389 ], [ 1980669.072327120462433, 801063.404091817210428 ], [ 1980601.596412190468982, 801113.277679738239385 ], [ 1980501.328104285290465, 801195.293110740953125 ], [ 1980409.581533698597923, 801286.741627832874656 ], [ 1980327.240270058857277, 801386.742531803436577 ], [ 1980255.09730474720709, 801494.332759281503968 ], [ 1980194.97842403803952, 801606.368442225386389 ] ] ] } },
{ "type": "Feature", "properties": { "FID": 79, "FeatureTyp": "Paved Greenway", "Label": "Bolin Creek/Tanyard Branch Trail", "Fr_St": " ", "To_St": " ", "Notes": " ", "Shape_Leng": 6078.3509210100001, "GlobalID": "a46a6e30-6734-4919-93ae-37fe876e4b43" }, "geometry": { "type": "Polygon", "coordinates": [ [ [ 1979575.713916461216286, 790244.418523041415028 ], [ 1979607.950420336565003, 790304.688069475931115 ], [ 1979679.754618560895324, 790412.139005006174557 ], [ 1979703.71454439079389, 790444.449635924189351 ], [ 1979719.407689011190087, 790465.18231864576228 ], [ 1979747.379417841089889, 790501.389923396753147 ], [ 1979822.22445733495988, 790589.942653225036338 ], [ 1979904.5515132015571, 790671.58591240295209 ], [ 1979944.38936003157869, 790707.764317731955089 ], [ 1979983.165054296376184, 790741.622243220219389 ], [ 1980026.030454136431217, 790777.602486233226955 ], [ 1980095.078411211725324, 790831.751922470983118 ], [ 1980130.354259291663766, 790857.569784221006557 ], [ 1980135.741020143963397, 790861.151548228110187 ], [ 1980142.025190987857059, 790866.817846372257918 ], [ 1980248.376735623925924, 790944.967409375589341 ], [ 1980362.000547537114471, 791012.106329611269757 ], [ 1980481.760779533069581, 791067.563448869390413 ], [ 1980487.521032627439126, 791069.559957415913232 ], [ 1980562.781030053505674, 791133.511731924954802 ], [ 1980688.215405444614589, 791217.484161451342516 ], [ 1980695.651103129377589, 791221.86808396782726 ], [ 1980702.150910022202879, 791226.762117067701183 ], [ 1980783.379050620365888, 791281.801994404406287 ], [ 1980802.481219497509301, 791299.57771725661587 ], [ 1980813.459065500181168, 791308.915322753367946 ], [ 1980837.583197740605101, 791339.724421700346284 ], [ 1980878.578522570664063, 791387.029773270362057 ], [ 1980998.362451953114942, 791508.428162452182733 ], [ 1981066.692039703018963, 791569.263998788199387 ], [ 1981174.368035685271025, 791655.481038790312596 ], [ 1981290.453492214670405, 791729.990534022916108 ], [ 1981413.680723454104736, 791791.97881984023843 ], [ 1981542.704053377034143, 791840.768966725212522 ], [ 1981646.600155719555914, 791868.072035040007904 ], [ 1981701.308702909853309, 791903.07127282617148 ], [ 1981753.589289746014401, 791933.847973124589771 ], [ 1981760.567718908423558, 791942.129693188937381 ], [ 1981819.491823030402884, 792007.505045447149314 ], [ 1981834.225602841470391, 792022.794637623010203 ], [ 1981871.229878286831081, 792068.218298736377619 ], [ 1981936.364659227896482, 792142.334046303061768 ], [ 1982006.853726532775909, 792211.377330669434741 ], [ 1982081.999901692848653, 792279.669844993506558 ], [ 1982169.973911392036825, 792352.913067068322562 ], [ 1982236.620363269699737, 792399.248917521559633 ], [ 1982261.936106775887311, 792422.612036511767656 ], [ 1982267.306693975115195, 792426.94513680471573 ], [ 1982270.369509639916942, 792430.263371013803408 ], [ 1982367.449201372684911, 792525.147659735754132 ], [ 1982380.940014800522476, 792537.040296028368175 ], [ 1982388.61972294584848, 792544.444878648617305 ], [ 1982458.995157362194732, 792606.846299744793214 ], [ 1982523.061115026008338, 792696.567410579649732 ], [ 1982610.163373894290999, 792795.839939760044217 ], [ 1982706.749573021195829, 792885.911825984832831 ], [ 1982811.852861573686823, 792965.88142824289389 ], [ 1982924.421130627160892, 793034.94823178939987 ], [ 1982957.966667207190767, 793053.286449703504331 ], [ 1983092.941950363107026, 793117.431925305631012 ], [ 1983234.302727479953319, 793165.909753188258037 ], [ 1983380.237126502906904, 793198.09857555036433 ], [ 1983457.615580662852153, 793210.622172552277334 ], [ 1983463.321252740453929, 793211.532817780855112 ], [ 1983551.434265490621328, 793225.398275613901205 ], [ 1983640.601793736452237, 793236.335061579011381 ], [ 1983655.656736285425723, 793237.663471342413686 ], [ 1983688.467517645796761, 793243.657732017687522 ], [ 1983778.774023827165365, 793256.947735621477477 ], [ 1983834.683360827155411, 793263.209534122492187 ], [ 1983963.969527127686888, 793271.293573708157055 ], [ 1984093.425519642652944, 793266.666426128591411 ], [ 1984221.80460639600642, 793249.372653344646096 ], [ 1984347.870426603360102, 793219.578803841723129 ], [ 1984470.408897501183674, 793177.571808677748777 ], [ 1984588.239906628848985, 793123.756218179245479 ], [ 1984700.228676955215633, 793058.650305901537649 ], [ 1984805.296695402823389, 792982.881077370373532 ], [ 1984902.432099517900497, 792897.17823167599272 ], [ 1984990.699422259582207, 792802.367134072468616 ], [ 1985069.248601057333872, 792699.360867258743383 ], [ 1985137.323164380621165, 792589.151437893277034 ], [ 1985194.267516971100122, 792472.800223027239554 ], [ 1985223.137762387515977, 792395.389506012201309 ], [ 1985268.359412478515878, 792285.364114694297314 ], [ 1985305.62312689400278, 792161.300904673407786 ], [ 1985330.547085273079574, 792034.182610193616711 ], [ 1985342.891256271628663, 791905.233449920662679 ], [ 1985342.536758774891496, 791775.695274758851156 ], [ 1985329.487006787676364, 791646.815608147648163 ], [ 1985303.86767655541189, 791519.835631729452871 ], [ 1985265.925496232928708, 791395.978232091409154 ], [ 1985216.02586975810118, 791276.436223699362017 ], [ 1985154.649357812013477, 791162.360861442401074 ], [ 1985082.387049756245688, 791054.850753418984823 ], [ 1984999.934871120145544, 790954.941280740546063 ], [ 1984908.086881456896663, 790863.594626244856045 ], [ 1984807.727627116255462, 790781.690508150029927 ], [ 1984699.823622579220682, 790710.017707886523567 ], [ 1984585.414042396005243, 790649.266473701340146 ], [ 1984465.600713366409764, 790600.021873189602047 ], [ 1984341.53750334540382, 790562.758158774115145 ], [ 1984214.419208865612745, 790537.834200395038351 ], [ 1984132.472883394220844, 790529.989562615402974 ], [ 1984085.077650745632127, 790507.665422950754873 ], [ 1984006.073480108985677, 790437.469893570523709 ], [ 1983975.877875604201108, 790413.257407674798742 ], [ 1983945.948782999766991, 790383.94148806319572 ], [ 1983915.420300749829039, 790356.15742289123591 ], [ 1983827.248357942095026, 790282.660342358401977 ], [ 1983816.338623703457415, 790275.069573532324284 ], [ 1983804.431128878612071, 790253.93404760712292 ], [ 1983738.125710734631866, 790157.39285019156523 ], [ 1983711.351486064726487, 790121.893577367649414 ], [ 1983635.730996858794242, 790030.483729454339482 ], [ 1983552.208771662553772, 789946.232577642891556 ], [ 1983461.459460420068353, 789869.820659774704836 ], [ 1983364.216089790919796, 789801.865192357101478 ], [ 1983311.461602130904794, 789768.42365818109829 ], [ 1983174.45703440788202, 789692.573605361394584 ], [ 1983160.191374123096466, 789686.760912754922174 ], [ 1983158.262393404962495, 789685.532744056195952 ], [ 1983043.636554189724848, 789627.371805335860699 ], [ 1983041.405948617029935, 789626.373427073820494 ], [ 1982981.038026859983802, 789587.753661849885248 ], [ 1982953.740549214882776, 789570.755377348861657 ], [ 1982893.938831544946879, 789534.519885506830178 ], [ 1982777.405664109624922, 789471.673129014438018 ], [ 1982722.464465962024406, 789448.815911308396608 ], [ 1982630.163094682153314, 789368.263803590438329 ], [ 1982525.247949728509411, 789293.388507340219803 ], [ 1982511.15639161830768, 789284.336324390606023 ], [ 1982447.105403236346319, 789228.349539879127406 ], [ 1982358.187045170925558, 789157.154067431925796 ], [ 1982270.281446958193555, 789098.444441428175196 ], [ 1982258.14801000081934, 789081.922707736259326 ], [ 1982220.634633590700105, 789034.983169064274989 ], [ 1982131.534544964786619, 788934.44415449607186 ], [ 1982094.52149562491104, 788896.733271921053529 ], [ 1981995.294928694842383, 788805.464702927391045 ], [ 1981970.137541668722406, 788786.676463437266648 ], [ 1981968.952965381089598, 788749.673529999097809 ], [ 1981952.137613237369806, 788621.230903021176346 ], [ 1981922.813652617391199, 788495.054955129744485 ], [ 1981881.263489292003214, 788372.360829678014852 ], [ 1981827.887274048058316, 788254.330138165387325 ], [ 1981763.199049016460776, 788142.099580673268065 ], [ 1981687.821797166485339, 788036.749998821876943 ], [ 1981602.481442638672888, 787939.295966674224474 ], [ 1981507.999859699280933, 787850.676019833772443 ], [ 1981441.72374553931877, 787794.362484158831649 ], [ 1981340.514649788383394, 787716.474033739068545 ], [ 1981232.252346375025809, 787648.730654496932402 ], [ 1981117.950234318850562, 787591.766464421176352 ], [ 1980998.678248810814694, 787546.114681931911036 ], [ 1980875.552845988888294, 787512.202634641202167 ], [ 1980749.726552250329405, 787490.347759315278381 ], [ 1980622.377175924135372, 787480.754630478215404 ], [ 1980494.696782291401178, 787483.513045474770479 ], [ 1980367.880535149946809, 787498.597183913341723 ], [ 1980324.389808479929343, 787505.918691576342098 ], [ 1980195.805590056348592, 787534.224104308872484 ], [ 1980070.680809944868088, 787575.198328152881004 ], [ 1979950.26033171149902, 787628.433711495483294 ], [ 1979835.742215931182727, 787693.400616729399189 ], [ 1979728.265800709603354, 787769.452689605415799 ], [ 1979628.9003664359916, 787855.833289795438759 ], [ 1979538.634497535647824, 787951.683018690324388 ], [ 1979489.739709391025826, 788015.256309499731287 ], [ 1979465.937491903780028, 788033.500087999156676 ], [ 1979372.392703137826174, 788120.810203788918443 ], [ 1979287.741265778196976, 788216.767579625244252 ], [ 1979212.778666435275227, 788320.470484715769999 ], [ 1979188.069070185301825, 788358.398886543698609 ], [ 1979125.218229457270354, 788465.586704285931773 ], [ 1979072.724583061644807, 788578.209408660535701 ], [ 1979031.053278706967831, 788695.269046648638323 ], [ 1979000.573567018145695, 788815.728349435608834 ], [ 1978981.555529595818371, 788938.519923678948544 ], [ 1978974.167685816530138, 789062.555709712090902 ], [ 1978978.475499575491995, 789186.736622871714644 ], [ 1978994.44079921185039, 789309.962292519281618 ], [ 1979021.922115746419877, 789431.140812456025742 ], [ 1979060.675936444429681, 789549.198416335973889 ], [ 1979090.87502302438952, 789628.403310416964814 ], [ 1979142.90812214743346, 789747.032232220866717 ], [ 1979206.318335351767018, 789859.989787763333879 ], [ 1979280.494987620739266, 789966.188134035328403 ], [ 1979364.723717243643478, 790064.604522908455692 ], [ 1979458.193355510244146, 790154.291150758042932 ], [ 1979560.003738708561286, 790234.384286330081522 ], [ 1979575.713916461216286, 790244.418523041415028 ] ] ] } },
{ "type": "Feature", "properties": { "FID": 80, "FeatureTyp": "Paved Greenway", "Label": "Booker Creek Greenway - Eastgate Connector", "Fr_St": " ", "To_St": " ", "Notes": " ", "Shape_Leng": 1289.8136976000001, "GlobalID": "02f041b2-3d88-4c3b-b8d8-2ace7f590230" }, "geometry": { "type": "Polygon", "coordinates": [ [ [ 1990822.333474719664082, 794885.8305701862555 ], [ 1990803.077181578148156, 794974.323335458058864 ], [ 1990788.073042266070843, 795102.990115538355894 ], [ 1990785.75270182476379, 795232.507992732804269 ], [ 1990796.138506400864571, 795361.62963908247184 ], [ 1990819.13043501903303, 795489.111542547820136 ], [ 1990854.50706283794716, 795613.725982709787786 ], [ 1990901.92769359308295, 795734.272854388458654 ], [ 1990960.935640687355772, 795849.591225311974995 ], [ 1991030.962625333340839, 795958.570516528794542 ], [ 1991111.334249387960881, 796060.161197890527546 ], [ 1991201.276490176329389, 796153.384895600378513 ], [ 1991299.923154752003029, 796237.343814488383941 ], [ 1991406.324221809394658, 796311.229384268750437 ], [ 1991519.454990908037871, 796374.330046514631249 ], [ 1991638.225950897904113, 796426.038107354426757 ], [ 1991761.493272507563233, 796465.855589895509183 ], [ 1991888.06982404505834, 796493.399030014756136 ], [ 1992016.736604125471786, 796508.403169326949865 ], [ 1992146.254481319803745, 796510.723509768373333 ], [ 1992275.376127669354901, 796500.337705192272551 ], [ 1992402.858031134819612, 796477.345776573987678 ], [ 1992527.472471296787262, 796441.969148754957132 ], [ 1992648.01934297545813, 796394.548517999821343 ], [ 1992763.337713898858055, 796335.54057090554852 ], [ 1992872.317005115794018, 796265.513586259679869 ], [ 1992973.907686477527022, 796185.141962204943411 ], [ 1993067.131384187377989, 796095.199721416691318 ], [ 1993151.090303075267002, 795996.553056841017678 ], [ 1993224.975872855633497, 795890.15198978362605 ], [ 1993254.466627515619621, 795842.890601362567395 ], [ 1993316.982575366040692, 795730.939414982334711 ], [ 1993368.341563813388348, 795613.45083607675042 ], [ 1993384.689333643298596, 795563.269391921232454 ], [ 1993434.708308604778722, 795540.54544953617733 ], [ 1993546.82690454646945, 795475.663364668143913 ], [ 1993652.046062385896221, 795400.104160620947368 ], [ 1993749.3524641150143, 795314.595513834385201 ], [ 1993837.80899589182809, 795219.960919320699759 ], [ 1993916.563772959867492, 795117.111759957624599 ], [ 1993984.858343764441088, 795007.038529373006895 ], [ 1994042.034994255052879, 794890.801292949356139 ], [ 1994087.543082031421363, 794769.519478815258481 ], [ 1994120.944339331239462, 794644.361097140121274 ], [ 1994141.917093787575141, 794516.531491558183916 ], [ 1994150.259366309968755, 794387.261731049860828 ], [ 1994145.890816254075617, 794257.796754074865021 ], [ 1994128.853515144903213, 794129.38337913423311 ], [ 1994099.311541505390778, 794003.258297226508148 ], [ 1994057.549400691408664, 793880.636161837610416 ], [ 1994003.969284947961569, 793762.697891163174063 ], [ 1993939.087200080044568, 793650.57929522159975 ], [ 1993863.527996032964438, 793545.360137381940149 ], [ 1993778.019349246285856, 793448.053735652938485 ], [ 1993683.384754732716829, 793359.59720387624111 ], [ 1993580.535595369525254, 793280.842426808201708 ], [ 1993470.46236478490755, 793212.547856003628112 ], [ 1993354.225128361256793, 793155.371205513016321 ], [ 1993232.94331422704272, 793109.863117736531422 ], [ 1993107.784932552138343, 793076.461860436829738 ], [ 1992979.955326970200986, 793055.48910598049406 ], [ 1992850.685566461645067, 793047.146833457867615 ], [ 1992721.22058948664926, 793051.515383513877168 ], [ 1992467.354627396678552, 793072.588176014833152 ], [ 1992344.265911609167233, 793088.662365835742094 ], [ 1992223.231431416235864, 793116.228035372449085 ], [ 1992105.321575883310288, 793155.041402925271541 ], [ 1991991.579100925009698, 793204.759215859579854 ], [ 1991883.009907515253872, 793264.941786218318157 ], [ 1991780.574145830469206, 793335.056879177340306 ], [ 1991685.177723997505382, 793414.484419955406338 ], [ 1991597.66429654089734, 793502.521977550932206 ], [ 1991567.751692767487839, 793538.887928838492371 ], [ 1991502.354186353040859, 793575.39608640933875 ], [ 1991389.787440972169861, 793654.659030637820251 ], [ 1991286.08865118236281, 793745.215352833154611 ], [ 1991192.385855947853997, 793846.079978241003118 ], [ 1991109.698357464047149, 793956.155698033748195 ], [ 1991050.791323034092784, 794043.738856198848225 ], [ 1990979.317975318524987, 794163.150777370203286 ], [ 1990920.813961067469791, 794289.423999662394635 ], [ 1990875.929581623291597, 794421.154933134326711 ], [ 1990845.163749283412471, 794556.879322659457102 ], [ 1990828.858441642485559, 794695.088523851823993 ], [ 1990823.051366652362049, 794784.726467938744463 ], [ 1990822.333474719664082, 794885.8305701862555 ] ] ] } },
{ "type": "Feature", "properties": { "FID": 81, "FeatureTyp": "Paved Greenway", "Label": "Fan Branch Trail", "Fr_St": " ", "To_St": " ", "Notes": " ", "Shape_Leng": 8584.8031207999993, "GlobalID": "329c800b-2e31-49c0-84a5-44c6827ffe71" }, "geometry": { "type": "Polygon", "coordinates": [ [ [ 1978134.301705767400563, 773937.148173718946055 ], [ 1978104.069049158133566, 774027.397784819127992 ], [ 1978097.21341981831938, 774051.741240059142001 ], [ 1978075.129887309623882, 774142.297269548871554 ], [ 1978070.009162649512291, 774167.064280386897735 ], [ 1978054.369762497488409, 774258.963548123370856 ], [ 1978051.009861087426543, 774284.029770955326967 ], [ 1978041.895230302587152, 774376.807768355938606 ], [ 1978040.312884382670745, 774402.048859606962651 ], [ 1978037.769161104690284, 774495.219127579824999 ], [ 1978037.971916594775394, 774520.508775158901699 ], [ 1978049.970953173702583, 774687.815112347132526 ], [ 1978136.818990458035842, 775326.380241245031357 ], [ 1978139.07451453176327, 775358.577336189569905 ], [ 1978142.33435053168796, 775392.321363193565048 ], [ 1978142.369402415584773, 775392.605669252807274 ], [ 1978120.544143235078081, 775429.607416037120856 ], [ 1978108.344364485004917, 775452.787487793131731 ], [ 1978054.3459290813189, 775568.682123066624627 ], [ 1978044.446014491375536, 775592.933714972692542 ], [ 1978001.918974678497761, 775713.490346871200018 ], [ 1977994.411443758523092, 775738.585769124096259 ], [ 1977963.74404837214388, 775862.698971824604087 ], [ 1977958.699439042015001, 775888.402988659683615 ], [ 1977940.181171241682023, 776014.91457709914539 ], [ 1977937.647055581677705, 776040.98637534910813 ], [ 1977931.455627009971067, 776168.685387253994122 ], [ 1977931.455627009971067, 776194.879560590023175 ], [ 1977937.647055581677705, 776322.578572494909167 ], [ 1977940.181171241682023, 776348.650370744871907 ], [ 1977958.699439043877646, 776475.1619591943454 ], [ 1977963.744048374006525, 776500.86597602837719 ], [ 1977994.4114437578246, 776624.979178717243485 ], [ 1978001.91897467779927, 776650.074600970256142 ], [ 1978044.446014492074028, 776770.631232872488908 ], [ 1978054.345929082017392, 776794.882824778440408 ], [ 1978108.344364473596215, 776910.777460028184578 ], [ 1978120.54414322366938, 776933.957531785126776 ], [ 1978185.501237652497366, 777044.083415746456012 ], [ 1978199.886379482457414, 777065.974448084365577 ], [ 1978275.188010827638209, 777169.293025123188272 ], [ 1978283.566638154676184, 777179.691086453502066 ], [ 1978400.705713839037344, 777330.996033317991532 ], [ 1978499.342380911577493, 777444.421406947425567 ], [ 1978702.467630811501294, 777652.754651688388549 ], [ 1978810.354389832355082, 777751.772085957345553 ], [ 1978891.846707209711894, 777811.384634790476412 ], [ 1978974.050932248821482, 777924.84022662579082 ], [ 1978978.375629273476079, 777935.983615434030071 ], [ 1979003.778210960328579, 778007.111760165193118 ], [ 1979016.003580200485885, 778037.70290633616969 ], [ 1979055.776964034885168, 778127.399689870304428 ], [ 1979070.240845874883235, 778156.998055877396837 ], [ 1979116.560372464358807, 778243.480976792983711 ], [ 1979133.182714554248378, 778271.923505204962566 ], [ 1979185.817308885976672, 778354.75607617397327 ], [ 1979204.506904046051204, 778381.884958924958482 ], [ 1979263.131307130912319, 778460.554357299348339 ], [ 1979283.784152960870415, 778486.219988384284079 ], [ 1979348.088385353330523, 778560.316269230563194 ], [ 1979370.590636933222413, 778584.377244722563773 ], [ 1979440.245694562327117, 778653.515865934779868 ], [ 1979464.473336402326822, 778675.838327852776274 ], [ 1979539.037000639829785, 778739.582169525441714 ], [ 1979564.855518559925258, 778760.043742783484049 ], [ 1979643.971034796442837, 778818.090289183310233 ], [ 1979671.238368706544861, 778836.577456929371692 ], [ 1979706.154645496048033, 778858.40151102852542 ], [ 1979746.971139000263065, 778902.74606901127845 ], [ 1979770.651209740201011, 778926.680732426350005 ], [ 1979839.981920078396797, 778991.878692782251164 ], [ 1979865.32504525850527, 779014.044987044180743 ], [ 1979939.176562366774306, 779074.080564986215904 ], [ 1979966.050852446816862, 779094.363004724262282 ], [ 1980044.038669580128044, 779148.922650830005296 ], [ 1980072.304689160082489, 779167.215921328985132 ], [ 1980154.02140608173795, 779216.014220863231458 ], [ 1980166.744093053974211, 779223.002229071920738 ], [ 1980498.165358091704547, 779417.762485890416428 ], [ 1980495.870794144691899, 779454.677184452884831 ], [ 1980493.328383001731709, 779537.389034635736607 ], [ 1980493.356270091840997, 779582.246556467725895 ], [ 1980500.279668462928385, 779716.446336057968438 ], [ 1980520.811248013749719, 779849.24681997357402 ], [ 1980554.738227930152789, 779979.27171882300172 ], [ 1980601.709002997959033, 780105.173508232808672 ], [ 1980661.236787495436147, 780225.647394033381715 ], [ 1980732.704660039162263, 780339.444834607304074 ], [ 1980815.371957101393491, 780445.386480259359814 ], [ 1980908.381948943482712, 780542.374395509716123 ], [ 1981010.770718406885862, 780629.40343764424324 ], [ 1981121.477150553837419, 780705.571673598256893 ], [ 1981180.635168713750318, 780741.981705766287632 ], [ 1981289.317855809116736, 780802.015946585102938 ], [ 1981403.160422141896561, 780851.573051380924881 ], [ 1981493.643165950197726, 780881.204674228443764 ], [ 1981496.377859686268494, 780882.548493396723643 ], [ 1981499.799926846753806, 780884.424988867365755 ], [ 1981550.56091585685499, 780909.756151118432172 ], [ 1981623.321933494880795, 780963.449756132438779 ], [ 1981734.259478171821684, 781029.62400772201363 ], [ 1981837.903301552403718, 781078.410301002557389 ], [ 1981911.74489911342971, 781126.589046007720754 ], [ 1982026.649316275725141, 781186.399073673062958 ], [ 1982146.862845137482509, 781234.658497325959615 ], [ 1982271.227763700531796, 781270.902552335290238 ], [ 1982398.546369814313948, 781294.782188638462685 ], [ 1982527.592515702592209, 781306.067432283773087 ], [ 1982657.123416436370462, 781304.649600205942988 ], [ 1982785.891618633177131, 781290.542346902773716 ], [ 1982912.657014113618061, 781263.881532935425639 ], [ 1983036.198782822582871, 781224.923916516825557 ], [ 1983155.327149992110208, 781174.044680789345875 ], [ 1983268.894844324793667, 781111.733820606488734 ], [ 1983375.808146841125563, 781038.591423614416271 ], [ 1983475.037423993693665, 780955.32189107988961 ], [ 1983565.627043599030003, 780862.727154120919295 ], [ 1983646.704578098841012, 780761.698950671823695 ], [ 1983717.489206514786929, 780653.210237559513189 ], [ 1983777.299234180012718, 780538.305820397217758 ], [ 1983825.558657832909375, 780418.09229153546039 ], [ 1983861.802712842356414, 780293.727372972294688 ], [ 1983885.682349145412445, 780166.408766858512536 ], [ 1983896.967592790722847, 780037.36262097035069 ], [ 1983895.549760712776333, 779907.831720236456022 ], [ 1983881.442507409723476, 779779.063518039765768 ], [ 1983854.781693442491814, 779652.298122559324838 ], [ 1983844.717830239329487, 779613.908648072741926 ], [ 1983835.220397975295782, 779572.416704998118803 ], [ 1983800.994013787247241, 779450.225514367804863 ], [ 1983755.192877842346206, 779331.885375833138824 ], [ 1983698.240254578646272, 779218.48991231888067 ], [ 1983630.662463258486241, 779111.087051265174523 ], [ 1983556.124154103919864, 779014.604504141258076 ], [ 1983552.190565486438572, 779000.483600721461698 ], [ 1983505.365231818053871, 778879.704245616565458 ], [ 1983446.926927931373939, 778764.096161419991404 ], [ 1983377.438446639105678, 778654.772717180429026 ], [ 1983297.569000001763925, 778552.786757428199053 ], [ 1983208.087774452054873, 778459.120462706778198 ], [ 1983109.856523107038811, 778374.675890637678094 ], [ 1983014.972854587016627, 778300.886668128659949 ], [ 1982994.451048965100199, 778285.740955021348782 ], [ 1982987.631295423721895, 778262.708708383026533 ], [ 1982946.484173299977556, 778144.610150376916863 ], [ 1982930.737485639983788, 778105.486869046930224 ], [ 1982877.56379509717226, 777989.816490020253696 ], [ 1982813.494586052605882, 777879.806425014627166 ], [ 1982739.125803562346846, 777776.479941763682291 ], [ 1982655.149195017525926, 777680.79814011126291 ], [ 1982562.345875799655914, 777593.65101226256229 ], [ 1982461.57906367094256, 777515.849164446815848 ], [ 1982353.786049482645467, 777448.11627699714154 ], [ 1982256.418216285062954, 777399.324896057834849 ], [ 1982231.663669094443321, 777379.695010543102399 ], [ 1982197.899629014311358, 777354.57596628414467 ], [ 1982131.158432424068451, 777308.048316737404093 ], [ 1982095.910799504257739, 777285.05689290643204 ], [ 1982026.41651324252598, 777242.721623841789551 ], [ 1981989.81914549251087, 777221.945746753714047 ], [ 1981917.862322772853076, 777183.979849941562861 ], [ 1981880.054983682697639, 777165.498259610612877 ], [ 1981863.667095925891772, 777158.104014634736814 ], [ 1981702.123283231398091, 777063.172524815541692 ], [ 1981698.400424898602068, 777057.611695548519492 ], [ 1981582.392230357509106, 776908.610281772213057 ], [ 1981570.429327777354047, 776895.326515681226738 ], [ 1981434.35490182065405, 776764.409831206896342 ], [ 1981420.619036900810897, 776752.968909214949235 ], [ 1981305.360299369087443, 776670.177625799668022 ], [ 1981300.661994353635237, 776660.413742260192521 ], [ 1981244.203874527243897, 776564.655034944531508 ], [ 1981228.088093117112294, 776539.778444290510379 ], [ 1981196.082218562718481, 776492.635623660171404 ], [ 1981178.907712222775444, 776468.477535482263193 ], [ 1981171.984823796665296, 776458.831783277564682 ], [ 1980973.218489036662504, 776184.500967113533989 ], [ 1980917.596327920211479, 776113.028332233428955 ], [ 1980886.021916010184214, 776075.208197906380519 ], [ 1980842.61121620144695, 776025.768933027051389 ], [ 1980809.191663621459156, 775989.569202273036353 ], [ 1980765.453223692253232, 775944.499554367619567 ], [ 1980773.688493562629446, 775903.614604038884863 ], [ 1980780.891579489922151, 775864.875715914880857 ], [ 1980793.466685579856858, 775791.138330582878552 ], [ 1980799.510065070120618, 775752.203457953524776 ], [ 1980809.878810740076005, 775678.123553620534949 ], [ 1980822.143885388970375, 775530.667448760010302 ], [ 1980817.828802241943777, 775382.765065499348566 ], [ 1980796.987781504867598, 775236.274837936507538 ], [ 1980770.945838834857568, 775106.066436927532777 ], [ 1980764.744486113078892, 775079.088757527293637 ], [ 1980759.439687836449593, 775019.891958241933025 ], [ 1980722.264077153522521, 774746.551887816400267 ], [ 1980781.894394108094275, 774665.787122302339412 ], [ 1980848.251369883073494, 774554.5350829558447 ], [ 1980903.384211929747835, 774437.314631580724381 ], [ 1980946.761960840551183, 774315.254665202926844 ], [ 1980977.966865181224421, 774189.530688023427501 ], [ 1980996.698404664173722, 774061.353490670211613 ], [ 1981002.776184324640781, 773931.957489622524008 ], [ 1980996.14167182194069, 773802.588839105563238 ], [ 1980976.858761138515547, 773674.493429943919182 ], [ 1980945.113157245330513, 773548.904890951816924 ], [ 1980901.210587661480531, 773427.032708413433284 ], [ 1980845.573858131887391, 773310.050578068709001 ], [ 1980778.738780776038766, 773199.08510178187862 ], [ 1980701.349013924365863, 773095.204937749542296 ], [ 1980614.149863337632269, 772999.410508737782948 ], [ 1980517.981104503851384, 772912.624367464683019 ], [ 1980413.768895141314715, 772835.682311912882142 ], [ 1980302.516855794936419, 772769.325336138135754 ], [ 1980185.296404419932514, 772714.192494091461413 ], [ 1980063.236438042018563, 772670.814745180425234 ], [ 1979937.51246086251922, 772639.609840839984827 ], [ 1979809.335263509303331, 772620.878301357035525 ], [ 1979679.939262461615726, 772614.800521696452051 ], [ 1979550.570611944654956, 772621.435034199035726 ], [ 1979422.4752027830109, 772640.717944882577285 ], [ 1979358.339504272909835, 772653.618837706628256 ], [ 1979176.25381439900957, 772704.0379033946665 ], [ 1979151.55504489899613, 772712.823646988603286 ], [ 1979030.135860753711313, 772762.951735515962355 ], [ 1979006.432496083667502, 772774.14889160299208 ], [ 1978890.587183267110959, 772836.102655329625122 ], [ 1978868.114459187258035, 772849.600331746623851 ], [ 1978759.005026102997363, 772922.759409011923708 ], [ 1978737.985055022872984, 772938.424075842951424 ], [ 1978636.695524252485484, 773022.058844712679274 ], [ 1978617.336639082524925, 773039.734990460681729 ], [ 1978524.843053327407688, 773133.042670292896219 ], [ 1978507.337182837305591, 773152.555754629895091 ], [ 1978424.587028882233426, 773254.58273317781277 ], [ 1978409.107401042245328, 773275.739186920807697 ], [ 1978336.907327635213733, 773385.487431645044126 ], [ 1978323.607157385209575, 773408.077937648049556 ], [ 1978262.674176980275661, 773524.457480157259852 ], [ 1978251.685353810433298, 773548.257957483176142 ], [ 1978202.624162726802751, 773670.110947389504872 ], [ 1978194.055282236775383, 773694.885832223575562 ], [ 1978157.343410397646949, 773821.031486173276789 ], [ 1978151.279774227645248, 773846.535372173297219 ], [ 1978134.301705767400563, 773937.148173718946055 ] ] ] } },
{ "type": "Feature", "properties": { "FID": 82, "FeatureTyp": "Paved Greenway", "Label": "Library", "Fr_St": " ", "To_St": " ", "Notes": " ", "Shape_Leng": 1495.2495503299999, "GlobalID": "8928a24e-7968-4929-8fd5-c389b1643c31" }, "geometry": { "type": "Polygon", "coordinates": [ [ [ 1987798.72297671274282, 793760.1662525634747 ], [ 1987762.146828553872183, 793869.17801656271331 ], [ 1987732.508315951796249, 794000.820523623609915 ], [ 1987716.464303545188159, 794134.801047433749773 ], [ 1987714.182452286593616, 794269.719482976710424 ], [ 1987725.68660766701214, 794404.165923998923972 ], [ 1987734.153454256942496, 794465.811141909915023 ], [ 1987741.650984998326749, 794513.825011353357695 ], [ 1987752.933442738372833, 794578.27140476834029 ], [ 1987782.68472780380398, 794708.828252592822537 ], [ 1987825.509871642338112, 794835.699196989531629 ], [ 1987880.968180580297485, 794957.578667970607057 ], [ 1987948.488958907779306, 795073.212460483657196 ], [ 1988027.377381642116234, 795181.410640853806399 ], [ 1988116.821644648909569, 795281.059791838866659 ], [ 1988215.901318543357775, 795371.134470288874581 ], [ 1988323.596820399863645, 795450.707759505719878 ], [ 1988416.500505979871377, 795512.321481427759863 ], [ 1988531.483027357142419, 795580.458519513020292 ], [ 1988652.766411747550592, 795636.618797754286788 ], [ 1988779.107223514234647, 795680.226543207303621 ], [ 1988909.210176674183458, 795710.834675466059707 ], [ 1989041.741414580959827, 795728.129390272544697 ], [ 1989182.473744660848752, 795739.28652018646244 ], [ 1989327.922049875836819, 795742.774425595998764 ], [ 1989472.870724841952324, 795730.23422625369858 ], [ 1989615.558874842710793, 795701.818265537614934 ], [ 1989754.253066925797611, 795657.871751950588077 ], [ 1989888.876485345885158, 795606.893179372651502 ], [ 1990007.623439114540815, 795555.130012319423258 ], [ 1990120.724916235078126, 795491.976862232550047 ], [ 1990227.091687655076385, 795418.041928470367566 ], [ 1990325.699383219936863, 795334.037244862178341 ], [ 1990415.598356916802004, 795240.771822432521731 ], [ 1990495.922832485288382, 795139.143858183640987 ], [ 1990565.899241315899417, 795030.132084966637194 ], [ 1990624.8536723384168, 794914.786345749511383 ], [ 1990672.218362154206261, 794794.217483055312186 ], [ 1990707.537162908585742, 794669.586640941444784 ], [ 1990730.469935243017972, 794542.094082547700964 ], [ 1990740.795824023196474, 794412.967630905797705 ], [ 1990738.415385295636952, 794283.450844332808629 ], [ 1990723.351543986937031, 794154.791040284559131 ], [ 1990695.749373123049736, 794028.227283006417565 ], [ 1990692.828162779565901, 794019.198099671630189 ], [ 1990705.011448935838416, 793924.622306862147525 ], [ 1990708.742340337485075, 793793.033874110900797 ], [ 1990699.347917136969045, 793661.728200214914978 ], [ 1990676.921613704878837, 793532.011215594713576 ], [ 1990641.686475938884541, 793405.173050001030788 ], [ 1990593.992942909244448, 793282.475201235385612 ], [ 1990534.315361487679183, 793165.137988637550734 ], [ 1990463.247268622741103, 793054.328416121774353 ], [ 1990381.495488183340058, 792951.148565474781208 ], [ 1990289.873101081000641, 792856.624635349959135 ], [ 1990189.291358588961884, 792771.696734976489097 ], [ 1990149.282340939855203, 792741.197663115919568 ], [ 1990098.067839734721929, 792675.5089981459314 ], [ 1990008.789587944513187, 792581.64921842108015 ], [ 1989910.741368138231337, 792496.99219812406227 ], [ 1989804.867438271408901, 792422.353230638778768 ], [ 1989692.187422165181488, 792358.451130023808219 ], [ 1989573.786489971447736, 792305.901308440486901 ], [ 1989450.804907392477617, 792265.209849397535436 ], [ 1989324.427054296480492, 792236.768633889500052 ], [ 1989195.870018494082615, 792220.851566369412467 ], [ 1989066.371874516597018, 792217.611936898552813 ], [ 1988937.179760281229392, 792227.080944879679009 ], [ 1988809.537866471800953, 792249.167398589779623 ], [ 1988684.675454301992431, 792283.658593405969441 ], [ 1988563.79501705756411, 792330.222360267071053 ], [ 1988448.060699428897351, 792388.410264644189738 ], [ 1988338.587086162064224, 792457.661925209220499 ], [ 1988236.428467996884137, 792537.310410614241846 ], [ 1988142.568688272032887, 792626.588662404450588 ], [ 1988057.911667974898592, 792724.636882210732438 ], [ 1987983.272700489731506, 792830.510812077554874 ], [ 1987919.370599874760956, 792943.190828183898702 ], [ 1987866.820778291439638, 793061.591760377399623 ], [ 1987826.129319248488173, 793184.573342956602573 ], [ 1987797.688103740336373, 793310.951196052599698 ], [ 1987781.771036220248789, 793439.508231854997575 ], [ 1987778.53140674950555, 793569.006375832483172 ], [ 1987788.000414730748162, 793698.198490067734383 ], [ 1987798.72297671274282, 793760.1662525634747 ] ] ] } },
{ "type": "Feature", "properties": { "FID": 83, "FeatureTyp": "Paved Greenway", "Label": "Fordham Sidepath", "Fr_St": " ", "To_St": " ", "Notes": " ", "Shape_Leng": 671.80719680799996, "GlobalID": "e6123744-3753-4818-a87d-be7808595adf" }, "geometry": { "type": "Polygon", "coordinates": [ [ [ 1994319.058372220024467, 799059.865688474150375 ], [ 1994349.032750928075984, 799084.089225690113381 ], [ 1994365.403922498691827, 799097.106395977083594 ], [ 1994469.038229658734053, 799178.177099975058809 ], [ 1994572.446804519509897, 799251.353367903619073 ], [ 1994682.393840201664716, 799314.279903541668318 ], [ 1994797.86668692715466, 799366.377131987945177 ], [ 1994887.522347507067025, 799401.752717409981415 ], [ 1994907.974998290883377, 799409.627165169105865 ], [ 1994992.897728710900992, 799441.51620899210684 ], [ 1995116.256710616406053, 799481.048804100137204 ], [ 1995242.896557228872553, 799508.299744316958822 ], [ 1995371.597657596925274, 799523.006588191492483 ], [ 1995501.12054976914078, 799525.027700777631253 ], [ 1995630.217857489362359, 799514.343617656384595 ], [ 1995757.646303112152964, 799491.057232388528064 ], [ 1995882.178681047167629, 799455.392805594019592 ], [ 1996002.615676418412477, 799407.693805199000053 ], [ 1996117.797415122855455, 799348.419598652166314 ], [ 1996226.614634051918983, 799278.14102896512486 ], [ 1996328.019363902043551, 799197.534917182172649 ], [ 1996421.035021691117436, 799107.377544223563746 ], [ 1996504.765815787017345, 799008.537174875847995 ], [ 1996578.405372870853171, 798901.965695927618071 ], [ 1996641.244503752561286, 798788.689448978868313 ], [ 1996692.678033250151202, 798669.799346211017109 ], [ 1996732.210628357948735, 798546.440364305628464 ], [ 1996759.461568574886769, 798419.800517693161964 ], [ 1996774.168412449536845, 798291.099417324992828 ], [ 1996776.189525035675615, 798161.576525152777322 ], [ 1996765.505441914312541, 798032.479217432672158 ], [ 1996742.219056646572426, 797905.050771809648722 ], [ 1996706.554629852063954, 797780.518393874634057 ], [ 1996658.855629456928, 797660.081398503505625 ], [ 1996599.581422910094261, 797544.899659799062647 ], [ 1996529.302853222936392, 797436.082440869999118 ], [ 1996448.696741440100595, 797334.67771101987455 ], [ 1996358.539368481375277, 797241.662053230917081 ], [ 1996259.698999133659527, 797157.931259134900756 ], [ 1996153.127520185429603, 797084.291702050948516 ], [ 1996039.85127323679626, 797021.452571169356816 ], [ 1996024.33957404922694, 797014.741992078721523 ], [ 1996021.387196273542941, 797011.652283261530101 ], [ 1995937.119752831291407, 796930.931087466538884 ], [ 1995846.052590547129512, 796857.967497722478583 ], [ 1995748.897402297705412, 796793.331726890057325 ], [ 1995646.413459084462374, 796737.52890565036796 ], [ 1995604.910917424364015, 796717.255324160330929 ], [ 1995456.737171038752422, 796655.725597961107269 ], [ 1995302.193058869801462, 796612.627062974614091 ], [ 1995176.844884369755164, 796585.758678390644491 ], [ 1995049.003725498216227, 796564.856463409028947 ], [ 1994919.729381410172209, 796556.585523114656098 ], [ 1994790.266834707930684, 796561.025511184125207 ], [ 1994661.862880487227812, 796578.133668104885146 ], [ 1994535.754119020188227, 796607.745232973713428 ], [ 1994413.155046617845073, 796649.575030233478174 ], [ 1994295.24635936669074, 796703.220216070185415 ], [ 1994183.163582380628213, 796768.164158018771559 ], [ 1994077.986134072532877, 796843.781410416238941 ], [ 1993980.72693076566793, 796929.343737785355188 ], [ 1993892.322631754912436, 797024.027128140558489 ], [ 1993813.624618766596541, 797126.91972867352888 ], [ 1993745.390796686522663, 797237.030627394095063 ], [ 1993688.278294521616772, 797353.299396155169234 ], [ 1993642.837136888876557, 797474.606303154258057 ], [ 1993609.504946976434439, 797599.783096564235166 ], [ 1993588.602731994818896, 797727.624255435657687 ], [ 1993580.331791700562462, 797856.89859952358529 ], [ 1993584.771779770031571, 797986.361146226059645 ], [ 1993601.879936690907925, 798114.765100446646102 ], [ 1993631.491501559736207, 798240.873861913685687 ], [ 1993673.321298819500953, 798363.472934316145256 ], [ 1993726.966484656091779, 798481.381621567183174 ], [ 1993791.910426604561508, 798593.464398553245701 ], [ 1993867.527679002145305, 798698.641846861341037 ], [ 1993953.090006371261552, 798795.901050168205984 ], [ 1994047.773396726464853, 798884.305349178961478 ], [ 1994150.665997259318829, 798963.003362167277373 ], [ 1994260.776895980117843, 799031.237184247351252 ], [ 1994319.058372220024467, 799059.865688474150375 ] ] ] } },
{ "type": "Feature", "properties": { "FID": 84, "FeatureTyp": "Paved Greenway", "Label": "Fordham Sidepath", "Fr_St": "Elliott Road", "To_St": "Mariakakis Plaza Driveway", "Notes": " ", "Shape_Leng": 578.61002012899996, "GlobalID": "346413cb-30b0-4752-aea8-f19d4c29742c" }, "geometry": { "type": "Polygon", "coordinates": [ [ [ 1991516.615332850255072, 794571.542729207314551 ], [ 1991521.745602074079216, 794651.230663939495571 ], [ 1991561.289486244088039, 795068.248530684504658 ], [ 1991579.831229870207608, 795196.45332090719603 ], [ 1991610.849956846795976, 795322.223361336044036 ], [ 1991654.04693987662904, 795444.347417728859 ], [ 1991709.00616839947179, 795561.649368662852794 ], [ 1991775.198355000698939, 795672.999532226589508 ], [ 1991851.986032739048824, 795777.32554547500331 ], [ 1991938.629694301402196, 795873.622691869852133 ], [ 1992034.29491386259906, 795960.963577250135131 ], [ 1992138.060383062576875, 796038.507061144220643 ], [ 1992248.92678370885551, 796105.506357412552461 ], [ 1992365.826411757618189, 796161.316226206719875 ], [ 1992487.633459886536002, 796205.39918798126746 ], [ 1992613.174859635997564, 796237.330699716228992 ], [ 1992741.241578698391095, 796256.803243497968651 ], [ 1992870.600264560664073, 796263.629288085037842 ], [ 1993000.005122363567352, 796257.743094936828129 ], [ 1993128.209912586258724, 796239.201351310824975 ], [ 1993253.979953014990315, 796208.182624334120192 ], [ 1993376.104009407805279, 796164.985641304170713 ], [ 1993493.405960341682658, 796110.026412781444378 ], [ 1993604.756123905535787, 796043.834226180217229 ], [ 1993709.082137153949589, 795967.046548441983759 ], [ 1993805.379283548798412, 795880.402886879630387 ], [ 1993892.72016892908141, 795784.737667318317108 ], [ 1993970.263652823166922, 795680.972198118222877 ], [ 1994037.262949091615155, 795570.105797471944243 ], [ 1994093.072817885549739, 795453.206169423297979 ], [ 1994137.155779660213739, 795331.39912129426375 ], [ 1994169.087291395058855, 795205.857721544802189 ], [ 1994188.55983517691493, 795077.791002482525073 ], [ 1994195.385879764100537, 794948.43231662013568 ], [ 1994189.499686615774408, 794819.027458817465231 ], [ 1994153.726661690510809, 794441.775935492594726 ], [ 1994149.650386999594048, 794322.068580976687372 ], [ 1994138.894723206292838, 794192.9772172489902 ], [ 1994115.537684560054913, 794065.561703129205853 ], [ 1994079.804212111514062, 793941.049119670758955 ], [ 1994032.038438733899966, 793820.638591117807664 ], [ 1993972.700374936684966, 793705.489736683666706 ], [ 1993902.361478711478412, 793596.711502783000469 ], [ 1993821.699152080109343, 793495.351483272504993 ], [ 1993731.490217342507094, 793402.385830549406819 ], [ 1993632.603435853729025, 793318.709854669286869 ], [ 1993525.991141376085579, 793245.129401021986268 ], [ 1993412.680068585788831, 793182.353089599171653 ], [ 1993293.76146505586803, 793130.985490597086027 ], [ 1993170.380581946112216, 793091.521302074193954 ], [ 1993043.725644607329741, 793064.34058573958464 ], [ 1992915.016409323085099, 793049.705106749897823 ], [ 1992785.492416388588026, 793047.755812768475153 ], [ 1992656.40105266077444, 793058.511476561776362 ], [ 1992528.985538541106507, 793081.868515207897872 ], [ 1992404.472955082543194, 793117.601987656555139 ], [ 1992284.062426529824734, 793165.367761034052819 ], [ 1992168.913572095567361, 793224.705824831267819 ], [ 1992060.135338194901124, 793295.044721056474373 ], [ 1991958.775318684522063, 793375.707047687843442 ], [ 1991865.809665961191058, 793465.915982425329275 ], [ 1991782.133690081071109, 793564.802763914340176 ], [ 1991708.553236433770508, 793671.415058391867206 ], [ 1991645.776925011072308, 793784.726131182163954 ], [ 1991594.409326008986682, 793903.64473471196834 ], [ 1991554.945137486094609, 794027.025617821840569 ], [ 1991527.764421151485294, 794153.680555160506628 ], [ 1991513.128942161798477, 794282.389790444867685 ], [ 1991511.179648180259392, 794411.913783379364759 ], [ 1991516.615332850255072, 794571.542729207314551 ] ] ] } },
{ "type": "Feature", "properties": { "FID": 85, "FeatureTyp": "Paved Greenway", "Label": "Homestead Road", "Fr_St": " ", "To_St": " ", "Notes": " ", "Shape_Leng": 457.11730482899998, "GlobalID": "7f2eb0f6-b2f0-4d33-90d5-bde9ae8778df" }, "geometry": { "type": "Polygon", "coordinates": [ [ [ 1979569.384933805326, 802614.782232304685749 ], [ 1979698.182840116322041, 802600.9488009668421 ], [ 1979825.004635924007744, 802574.557578924810514 ], [ 1979948.628958006389439, 802535.862728073843755 ], [ 1980067.865236562211066, 802485.236900980351493 ], [ 1980181.565161047736183, 802423.167652034317143 ], [ 1980288.633739035343751, 802350.25274203333538 ], [ 1980388.039841589285061, 802267.194381420267746 ], [ 1980478.826133601367474, 802174.792467611958273 ], [ 1980560.118293450446799, 802073.936881550587714 ], [ 1980631.133433198556304, 801965.598917663097382 ], [ 1980691.187638228992, 801850.82192976528313 ], [ 1980739.702553718350828, 801730.711282994016074 ], [ 1980776.210954509442672, 801606.423708537011407 ], [ 1980800.361244745086879, 801479.156163678737357 ], [ 1980811.920843928819522, 801350.134304447681643 ], [ 1980810.778426800854504, 801220.600681878742762 ], [ 1980796.94499546289444, 801091.802775567513891 ], [ 1980770.553773420862854, 800964.980979759944603 ], [ 1980731.858922569779679, 800841.356657677446492 ], [ 1980681.233095476403832, 800722.12037912174128 ], [ 1980619.163846530253068, 800608.420454636216164 ], [ 1980546.248936529271305, 800501.35187664872501 ], [ 1980463.190575916320086, 800401.945774094667286 ], [ 1980370.788662108127028, 800311.159482082584873 ], [ 1980269.933076046640053, 800229.867322233389132 ], [ 1980161.595112159149721, 800158.852182485279627 ], [ 1980046.818124261219054, 800098.797977454960346 ], [ 1979926.707477490184829, 800050.283061965601519 ], [ 1979802.419903033180162, 800013.774661174509674 ], [ 1979675.152358174789697, 799989.624370938749053 ], [ 1979546.130498943617567, 799978.06477175524924 ], [ 1979416.596876374678686, 799979.207188883214258 ], [ 1978960.245754964649677, 800005.66251654329244 ], [ 1978831.447848653653637, 800019.49594788113609 ], [ 1978704.626052845967934, 800045.887169923167676 ], [ 1978581.001730763586238, 800084.582020774134435 ], [ 1978461.765452207764611, 800135.207847867626697 ], [ 1978348.065527722239494, 800197.277096813661046 ], [ 1978240.996949734631926, 800270.192006814642809 ], [ 1978141.590847180690616, 800353.250367427710444 ], [ 1978050.804555168608204, 800445.652281236019917 ], [ 1977969.512395319528878, 800546.507867297390476 ], [ 1977898.497255571419373, 800654.845831184880808 ], [ 1977838.443050540983677, 800769.622819082695059 ], [ 1977789.928135051624849, 800889.733465853962116 ], [ 1977753.419734260533005, 801014.021040310966782 ], [ 1977729.269444024888799, 801141.288585169240832 ], [ 1977717.709844841156155, 801270.310444400296547 ], [ 1977718.852261969121173, 801399.844066969235428 ], [ 1977732.685693307081237, 801528.641973280464299 ], [ 1977759.076915349112824, 801655.463769088033587 ], [ 1977797.771766200195998, 801779.088091170531698 ], [ 1977848.397593293571845, 801898.32436972623691 ], [ 1977910.46684223972261, 802012.024294211762026 ], [ 1977983.381752240704373, 802119.092872199253179 ], [ 1978066.440112853655592, 802218.498974753310904 ], [ 1978158.842026661848649, 802309.285266765393317 ], [ 1978259.697612723335624, 802390.577426614589058 ], [ 1978368.035576610825956, 802461.592566362698562 ], [ 1978482.812564508756623, 802521.646771393017843 ], [ 1978602.923211279790848, 802570.161686882376671 ], [ 1978727.210785736795515, 802606.670087673468515 ], [ 1978854.47833059518598, 802630.820377909229137 ], [ 1978983.50018982635811, 802642.37997709272895 ], [ 1979113.033812395296991, 802641.237559964763932 ], [ 1979569.384933805326, 802614.782232304685749 ] ] ] } },
{ "type": "Feature", "properties": { "FID": 86, "FeatureTyp": "Paved Greenway", "Label": "Chapel Hill High", "Fr_St": " ", "To_St": " ", "Notes": " ", "Shape_Leng": 596.78453020799998, "GlobalID": "85aa4103-914d-4d4a-a951-2a04d950e5c6" }, "geometry": { "type": "Polygon", "coordinates": [ [ [ 1977182.060957977548242, 798115.648655126686208 ], [ 1977172.039974783547223, 797986.498183240066282 ], [ 1977149.408285435987636, 797858.951834291918203 ], [ 1977114.383845475269482, 797734.237949346541427 ], [ 1977067.303959404118359, 797613.557591291610152 ], [ 1977008.622032262384892, 797498.072977945674211 ], [ 1976938.903203086927533, 797388.89628926559817 ], [ 1976858.818902315106243, 797287.078956445562653 ], [ 1976769.140385541599244, 797193.601536059402861 ], [ 1976670.731305906316265, 797109.364266765653156 ], [ 1976564.539396642241627, 797035.178399516153149 ], [ 1976451.587343885796145, 796971.758384766755626 ], [ 1976332.962937650736421, 796919.714991928311065 ], [ 1976209.808595816139132, 796879.549427323741838 ], [ 1976083.310362016549334, 796851.648507297039032 ], [ 1975954.686483394820243, 796836.280932959984057 ], [ 1975825.175678214756772, 796833.594702454400249 ], [ 1975696.025206327904016, 796843.615685648517683 ], [ 1975568.478857379872352, 796866.247374996077269 ], [ 1975443.76497243437916, 796901.271814956795424 ], [ 1975323.0846143795643, 796948.351701027830131 ], [ 1975207.600001033628359, 797007.033628169680014 ], [ 1975098.423312353668734, 797076.752457345137373 ], [ 1974996.605979533400387, 797156.836758117075078 ], [ 1974903.128559147473425, 797246.515274890465662 ], [ 1974818.891289853490889, 797344.924354525632225 ], [ 1974744.705422603990883, 797451.116263789823279 ], [ 1974681.285407854709774, 797564.068316546385176 ], [ 1974629.242015016265213, 797682.692722781328484 ], [ 1974589.076450411695987, 797805.847064616042189 ], [ 1974561.175530384993181, 797932.345298415515572 ], [ 1974545.807956048054621, 798060.969177037244663 ], [ 1974543.121725542470813, 798190.479982217424549 ], [ 1974560.037702202564105, 798787.02472088241484 ], [ 1974570.058685396565124, 798916.175192769034766 ], [ 1974592.690374744124711, 799043.721541717182845 ], [ 1974627.714814704842865, 799168.435426662559621 ], [ 1974674.794700775993988, 799289.115784717490897 ], [ 1974733.476627917727455, 799404.600398063426837 ], [ 1974803.195457093184814, 799513.777086743502878 ], [ 1974883.279757865006104, 799615.594419563538395 ], [ 1974972.958274638513103, 799709.071839949698187 ], [ 1975071.367354273796082, 799793.309109243447892 ], [ 1975177.55926353787072, 799867.494976492947899 ], [ 1975290.511316294316202, 799930.914991242345423 ], [ 1975409.135722529375926, 799982.958384080789983 ], [ 1975532.290064363973215, 800023.12394868535921 ], [ 1975658.788298163563013, 800051.024868712062016 ], [ 1975787.412176785292104, 800066.392443049116991 ], [ 1975916.922981965355575, 800069.078673554700799 ], [ 1976046.073453852208331, 800059.057690360583365 ], [ 1976173.619802800239995, 800036.426001013023779 ], [ 1976298.333687745733187, 800001.401561052305624 ], [ 1976419.014045800548047, 799954.321674981270917 ], [ 1976534.498659146483988, 799895.639747839421034 ], [ 1976643.675347826443613, 799825.920918663963675 ], [ 1976745.49268064671196, 799745.83661789202597 ], [ 1976838.970101032638922, 799656.158101118635386 ], [ 1976923.207370326621458, 799557.749021483468823 ], [ 1976997.393237576121464, 799451.557112219277769 ], [ 1977060.813252325402573, 799338.605059462715872 ], [ 1977112.856645163847134, 799219.980653227772564 ], [ 1977153.02220976841636, 799096.826311393058859 ], [ 1977180.923129795119166, 798970.328077593585476 ], [ 1977196.290704132057726, 798841.704198971856385 ], [ 1977198.976934637641534, 798712.193393791676499 ], [ 1977182.060957977548242, 798115.648655126686208 ] ] ] } },
{ "type": "Feature", "properties": { "FID": 87, "FeatureTyp": "Paved Greenway", "Label": "Smith Middle", "Fr_St": " ", "To_St": " ", "Notes": " ", "Shape_Leng": 1192.8774798500001, "GlobalID": "212a7092-8f61-4a76-b3c2-88dd52c9aa0e" }, "geometry": { "type": "Polygon", "coordinates": [ [ [ 1974846.569595734821633, 797313.434070147690363 ], [ 1974798.70334958541207, 797372.214346981025301 ], [ 1974727.14625655952841, 797480.195118095143698 ], [ 1974666.517696890048683, 797594.669753910857253 ], [ 1974617.40155675006099, 797714.535801107180305 ], [ 1974580.270851418375969, 797838.638884124113247 ], [ 1974555.483169885119423, 797965.783822430530563 ], [ 1974543.27723107370548, 798094.746140765957534 ], [ 1974543.770584847312421, 798224.283861506963149 ], [ 1974556.958479939727113, 798353.149465590366162 ], [ 1974582.713909711688757, 798480.101906803552993 ], [ 1974620.788835295010358, 798603.918563738465309 ], [ 1974670.816574342781678, 798723.407014303724281 ], [ 1974732.315332379890606, 798837.416519401478581 ], [ 1974804.692842747783288, 798944.849105173489079 ], [ 1974887.252070456044748, 799044.670137090375647 ], [ 1974979.197925010463223, 799135.918284046812914 ], [ 1975079.644917568890378, 799217.714776506531052 ], [ 1975187.625688683008775, 799289.271869532531127 ], [ 1975302.10032449872233, 799349.900429201778024 ], [ 1975421.966371695045382, 799399.016569341882132 ], [ 1975546.069454711861908, 799436.147274673567154 ], [ 1975673.214393018279225, 799460.934956206940114 ], [ 1975802.176711353706196, 799473.140895018237643 ], [ 1975931.714432094944641, 799472.647541244514287 ], [ 1976060.580036178231239, 799459.45964615221601 ], [ 1976187.53247739141807, 799433.704216380370781 ], [ 1976311.349134326213971, 799395.629290796816349 ], [ 1976430.837584891589358, 799345.601551749045029 ], [ 1976544.847089989343658, 799284.102793712052517 ], [ 1976652.279675761470571, 799211.725283344159834 ], [ 1976722.102475886931643, 799159.527801749296486 ], [ 1976832.709823349956423, 799164.36294244742021 ], [ 1976962.056233892450109, 799157.308116259751841 ], [ 1977090.088312225649133, 799137.609095715219155 ], [ 1977215.573039445793256, 799105.455593150225468 ], [ 1977337.301929032895714, 799061.157264371402562 ], [ 1977454.102665236685425, 799005.140726500772871 ], [ 1977564.850393117405474, 798937.945449419785291 ], [ 1977668.478551514679566, 798860.218560379464179 ], [ 1977763.989144614664838, 798772.708611810929142 ], [ 1977850.462353193899617, 798676.258372356998734 ], [ 1977927.065392982913181, 798571.796710548456758 ], [ 1977993.06053483299911, 798460.329649293096736 ], [ 1978047.812209451803938, 798342.930677324882708 ], [ 1978090.793128282064572, 798220.730410920805298 ], [ 1978121.589361579855904, 798094.905705447657965 ], [ 1978139.904324783477932, 797966.66832160204649 ], [ 1978145.561634785495698, 797837.253255491959862 ], [ 1978138.50680859782733, 797707.906844949582592 ], [ 1978118.807788053294644, 797579.874766616383567 ], [ 1978086.654285488417372, 797454.390039396239445 ], [ 1978042.35595670947805, 797332.661149809020571 ], [ 1977986.339418838731945, 797215.860413605347276 ], [ 1977940.294235338689759, 797130.823838273412548 ], [ 1977873.671863939613104, 797020.924288777401671 ], [ 1977796.678024055901915, 796918.024337513023056 ], [ 1977710.042550978250802, 796823.099387395195663 ], [ 1977614.586674376390874, 796737.049245196627453 ], [ 1977511.21523374854587, 796660.689592153998092 ], [ 1977400.908101322827861, 796594.744252013391815 ], [ 1977284.710893712006509, 796539.838329803431407 ], [ 1977163.725060369120911, 796496.492286378750578 ], [ 1977039.097442794591188, 796465.117004898958839 ], [ 1976912.009403466945514, 796446.009896010509692 ], [ 1976783.66562754358165, 796439.352078649564646 ], [ 1976446.537692883517593, 796438.297290730522946 ], [ 1976325.982002276927233, 796443.435308961314149 ], [ 1976206.399204076966271, 796459.560697131208144 ], [ 1975920.065131067065522, 796511.594057642156258 ], [ 1975795.285571892280132, 796540.587237185449339 ], [ 1975673.904043562477455, 796581.539250910282135 ], [ 1975557.063760477583855, 796634.064398187911138 ], [ 1975445.865165976108983, 796697.667978501529433 ], [ 1975341.35556796588935, 796771.750950712710619 ], [ 1975244.519275008235127, 796855.615575042902492 ], [ 1975079.314224838279188, 797013.353120458894409 ], [ 1974981.76318434625864, 797117.117454090155661 ], [ 1974895.959119684062898, 797230.787612541927956 ], [ 1974846.569595734821633, 797313.434070147690363 ] ] ] } },
{ "type": "Feature", "properties": { "FID": 88, "FeatureTyp": "Paved Greenway", "Label": "Smith Middle", "Fr_St": " ", "To_St": " ", "Notes": " ", "Shape_Leng": 534.072205758, "GlobalID": "5eef7278-0177-4f97-87ad-9067815bb2a0" }, "geometry": { "type": "Polygon", "coordinates": [ [ [ 1978089.314972019055858, 797450.421531345811673 ], [ 1978071.533206273335963, 797392.098164966446348 ], [ 1978021.792727735126391, 797272.489848836208694 ], [ 1977960.568098089657724, 797158.332898905384354 ], [ 1977888.448943989351392, 797050.726709006237797 ], [ 1977806.129812312778085, 796950.707585571217351 ], [ 1977714.403481297660619, 796859.238767434842885 ], [ 1977614.153325655031949, 796777.201149317785166 ], [ 1977506.344809185480699, 796705.384798328857869 ], [ 1977392.016186836874112, 796644.48134518682491 ], [ 1977272.268505740910769, 796595.077323438716121 ], [ 1977148.255001527490094, 796557.648520820890553 ], [ 1977021.169992034556344, 796532.555397163378075 ], [ 1976892.237375375116244, 796520.039612964028493 ], [ 1976762.698843129910529, 796520.221702066715807 ], [ 1976633.80192217673175, 796533.09991085389629 ], [ 1976506.787960327230394, 796558.550215134746395 ], [ 1976382.880171466385946, 796596.327514566713944 ], [ 1976263.271855336148292, 796646.067993105039932 ], [ 1976149.114905405323952, 796707.292622750392184 ], [ 1976041.508715506410226, 796779.4117768505821 ], [ 1975941.489592071156949, 796861.730908527271822 ], [ 1975850.020773934898898, 796953.457239542272873 ], [ 1975767.983155817724764, 797053.707395185134374 ], [ 1975696.166804828913882, 797161.515911654685624 ], [ 1975635.263351686764508, 797275.844534003175795 ], [ 1975585.859329938655719, 797395.592215099022724 ], [ 1975548.430527321062982, 797519.605719312559813 ], [ 1975523.337403663434088, 797646.690728805609979 ], [ 1975510.821619464084506, 797775.623345464817248 ], [ 1975511.00370856677182, 797905.161877710255794 ], [ 1975520.393125486792997, 798090.958422128227539 ], [ 1975532.852152907522395, 798217.035783546976745 ], [ 1975557.340554866939783, 798341.338022448937409 ], [ 1975593.63274786574766, 798462.720085184439085 ], [ 1975641.394413645379245, 798580.063818330061622 ], [ 1975700.185578877804801, 798692.288268951117061 ], [ 1975769.464668134227395, 798798.359642178751528 ], [ 1975848.59349279711023, 798897.300824373262003 ], [ 1976078.764292286941782, 799158.360669702291489 ], [ 1976169.097502993652597, 799251.205570133868605 ], [ 1976268.096126234857365, 799334.749194002477452 ], [ 1976374.806751150172204, 799408.186970540671609 ], [ 1976488.201696088304743, 799470.811653815209866 ], [ 1976607.188905740855262, 799522.020133892190643 ], [ 1976730.622468234505504, 799561.319245114922523 ], [ 1976857.313650886295363, 799588.33051555918064 ], [ 1976986.042348350863904, 799602.793811924871989 ], [ 1977115.568832901772112, 799604.569844761514105 ], [ 1977244.645693686092272, 799593.641509901965037 ], [ 1977372.029849973972887, 799570.114053185097873 ], [ 1977496.49452270497568, 799534.214056880329736 ], [ 1977616.841049041599035, 799486.28725757705979 ], [ 1977731.910426146816462, 799426.795216552098282 ], [ 1977840.594473016215488, 799356.310874682036228 ], [ 1977941.846502865199, 799275.513034709962085 ], [ 1978034.691403296776116, 799185.179824003134854 ], [ 1978118.235027165384963, 799086.181200762046501 ], [ 1978191.672803703462705, 798979.470575846615247 ], [ 1978254.297486978117377, 798866.075630908715539 ], [ 1978305.505967054981738, 798747.08842125593219 ], [ 1978344.805078277830034, 798623.654858762514777 ], [ 1978371.816348722204566, 798496.963676110608503 ], [ 1978386.279645087895915, 798368.234978645923547 ], [ 1978388.055677924538031, 798238.708494095131755 ], [ 1978377.127343064872548, 798109.631633310811594 ], [ 1978353.599886348005384, 797982.247477023047395 ], [ 1978317.699890043120831, 797857.782804291928187 ], [ 1978269.773090739967301, 797737.436277955421247 ], [ 1978210.281049714889377, 797622.366900850087404 ], [ 1978139.796707845060155, 797513.682853980804794 ], [ 1978089.314972019055858, 797450.421531345811673 ] ] ] } },
{ "type": "Feature", "properties": { "FID": 89, "FeatureTyp": "Paved Greenway", "Label": "Umstead Park Trail", "Fr_St": " ", "To_St": " ", "Notes": " ", "Shape_Leng": 289.13364944400001, "GlobalID": "c7989265-e97b-47ee-8894-787977877e4b" }, "geometry": { "type": "Polygon", "coordinates": [ [ [ 1980937.135484334779903, 788970.726465047220699 ], [ 1980877.353139461250976, 788988.543607788160443 ], [ 1980760.582329622004181, 789035.881199716241099 ], [ 1980648.856988734100014, 789094.136824711225927 ], [ 1980543.195127379382029, 789162.77967353828717 ], [ 1980444.559507381170988, 789241.184291435754858 ], [ 1980353.848869384499267, 789328.636277086567134 ], [ 1980271.889743776991963, 789424.338792046881281 ], [ 1980235.970852366881445, 789470.576888536917977 ], [ 1980167.196443825261667, 789567.875525614945218 ], [ 1980107.476014679996297, 789670.979426560341381 ], [ 1980057.296162492129952, 789779.048508549109101 ], [ 1980017.065748920664191, 789891.202232835581526 ], [ 1979987.112568346783519, 790006.526779316365719 ], [ 1979967.680677031632513, 790124.082492267247289 ], [ 1979962.120648771524429, 790170.715273028239608 ], [ 1979953.11430443264544, 790299.940465055056848 ], [ 1979956.817611884558573, 790429.426178578403778 ], [ 1979973.194906252203509, 790557.925395392812788 ], [ 1980002.08846523752436, 790684.200597795657814 ], [ 1980043.220028073061258, 790807.035686558810994 ], [ 1980096.193475323962048, 790925.247692628763616 ], [ 1980160.498643734725192, 791037.698169765993953 ], [ 1980235.516239380929619, 791143.304158404003829 ], [ 1980320.523801807546988, 791241.048615141888149 ], [ 1980414.702661718707532, 791329.990207428927533 ], [ 1980517.145825210027397, 791409.272379110916518 ], [ 1980626.866708616027609, 791478.131599534419365 ], [ 1980742.808639850001782, 791535.904716764693148 ], [ 1980863.855034733656794, 791582.035344100557268 ], [ 1980988.840150313451886, 791616.079218383412808 ], [ 1981116.560311603127047, 791637.70847849349957 ], [ 1981245.785503629827872, 791646.714822832145728 ], [ 1981375.271217153174803, 791643.011515380232595 ], [ 1981503.770433967700228, 791626.63422101282049 ], [ 1981630.045636370545253, 791597.740662027383223 ], [ 1981752.880725133698434, 791556.609099191846326 ], [ 1981871.092731203651056, 791503.635651941061951 ], [ 1981983.543208340881392, 791439.330483530298807 ], [ 1982089.149196978891268, 791364.31288788409438 ], [ 1982146.982634542044252, 791314.015615608310327 ], [ 1982210.448680729838088, 791271.880612889537588 ], [ 1982314.7234481878113, 791195.023359722923487 ], [ 1982410.9627759703435, 791108.315480722812936 ], [ 1982498.239826740929857, 791012.592020163312554 ], [ 1982575.714074790477753, 790908.774847297347151 ], [ 1982642.639400758547708, 790797.863778251805343 ], [ 1982698.371277170488611, 790680.926947251777165 ], [ 1982742.372975590871647, 790559.090519904042594 ], [ 1982774.220735609531403, 790433.527847606455907 ], [ 1982793.607845888473094, 790305.448167532798834 ], [ 1982800.34759795689024, 790176.084957017679699 ], [ 1982794.375084318686277, 790046.684054495533928 ], [ 1982775.747823544545099, 789918.491661395179108 ], [ 1982744.645206338958815, 789792.742340539465658 ], [ 1982701.366767907515168, 789670.64712662959937 ], [ 1982646.329303271137178, 789553.381863319780678 ], [ 1982580.062853300478309, 789442.075879199313931 ], [ 1982503.20560013409704, 789337.801111741340719 ], [ 1982416.497721133986488, 789241.561783958808519 ], [ 1982320.774260574486107, 789154.284733188105747 ], [ 1982216.957087708404288, 789076.810485138557851 ], [ 1982106.04601866286248, 789009.885159170720726 ], [ 1981989.109187662834302, 788954.153282758663408 ], [ 1981867.272760315099731, 788910.151584338396788 ], [ 1981741.71008801762946, 788878.303824319504201 ], [ 1981613.630407943855971, 788858.916714040795341 ], [ 1981484.267197428736836, 788852.176961972145364 ], [ 1981354.86629490647465, 788858.149475610465743 ], [ 1981226.673901806119829, 788876.776736384490505 ], [ 1981100.924580950522795, 788907.879353590193205 ], [ 1980978.829367040656507, 788951.157792021520436 ], [ 1980937.135484334779903, 788970.726465047220699 ] ] ] } },
{ "type": "Feature", "properties": { "FID": 90, "FeatureTyp": "Paved Greenway", "Label": "Carraway-Eubanks Park-and-Ride Lot Connector", "Fr_St": "Eubanks Road", "To_St": "Myrica Drive", "Notes": " ", "Shape_Leng": 968.58506528400005, "GlobalID": "a3785d5a-4d25-4b8c-9d7b-d04540ba2873" }, "geometry": { "type": "Polygon", "coordinates": [ [ [ 1977723.29061356629245, 808491.336745982640423 ], [ 1977722.57183434907347, 808493.762103429762647 ], [ 1977698.115021848352626, 808620.971100026043132 ], [ 1977686.244637655094266, 808749.964737356873229 ], [ 1977687.075000057928264, 808879.500736179528758 ], [ 1977700.598112213192508, 809008.331594014074653 ], [ 1977726.683739158557728, 809135.21659927314613 ], [ 1977765.080662046326324, 809258.933779993792996 ], [ 1977815.419097519246861, 809378.291672095074318 ], [ 1977877.21425892598927, 809492.140793828410096 ], [ 1977949.871025081723928, 809599.384715915075503 ], [ 1978032.689671609783545, 809698.990620759897865 ], [ 1978124.872609671205282, 809789.999249049345963 ], [ 1978225.532067179912701, 809871.534137942362577 ], [ 1978333.698638533940539, 809942.8100618874887 ], [ 1978448.33062052144669, 810003.14059477369301 ], [ 1978568.324044491630048, 810051.944720589439385 ], [ 1978692.523308176547289, 810088.752428923849948 ], [ 1978819.732304772827774, 810113.209241424570791 ], [ 1978948.725942103657871, 810125.079625617945567 ], [ 1979078.261940926546231, 810124.249263214995153 ], [ 1979207.092798760859296, 810110.726151059614494 ], [ 1979333.977804020047188, 810084.640524114365689 ], [ 1979457.694984740810469, 810046.243601226597093 ], [ 1979577.052876841975376, 809995.905165753676556 ], [ 1979690.901998575311154, 809934.110004346817732 ], [ 1979798.145920661976561, 809861.453238191199489 ], [ 1979897.751825506798923, 809778.634591663023457 ], [ 1979988.76045379624702, 809686.451653601718135 ], [ 1980053.696675626328215, 809613.876011343672872 ], [ 1980136.78091707197018, 809511.094834386836737 ], [ 1980209.170835285913199, 809400.52060025325045 ], [ 1980270.140746202785522, 809283.261777659645304 ], [ 1980319.0794474077411, 809160.493846026016399 ], [ 1980355.496345230843872, 809033.447511698002927 ], [ 1980379.026372780324891, 808903.396370538976043 ], [ 1980392.39544053026475, 808800.263046615989879 ], [ 1980402.564646714599803, 808676.042347242939286 ], [ 1980401.63442430109717, 808603.228377411258407 ], [ 1980421.125689074862748, 808415.404541502590291 ], [ 1980427.427117207786068, 808323.623485639342107 ], [ 1980433.156764537794515, 808153.644166811369359 ], [ 1980430.554044923512265, 808015.164273852133192 ], [ 1980413.455309610115364, 807877.719418895430863 ], [ 1980382.048812051536515, 807742.822840679087676 ], [ 1980365.92090842872858, 807686.995449201902375 ], [ 1980344.533637628424913, 807597.168911848915741 ], [ 1980308.382653023814783, 807472.776907263207249 ], [ 1980260.213196721859276, 807352.527300310321152 ], [ 1980200.489166918909177, 807237.578160440549254 ], [ 1980129.785738670267165, 807129.036510708159767 ], [ 1980048.783824640326202, 807027.947666535153985 ], [ 1979958.26351754157804, 806935.285168751724996 ], [ 1979859.09657741477713, 806851.941407865961082 ], [ 1979752.238036103313789, 806778.719029855448753 ], [ 1979638.716999774798751, 806716.323206247878261 ], [ 1979519.626738066319376, 806665.354842933593318 ], [ 1979396.114155299263075, 806626.304793113609776 ], [ 1979269.368745164712891, 806599.549130114493892 ], [ 1979140.611135248094797, 806585.345525597105734 ], [ 1979011.081331719178706, 806583.830768037354574 ], [ 1978882.026777393883094, 806595.019445378566161 ], [ 1978754.690338179003447, 806618.803804541821592 ], [ 1978630.29833359317854, 806654.954789146315306 ], [ 1978510.048726640408859, 806703.124245448154397 ], [ 1978395.099586770636961, 806762.848275251220912 ], [ 1978286.557937038363889, 806833.551703499862924 ], [ 1978185.469092865241691, 806914.553617529687472 ], [ 1978092.806595081929117, 807005.073924628552049 ], [ 1978009.462834195932373, 807104.240864755469374 ], [ 1977936.240456185536459, 807211.0994060668163 ], [ 1977873.844632577849552, 807324.620442395214923 ], [ 1977822.876269263681024, 807443.710704103694297 ], [ 1977783.826219443697482, 807567.223286870750599 ], [ 1977757.070556444581598, 807693.968697005417198 ], [ 1977742.866951927077025, 807822.726306922035292 ], [ 1977741.35219436744228, 807952.256110451067798 ], [ 1977752.540871708653867, 808081.310664776246995 ], [ 1977770.195639269426465, 808175.830564216827042 ], [ 1977765.983585821930319, 808188.922936823568307 ], [ 1977738.194375531980768, 808319.025908686220646 ], [ 1977723.642218022607267, 808451.26530602236744 ], [ 1977723.29061356629245, 808491.336745982640423 ] ] ] } },
{ "type": "Feature", "properties": { "FID": 91, "FeatureTyp": "Paved Greenway", "Label": "Carraway-Eubanks Park-and-Ride Lot Connector", "Fr_St": " ", "To_St": " ", "Notes": " ", "Shape_Leng": 345.76013819600001, "GlobalID": "ef6b61b7-8c1e-46bc-8efa-d5a2646021c5" }, "geometry": { "type": "Polygon", "coordinates": [ [ [ 1978924.349825162207708, 810138.9238321473822 ], [ 1978935.429614336695522, 810141.288467287784442 ], [ 1979013.734575846698135, 810154.657863124855794 ], [ 1979124.414070904022083, 810168.770908302278258 ], [ 1979235.890041339909658, 810173.486487344023772 ], [ 1979319.924978259950876, 810173.486487344023772 ], [ 1979365.420565432170406, 810172.702220856910571 ], [ 1979420.806937592104077, 810170.792119681835175 ], [ 1979549.893617581343278, 810159.980387994321063 ], [ 1979677.29897490167059, 810136.568010522983968 ], [ 1979801.796026314608753, 810100.780461261165328 ], [ 1979922.185797158628702, 810052.962393871741369 ], [ 1980037.308868128573522, 809993.574322483851574 ], [ 1980146.056541118305176, 809923.188186689629219 ], [ 1980247.381516589550301, 809842.481843453715555 ], [ 1980340.307979638455436, 809752.232538980315439 ], [ 1980423.940997627098113, 809653.309423406491987 ], [ 1980497.475138874026015, 809546.665180412121117 ], [ 1980560.202229400863871, 809433.326852355152369 ], [ 1980611.518173035932705, 809314.385949291638099 ], [ 1980650.928769189631566, 809190.987937137717381 ], [ 1980678.054472277406603, 809064.321206206805073 ], [ 1980692.634046949679032, 808935.605626360746101 ], [ 1980694.527083932654932, 808806.08079899661243 ], [ 1980683.715352245373651, 808676.994119007373229 ], [ 1980660.302974773803726, 808549.588761687278748 ], [ 1980624.515425512101501, 808425.091710274107754 ], [ 1980576.697358122793958, 808304.701939430087805 ], [ 1980517.309286734787747, 808189.578868460142985 ], [ 1980446.923150940565392, 808080.83119547041133 ], [ 1980366.216807704651728, 807979.506219999282621 ], [ 1980275.967503231251612, 807886.579756950377487 ], [ 1980177.04438765742816, 807802.946738961734809 ], [ 1980070.400144663173705, 807729.412597714923322 ], [ 1979957.061816605972126, 807666.685507188085467 ], [ 1979838.120913542574272, 807615.369563553016633 ], [ 1979714.722901388769969, 807575.958967399084941 ], [ 1979588.056170457741246, 807548.833264311426319 ], [ 1979459.340590611798689, 807534.253689639037475 ], [ 1979429.098605362698436, 807533.811695639276877 ], [ 1979353.715650820871815, 807513.490746860741638 ], [ 1979221.098748392425478, 807491.888343497295864 ], [ 1979086.97281017433852, 807483.879639613791369 ], [ 1978952.727584310807288, 807489.547617528936826 ], [ 1978819.75405494729057, 807508.833548395195976 ], [ 1978689.430029524257407, 807541.537600718438625 ], [ 1978563.105862603755668, 807587.320910915266722 ], [ 1978442.090464146109298, 807645.709094454301521 ], [ 1978327.637737220153213, 807716.097161198384129 ], [ 1978297.079727480188012, 807737.105977440369315 ], [ 1978194.064290385693312, 807815.643129240837879 ], [ 1978099.242887806845829, 807903.899381742929108 ], [ 1978013.528701685136184, 808001.024778989027254 ], [ 1977937.747206489089876, 808106.083950309781358 ], [ 1977872.628219443839043, 808218.065118453931063 ], [ 1977818.79887199238874, 808335.889843557262793 ], [ 1977776.7775701766368, 808458.423409107490443 ], [ 1977746.969002104364336, 808584.485749884624965 ], [ 1977729.660240581259131, 808712.862816634238698 ], [ 1977725.017978442367166, 808842.318268025759608 ], [ 1977733.086923209950328, 808971.605377294472419 ], [ 1977753.789366535143927, 809099.479038902674802 ], [ 1977786.925932571524754, 809224.70775958627928 ], [ 1977832.177498073782772, 809346.085518308100291 ], [ 1977889.108265728922561, 809462.443380899727345 ], [ 1977957.169961123494431, 809572.660757536883466 ], [ 1978035.707112923962995, 809675.676194631494582 ], [ 1978123.963365426054224, 809770.497597210342064 ], [ 1978221.08876267215237, 809856.211783332051709 ], [ 1978326.147933992790058, 809931.993278527981602 ], [ 1978438.129102136939764, 809997.112265573232435 ], [ 1978555.953827240271494, 810050.941613024682738 ], [ 1978678.487392790615559, 810092.962914840318263 ], [ 1978804.549733567750081, 810122.771482912590727 ], [ 1978924.349825162207708, 810138.9238321473822 ] ] ] } },
{ "type": "Feature", "properties": { "FID": 92, "FeatureTyp": "Paved Greenway", "Label": "High School Road", "Fr_St": "Chapel Hill High School Driveway", "To_St": "Seawell School Road", "Notes": " ", "Shape_Leng": 1688.6503043800001, "GlobalID": "46a4f653-4c96-4e36-80f3-3a8efc2e4023" }, "geometry": { "type": "Polygon", "coordinates": [ [ [ 1976006.641764922067523, 800999.685695169609971 ], [ 1976059.420543494168669, 800999.242032559937797 ], [ 1976160.627012361539528, 800999.804471897659823 ], [ 1976237.45183226489462, 801000.414067664998583 ], [ 1976258.15570447803475, 801000.415977757424116 ], [ 1976333.30103962495923, 800999.833574831020087 ], [ 1976479.37390085007064, 800999.833574831020087 ], [ 1976635.697159640258178, 800990.544465440092608 ], [ 1976703.5139531402383, 800982.456227037124336 ], [ 1976844.996700454037637, 800957.712514363927767 ], [ 1976963.209718613885343, 800930.336584859876893 ], [ 1977057.836124138440937, 800904.685558650759049 ], [ 1977150.29763523535803, 800872.081866624532267 ], [ 1977224.336201065452769, 800842.839799123583362 ], [ 1977337.109112433623523, 800792.070139827788807 ], [ 1977416.747076523723081, 800751.628947736695409 ], [ 1977475.554166379384696, 800719.868223324418068 ], [ 1977500.271658993791789, 800705.69895739981439 ], [ 1977522.358045374508947, 800704.712927108164877 ], [ 1977607.619764545932412, 800702.076058466103859 ], [ 1977736.744077680632472, 800691.723462163819931 ], [ 1977864.23189007001929, 800668.764320521848276 ], [ 1977988.855424388311803, 800633.419742624973878 ], [ 1978109.414487874368206, 800586.030116079607978 ], [ 1978224.748030842281878, 800527.051828895346262 ], [ 1978333.745328225661069, 800457.052874218556099 ], [ 1978435.35667646676302, 800376.70738024788443 ], [ 1978528.603502735262737, 800286.789118011831306 ], [ 1978612.587789120618254, 800188.164049529936165 ], [ 1978686.50072103459388, 800081.781988125527278 ], [ 1978749.630476537393406, 799968.66745120449923 ], [ 1978801.369081573793665, 799849.909793591941707 ], [ 1978841.218265094095841, 799726.652716450276785 ], [ 1978868.794257676694542, 799600.083252811571583 ], [ 1978883.83148743910715, 799471.420335800503381 ], [ 1978886.185137638123706, 799341.903059642179869 ], [ 1978875.832541335839778, 799212.778746507363394 ], [ 1978852.873399693751708, 799085.290934118092991 ], [ 1978817.52882179687731, 798960.667399799684063 ], [ 1978770.139195251744241, 798840.10833631362766 ], [ 1978711.160908067366108, 798724.774793345713988 ], [ 1978641.161953390575945, 798615.777495962334797 ], [ 1978560.816459419904277, 798514.166147721465677 ], [ 1978470.898197183851153, 798420.919321452849545 ], [ 1978372.273128701839596, 798336.935035067377612 ], [ 1978265.89106729766354, 798263.022103153634816 ], [ 1978152.776530376635492, 798199.89234765060246 ], [ 1978034.018872763961554, 798148.153742614202201 ], [ 1977910.761795622296631, 798108.304559094132856 ], [ 1977784.192331983475015, 798080.728566511301324 ], [ 1977655.529414972523227, 798065.691336749005131 ], [ 1977526.012138814199716, 798063.337686549988575 ], [ 1977431.714099064236507, 798066.254019300919026 ], [ 1977413.646133522503078, 798066.936694481293671 ], [ 1977304.765773852355778, 798071.797577151330188 ], [ 1977296.036413578083739, 798072.216252453625202 ], [ 1977220.209137408062816, 798076.104696117574349 ], [ 1977170.923349580960348, 798079.557926254579797 ], [ 1977102.250914741074666, 798085.662900911644101 ], [ 1976920.64211444510147, 798114.670249667949975 ], [ 1976850.958526775008067, 798130.847054582904093 ], [ 1976810.188123963307589, 798140.998208096832968 ], [ 1976751.703988983295858, 798156.552310860832222 ], [ 1976578.732463577762246, 798215.650735568720847 ], [ 1976519.625954487826675, 798240.537824895698577 ], [ 1976404.462351195514202, 798295.730934713734314 ], [ 1976354.673090097261593, 798322.628470517462119 ], [ 1976298.057411723537371, 798352.669392977375537 ], [ 1976284.531281640520319, 798360.132269159192219 ], [ 1976248.047328798100352, 798360.415032698074356 ], [ 1976180.00538533506915, 798359.875128005980514 ], [ 1976176.86725584929809, 798359.853957859333605 ], [ 1976064.876010009320453, 798359.23158378736116 ], [ 1976046.444793964736164, 798359.257835321710445 ], [ 1975972.406228144885972, 798359.88020939368289 ], [ 1975948.321539413882419, 798360.302466836175881 ], [ 1975901.658574993722141, 798361.546558839152567 ], [ 1975772.491312076803297, 798371.348736316314898 ], [ 1975644.906806241255254, 798393.764319364912808 ], [ 1975520.133766022743657, 798428.577433666680008 ], [ 1975399.37382400687784, 798475.452809900278226 ], [ 1975283.789964449126273, 798533.939012567629106 ], [ 1975174.495323101524264, 798603.472787565318868 ], [ 1975072.542467106832191, 798683.384486629161984 ], [ 1974978.913258201442659, 798772.904516412876546 ], [ 1974894.509396850131452, 798871.170750093180686 ], [ 1974820.143738377373666, 798977.236830121837556 ], [ 1974756.532464726828039, 799090.081282166531309 ], [ 1974704.28818723699078, 799208.617352467146702 ], [ 1974663.914046859834343, 799331.703473868081346 ], [ 1974635.798868637997657, 799458.154259734670632 ], [ 1974620.213417107006535, 799586.751919873990119 ], [ 1974617.307788685197011, 799716.257988520199433 ], [ 1974627.109966162126511, 799845.425251437118277 ], [ 1974649.525549210840836, 799973.009757272782736 ], [ 1974684.338663512608036, 800097.782797491061501 ], [ 1974731.214039746206254, 800218.542739507043734 ], [ 1974789.700242413440719, 800334.126599064911716 ], [ 1974859.234017411246896, 800443.42124041239731 ], [ 1974939.145716475090012, 800545.374096407089382 ], [ 1975028.665746258804575, 800639.0033053123625 ], [ 1975126.931979939108714, 800723.407166663790122 ], [ 1975232.998059967765585, 800797.772825136547908 ], [ 1975345.842512012459338, 800861.38409878720995 ], [ 1975464.378582312958315, 800913.628376276930794 ], [ 1975587.464703714009374, 800954.002516654087231 ], [ 1975713.915489580715075, 800982.117694875923917 ], [ 1975842.513149719918147, 800997.703146406798624 ], [ 1975972.019218366127461, 801000.608774828840978 ], [ 1976006.641764922067523, 800999.685695169609971 ] ] ] } },
{ "type": "Feature", "properties": { "FID": 93, "FeatureTyp": "Paved Greenway", "Label": "Homestead Road", "Fr_St": "Seymour Center", "To_St": "Weaver Dairy Road Extension", "Notes": " ", "Shape_Leng": 1296.9825367399999, "GlobalID": "8c4b8bab-72eb-4691-8859-5e417dd5674d" }, "geometry": { "type": "Polygon", "coordinates": [ [ [ 1980142.565209527965635, 799932.22912421321962 ], [ 1980030.746846874710172, 799933.653676366200671 ], [ 1979902.004156367853284, 799947.991881755180657 ], [ 1979775.286786994431168, 799974.880035128095187 ], [ 1979651.815096292179078, 800014.059188869316131 ], [ 1979532.778184139402583, 800065.152026310795918 ], [ 1979419.322441071737558, 800127.66649549768772 ], [ 1979312.540507916593924, 800201.000547918025404 ], [ 1979213.46075306320563, 800284.447936558513902 ], [ 1979123.037368713179603, 800377.205017449450679 ], [ 1979042.141181488055736, 800478.37848919571843 ], [ 1978971.551265893736854, 800586.99399595730938 ], [ 1978911.947441405151039, 800702.005511028924957 ], [ 1978863.903725435258821, 800822.305410648696125 ], [ 1978827.882805231958628, 800946.735141020617448 ], [ 1978804.231581947999075, 801074.09637582115829 ], [ 1978793.17782979295589, 801203.162556736264378 ], [ 1978794.828002442140132, 801332.690705889137462 ], [ 1978809.166207831120118, 801461.43339639599435 ], [ 1978836.054361204151064, 801588.150765769416466 ], [ 1978875.233514945255592, 801711.622456471552141 ], [ 1978926.32635238673538, 801830.659368624561466 ], [ 1978988.840821573743597, 801944.115111692110077 ], [ 1979062.174873993964866, 802050.897044847137295 ], [ 1979145.622262634336948, 802149.976799700642005 ], [ 1979238.379343525273725, 802240.400184050668031 ], [ 1979339.552815271541476, 802321.296371275675483 ], [ 1979448.168322033248842, 802391.886286870227195 ], [ 1979563.179837104864419, 802451.490111358696595 ], [ 1979683.479736724635586, 802499.533827328705229 ], [ 1979807.909467096673325, 802535.554747531889006 ], [ 1979935.270701897097751, 802559.205970815732144 ], [ 1980064.336882812203839, 802570.259722971008159 ], [ 1980105.268200841965154, 802571.74815817095805 ], [ 1980112.410722150932997, 802572.124018116504885 ], [ 1980298.281392474193126, 802568.796430889284238 ], [ 1980372.446270374115556, 802562.224921722314321 ], [ 1980377.440670812502503, 802561.772820863756351 ], [ 1980461.407783773262054, 802554.011152892606333 ], [ 1980527.454456178471446, 802550.708888518856838 ], [ 1980541.057976714102551, 802549.638303561368957 ], [ 1980564.182952288538218, 802551.12330422794912 ], [ 1980677.71956465090625, 802548.63286876201164 ], [ 1980790.621931664878502, 802536.392765079741366 ], [ 1980799.879878614097834, 802534.983890492818318 ], [ 1980882.959821718744934, 802525.186359687126242 ], [ 1980992.91444191406481, 802502.617081459262408 ], [ 1981017.664370170561597, 802496.429599396185949 ], [ 1981064.249398225452751, 802488.044339927029796 ], [ 1981122.444463023450226, 802477.923305310541764 ], [ 1981153.353456874610856, 802473.732376322848722 ], [ 1981208.72648181556724, 802463.412443737732247 ], [ 1981259.943250566953793, 802458.159508499782532 ], [ 1981364.796624948037788, 802443.133149892440997 ], [ 1981522.514485368039459, 802414.030189722427167 ], [ 1981697.133699369151145, 802369.29263550916221 ], [ 1981805.095097609097138, 802333.618494266178459 ], [ 1981925.950420222477987, 802286.989581682137214 ], [ 1982041.653358756098896, 802228.73930694104638 ], [ 1982151.089630662230775, 802159.428652031463571 ], [ 1982253.205304818693548, 802079.725116449291818 ], [ 1982347.016951461089775, 801990.396288812393323 ], [ 1982431.62111314968206, 801892.302454563206993 ], [ 1982506.203005557879806, 801786.388310948968865 ], [ 1982570.044364291243255, 801673.673869071295485 ], [ 1982622.530362166231498, 801555.244630621513352 ], [ 1982663.155530331190675, 801432.241133905714378 ], [ 1982691.528626208659261, 801305.847969837952405 ], [ 1982707.376401375513524, 801177.282373681780882 ], [ 1982710.546233093133196, 801047.782502409303561 ], [ 1982701.007594149326906, 800918.595510572544299 ], [ 1982678.852346851723269, 800790.965539523749612 ], [ 1982644.293858343036845, 800666.121735653840005 ], [ 1982597.664945759112015, 800545.266413040459156 ], [ 1982539.414671018021181, 800429.563474506838247 ], [ 1982470.104016108438373, 800320.127202600589953 ], [ 1982390.400480526033789, 800218.011528444243595 ], [ 1982301.071652889251709, 800124.199881801847368 ], [ 1982202.977818639948964, 800039.595720113371499 ], [ 1982097.063675025710836, 799965.013827705057338 ], [ 1981984.349233148153871, 799901.172468971693888 ], [ 1981865.919994698371738, 799848.686471096822061 ], [ 1981742.916497982572764, 799808.061302931862883 ], [ 1981616.523333914810792, 799779.688207054277882 ], [ 1981487.957737758755684, 799763.840431887540035 ], [ 1981358.457866486161947, 799760.670600169920363 ], [ 1981229.27087464928627, 799770.209239113610238 ], [ 1981101.640903600491583, 799792.364486411213875 ], [ 1980976.797099730698392, 799826.922974919900298 ], [ 1980954.61439697467722, 799834.252899172250181 ], [ 1980937.862048361450434, 799837.344133945181966 ], [ 1980880.751410292927176, 799843.201560926274396 ], [ 1980782.596505441470072, 799859.846089498372748 ], [ 1980743.254421805264428, 799865.180455267196521 ], [ 1980694.435754586476833, 799872.732557339477353 ], [ 1980608.066504756454378, 799887.753524673520587 ], [ 1980600.399464537389576, 799889.110251651145518 ], [ 1980515.62565763364546, 799904.369453947641887 ], [ 1980407.721717628184706, 799910.533280655392446 ], [ 1980357.933260702993721, 799915.886968705570325 ], [ 1980301.742171501507983, 799918.696464252192527 ], [ 1980246.159583277534693, 799922.653171148267575 ], [ 1980142.565209527965635, 799932.22912421321962 ] ] ] } },
{ "type": "Feature", "properties": { "FID": 94, "FeatureTyp": "Paved Greenway", "Label": "Neighborhood Connector", "Fr_St": "Homestead Road", "To_St": "Valley View Drive", "Notes": " ", "Shape_Leng": 188.72503986800001, "GlobalID": "622eab3c-4f2f-4feb-8af0-74a5ea14cf18" }, "geometry": { "type": "Polygon", "coordinates": [ [ [ 1977024.795934379566461, 801469.332675229990855 ], [ 1977018.046237973263487, 801598.695367267355323 ], [ 1977024.00880433851853, 801728.096728523960337 ], [ 1977042.626210702350363, 801856.290553153026849 ], [ 1977073.719161263899878, 801982.042264545336366 ], [ 1977116.988213912118226, 802104.140804977505468 ], [ 1977172.016664016759023, 802221.410298759117723 ], [ 1977238.274557521799579, 802332.72137655923143 ], [ 1977315.12379469233565, 802437.002051849616691 ], [ 1977401.82427536463365, 802533.248044721782207 ], [ 1977497.541026514256373, 802620.532453650725074 ], [ 1977601.352243503555655, 802698.01468206429854 ], [ 1977712.258167563937604, 802764.948533746413887 ], [ 1977829.190714019583538, 802820.689399115974084 ], [ 1977951.023758526192978, 802864.700463168090209 ], [ 1978076.583982264157385, 802896.557875297148712 ], [ 1978204.662171641131863, 802915.954831209382974 ], [ 1978334.024863678496331, 802922.704527615918778 ], [ 1978463.426224935101345, 802916.741961250430904 ], [ 1978591.620049564167857, 802898.124554886715487 ], [ 1978717.371760956477374, 802867.031604325165972 ], [ 1978839.470301388530061, 802823.762551676947623 ], [ 1978956.739795170258731, 802768.734101572306827 ], [ 1979068.050872970372438, 802702.476208067266271 ], [ 1979172.3315482607577, 802625.626970896730199 ], [ 1979268.577541132923216, 802538.926490224548616 ], [ 1979355.861950061982498, 802443.209739074925892 ], [ 1979433.344178475439548, 802339.39852208562661 ], [ 1979500.278030157554895, 802228.492598025128245 ], [ 1979556.018895527115092, 802111.560051569482312 ], [ 1979600.029959579231218, 801989.727007062989287 ], [ 1979631.887371708406135, 801864.16678332479205 ], [ 1979651.284327620640397, 801736.088593947933987 ], [ 1979670.35384330060333, 801548.329455035971478 ], [ 1979677.103539706906304, 801418.96676299860701 ], [ 1979671.140973341651261, 801289.565401742001995 ], [ 1979652.523566977819428, 801161.371577112935483 ], [ 1979621.430616416269913, 801035.619865720625967 ], [ 1979578.161563768051565, 800913.521325288456865 ], [ 1979523.133113663410768, 800796.25183150684461 ], [ 1979456.875220158370212, 800684.940753706730902 ], [ 1979380.025982987834141, 800580.660078416345641 ], [ 1979293.325502315536141, 800484.414085544180125 ], [ 1979197.608751165913418, 800397.129676615237258 ], [ 1979093.797534176614136, 800319.647448201663792 ], [ 1978982.891610116232187, 800252.713596519548446 ], [ 1978865.959063660586253, 800196.972731149988249 ], [ 1978744.126019153976813, 800152.961667097872123 ], [ 1978618.565795416012406, 800121.104254968813621 ], [ 1978490.487606039037928, 800101.707299056579359 ], [ 1978361.12491400167346, 800094.957602650043555 ], [ 1978231.723552745068446, 800100.920169015531428 ], [ 1978103.529728116001934, 800119.537575379246846 ], [ 1977977.778016723692417, 800150.63052594079636 ], [ 1977855.67947629163973, 800193.899578589014709 ], [ 1977738.40998250991106, 800248.928028693655506 ], [ 1977627.098904709797353, 800315.185922198696062 ], [ 1977522.818229419412091, 800392.035159369232133 ], [ 1977426.572236547246575, 800478.735640041413717 ], [ 1977339.287827618187293, 800574.45239119103644 ], [ 1977261.805599204730242, 800678.263608180335723 ], [ 1977194.871747522614896, 800789.169532240834087 ], [ 1977139.130882153054699, 800906.102078696480021 ], [ 1977095.119818100938573, 801027.935123202973045 ], [ 1977063.262405971763656, 801153.495346941170283 ], [ 1977043.865450059529394, 801281.573536318028346 ], [ 1977024.795934379566461, 801469.332675229990855 ] ] ] } },
{ "type": "Feature", "properties": { "FID": 95, "FeatureTyp": "Paved Greenway", "Label": "Fordham Boulevard Sidepath", "Fr_St": "Service Road", "To_St": "Wegmans/SECU Driveway", "Notes": " ", "Shape_Leng": 402.41584322800003, "GlobalID": "f6bc9eeb-4e50-4e1b-8e38-84c0c8d5080e" }, "geometry": { "type": "Polygon", "coordinates": [ [ [ 1996543.837553080171347, 800228.187564816791564 ], [ 1996630.795193925965577, 800324.408135626581497 ], [ 1996726.775524143362418, 800411.630872110486962 ], [ 1996830.852010221453384, 800489.013781037880108 ], [ 1996942.019963471218944, 800555.809856661246158 ], [ 1996974.210873717442155, 800573.0589185586432 ], [ 1997065.925504319369793, 800648.397533925250173 ], [ 1997173.599972441792488, 800720.414708316209726 ], [ 1997287.814876058371738, 800781.531156876357272 ], [ 1997407.470263210823759, 800831.158294796361588 ], [ 1997531.413787110475823, 800868.818185609066859 ], [ 1997658.451803868170828, 800894.148143978905864 ], [ 1997787.360867936164141, 800906.904228560277261 ], [ 1997916.899514558725059, 800906.963591285166331 ], [ 1998045.820215755840763, 800894.325660458183847 ], [ 1998172.88139469968155, 800869.112146261846647 ], [ 1998296.859382778406143, 800831.565868620993569 ], [ 1998416.560204193461686, 800782.0484187140828 ], [ 1998530.831074599409476, 800721.036676652845927 ], [ 1998638.571503047831357, 800649.118218865594827 ], [ 1998738.743890315527096, 800566.985659415484406 ], [ 1998830.383521553361788, 800475.429979748325422 ], [ 1998912.607857017312199, 800375.332911108620465 ], [ 1998984.625031408155337, 800267.65844298619777 ], [ 1999045.741479968419299, 800153.44353936961852 ], [ 1999095.368617888307199, 800033.788152217282914 ], [ 1999133.028508701128885, 799909.844628317398019 ], [ 1999158.358467071084306, 799782.80661155981943 ], [ 1999171.114551652222872, 799653.897547491826117 ], [ 1999171.173914377111942, 799524.358900869265199 ], [ 1999158.535983550362289, 799395.43819967226591 ], [ 1999133.322469353908673, 799268.377020728425123 ], [ 1999121.118097423808649, 799219.559533071471378 ], [ 1999080.855613744817674, 799088.05141875857953 ], [ 1999027.128185554407537, 798961.446461580111645 ], [ 1998960.519076496595517, 798841.119081850163639 ], [ 1998881.751393428072333, 798728.375550655880943 ], [ 1998791.680236387066543, 798624.439809010364115 ], [ 1998691.283415647922084, 798530.440180779085495 ], [ 1998581.65083663770929, 798447.39712362375576 ], [ 1998463.972667948808521, 798376.212150938808918 ], [ 1998323.724063101224601, 798301.061841502320021 ], [ 1998275.108624514192343, 798264.89334612316452 ], [ 1998164.099335820414126, 798198.131063984008506 ], [ 1998047.080739216413349, 798142.571073509054258 ], [ 1997925.179787756642327, 798098.748447778867558 ], [ 1997799.570454241009429, 798067.085222635068931 ], [ 1997671.462425216566771, 798047.886332244612277 ], [ 1997542.089451033854857, 798041.336672417237423 ], [ 1997412.697464156663045, 798047.499319957569242 ], [ 1997284.532580151688308, 798066.314925200655125 ], [ 1997158.829096913337708, 798097.602283582673408 ], [ 1997036.797607702435926, 798141.060080738738179 ], [ 1996919.613342468626797, 798196.269794325926341 ], [ 1996808.404849746031687, 798262.699724621605128 ], [ 1996704.243128112284467, 798339.710115082911216 ], [ 1996608.131311886943877, 798426.559313551406376 ], [ 1996520.995010400656611, 798522.410914769163355 ], [ 1996443.673393870238215, 798626.341815418796614 ], [ 1996376.911111731082201, 798737.351104112574831 ], [ 1996321.351121256127954, 798854.369700716459192 ], [ 1996277.528495525941253, 798976.270652176463045 ], [ 1996245.86527038202621, 799101.879985691979527 ], [ 1996226.666379991685972, 799229.98801471630577 ], [ 1996220.116720164427534, 799359.360988899017684 ], [ 1996226.279367704642937, 799488.752975776209496 ], [ 1996245.094972947845235, 799616.917859781417064 ], [ 1996276.382331329630688, 799742.621343019534834 ], [ 1996319.840128485811874, 799864.652832230669446 ], [ 1996375.049842072883621, 799981.837097464245744 ], [ 1996441.479772368678823, 800093.045590186840855 ], [ 1996518.490162830101326, 800197.20731182070449 ], [ 1996543.837553080171347, 800228.187564816791564 ] ] ] } },
{ "type": "Feature", "properties": { "FID": 96, "FeatureTyp": "Paved Greenway", "Label": "Chapel Hill North Greenway", "Fr_St": "Perkins Drive", "To_St": "Old University Station Road", "Notes": " ", "Shape_Leng": 566.99953874100004, "GlobalID": "b2b6f5cb-4eff-4dbd-b70e-e6059d775169" }, "geometry": { "type": "Polygon", "coordinates": [ [ [ 1983141.685713067883626, 805185.262353470898233 ], [ 1983031.647475774167106, 805184.907249615644105 ], [ 1982902.692276626825333, 805197.188174077076837 ], [ 1982775.561773106921464, 805222.049782381509431 ], [ 1982651.48030145955272, 805259.252643650281243 ], [ 1982531.64283408690244, 805308.438473992282525 ], [ 1982417.203471309272572, 805369.13358697341755 ], [ 1982309.264326749369502, 805440.753455476602539 ], [ 1982208.864913374884054, 805522.608341016573831 ], [ 1982116.972132420167327, 805613.909936299198307 ], [ 1982034.470961599843577, 805713.778957051341422 ], [ 1981962.155932288384065, 805821.253610009211116 ], [ 1981900.723477749852464, 805935.298855513334274 ], [ 1981850.765226103365421, 806054.816375505877659 ], [ 1981812.76230262266472, 806178.655150934355333 ], [ 1981787.080696235178038, 806305.622546694357879 ], [ 1981773.967734849313274, 806434.495797357289121 ], [ 1981773.549703451804817, 806564.033783069928177 ], [ 1981785.830627913121134, 806692.988982217153534 ], [ 1981810.692236217670143, 806820.119485737173818 ], [ 1981847.895097486441955, 806944.200957384309731 ], [ 1981897.080927828326821, 807064.038424757076427 ], [ 1981957.776040809461847, 807178.477787534589879 ], [ 1982029.395909312646836, 807286.41693209449295 ], [ 1982111.250794852618128, 807386.816345469094813 ], [ 1982202.552390135126188, 807478.70912642381154 ], [ 1982302.421410887269303, 807561.21029724413529 ], [ 1982409.896063845371827, 807633.525326555478387 ], [ 1982523.941309349378571, 807694.957781094126403 ], [ 1982619.287903429474682, 807740.430459174211137 ], [ 1982742.665198652073741, 807791.777050462784246 ], [ 1982870.601838348666206, 807830.385930743068457 ], [ 1983001.78655791352503, 807855.861384930787608 ], [ 1983134.874802104197443, 807867.942306735552847 ], [ 1983268.502505829557776, 807866.504874824895523 ], [ 1983345.553444160381332, 807857.835874671000056 ], [ 1983440.418253036215901, 807865.565628506592475 ], [ 1983582.800484472420067, 807861.769688057014719 ], [ 1983723.944824336795136, 807842.654659495106898 ], [ 1983862.20790106896311, 807808.443102892138995 ], [ 1983915.015210158890113, 807792.307636466110125 ], [ 1984036.400918608997017, 807748.626070941681974 ], [ 1984152.942936531733721, 807693.3040369853843 ], [ 1984263.528110449900851, 807626.869944140664302 ], [ 1984367.100183803355321, 807549.958339009666815 ], [ 1984462.669885806972161, 807463.303844368318096 ], [ 1984474.40477047697641, 807451.568959703319706 ], [ 1984559.336913914885372, 807358.091837215586565 ], [ 1984634.946535733062774, 807256.92550632415805 ], [ 1984700.541439849883318, 807148.996131400228478 ], [ 1984755.521113598253578, 807035.291791588417254 ], [ 1984799.382225341396406, 806916.853435072349384 ], [ 1984831.723232405260205, 806794.765349332476035 ], [ 1984849.325559405377135, 806712.620828588493168 ], [ 1984870.219808992464095, 806584.778367618331686 ], [ 1984878.482694619800895, 806455.503508446738124 ], [ 1984874.034640182042494, 806326.041238636360504 ], [ 1984856.918482874520123, 806197.638350616907701 ], [ 1984827.299060649238527, 806071.531434391974472 ], [ 1984785.461624733405188, 805948.934968501911499 ], [ 1984731.809092506067827, 805831.029623931273818 ], [ 1984666.858167181489989, 805718.950893601984717 ], [ 1984591.234361676732078, 805613.778156955493614 ], [ 1984505.665974579053, 805516.524284939048812 ], [ 1984410.977076232200488, 805428.125885504530743 ], [ 1984308.079572489717975, 805349.434283561888151 ], [ 1984197.964422562159598, 805281.207322255009785 ], [ 1984081.692095538368449, 805224.10206451814156 ], [ 1983960.382357488386333, 805178.668465199996717 ], [ 1983835.203487504506484, 805145.34407469863072 ], [ 1983707.361026534345001, 805124.44982511154376 ], [ 1983578.086167362751439, 805116.18693948420696 ], [ 1983448.623897552490234, 805120.634993922081776 ], [ 1983320.221009532921016, 805137.751151229487732 ], [ 1983194.114093307871372, 805167.370573454769328 ], [ 1983141.685713067883626, 805185.262353470898233 ] ] ] } },
{ "type": "Feature", "properties": { "FID": 97, "FeatureTyp": "Paved Greenway", "Label": "Meadowmont Greenway Connector", "Fr_St": "Meadowmont Lane", "To_St": "Parkridge Avenue", "Notes": " ", "Shape_Leng": 1081.7663475300001, "GlobalID": "81a1a1b4-39bf-46a4-95c2-557e557d0092" }, "geometry": { "type": "Polygon", "coordinates": [ [ [ 1995714.546655084239319, 787395.330617948900908 ], [ 1995714.949946873355657, 787424.802073192433454 ], [ 1995730.236466861562803, 787557.35863382765092 ], [ 1995758.827525190543383, 787687.694625957286917 ], [ 1995800.430960765574127, 787814.478195906616747 ], [ 1995854.621643984457478, 787936.413790845312178 ], [ 1995920.845820972928777, 788052.255397545872256 ], [ 1995998.426772184669971, 788160.819274917128496 ], [ 1996086.571727538947016, 788260.996050201239996 ], [ 1996184.379967436427251, 788351.762055230559781 ], [ 1996290.852026866050437, 788432.189786900300533 ], [ 1996404.899908558698371, 788501.457384969107807 ], [ 1996525.358200812712312, 788558.857030334067531 ], [ 1996650.995986392255872, 788603.802177963778377 ], [ 1996780.529420799110085, 788635.833550577517599 ], [ 1996911.022270039189607, 788661.180940826539882 ], [ 1996996.72407321468927, 788674.920992711675353 ], [ 1997063.049012476578355, 788683.328360975952819 ], [ 1997067.975118204252794, 788683.955314195714891 ], [ 1997069.070583021035418, 788684.174410221865401 ], [ 1997196.608511136146262, 788703.258311231504194 ], [ 1997224.772496786201373, 788706.074578572530299 ], [ 1997230.343708410160616, 788706.352433330263011 ], [ 1997276.500728870974854, 788727.122949856566265 ], [ 1997399.271505269454792, 788768.446078432025388 ], [ 1997525.501481715356931, 788797.536584429908544 ], [ 1997653.974994531134143, 788814.114310375065543 ], [ 1997783.454773557372391, 788818.019603704451583 ], [ 1997912.693857741774991, 788809.214854308287613 ], [ 1998040.447604053886607, 788787.784856736543588 ], [ 1998165.48567407974042, 788753.93599358049687 ], [ 1998286.603882852010429, 788707.994247896247543 ], [ 1998402.635795810492709, 788650.40206380886957 ], [ 1998512.463962203590199, 788581.714085534331389 ], [ 1998615.030676750931889, 788502.591815851978026 ], [ 1998709.348165922798216, 788413.797245471505448 ], [ 1998794.508100739214569, 788316.185514645767398 ], [ 1998869.690344474744052, 788210.69667770259548 ], [ 1998934.170851023402065, 788098.346649807877839 ], [ 1998987.328637858619913, 787980.217423146823421 ], [ 1999028.651766433846205, 787857.446646748459898 ], [ 1999057.742272431729361, 787731.216670302674174 ], [ 1999074.319998377002776, 787602.743157486896962 ], [ 1999078.225291706388816, 787473.263378460425884 ], [ 1999073.518530196975917, 787404.175943988841027 ], [ 1999075.153968084137887, 787392.953552728169598 ], [ 1999081.180060683051124, 787263.55513426521793 ], [ 1999074.493873058352619, 787134.189144191448577 ], [ 1999055.159796851454303, 787006.101447709836066 ], [ 1999023.364029785385355, 786880.52559935755562 ], [ 1998979.412782478611916, 786758.670963200740516 ], [ 1998923.729329468682408, 786641.711065998184495 ], [ 1998856.849932847777382, 786530.772295496892184 ], [ 1998779.418677765410393, 786426.923052701866254 ], [ 1998692.181269536260515, 786331.163462591124699 ], [ 1998595.977852090261877, 786244.415742364828475 ], [ 1998491.734916927758604, 786167.515319989994168 ], [ 1998380.456380499061197, 786101.20278857217636 ], [ 1998263.213915941305459, 786046.116774038993753 ], [ 1998141.136632279492915, 786002.787784823332913 ], [ 1998015.400200489209965, 785971.633102777646855 ], [ 1997887.215531143127009, 785952.95276452077087 ], [ 1997757.817112680291757, 785946.926671921741217 ], [ 1997628.451122606405988, 785953.612859546672553 ], [ 1997500.363426124909893, 785972.94693575357087 ], [ 1997472.943073540693149, 785979.889760787831619 ], [ 1997462.208684020908549, 785975.487716673407704 ], [ 1997338.116077532293275, 785938.322013295372017 ], [ 1997210.978134898468852, 785913.498475361499004 ], [ 1997082.019264007452875, 785901.256167112034746 ], [ 1996952.481409282423556, 785901.712988667888567 ], [ 1996823.612091076560318, 785914.864540587645024 ], [ 1996696.652391371550038, 785940.584166237036698 ], [ 1996572.825001478660852, 785978.624171561212279 ], [ 1996453.322446853620932, 786028.618210514076054 ], [ 1996339.29560242430307, 786090.084813171066344 ], [ 1996231.842609035549685, 786162.432022547465749 ], [ 1996131.998297753976658, 786244.963095468119718 ], [ 1996040.724223877536133, 786336.883212584536523 ], [ 1995958.899406632874161, 786437.307132920366712 ], [ 1995887.311863740207627, 786545.267719225375913 ], [ 1995826.651022371370345, 786659.725252036354505 ], [ 1995777.501079589594156, 786779.577442743233405 ], [ 1995740.335376211442053, 786903.670049231848679 ], [ 1995715.511838277569041, 787030.807991865789518 ], [ 1995703.269530028104782, 787159.766862756689079 ], [ 1995703.726351584075019, 787289.304717481834814 ], [ 1995714.546655084239319, 787395.330617948900908 ] ] ] } },
{ "type": "Feature", "properties": { "FID": 98, "FeatureTyp": "Paved Greenway", "Label": "Cedar Falls Park Trail", "Fr_St": " ", "To_St": " ", "Notes": " ", "Shape_Leng": 1284.06701757, "GlobalID": "b4f95769-a2ad-4bc5-b814-ee1092c0dc36" }, "geometry": { "type": "Polygon", "coordinates": [ [ [ 1991697.485477771610022, 803918.78397825488355 ], [ 1991697.539808032335714, 803916.83758955320809 ], [ 1991692.84675165801309, 803845.968727436498739 ], [ 1991692.920715848682448, 803845.96483436296694 ], [ 1991691.099197188625112, 803811.357948198914528 ], [ 1991689.464840368367732, 803794.899192839046009 ], [ 1991689.341271043056622, 803793.033198318094946 ], [ 1991688.851704483386129, 803788.724621039349586 ], [ 1991679.001901858020574, 803689.532394622918218 ], [ 1991655.669959219871089, 803569.351570399128832 ], [ 1991647.139173877425492, 803540.183491312316619 ], [ 1991645.66640615509823, 803517.127672856906429 ], [ 1991624.777101236395538, 803389.284403840778396 ], [ 1991591.457552391337231, 803264.104245039517991 ], [ 1991546.028645089361817, 803142.792749813059345 ], [ 1991488.927884541917592, 803026.518214175943285 ], [ 1991420.705182287376374, 802916.400425468571484 ], [ 1991342.017560242908075, 802813.499878192553297 ], [ 1991253.622823223471642, 802718.807560869376175 ], [ 1991156.372260868549347, 802633.235412279027514 ], [ 1991051.202449256088585, 802557.607538990792818 ], [ 1990939.126231163274497, 802492.652278766967356 ], [ 1990821.222961837658659, 802438.995186271495186 ], [ 1990698.628114215331152, 802397.153008637251332 ], [ 1990572.522343695862219, 802367.528708908008412 ], [ 1990444.120117786107585, 802350.407585284439847 ], [ 1990314.658020113129169, 802345.954523546504788 ], [ 1990185.382841448765248, 802354.212409112951718 ], [ 1990057.539572432637215, 802375.101714031421579 ], [ 1989932.359413631493226, 802408.421262876596302 ], [ 1989811.047918404918164, 802453.850170178571716 ], [ 1989694.773382767802104, 802510.95093072601594 ], [ 1989584.655594060430303, 802579.173632980557159 ], [ 1989481.755046784412116, 802657.861255025141872 ], [ 1989387.06272946135141, 802746.255992044345476 ], [ 1989301.490580870769918, 802843.50655439926777 ], [ 1989225.862707582535222, 802948.676366011844948 ], [ 1989160.907447358826175, 803060.752584104659036 ], [ 1989107.25035486347042, 803178.655853430274874 ], [ 1989099.812169227749109, 803200.449251531157643 ], [ 1989026.177350323880091, 803265.041880253236741 ], [ 1988937.637785447062925, 803359.598794036312029 ], [ 1988858.792761062970385, 803462.37878538959194 ], [ 1988790.401597857475281, 803572.392026811372489 ], [ 1988733.122940118424594, 803688.579030647175387 ], [ 1988687.508412631694227, 803809.820852535893209 ], [ 1988653.997308232355863, 803934.949867455172352 ], [ 1988632.912357175024226, 804062.761014588875696 ], [ 1988624.456619064323604, 804192.023402721388265 ], [ 1988628.711527280742303, 804321.492164393072017 ], [ 1988645.636104732053354, 804449.920444654184394 ], [ 1988675.067358485655859, 804576.071408959687687 ], [ 1988716.721849479246885, 804698.730154562275857 ], [ 1988770.198422193760052, 804816.715410689706914 ], [ 1988804.086242928402498, 804875.393543538288213 ], [ 1988804.880230157636106, 804878.068101892014965 ], [ 1988848.257827292196453, 804981.556471262010746 ], [ 1988881.974186085164547, 805067.257461665314622 ], [ 1988940.986063067801297, 805182.57382159633562 ], [ 1989011.016761566512287, 805291.550726307788864 ], [ 1989091.391847672639415, 805393.138668634579517 ], [ 1989181.337265369016677, 805486.359301158343442 ], [ 1989279.986791114555672, 805570.314858228317462 ], [ 1989386.39037604839541, 805644.196801935206167 ], [ 1989499.523295482154936, 805707.293608773150481 ], [ 1989618.296017556684092, 805758.997622000053525 ], [ 1989741.564696030458435, 805798.810903704143129 ], [ 1989868.14218614436686, 805826.350030218600295 ], [ 1989996.809477474307641, 805841.349784700665623 ], [ 1990126.327433668309823, 805843.665711314766668 ], [ 1990255.448726006085053, 805833.275506421923637 ], [ 1990382.929845858132467, 805810.279233374865726 ], [ 1990507.543080351315439, 805774.898358854232356 ], [ 1990628.088335917331278, 805727.473620022647083 ], [ 1990743.404695848468691, 805668.461743040243164 ], [ 1990852.381600559921935, 805598.431044541415758 ], [ 1990953.969542886596173, 805518.055958435405046 ], [ 1991047.190175410360098, 805428.110540738911368 ], [ 1991131.145732480334118, 805329.461014993488789 ], [ 1991205.027676187222824, 805223.05743005941622 ], [ 1991216.604490117635578, 805202.300139424391091 ], [ 1991296.14300404721871, 805135.977267220616341 ], [ 1991387.021824930328876, 805043.666355581721291 ], [ 1991468.414987871423364, 804942.89226407406386 ], [ 1991539.538632216863334, 804834.625502287526615 ], [ 1991599.707798391580582, 804719.908738322788849 ], [ 1991648.343024433823302, 804599.846757327322848 ], [ 1991684.975926529616117, 804475.595821810653433 ], [ 1991709.253709806594998, 804348.352536204271019 ], [ 1991720.942565939854831, 804219.342322906944901 ], [ 1991719.929924855241552, 804089.807620796840638 ], [ 1991706.22553884005174, 803960.995919866138138 ], [ 1991697.485477771610022, 803918.78397825488355 ] ] ] } },
{ "type": "Feature", "properties": { "FID": 99, "FeatureTyp": "Paved Greenway", "Label": "Municipal Services Center Trail", "Fr_St": " ", "To_St": " ", "Notes": " ", "Shape_Leng": 702.18162726599996, "GlobalID": "b0dd3a60-fb23-44ad-b2af-474dc64dc3eb" }, "geometry": { "type": "Polygon", "coordinates": [ [ [ 1978326.269484285730869, 812003.758733906550333 ], [ 1978436.237054740311578, 812049.367690293234773 ], [ 1978560.180623699212447, 812087.027432810747996 ], [ 1978687.218670763308182, 812112.357239183038473 ], [ 1978816.127750093583018, 812125.113169527961873 ], [ 1978945.666396786924452, 812125.172377263312228 ], [ 1979074.587082863086835, 812112.534292186144739 ], [ 1979201.648231639526784, 812087.320625964435749 ], [ 1979325.626174794975668, 812049.7741999871796 ], [ 1979445.326936963712797, 812000.256606861483306 ], [ 1979559.597734370734543, 811939.244728078134358 ], [ 1979667.338076770538464, 811867.326141382334754 ], [ 1979767.51036576856859, 811785.193462078692392 ], [ 1979859.149887462379411, 811693.637672767159529 ], [ 1979941.374103162670508, 811593.540505748358555 ], [ 1980013.39114872389473, 811485.865951459272765 ], [ 1980074.507460628869012, 811371.650974718621001 ], [ 1980124.134455384453759, 811251.995528188650496 ], [ 1980161.794197901850566, 811128.051959229866043 ], [ 1980187.124004274141043, 811001.013912165770307 ], [ 1980199.879934619180858, 810872.104832835495472 ], [ 1980199.939142354531214, 810742.566186142037623 ], [ 1980187.30105727724731, 810613.645500065991655 ], [ 1980162.087391055654734, 810486.584351289551705 ], [ 1980145.960126715479419, 810422.075622040545568 ], [ 1980109.406938153319061, 810300.887469276669435 ], [ 1980061.413898253347725, 810183.757745954440907 ], [ 1980002.422339815413579, 810071.763549687690102 ], [ 1979932.974735450232401, 809965.934752981294878 ], [ 1979853.70970912813209, 809867.244532763957977 ], [ 1979765.356163541553542, 809776.600421280134469 ], [ 1979668.726577286608517, 809694.835960635100491 ], [ 1979564.709533498156816, 809622.703037736588158 ], [ 1979454.261548647657037, 809560.864970117574558 ], [ 1979338.398276640335098, 809509.890406223479658 ], [ 1979218.18516909959726, 809470.248096253490075 ], [ 1979088.219221679726616, 809434.198955755564384 ], [ 1978983.948680975474417, 809409.785141991800629 ], [ 1978878.042249200865626, 809393.904094480792992 ], [ 1978747.127484800759703, 809379.674464144743979 ], [ 1978627.104197693988681, 809372.139106816379353 ], [ 1978596.297271203482524, 809373.015403537661768 ], [ 1978499.470450686989352, 809365.522799085825682 ], [ 1978395.117969096871093, 809363.625493164872751 ], [ 1978361.759034883696586, 809363.440575677785091 ], [ 1978227.998475633794442, 809364.389392677810974 ], [ 1978098.664190953597426, 809371.663133046822622 ], [ 1977970.665637435158715, 809391.578825098695233 ], [ 1977845.235511119943112, 809423.944669832009822 ], [ 1977723.581772691803053, 809468.448966469150037 ], [ 1977606.876014154171571, 809524.663114304770716 ], [ 1977496.242175759747624, 809592.045740365516394 ], [ 1977392.745721850777045, 809669.947913127369247 ], [ 1977297.383379855426028, 809757.619392080930993 ], [ 1977211.073541257530451, 809854.215852957684547 ], [ 1977134.647416984429583, 809958.807019034633413 ], [ 1977068.841032391879708, 810070.385620206943713 ], [ 1977014.288138936506584, 810187.877093550283462 ], [ 1976971.514110804302618, 810310.149931948864833 ], [ 1976940.930885268608108, 810436.026581128011458 ], [ 1976922.83299550996162, 810564.294780144817196 ], [ 1976917.394734099972993, 810693.719236124190502 ], [ 1976924.668474468868226, 810823.053520804503933 ], [ 1976944.584166520740837, 810951.05207432305906 ], [ 1976976.950011254055426, 811076.482200638158247 ], [ 1977021.45430789119564, 811198.135939066414721 ], [ 1977077.668455726699904, 811314.841697604046203 ], [ 1977145.051081787561998, 811425.47553599847015 ], [ 1977222.953254549298435, 811528.971989907324314 ], [ 1977310.624733502976596, 811624.334331902558915 ], [ 1977407.22119437973015, 811710.644170500454493 ], [ 1977511.812360456679016, 811787.070294773555361 ], [ 1977623.390961628872901, 811852.876679366338067 ], [ 1977740.882434972329065, 811907.429572821594775 ], [ 1977863.155273370910436, 811950.203600953915156 ], [ 1977989.031922550173476, 811980.786826489493251 ], [ 1978117.300121566746384, 811998.884716248256154 ], [ 1978246.724577546352521, 812004.322977658244781 ], [ 1978326.269484285730869, 812003.758733906550333 ] ] ] } },
{ "type": "Feature", "properties": { "FID": 100, "FeatureTyp": "Paved Greenway", "Label": "Neighborhood Connector", "Fr_St": "Highgrove Drive", "To_St": "Cobble Ridge Drive", "Notes": " ", "Shape_Leng": 85.626160869700001, "GlobalID": "27f820f1-9300-4835-8bc5-d3d1ebe31663" }, "geometry": { "type": "Polygon", "coordinates": [ [ [ 1978810.084723490756005, 780398.751264976337552 ], [ 1978939.302856072084978, 780389.644196024746634 ], [ 1979067.006119170924649, 780367.915388265042566 ], [ 1979191.964660553494468, 780333.774101994000375 ], [ 1979312.97506115748547, 780287.549136462039314 ], [ 1979428.871924673672765, 780229.68566335644573 ], [ 1979538.539100950816646, 780160.740939554525539 ], [ 1979640.920435131061822, 780081.37894043547567 ], [ 1979735.029938999330625, 779992.363965434487909 ], [ 1979819.961286587407812, 779894.553277421509847 ], [ 1979894.896542590344325, 779788.888846790767275 ], [ 1979959.11403952841647, 779676.38827977119945 ], [ 1980011.995327801909298, 779558.135018322383985 ], [ 1980053.031131696421653, 779435.267905995831825 ], [ 1980081.826253988081589, 779308.970220249262638 ], [ 1980098.103381908498704, 779180.458276837831363 ], [ 1980101.70575781725347, 779050.969716028193943 ], [ 1980092.598688865778968, 778921.751583446748555 ], [ 1980070.869881106074899, 778794.0483203480253 ], [ 1980036.728594834916294, 778669.089778965339065 ], [ 1979990.503629303071648, 778548.079378361464478 ], [ 1979932.640156197594479, 778432.182514845393598 ], [ 1979863.695432395441458, 778322.515338568249717 ], [ 1979784.333433276508003, 778220.134004387771711 ], [ 1979695.318458275636658, 778126.024500519619323 ], [ 1979597.507770262425765, 778041.09315293142572 ], [ 1979491.843339631799608, 777966.157896928722039 ], [ 1979379.342772612115368, 777901.940399990417063 ], [ 1979261.089511163299903, 777849.059111717157066 ], [ 1979138.222398836864159, 777808.023307822644711 ], [ 1979011.924713090294972, 777779.228185530868359 ], [ 1978883.412769678980112, 777762.951057610567659 ], [ 1978753.924208869226277, 777759.348681701580063 ], [ 1978668.317424699198455, 777761.170200360589661 ], [ 1978539.099292117869481, 777770.277269312180579 ], [ 1978411.396029019029811, 777792.006077071884647 ], [ 1978286.437487636459991, 777826.147363342926838 ], [ 1978165.427087032468989, 777872.372328874887899 ], [ 1978049.530223516281694, 777930.235801980481483 ], [ 1977939.863047239137813, 777999.180525782401673 ], [ 1977837.481713058892637, 778078.542524901451543 ], [ 1977743.372209190623835, 778167.557499902439304 ], [ 1977658.440861602546647, 778265.368187915417366 ], [ 1977583.505605599610135, 778371.032618546159938 ], [ 1977519.28810866153799, 778483.533185565727763 ], [ 1977466.406820388045162, 778601.786447014543228 ], [ 1977425.371016493532807, 778724.653559341095388 ], [ 1977396.57589420187287, 778850.951245087664574 ], [ 1977380.298766281455755, 778979.46318849909585 ], [ 1977376.696390372700989, 779108.95174930873327 ], [ 1977385.803459324175492, 779238.169881890178658 ], [ 1977407.53226708387956, 779365.873144988901913 ], [ 1977441.673553355038166, 779490.831686371588148 ], [ 1977487.898518886882812, 779611.842086975462735 ], [ 1977545.761991992359981, 779727.738950491533615 ], [ 1977614.706715794513002, 779837.406126768677495 ], [ 1977694.068714913446456, 779939.787460949155502 ], [ 1977783.083689914317802, 780033.896964817307889 ], [ 1977880.894377927528694, 780118.828312405501492 ], [ 1977986.558808558154851, 780193.763568408205174 ], [ 1978099.059375577839091, 780257.98106534651015 ], [ 1978217.312637026654556, 780310.862353619770147 ], [ 1978340.179749353090301, 780351.898157514282502 ], [ 1978466.477435099659488, 780380.693279806058854 ], [ 1978594.989378510974348, 780396.970407726359554 ], [ 1978724.477939320728183, 780400.57278363534715 ], [ 1978810.084723490756005, 780398.751264976337552 ] ] ] } },
{ "type": "Feature", "properties": { "FID": 101, "FeatureTyp": "Paved Greenway", "Label": "Booker Creek Basin Park", "Fr_St": " ", "To_St": " ", "Notes": " ", "Shape_Leng": 1866.0938561299999, "GlobalID": "50cb52b2-04bc-4e3d-b5eb-cfd091c02a97" }, "geometry": { "type": "Polygon", "coordinates": [ [ [ 1991247.957046715309843, 795883.426944571663626 ], [ 1991316.40459340531379, 795955.737776478868909 ], [ 1991407.873426710953936, 796036.057114598690532 ], [ 1991506.352359499316663, 796107.608797592227347 ], [ 1991611.00390579062514, 796169.784334591357037 ], [ 1991642.089473540429026, 796186.363369665341452 ], [ 1991777.471155927982181, 796249.014024686650373 ], [ 1991919.057258617831394, 796295.989337626146153 ], [ 1992065.039494961732998, 796326.689356726128608 ], [ 1992119.612220471724868, 796334.978710231138393 ], [ 1992250.329643282806501, 796348.220319295302033 ], [ 1992381.715913562569767, 796348.4014792740345 ], [ 1992512.469355255132541, 796335.520395371131599 ], [ 1992641.294561892747879, 796309.704683649004437 ], [ 1992766.915230506332591, 796271.210106705664657 ], [ 1992820.968828698853031, 796248.552202324266545 ], [ 1992894.142324475105852, 796232.053114593378268 ], [ 1993017.107245717663318, 796191.311334606260061 ], [ 1993135.486664488445967, 796138.713067484553903 ], [ 1993248.140522272093222, 796074.764863293734379 ], [ 1993353.983900835039094, 796000.082578197936527 ], [ 1993451.997470581671223, 795915.385443428182043 ], [ 1993541.237307256087661, 795821.48913869226817 ], [ 1993620.843982447404414, 795719.297936733812094 ], [ 1993690.050840356154367, 795609.79599469108507 ], [ 1993748.191381108481437, 795494.037876125774346 ], [ 1993794.705679513746873, 795373.138394999667071 ], [ 1993829.145777451340109, 795248.261879406054504 ], [ 1993851.179997951025143, 795120.610958454897627 ], [ 1993852.52930939104408, 795102.097471605637111 ], [ 1993905.174318993696943, 795009.972210996551439 ], [ 1993961.219792193733156, 794882.222946443362162 ], [ 1993977.107883773744106, 794840.08457928232383 ], [ 1994016.806763432454318, 794716.779009876190685 ], [ 1994044.228422835236415, 794590.176019831211306 ], [ 1994059.108776411274448, 794461.494865149608813 ], [ 1994061.304518221411854, 794331.974815695430152 ], [ 1994050.794502071803436, 794202.863220347557217 ], [ 1994027.679945163428783, 794075.403494348865934 ], [ 1993992.183453314704821, 793950.823144537396729 ], [ 1993944.646877146558836, 793830.321947784163058 ], [ 1993885.528019873658195, 793715.060396486776881 ], [ 1993815.39622840937227, 793606.148522392497398 ], [ 1993734.926910243229941, 793504.635206386097707 ], [ 1993644.895028898259625, 793411.498077193740755 ], [ 1993546.167640608269721, 793327.634096283232793 ], [ 1993439.69554409221746, 793253.850919635500759 ], [ 1993326.504123843275011, 793190.859119575819932 ], [ 1993207.683475115336478, 793139.265341573394835 ], [ 1993084.377905709203333, 793099.566461914451793 ], [ 1992957.774915664223954, 793072.144802511902526 ], [ 1992829.093760982621461, 793057.264448935748078 ], [ 1992699.5737115284428, 793055.068707125494257 ], [ 1992570.462116180453449, 793065.578723275102675 ], [ 1992443.002390181878582, 793088.693280183710158 ], [ 1992318.422040370292962, 793124.189772032434121 ], [ 1992197.920843617292121, 793171.72634820046369 ], [ 1992082.659292319789529, 793230.845205473364331 ], [ 1991973.747418225510046, 793300.976996937650256 ], [ 1991872.234102219110355, 793381.446315103792585 ], [ 1991827.918269273359329, 793424.284631552523933 ], [ 1991729.865042987512425, 793481.442151080584154 ], [ 1991624.885509245330468, 793557.33392921241466 ], [ 1991538.582985649816692, 793633.658176289638504 ], [ 1991483.484701211564243, 793667.623681912780739 ], [ 1991379.809076022356749, 793746.638477794476785 ], [ 1991284.432364642620087, 793835.493731735972688 ], [ 1991198.284685602411628, 793933.322922791587189 ], [ 1991122.206155439373106, 794039.172015725052916 ], [ 1991085.594352019252256, 794095.816587476059794 ], [ 1991014.833165740827098, 794219.45734958560206 ], [ 1991002.909157067537308, 794246.754806879442185 ], [ 1991001.4854654467199, 794248.943016536650248 ], [ 1990941.824018224375322, 794363.924650757340714 ], [ 1990893.720028154319152, 794484.200461426284164 ], [ 1990857.63676295732148, 794608.612126737250946 ], [ 1990833.921724202111363, 794735.961494343006052 ], [ 1990822.803300676168874, 794865.022120217094198 ], [ 1990824.388568875612691, 794994.551079980796203 ], [ 1990838.662261801306158, 795123.300938943750225 ], [ 1990865.48691598768346, 795250.031765582389198 ], [ 1990904.604195350781083, 795373.523072758107446 ], [ 1990955.637379106832668, 795492.585571675444953 ], [ 1991018.094989798730239, 795606.072625383734703 ], [ 1991091.375526492716745, 795712.891291517415084 ], [ 1991174.773257561028004, 795812.012847928563133 ], [ 1991247.957046715309843, 795883.426944571663626 ] ] ] } },
{ "type": "Feature", "properties": { "FID": 102, "FeatureTyp": "Paved Greenway", "Label": "Neighborhood Connector", "Fr_St": "Curtis Road", "To_St": "Estes Hills Elementary School", "Notes": " ", "Shape_Leng": 244.00723411800001, "GlobalID": "81fe7f70-d9f6-4ebe-8ef0-7386f3af19fc" }, "geometry": { "type": "Polygon", "coordinates": [ [ [ 1987537.358192801941186, 794426.841051414725371 ], [ 1987436.368281346512958, 794415.467493978212588 ], [ 1987306.842267529340461, 794413.657456021988764 ], [ 1987177.762542127631605, 794424.551903365994804 ], [ 1987050.372213458875194, 794448.045916526694782 ], [ 1986925.898120026802644, 794483.913235314190388 ], [ 1986805.539015395799652, 794531.808437841595151 ], [ 1986690.454023538157344, 794591.270267126150429 ], [ 1986581.751475837547332, 794661.726073247031309 ], [ 1986480.478237251285464, 794742.497328275931068 ], [ 1986387.609624428208917, 794832.806160873034969 ], [ 1986304.040012876968831, 794931.782847612514161 ], [ 1986230.574223641073331, 795038.474188894964755 ], [ 1986167.919772430788726, 795151.852688780403696 ], [ 1986116.680055862059817, 795270.826450336026028 ], [ 1986077.348540415754542, 795394.249691200209782 ], [ 1986050.304010086227208, 795520.933778093545698 ], [ 1986035.806918485090137, 795649.658674006583169 ], [ 1986033.996880528982729, 795779.184687823639251 ], [ 1986044.891327872872353, 795908.264413225348108 ], [ 1986068.385341033572331, 796035.654741894104518 ], [ 1986104.252659821184352, 796160.128835326177068 ], [ 1986152.1478623484727, 796280.48793995718006 ], [ 1986211.609691633144394, 796395.572931814822368 ], [ 1986282.065497753908858, 796504.275479515315965 ], [ 1986362.836752782808617, 796605.548718101810664 ], [ 1986453.145585379796103, 796698.417330924770795 ], [ 1986552.12227211939171, 796781.986942475894466 ], [ 1986658.813613401958719, 796855.452731711906381 ], [ 1986772.192113287281245, 796918.107182922190987 ], [ 1986891.165874842787161, 796969.346899490919895 ], [ 1987014.589115706970915, 797008.678414937341586 ], [ 1987141.273202600423247, 797035.722945266636088 ], [ 1987195.338711260585114, 797044.51656284253113 ], [ 1987208.478265056153759, 797046.585778435575776 ], [ 1987257.658284805947915, 797054.076905196649022 ], [ 1987447.799009585985914, 797069.100300415768288 ], [ 1987497.630274756113067, 797069.426087154773995 ], [ 1987563.806747897993773, 797068.199294559075497 ], [ 1987653.373169807950035, 797064.29083781701047 ], [ 1987782.355679942062125, 797052.300150921219029 ], [ 1987909.541811195202172, 797027.724705664208159 ], [ 1988033.706691596657038, 796990.801177018322051 ], [ 1988153.65454547223635, 796941.8851587488316 ], [ 1988268.230209419270977, 796881.447738851769827 ], [ 1988376.330257160589099, 796810.070962719270028 ], [ 1988476.913626142777503, 796728.442227724124677 ], [ 1988569.011643538251519, 796637.347663206979632 ], [ 1988651.737355093238875, 796537.664559621480294 ], [ 1988724.294066983507946, 796430.352919747587293 ], [ 1988785.983018409693614, 796316.446213339804672 ], [ 1988836.210111046908423, 796197.041424248483963 ], [ 1988874.491630536271259, 796073.288485865923576 ], [ 1988900.458904918050393, 795946.379206639016047 ], [ 1988913.861855145310983, 795817.535792302340269 ], [ 1988914.571403480134904, 795687.999075368861668 ], [ 1988902.580716584110633, 795559.016565234865993 ], [ 1988878.005271327216178, 795431.830433981609531 ], [ 1988841.08174268133007, 795307.665553580387495 ], [ 1988792.165724411839619, 795187.717699704691768 ], [ 1988731.728304514661431, 795073.142035757540725 ], [ 1988660.351528382394463, 794965.041988016339019 ], [ 1988578.722793387016281, 794864.4586190340342 ], [ 1988487.628228869987652, 794772.360601638676599 ], [ 1988387.945125284604728, 794689.634890083572827 ], [ 1988280.633485410595313, 794617.078178193420172 ], [ 1988166.726779002929106, 794555.38922676735092 ], [ 1988047.321989911608398, 794505.16213413013611 ], [ 1987923.569051529048011, 794466.880614640773274 ], [ 1987796.659772302024066, 794440.913340258761309 ], [ 1987667.816357965348288, 794427.51039003173355 ], [ 1987538.279641031986102, 794426.800841696909629 ], [ 1987537.358192801941186, 794426.841051414725371 ] ] ] } },
{ "type": "Feature", "properties": { "FID": 103, "FeatureTyp": "Paved Greenway", "Label": "Neighborhood Connector", "Fr_St": "Old Larkspur Way", "To_St": "Hunter Hill Road", "Notes": " ", "Shape_Leng": 186.38584218899999, "GlobalID": "68cdaad4-a735-4845-83b4-c2186340270d" }, "geometry": { "type": "Polygon", "coordinates": [ [ [ 1979676.793396707624197, 807442.965024953708053 ], [ 1979788.747038543689996, 807465.42758313624654 ], [ 1979902.223087889375165, 807478.130758542334661 ], [ 1979986.027382219443098, 807483.856468875310384 ], [ 1980115.542342859087512, 807486.334262893651612 ], [ 1980244.676519847474992, 807476.105439584702253 ], [ 1980372.186280467780307, 807453.268508108681999 ], [ 1980496.84363602171652, 807418.043400599504821 ], [ 1980617.448068030644208, 807370.76935409847647 ], [ 1980732.838089884724468, 807311.901643516146578 ], [ 1980841.902432595612481, 807242.007197085767984 ], [ 1980943.590746921719983, 807161.759136534645222 ], [ 1981036.923718807986006, 807071.930294553865679 ], [ 1981121.002500714035705, 806973.385771997156553 ], [ 1981195.017368007916957, 806867.074606486828998 ], [ 1981258.255517057143152, 806754.020632661995478 ], [ 1981310.107929916819558, 806635.312622092547826 ], [ 1981350.07523950538598, 806512.093797812471166 ], [ 1981377.772538783727214, 806385.550824457895942 ], [ 1981392.933087618323043, 806256.902380037587136 ], [ 1981395.410881636664271, 806127.387419397826307 ], [ 1981385.182058327831328, 805998.253242409438826 ], [ 1981362.345126851694658, 805870.743481789017096 ], [ 1981327.12001934251748, 805746.086126235080883 ], [ 1981279.845972841605544, 805625.481694226386026 ], [ 1981220.978262259159237, 805510.091672372072935 ], [ 1981151.083815828897059, 805401.027329661417753 ], [ 1981070.835755277657881, 805299.339015335193835 ], [ 1980981.006913296878338, 805206.006043448927812 ], [ 1980882.462390740169212, 805121.927261542878114 ], [ 1980776.151225229725242, 805047.912394248880446 ], [ 1980663.097251405008137, 804984.674245199770667 ], [ 1980544.389240835560486, 804932.821832340094261 ], [ 1980421.17041655536741, 804892.854522751411423 ], [ 1980294.627443200908601, 804865.15722347330302 ], [ 1980208.159665978746489, 804854.96744647982996 ], [ 1980081.030369217274711, 804830.229079585988075 ], [ 1979952.063779149204493, 804818.068358434014954 ], [ 1979822.526239350670949, 804818.607130834716372 ], [ 1979693.665267142700031, 804831.840208115405403 ], [ 1979566.721864129882306, 804857.640148508013226 ], [ 1979442.918564677704126, 804895.758484482765198 ], [ 1979323.447662237565964, 804945.828115626703948 ], [ 1979209.459726909641176, 805007.366844021016732 ], [ 1979102.052524822996929, 805079.78201807080768 ], [ 1979002.260446048574522, 805162.376240063691512 ], [ 1978911.044542856980115, 805254.354082491481677 ], [ 1978829.28327425965108, 805354.829748451244086 ], [ 1978757.76404596818611, 805462.835602354258299 ], [ 1978697.175627247663215, 805577.331488785450347 ], [ 1978648.101517691044137, 805697.214749768725596 ], [ 1978611.014327800367028, 805821.330843965755776 ], [ 1978586.271227488061413, 805948.484465540852398 ], [ 1978574.110506335971877, 806077.451055608922616 ], [ 1978574.649278736906126, 806206.98859540745616 ], [ 1978587.882356017595157, 806335.849567615427077 ], [ 1978613.68229641020298, 806462.792970628244802 ], [ 1978651.800632384838536, 806586.596270080422983 ], [ 1978701.870263528777286, 806706.067172520444728 ], [ 1978763.40899192309007, 806820.055107848485932 ], [ 1978835.824165972881019, 806927.462309935130179 ], [ 1978918.41838796576485, 807027.254388709436171 ], [ 1979010.396230393555015, 807118.470291901030578 ], [ 1979110.871896353317425, 807200.231560498476028 ], [ 1979218.877750256331638, 807271.750788789940998 ], [ 1979333.373636687640101, 807332.339207510580309 ], [ 1979453.25689767068252, 807381.413317067082971 ], [ 1979577.372991867829114, 807418.500506957760081 ], [ 1979676.793396707624197, 807442.965024953708053 ] ] ] } },
{ "type": "Feature", "properties": { "FID": 104, "FeatureTyp": "Paved Greenway", "Label": "Neighborhood Connector", "Fr_St": "Wellington Drive", "To_St": "Huntington Drive", "Notes": " ", "Shape_Leng": 115.613060667, "GlobalID": "5ffce80c-44e5-46a3-84f3-9e629f4e0a5d" }, "geometry": { "type": "Polygon", "coordinates": [ [ [ 1985603.782822058536112, 796081.647732802201062 ], [ 1985475.5302049939055, 796099.855717554804869 ], [ 1985349.679853931767866, 796130.546980648534372 ], [ 1985227.443776550004259, 796173.425948442192748 ], [ 1985109.999173094751313, 796228.079673036118038 ], [ 1984998.477099299198017, 796293.981809185468592 ], [ 1984893.951573697850108, 796370.497683293418959 ], [ 1984797.429234242066741, 796456.890405664569698 ], [ 1984709.839643825078383, 796552.327967155259103 ], [ 1984632.026338083902374, 796655.891251877066679 ], [ 1984564.738701689988375, 796766.582888784469105 ], [ 1984508.624751364812255, 796883.336856903973967 ], [ 1984464.224895125254989, 797005.028751698322594 ], [ 1984431.966727858409286, 797130.486613697139546 ], [ 1984412.160913348896429, 797258.502215106971562 ], [ 1984404.998192417435348, 797387.842695706058294 ], [ 1984410.547545982059091, 797517.262435961281881 ], [ 1984428.755530734779313, 797645.515053026145324 ], [ 1984459.446793828392401, 797771.365404088166542 ], [ 1984502.325761622283608, 797893.60148146993015 ], [ 1984556.979486216092482, 798011.04608492506668 ], [ 1984622.881622365443036, 798122.568158720736392 ], [ 1984699.397496473509818, 798227.093684321967885 ], [ 1984785.790218844544142, 798323.616023777867667 ], [ 1984881.227780335349962, 798411.205614194972441 ], [ 1984984.791065057041124, 798489.018919936032034 ], [ 1985095.48270196444355, 798556.306556330062449 ], [ 1985212.236670084064826, 798612.420506655005738 ], [ 1985333.928564878413454, 798656.820362894563004 ], [ 1985459.386426876997575, 798689.078530161525123 ], [ 1985587.402028287062421, 798708.884344671154395 ], [ 1985716.742508885916322, 798716.047065602615476 ], [ 1985846.16224914137274, 798710.497712037758902 ], [ 1985961.287018881412223, 798699.883231959771365 ], [ 1986089.539635946042836, 798681.675247207167558 ], [ 1986215.389987008180469, 798650.983984113438055 ], [ 1986337.626064389944077, 798608.105016319779679 ], [ 1986455.070667845197022, 798553.451291725854389 ], [ 1986566.592741640750319, 798487.549155576503836 ], [ 1986671.118267242098227, 798411.033281468553469 ], [ 1986767.640606697881594, 798324.640559097402729 ], [ 1986855.230197114869952, 798229.202997606713325 ], [ 1986933.043502856045961, 798125.639712884905748 ], [ 1987000.331139249959961, 798014.948075977503322 ], [ 1987056.44508957513608, 797898.194107857998461 ], [ 1987100.844945814693347, 797776.502213063649833 ], [ 1987133.10311308153905, 797651.044351064832881 ], [ 1987152.908927591051906, 797523.028749655000865 ], [ 1987160.071648522512987, 797393.688269055914134 ], [ 1987154.522294957889244, 797264.268528800690547 ], [ 1987136.314310205169022, 797136.015911735827103 ], [ 1987105.623047111555934, 797010.165560673805885 ], [ 1987062.744079317664728, 796887.929483292042278 ], [ 1987008.090354723855853, 796770.484879836905748 ], [ 1986942.188218574505299, 796658.962806041236036 ], [ 1986865.672344466438517, 796554.437280440004542 ], [ 1986779.279622095404193, 796457.91494098410476 ], [ 1986683.842060604598373, 796370.325350566999987 ], [ 1986580.278775882907212, 796292.512044825940393 ], [ 1986469.587138975504786, 796225.224408431909978 ], [ 1986352.833170855883509, 796169.110458106966689 ], [ 1986231.141276061534882, 796124.710601867409423 ], [ 1986105.68341406295076, 796092.452434600447305 ], [ 1985977.667812652885914, 796072.646620090818033 ], [ 1985848.327332054032013, 796065.483899159356952 ], [ 1985718.907591798575595, 796071.033252724213526 ], [ 1985603.782822058536112, 796081.647732802201062 ] ] ] } },
{ "type": "Feature", "properties": { "FID": 105, "FeatureTyp": "Paved Greenway", "Label": "North Forest Hills Park Trail", "Fr_St": "Forbush Mountain Drive", "To_St": "North Forest Hills Park Driveway", "Notes": " ", "Shape_Leng": 522.82719959099995, "GlobalID": "30022d31-0351-4592-80e0-c15cbada886f" }, "geometry": { "type": "Polygon", "coordinates": [ [ [ 1985038.522027833852917, 799848.488947368226945 ], [ 1984988.351317237596959, 799847.620210484717973 ], [ 1984859.235919430153444, 799858.083409887272865 ], [ 1984731.767820438137278, 799881.151748190401122 ], [ 1984607.174607735825703, 799916.603064685827121 ], [ 1984486.656182071426883, 799964.095943816122599 ], [ 1984371.373201765818521, 800023.173003192874603 ], [ 1984262.43590493965894, 800093.265298439539038 ], [ 1984160.893417312530801, 800173.697802436538041 ], [ 1984067.723648549057543, 800263.695906201493926 ], [ 1983983.823874454246834, 800362.392878797254525 ], [ 1983910.002095716772601, 800468.838214424322359 ], [ 1983846.969256421318278, 800582.006786311860196 ], [ 1983795.332397266989574, 800700.808719248161651 ], [ 1983755.588809435488656, 800824.09988567547407 ], [ 1983728.121245403308421, 800950.692924263188615 ], [ 1983713.194232827750966, 801079.368674846948124 ], [ 1983711.484918657690287, 801105.073019775911234 ], [ 1983709.234531127149239, 801234.349880222347565 ], [ 1983719.642651349306107, 801363.226728121284395 ], [ 1983742.609417933272198, 801490.467046116827987 ], [ 1983777.914474733406678, 801614.850018646335229 ], [ 1983825.219085070071742, 801735.182245135423727 ], [ 1983884.069381762295961, 801850.309190157800913 ], [ 1983953.900721784681082, 801959.126260700868443 ], [ 1984034.043103773146868, 802060.589404256199487 ], [ 1984123.727596396114677, 802153.725126049248502 ], [ 1984222.093715916387737, 802237.639829298830591 ], [ 1984328.197682159487158, 802311.52838888973929 ], [ 1984441.021473673405126, 802374.681876199087128 ], [ 1984484.823551413370296, 802396.454798521124758 ], [ 1984605.93324238085188, 802449.270994568476453 ], [ 1984731.716244370210916, 802489.715329421567731 ], [ 1984860.912337324814871, 802517.382591238361783 ], [ 1984992.227105425437912, 802531.995581687544473 ], [ 1985049.003069106722251, 802535.449414170114323 ], [ 1985134.589563072891906, 802550.382625967380591 ], [ 1985160.393645322881639, 802553.728419795399532 ], [ 1985300.618430588161573, 802564.356568288407288 ], [ 1985441.178120507625863, 802560.006681755650789 ], [ 1985580.477386160986498, 802540.728130680392496 ], [ 1985716.935204231878743, 802506.739723385777324 ], [ 1985849.002801358001307, 802458.42722259752918 ], [ 1985877.890866948058829, 802446.077509764581919 ], [ 1986004.622182376449928, 802383.679402270936407 ], [ 1986123.959849551785737, 802308.095863572438248 ], [ 1986152.356118221767247, 802287.903974822373129 ], [ 1986255.995742300059646, 802206.106176101369783 ], [ 1986350.945497445529327, 802114.364170713699423 ], [ 1986436.255447347648442, 802013.595802649273537 ], [ 1986511.072098294273019, 801904.809221234754659 ], [ 1986574.646938051097095, 801789.092794982483611 ], [ 1986626.782004381064326, 801681.809873072546907 ], [ 1986677.6159262212459, 801562.662162716500461 ], [ 1986716.526550987735391, 801439.105585501762107 ], [ 1986743.139148092828691, 801312.330058809719048 ], [ 1986757.197423678822815, 801183.556500265025534 ], [ 1986758.565988866845146, 801054.025069631170481 ], [ 1986747.231663625687361, 800924.983225394273177 ], [ 1986723.303603703854606, 800797.67371105577331 ], [ 1986687.012249398510903, 800673.322586833266541 ], [ 1986638.707106290385127, 800553.12742203020025 ], [ 1986578.853379314066842, 800438.245761789032258 ], [ 1986508.027492579771206, 800329.783979298430495 ], [ 1986426.911538093816489, 800228.78662081528455 ], [ 1986336.286706840852275, 800136.226346112438478 ], [ 1986237.025765485828742, 800052.994561233790591 ], [ 1986130.084651156095788, 799979.89283376687672 ], [ 1986016.493265242315829, 799917.625173308770172 ], [ 1985897.345554886385798, 799866.791251468588598 ], [ 1985773.788977671647444, 799827.880626702331938 ], [ 1985647.013450979720801, 799801.268029597122222 ], [ 1985518.239892434794456, 799787.209754011128098 ], [ 1985388.708461801055819, 799785.841188823105767 ], [ 1985259.666617564158514, 799797.175514064147137 ], [ 1985132.357103225775063, 799821.103573986096308 ], [ 1985038.522027833852917, 799848.488947368226945 ] ] ] } },
{ "type": "Feature", "properties": { "FID": 106, "FeatureTyp": "Paved Greenway", "Label": "Library", "Fr_St": " ", "To_St": " ", "Notes": " ", "Shape_Leng": 487.22209325400001, "GlobalID": "b8eb6716-7d7b-4322-87d0-726d563f1dd2" }, "geometry": { "type": "Polygon", "coordinates": [ [ [ 1988722.297749510034919, 793708.965021107462235 ], [ 1988671.458148636622354, 793768.653286921791732 ], [ 1988611.67990191350691, 793850.906477165292017 ], [ 1988606.919562658760697, 793858.017173922155052 ], [ 1988598.737901375861838, 793869.707344185910188 ], [ 1988550.954880313714966, 793943.042000712244771 ], [ 1988540.342368743615225, 793960.574117885320447 ], [ 1988471.788730884203687, 794089.40459420310799 ], [ 1988461.294329294236377, 794112.064981957082637 ], [ 1988407.52337771630846, 794247.250344097847119 ], [ 1988368.956142266048118, 794387.532081043347716 ], [ 1988363.622163435909897, 794412.175076371291652 ], [ 1988340.128178155282512, 794561.781196038820781 ], [ 1988334.731207315344363, 794616.467110286816023 ], [ 1988328.363428353331983, 794740.051478597568348 ], [ 1988333.596773237455636, 794863.689081295975484 ], [ 1988350.385247027501464, 794986.293289410881698 ], [ 1988357.852751777507365, 795026.64786748890765 ], [ 1988391.908124189358205, 795167.165440084179863 ], [ 1988441.12761560222134, 795303.115424502058886 ], [ 1988504.920700688147917, 795432.866720809368417 ], [ 1988582.522003140999004, 795554.862599656917155 ], [ 1988610.982576141133904, 795594.616129086003639 ], [ 1988654.995949262753129, 795652.642237085732631 ], [ 1988701.518822102574632, 795710.584706489695236 ], [ 1988822.264268232276663, 795841.740412278915755 ], [ 1988858.853433892363682, 795876.455565957934596 ], [ 1988957.087664865888655, 795960.896671811584383 ], [ 1989063.125546888913959, 796035.302532257861458 ], [ 1989175.945877191843465, 796098.956578186480328 ], [ 1989294.462134319823235, 796151.245786338229664 ], [ 1989417.53294192883186, 796191.666583054349758 ], [ 1989543.973060864722356, 796219.829693966312334 ], [ 1989672.564803662477061, 796235.463892920408398 ], [ 1989802.069761544000357, 796238.418614034191705 ], [ 1989931.240730969933793, 796228.665401728241704 ], [ 1990058.833724892698228, 796206.298184768646024 ], [ 1990183.619953031651676, 796171.532371681882069 ], [ 1990304.397655794629827, 796124.702776252874173 ], [ 1990420.003677880158648, 796066.260393085307442 ], [ 1990529.324670098721981, 795996.768054276821204 ], [ 1990631.307811534497887, 795916.895009038737044 ], [ 1990724.970948785776272, 795827.41047845967114 ], [ 1990809.412054639542475, 795729.176247486262582 ], [ 1990883.817915085935965, 795623.138365463004448 ], [ 1990947.471961014438421, 795510.318035160191357 ], [ 1990999.76116916607134, 795391.801778032328002 ], [ 1991040.181965882424265, 795268.730970423202962 ], [ 1991068.345076794270426, 795142.290851487428881 ], [ 1991083.97927574836649, 795013.699108689557761 ], [ 1991086.933996862266213, 794884.19415080815088 ], [ 1991077.180784556316212, 794755.023181382101029 ], [ 1991073.60757194715552, 794734.639917091582902 ], [ 1991075.821037450572476, 794724.229877838864923 ], [ 1991090.213197828736156, 794595.49320780124981 ], [ 1991091.917655768571422, 794465.965761613799259 ], [ 1991080.917996407719329, 794336.894959390047006 ], [ 1991057.320152479456738, 794209.523823512718081 ], [ 1991021.351384120294824, 794085.079007648630068 ], [ 1990973.358090232359245, 793964.758983402862214 ], [ 1990913.802472471259534, 793849.722498382558115 ], [ 1990843.258083992637694, 793741.077416823711246 ], [ 1990762.404305821284652, 793639.870050253346562 ], [ 1990672.019804039504379, 793547.075080937007442 ], [ 1990572.975030809408054, 793463.586175156058744 ], [ 1990466.223841439932585, 793390.207376712933183 ], [ 1990352.794308241223916, 793327.645363549585454 ], [ 1990233.778819624800235, 793276.502642052597366 ], [ 1990110.323559806449339, 793237.27174458745867 ], [ 1989983.617470426019281, 793210.330486142425798 ], [ 1989854.880800388287753, 793195.938325764145702 ], [ 1989725.353354200720787, 793194.233867824543267 ], [ 1989596.28255197708495, 793205.233527185162529 ], [ 1989468.91141609987244, 793228.831371113541536 ], [ 1989344.466600235784426, 793264.800139472703449 ], [ 1989224.146575989900157, 793312.793433360639028 ], [ 1989109.110090969596058, 793372.349051121738739 ], [ 1989000.465009410865605, 793442.893439600244164 ], [ 1988899.257642840500921, 793523.747217771830037 ], [ 1988881.147770930547267, 793539.732093942817301 ], [ 1988772.456705314805731, 793647.506702888058499 ], [ 1988754.450179644627497, 793667.562108967103995 ], [ 1988722.297749510034919, 793708.965021107462235 ] ] ] } },
{ "type": "Feature", "properties": { "FID": 107, "FeatureTyp": "Bike Lane", "Label": "Brandon Road", "Fr_St": "Flemington Road", "To_St": "U.S. 15-501", "Notes": " ", "Shape_Leng": 533.3466248, "GlobalID": "9dcd6fe1-6873-4451-aa22-cf794c77cbc3" }, "geometry": { "type": "Polygon", "coordinates": [ [ [ 1992803.579060233430937, 788539.956890952540562 ], [ 1992932.918723420472816, 788532.779424870037474 ], [ 1993060.932066077133641, 788512.959016331587918 ], [ 1993186.386249733855948, 788480.686546706594527 ], [ 1993308.073082022368908, 788436.27281751926057 ], [ 1993424.820652226684615, 788380.145557260839269 ], [ 1993535.504617425147444, 788312.845302129979245 ], [ 1993639.059030526783317, 788235.020190373412333 ], [ 1993734.486605924787, 788147.41972036100924 ], [ 1993820.868323901901022, 788050.887532506254502 ], [ 1993897.372281293384731, 787946.353284548036754 ], [ 1993963.261703167809173, 787834.823698438471183 ], [ 1994017.902038374217227, 787717.372865060111508 ], [ 1994060.767070614499971, 787595.131900143460371 ], [ 1994091.44398619630374, 787469.27805100439582 ], [ 1994109.637349652359262, 787341.023359008831903 ], [ 1994115.171948947710916, 787211.602986951824278 ], [ 1994107.994482865091413, 787082.263323764665984 ], [ 1994088.174074326641858, 786954.249981108121574 ], [ 1994055.901604701532051, 786828.795797451166436 ], [ 1994011.487875514430925, 786707.108965162653476 ], [ 1993955.360615256009623, 786590.361394958337769 ], [ 1993888.060360125033185, 786479.677429759991355 ], [ 1993810.235248368466273, 786376.123016658471897 ], [ 1993722.634778355946764, 786280.695441260468215 ], [ 1993626.102590501308441, 786194.313723283237778 ], [ 1993521.568342542974278, 786117.809765891754068 ], [ 1993410.038756433641538, 786051.92034401721321 ], [ 1993292.587923055049032, 785997.280008811037987 ], [ 1993170.34695813851431, 785954.414976570638828 ], [ 1993044.49310899944976, 785923.738060988951474 ], [ 1992916.238417003769428, 785905.544697532663122 ], [ 1992786.818044946761802, 785900.010098237544298 ], [ 1992253.482169366674498, 785903.396246317541227 ], [ 1992124.142506179632619, 785910.573712400044315 ], [ 1991996.129163522971794, 785930.39412093849387 ], [ 1991870.674979866249487, 785962.666590563487262 ], [ 1991748.988147577736527, 786007.080319750821218 ], [ 1991632.24057737342082, 786063.20758000924252 ], [ 1991521.556612174957991, 786130.507835140102543 ], [ 1991418.002199073322117, 786208.332946896669455 ], [ 1991322.574623675318435, 786295.933416909072548 ], [ 1991236.192905698204413, 786392.465604763827287 ], [ 1991159.688948306720704, 786496.999852722045034 ], [ 1991093.799526432296261, 786608.529438831610605 ], [ 1991039.159191225888208, 786725.980272209970281 ], [ 1990996.294158985605463, 786848.221237126621418 ], [ 1990965.617243403801695, 786974.075086265685968 ], [ 1990947.423879947746173, 787102.329778261249885 ], [ 1990941.889280652394518, 787231.750150318257511 ], [ 1990949.066746735014021, 787361.089813505415805 ], [ 1990968.887155273463577, 787489.103156161960214 ], [ 1991001.159624898573384, 787614.557339818915352 ], [ 1991045.573354085674509, 787736.244172107428312 ], [ 1991101.700614344095811, 787852.991742311744019 ], [ 1991169.00086947507225, 787963.675707510090433 ], [ 1991246.825981231639162, 788067.230120611609891 ], [ 1991334.42645124415867, 788162.657696009613574 ], [ 1991430.958639098796993, 788249.039413986844011 ], [ 1991535.492887057131156, 788325.54337137832772 ], [ 1991647.022473166463897, 788391.432793252868578 ], [ 1991764.473306545056403, 788446.073128459043801 ], [ 1991886.714271461591125, 788488.93816069944296 ], [ 1992012.568120600655675, 788519.615076281130314 ], [ 1992140.822812596336007, 788537.808439737418666 ], [ 1992270.243184653343633, 788543.34303903253749 ], [ 1992803.579060233430937, 788539.956890952540562 ] ] ] } },
{ "type": "Feature", "properties": { "FID": 108, "FeatureTyp": "Bike Lane", "Label": "Legion Road", "Fr_St": "Chapel Hill Memorial Cemetery", "To_St": "Europa Drive", "Notes": " ", "Shape_Leng": 909.63030728000001, "GlobalID": "72806a8d-8e31-4ed1-beeb-17425990aae8" }, "geometry": { "type": "Polygon", "coordinates": [ [ [ 1994048.259610109496862, 797848.013227659743279 ], [ 1994092.122431538533419, 797883.1591602913104 ], [ 1994169.954735344974324, 797942.847860999987461 ], [ 1994355.45632610283792, 798106.695734366076067 ], [ 1994392.222218441078439, 798137.991770843276754 ], [ 1994534.597887493902817, 798254.762979743769392 ], [ 1994625.863851187750697, 798331.202425768366084 ], [ 1994688.028790008742362, 798380.174058616277762 ], [ 1994814.172566608758643, 798473.557073951233178 ], [ 1994921.943180914735422, 798545.430289997719228 ], [ 1995036.239657359197736, 798606.394049438065849 ], [ 1995155.96125839324668, 798655.861237942823209 ], [ 1995279.954999552574009, 798693.355459445039742 ], [ 1995407.026753327576444, 798718.515624095452949 ], [ 1995535.952749265357852, 798731.099425754393451 ], [ 1995665.491359546780586, 798730.985675532836467 ], [ 1995794.395056541543454, 798718.175468907575123 ], [ 1995921.422427182085812, 798692.792175171314739 ], [ 1996045.350128448568285, 798655.08024931862019 ], [ 1996164.984668832272291, 798605.402877810876817 ], [ 1996279.173902310198173, 798544.238480892032385 ], [ 1996386.818124142009765, 798472.176105140359141 ], [ 1996486.880661626812071, 798389.909750627703033 ], [ 1996578.397857829229906, 798298.231687319348566 ], [ 1996660.488352121319622, 798198.024825081112795 ], [ 1996732.361568167572841, 798090.254210775252432 ], [ 1996793.325327608035877, 797975.957734330673702 ], [ 1996842.792516112793237, 797856.236133296624757 ], [ 1996880.28673761500977, 797732.242392137413844 ], [ 1996905.446902265306562, 797605.170638362294994 ], [ 1996918.030703924363479, 797476.244642424513586 ], [ 1996917.91695370269008, 797346.706032143207267 ], [ 1996905.106747077545151, 797217.802335148327984 ], [ 1996879.723453341284767, 797090.774964507902041 ], [ 1996842.011527488706633, 796966.847263241303153 ], [ 1996792.334155980730429, 796847.212722857715562 ], [ 1996731.169759062118828, 796733.023489379673265 ], [ 1996659.107383310329169, 796625.379267547978088 ], [ 1996576.841028797673061, 796525.316730063059367 ], [ 1996485.162965489318594, 796433.799533860641532 ], [ 1996384.956103251082823, 796351.709039568668231 ], [ 1996290.62911831936799, 796281.879686763510108 ], [ 1996224.497471572132781, 796226.49138824059628 ], [ 1996214.025091248797253, 796217.811698918696493 ], [ 1996085.060048337094486, 796112.03938496299088 ], [ 1995919.194340306567028, 795965.535285380319692 ], [ 1995918.636778242420405, 795964.95949006814044 ], [ 1995916.276979723479599, 795962.958470133249648 ], [ 1995891.914732827106491, 795941.440043643931858 ], [ 1995874.182981906225905, 795927.264351295656525 ], [ 1995819.836896631401032, 795881.18092546868138 ], [ 1995698.674409301485866, 795788.262804204598069 ], [ 1995697.764430621173233, 795789.449389542685822 ], [ 1995638.191421477589756, 795744.375767357298173 ], [ 1995527.725691905710846, 795676.717899501090869 ], [ 1995411.16025428683497, 795620.213357688393444 ], [ 1995289.617697506677359, 795575.406311545521021 ], [ 1995164.268542828736827, 795542.728277420741506 ], [ 1995036.319971135351807, 795522.493962646345608 ], [ 1994907.004197116009891, 795514.898234734777361 ], [ 1994777.566602365579456, 795520.014244698104449 ], [ 1994649.253741679247469, 795537.792722563724965 ], [ 1994523.301338048418984, 795568.062451870995574 ], [ 1994400.922381972661242, 795610.53191857971251 ], [ 1994283.295449697878212, 795664.792118509183638 ], [ 1994171.5533528837841, 795730.320496272412129 ], [ 1994066.772229006746784, 795806.485977770178579 ], [ 1993969.961177568882704, 795892.555047779344022 ], [ 1993882.052541918121278, 795987.698814105591737 ], [ 1993803.892930271336809, 796091.000990268308669 ], [ 1993736.23506241501309, 796201.466719840303995 ], [ 1993679.730520602315664, 796318.032157459063455 ], [ 1993634.923474459443241, 796439.574714239337482 ], [ 1993602.245440334547311, 796564.923868917278014 ], [ 1993582.011125560151413, 796692.872440610430203 ], [ 1993574.415397648699582, 796822.188214629772119 ], [ 1993579.531407612143084, 796951.625809380202554 ], [ 1993597.309885477647185, 797079.938670066650957 ], [ 1993627.579614785034209, 797205.891073697479442 ], [ 1993670.049081493634731, 797328.270029773237184 ], [ 1993724.309281422989443, 797445.896962047903799 ], [ 1993789.837659186217934, 797557.639058862114325 ], [ 1993866.003140683984384, 797662.420182739268057 ], [ 1993952.072210693266243, 797759.231234177015722 ], [ 1994047.215977019397542, 797847.139869827777147 ], [ 1994048.259610109496862, 797848.013227659743279 ] ] ] } },
{ "type": "Feature", "properties": { "FID": 109, "FeatureTyp": "Sharrows", "Label": "Laurel Hill Road", "Fr_St": "Fern Lane", "To_St": "Country Club Road", "Notes": "Very steep from Fern Lane to Country Club Road", "Shape_Leng": 4464.0530804500004, "GlobalID": "5e070003-87ea-46ac-b5d2-90d3b60d5651" }, "geometry": { "type": "Polygon", "coordinates": [ [ [ 1986979.651175800245255, 785799.961880548158661 ], [ 1986985.597507166443393, 785847.905982834286988 ], [ 1986991.134717929875478, 785879.619242675951682 ], [ 1986987.323857011971995, 785926.137465723673813 ], [ 1986989.452781774103642, 786055.658630681689829 ], [ 1987004.266749382950366, 786184.347444711602293 ], [ 1987031.623093232279643, 786310.964564185705967 ], [ 1987071.258356776321307, 786434.290597027516924 ], [ 1987122.790830760495737, 786553.137846124125645 ], [ 1987185.724229289451614, 786666.361747497925535 ], [ 1987259.452469332842156, 786772.871893084375188 ], [ 1987343.265507634729147, 786871.642531957128085 ], [ 1987436.356178819667548, 786961.722448870190419 ], [ 1987537.827968835597858, 787042.244124980992638 ], [ 1987646.703648874303326, 787112.432092531118542 ], [ 1987761.934686619788408, 787171.610403024358675 ], [ 1987882.411344186868519, 787219.209136980469339 ], [ 1988006.973365503596142, 787254.769892571261153 ], [ 1988134.421150212408975, 787277.950200281105936 ], [ 1988263.527306476607919, 787288.526821074890904 ], [ 1988393.04847143474035, 787286.397896312875673 ], [ 1988521.737285464536399, 787271.583928704028949 ], [ 1988648.354404938640073, 787244.227584854583256 ], [ 1988771.68043778068386, 787204.592321310541593 ], [ 1988890.527686877176166, 787153.059847326483577 ], [ 1989003.751588250976056, 787090.126448797527701 ], [ 1989110.261733837425709, 787016.398208754253574 ], [ 1989209.032372710062191, 786932.585170452250168 ], [ 1989299.112289623124525, 786839.494499267311767 ], [ 1989379.633965734159574, 786738.022709251381457 ], [ 1989449.821933284169063, 786629.147029212675989 ], [ 1989509.000243777409196, 786513.915991467190906 ], [ 1989556.598977733403444, 786393.439333900227211 ], [ 1989592.159733324311674, 786268.877312583383173 ], [ 1989615.340041034156457, 786141.429527874453925 ], [ 1989632.585741454036906, 786010.361548538436182 ], [ 1989643.287819044664502, 785877.225944712641649 ], [ 1989640.48094968427904, 785743.690387817914598 ], [ 1989624.740743404487148, 785615.573336917674169 ], [ 1989630.36067792866379, 785596.037360716611147 ], [ 1989659.160463184816763, 785474.572753391927108 ], [ 1989676.357422753004357, 785350.930757917230949 ], [ 1989681.797756374813616, 785226.217161090578884 ], [ 1989678.565731867216527, 785162.91170182870701 ], [ 1989788.949526573298499, 785138.668251723400317 ], [ 1989914.949980053817853, 785097.375604992033914 ], [ 1990036.17213268391788, 785043.650502264150418 ], [ 1990151.39282644004561, 784978.035041572526097 ], [ 1990259.449459330644459, 784901.191297261510044 ], [ 1990359.251716304803267, 784813.894639511941932 ], [ 1990449.792570769321173, 784717.025910686701536 ], [ 1990530.158445707289502, 784611.562537438585423 ], [ 1990599.53843186958693, 784498.568668261868879 ], [ 1990657.232470026938245, 784379.18443600111641 ], [ 1990702.658414720091969, 784254.614453661371954 ], [ 1990735.35790823563002, 784126.115659600007348 ], [ 1990755.001005534781143, 783994.984634743537754 ], [ 1990770.112545174080878, 783841.979577201418579 ], [ 1990837.602077001007274, 783746.238589142332785 ], [ 1990904.033844151301309, 783639.463083655922674 ], [ 1990971.070141731994227, 783557.703023808426224 ], [ 1991042.988780341809615, 783449.962716062203981 ], [ 1991104.000714185647666, 783335.691948053310625 ], [ 1991153.518364988500252, 783215.991209744359367 ], [ 1991191.064850703813136, 783092.013284680433571 ], [ 1991216.278578148921952, 782964.952148053096607 ], [ 1991228.916725345887244, 782836.031468066619709 ], [ 1991228.857580027775839, 782706.492821344640106 ], [ 1991216.101711796829477, 782577.58373586810194 ], [ 1991190.7719666371122, 782450.545676599023864 ], [ 1991153.11228384100832, 782326.602089494117536 ], [ 1991103.485346740810201, 782206.946619051741436 ], [ 1991042.369089869782329, 782092.731612862553447 ], [ 1990970.352096190676093, 781985.057023872504942 ], [ 1990888.12792872171849, 781884.959817234543152 ], [ 1990796.488451143493876, 781793.403983767027967 ], [ 1990696.316201720386744, 781711.271256196079776 ], [ 1990588.575893974164501, 781639.352617586264387 ], [ 1990474.305125965271145, 781578.340683742193505 ], [ 1990354.604387656319886, 781528.823032939457335 ], [ 1990230.626462592510507, 781491.276547224144451 ], [ 1990103.565325964940712, 781466.06281977891922 ], [ 1989974.644645978696644, 781453.424672582186759 ], [ 1989845.105999256717041, 781453.483817900065333 ], [ 1989716.196913780178875, 781466.239686131011695 ], [ 1989589.158854510867968, 781491.569431290845387 ], [ 1989465.215267406078056, 781529.229114086832851 ], [ 1989345.559796963585541, 781578.856051187030971 ], [ 1989231.344790774630383, 781639.972308058291674 ], [ 1989145.11596061475575, 781691.709409300237894 ], [ 1989043.664888345636427, 781759.134541428764351 ], [ 1988948.861350920516998, 781835.624787857639603 ], [ 1988861.51270560757257, 781920.528749302844517 ], [ 1988782.362823000643402, 782013.123374364920892 ], [ 1988712.085752135841176, 782112.620117114274763 ], [ 1988651.279980216175318, 782218.171652433928102 ], [ 1988600.463335829554126, 782328.87909193278756 ], [ 1988592.036732854088768, 782349.7238266778877 ], [ 1988536.168901470955461, 782428.978212247835472 ], [ 1988423.63371572829783, 782584.541316480492242 ], [ 1988349.016080600675195, 782699.885364814195782 ], [ 1988311.991778379306197, 782772.757751699420623 ], [ 1988300.975070941029117, 782775.45298526249826 ], [ 1988181.653473018202931, 782817.086775950388983 ], [ 1988066.860171650303528, 782869.940481771249324 ], [ 1987957.647373955696821, 782933.529640262597241 ], [ 1987855.016135585960001, 783007.271386706503108 ], [ 1987759.907184948213398, 783090.489796728012152 ], [ 1987673.192300392314792, 783182.422081886092201 ], [ 1987595.666319401701912, 783282.225581470876932 ], [ 1987505.988349151797593, 783409.844420719891787 ], [ 1987426.403908347012475, 783538.111416887491941 ], [ 1987319.479909586952999, 783734.713057797402143 ], [ 1987263.154054737184197, 783851.633033088524826 ], [ 1987247.62797128316015, 783894.090329591999762 ], [ 1987233.747228676686063, 783906.31282183167059 ], [ 1987149.188382786465809, 783996.110039409366436 ], [ 1987066.408692696597427, 784092.686617906321771 ], [ 1986988.448125563329086, 784193.040088527603075 ], [ 1986920.498736801790074, 784300.425141772488132 ], [ 1986863.190285476855934, 784413.846526441397145 ], [ 1986817.053909798152745, 784532.253046247991733 ], [ 1986782.517204499337822, 784654.547302370541729 ], [ 1986759.900257864035666, 784779.595864210976288 ], [ 1986749.412685128161684, 784906.239774098503403 ], [ 1986745.963545058155432, 785006.265164604526944 ], [ 1986747.919517384842038, 785136.762389488867484 ], [ 1986762.752757743466645, 785266.42860139743425 ], [ 1986790.318259362829849, 785393.996209553792141 ], [ 1986830.346547450637445, 785518.218138708965853 ], [ 1986882.446313522523269, 785637.880020298296586 ], [ 1986946.108240756904706, 785751.812063863966614 ], [ 1986979.651175800245255, 785799.961880548158661 ] ] ] } },
{ "type": "Feature", "properties": { "FID": 110, "FeatureTyp": "Bike Lane", "Label": "Martin Luther King Jr. Boulevard", "Fr_St": "Westminster Drive", "To_St": "Eubanks Road", "Notes": " ", "Shape_Leng": 5430.4784230400001, "GlobalID": "8b4ec7ab-7669-4850-aa65-7ad603123cef" }, "geometry": { "type": "Polygon", "coordinates": [ [ [ 1981628.727389338193461, 801736.308316503884271 ], [ 1981628.397012697299942, 801739.561201184638776 ], [ 1981627.855764956679195, 801742.725471409969032 ], [ 1981619.074356797151268, 801792.905616436270066 ], [ 1981612.197714670328423, 801836.476858832640573 ], [ 1981601.046962723135948, 801915.704515912570059 ], [ 1981586.74706749827601, 802007.462795502739027 ], [ 1981575.071829834254459, 802107.169978464953601 ], [ 1981571.007785492343828, 802207.476095189456828 ], [ 1981570.528620793716982, 802402.322790178237483 ], [ 1981568.736479971790686, 802502.30251693923492 ], [ 1981569.418481024214998, 802574.533368052681908 ], [ 1981575.087673181435093, 802728.490784775814973 ], [ 1981575.632289313245565, 802827.650831361417659 ], [ 1981576.166644857032225, 802858.64964517543558 ], [ 1981578.800497857155278, 802949.508715432370082 ], [ 1981579.996361794415861, 802979.210718530113809 ], [ 1981583.288349964423105, 803043.075748282135464 ], [ 1981592.314686906756833, 803143.451489737373777 ], [ 1981602.714653293834999, 803224.341300809173845 ], [ 1981610.46262733777985, 803294.09198185778223 ], [ 1981630.388760258909315, 803418.775477079441771 ], [ 1981639.569591788807884, 803462.640347495675087 ], [ 1981643.34021788276732, 803490.694380041211843 ], [ 1981665.857125845970586, 803613.73377529589925 ], [ 1981700.434657116187736, 803762.482081408845261 ], [ 1981717.749039779650047, 803837.691178296692669 ], [ 1981734.058827347820625, 803916.910118844360113 ], [ 1981736.505225185770541, 803934.136999923503026 ], [ 1981738.574086217442527, 803969.047853955067694 ], [ 1981739.616532212356105, 803985.001819060766138 ], [ 1981740.870908420067281, 804002.563889666926116 ], [ 1981740.870908420067281, 804083.871354668983258 ], [ 1981740.877838178304955, 804088.148563340189867 ], [ 1981741.099892351776361, 804156.676894035306759 ], [ 1981736.493879146175459, 804272.983134120353498 ], [ 1981729.882408412406221, 804372.153845704626292 ], [ 1981717.464317687787116, 804485.985243966453709 ], [ 1981717.294816289795563, 804487.547618058393709 ], [ 1981698.833483793539926, 804658.664305523387156 ], [ 1981683.700754428980872, 804752.530985501245596 ], [ 1981670.131395234027877, 804830.607220354257151 ], [ 1981596.833811250282452, 805110.470905992900953 ], [ 1981454.295849736314267, 805563.683965462376364 ], [ 1981421.542176195653155, 805689.013376864255406 ], [ 1981401.230651050340384, 805816.949714309885167 ], [ 1981393.556885391008109, 805946.260880932561122 ], [ 1981398.594781775958836, 806075.701539509231225 ], [ 1981416.295822508865967, 806204.025105738081038 ], [ 1981446.489536890992895, 806329.99575352773536 ], [ 1981488.885142947314307, 806452.400316677289084 ], [ 1981543.074347815942019, 806570.059972330578603 ], [ 1981608.535279830917716, 806681.841593684162945 ], [ 1981684.637514432426542, 806786.668662618612871 ], [ 1981770.648145499639213, 806883.531637155683711 ], [ 1981865.738843637052923, 806971.497673899750225 ], [ 1981968.993833439657465, 807049.719611830078065 ], [ 1982079.418712910963222, 807117.44413092371542 ], [ 1982195.950030097272247, 807174.019007039954886 ], [ 1982317.465524711413309, 807218.899393194820732 ], [ 1982442.794936113292351, 807251.653066735365428 ], [ 1982570.731273558922112, 807271.964591880561784 ], [ 1982700.042440181598067, 807279.638357539894059 ], [ 1982829.483098758151755, 807274.600461155059747 ], [ 1982957.806664987234399, 807256.899420422269031 ], [ 1983083.777312776772305, 807226.705706040142104 ], [ 1983206.181875926442444, 807184.310099983704276 ], [ 1983323.841531579615548, 807130.120895115076564 ], [ 1983435.623152933316305, 807064.659963100100867 ], [ 1983540.450221867766231, 806988.557728498592041 ], [ 1983637.313196404604241, 806902.54709743137937 ], [ 1983725.279233148787171, 806807.456399294082075 ], [ 1983803.501171078998595, 806704.201409491244704 ], [ 1983871.225690172752365, 806593.776530019938946 ], [ 1983927.800566288875416, 806477.245212833746336 ], [ 1983972.680952443741262, 806355.729718219605274 ], [ 1984124.836159943602979, 805871.937706794589758 ], [ 1984142.574997094925493, 805810.349022822687402 ], [ 1984238.061026595067233, 805445.765762495691888 ], [ 1984261.634779688436538, 805337.354526171344332 ], [ 1984286.094048348488286, 805196.619243333349004 ], [ 1984288.762585778255016, 805180.687606177874841 ], [ 1984310.683145618066192, 805044.716749510844238 ], [ 1984319.893691970035434, 804976.215137037565 ], [ 1984341.978981383144855, 804771.508268403937109 ], [ 1984357.325165232177824, 804630.836275885580108 ], [ 1984362.186770321335644, 804575.490478712832555 ], [ 1984371.831436071312055, 804430.82246096781455 ], [ 1984373.721208794275299, 804395.250479713198729 ], [ 1984380.150657894322649, 804232.900738790165633 ], [ 1984381.177626341814175, 804176.389228000771254 ], [ 1984380.870908420067281, 804081.732744685723446 ], [ 1984380.870908420067281, 803955.483160004019737 ], [ 1984377.516698047751561, 803861.441336034215055 ], [ 1984373.477644399274141, 803804.891997070168145 ], [ 1984368.683179542655125, 803723.988127640914172 ], [ 1984357.882732727797702, 803616.48421011143364 ], [ 1984342.081255147699267, 803505.214419521391392 ], [ 1984328.076745095429942, 803424.624251533532515 ], [ 1984300.423913265578449, 803290.310543794534169 ], [ 1984293.892589504132047, 803260.352913172333501 ], [ 1984272.823733994038776, 803168.835379676311277 ], [ 1984272.191160734044388, 803166.100948728038929 ], [ 1984251.472414130344987, 803076.97143748565577 ], [ 1984249.646479047136381, 803063.386202308814973 ], [ 1984233.414924191078171, 802968.806750597548671 ], [ 1984227.346388268982992, 802939.812041243421845 ], [ 1984225.320115772308782, 802921.570642158156261 ], [ 1984222.612782943295315, 802898.974932202603668 ], [ 1984217.23123408597894, 802857.117828617338091 ], [ 1984215.50732749234885, 802797.648849030258134 ], [ 1984214.934336866717786, 802693.322565222624689 ], [ 1984214.060232835821807, 802651.998688279301859 ], [ 1984208.959994563367218, 802513.492268431931734 ], [ 1984210.287518378114328, 802439.432536823791452 ], [ 1984210.495538597460836, 802419.021400074590929 ], [ 1984210.752392484573647, 802314.574784639757127 ], [ 1984211.061998261604458, 802312.588134178193286 ], [ 1984213.922646179562435, 802293.296564273303375 ], [ 1984223.358199476497248, 802226.255634251865558 ], [ 1984228.773322802735493, 802195.311659332714044 ], [ 1984229.635953672695905, 802190.326018566382118 ], [ 1984238.194991672644392, 802140.2877328194445 ], [ 1984250.335760587593541, 802051.112876722821966 ], [ 1984258.895126677583903, 801966.837454715743661 ], [ 1984262.727236942620948, 801921.266443682718091 ], [ 1984267.214871221454814, 801853.953846109448932 ], [ 1984270.380554236704484, 801808.367569182883017 ], [ 1984270.587213914841413, 801798.161067052511498 ], [ 1984272.1779312081635, 801782.680721175274812 ], [ 1984273.86559186829254, 801751.053487849305384 ], [ 1984275.293628971325234, 801646.358423443627544 ], [ 1984268.419104482512921, 801541.879541778936982 ], [ 1984264.382010471308604, 801503.709699338302016 ], [ 1984261.952626505168155, 801476.472120183287188 ], [ 1984257.074697331059724, 801430.783782970509492 ], [ 1984253.327329491032287, 801400.661139812436886 ], [ 1984239.043838861165568, 801321.761797429062426 ], [ 1984233.932374864816666, 801288.18855998723302 ], [ 1984202.814936524722725, 801140.862532918807119 ], [ 1984193.851699844701216, 801107.863583166734315 ], [ 1984187.24315259908326, 801084.392798013519496 ], [ 1984185.603070226032287, 801078.76759354583919 ], [ 1984163.031228973763064, 800984.219108969089575 ], [ 1984136.208999425405636, 800861.750804832205176 ], [ 1984133.810502499807626, 800838.393155272933654 ], [ 1984131.081641905941069, 800814.044350768788718 ], [ 1984119.801998958690092, 800721.193443049793132 ], [ 1984113.990627788705751, 800647.75056155398488 ], [ 1984108.903848311165348, 800596.300565492478199 ], [ 1984098.591532981256023, 800509.412943985429592 ], [ 1984096.367539827944711, 800491.698822270031087 ], [ 1984088.070312317926437, 800429.042451526038349 ], [ 1984064.784033981151879, 800301.613986362470314 ], [ 1984029.119711687322706, 800177.081578499870375 ], [ 1983981.420812356285751, 800056.644543102360331 ], [ 1983922.14670246350579, 799941.462754658423364 ], [ 1983851.868224089965224, 799832.645476755453274 ], [ 1983771.262197400210425, 799731.240679265232757 ], [ 1983681.104902495164424, 799638.224945821217261 ], [ 1983582.264603409683332, 799554.494068783940747 ], [ 1983475.693186255870387, 799480.854422271135263 ], [ 1983362.416992038255557, 799418.015196334454231 ], [ 1983243.526932430686429, 799366.58156707091257 ], [ 1983120.167983698658645, 799327.048868446960114 ], [ 1982993.528159953886643, 799299.797821960994042 ], [ 1982864.827071926789358, 799285.090870087617077 ], [ 1982735.304181450745091, 799283.069648812990636 ], [ 1982606.206864765146747, 799293.753623603028245 ], [ 1982478.778399601578712, 799317.039901939919218 ], [ 1982354.245991738978773, 799352.704224233864807 ], [ 1982233.808956341585144, 799400.403123564785346 ], [ 1982118.627167897531763, 799459.677233457565308 ], [ 1982009.809889994561672, 799529.955711831222288 ], [ 1981908.405092504341155, 799610.561738520860672 ], [ 1981815.389359060209244, 799700.719033425906673 ], [ 1981731.658482023049146, 799799.55933251127135 ], [ 1981658.018835510360077, 799906.130749665317126 ], [ 1981595.179609573446214, 800019.40694388281554 ], [ 1981543.745980310020968, 800138.297003490501083 ], [ 1981504.213281685952097, 800261.655952222296037 ], [ 1981476.962235199986026, 800388.29577596730087 ], [ 1981462.25528332660906, 800516.996863994165324 ], [ 1981460.234062052099034, 800646.519754470326006 ], [ 1981470.918036842253059, 800775.61707115592435 ], [ 1981478.04336990788579, 800829.423901171190664 ], [ 1981484.256310705794021, 800881.771762077114545 ], [ 1981490.211213641334325, 800957.028567712055519 ], [ 1981495.731702864170074, 801012.090306912199594 ], [ 1981508.871376572176814, 801120.252474511042237 ], [ 1981517.663882190361619, 801205.877877150080167 ], [ 1981541.322150359163061, 801353.446049308986403 ], [ 1981586.803030519047752, 801561.108363649924286 ], [ 1981592.320569458650425, 801585.217983955284581 ], [ 1981625.328705548774451, 801723.481815034290776 ], [ 1981628.727389338193461, 801736.308316503884271 ] ] ] } },
{ "type": "Feature", "properties": { "FID": 111, "FeatureTyp": "Bike Lane", "Label": "Martin Luther King Jr. Boulevard", "Fr_St": "Westminster Drive", "To_St": "Eubanks Road", "Notes": " ", "Shape_Leng": 1723.6629747, "GlobalID": "fc5803b1-5bbd-41b2-948a-d4a7d5159646" }, "geometry": { "type": "Polygon", "coordinates": [ [ [ 1983121.253306707832962, 808259.144046375411563 ], [ 1983143.077662318013608, 808228.909623359329998 ], [ 1983195.807543738046661, 808153.642385442391969 ], [ 1983216.772153499769047, 808122.799083261750638 ], [ 1983267.354729489888996, 808046.072202592738904 ], [ 1983287.436941436957568, 808014.653328774846159 ], [ 1983335.832185856997967, 807936.528156933840364 ], [ 1983355.021520017879084, 807904.550105220754631 ], [ 1983401.19039092771709, 807825.088978058774956 ], [ 1983419.467326866928488, 807792.584086728864349 ], [ 1983463.373078966978937, 807711.850652394816279 ], [ 1983480.726308041717857, 807678.838939083041623 ], [ 1983522.333836361765862, 807596.89717383403331 ], [ 1983538.745630268706009, 807563.412410128163174 ], [ 1983578.02179843862541, 807480.328258711146191 ], [ 1983593.483659893041477, 807446.387615457409993 ], [ 1983630.396971903042868, 807362.226694539422169 ], [ 1983644.889207262080163, 807327.874010979547165 ], [ 1983679.410791752161458, 807242.704233809607103 ], [ 1983692.930862147826701, 807207.945652564405464 ], [ 1983725.032503977883607, 807121.834604313364252 ], [ 1983737.564815180143341, 807086.709072247380391 ], [ 1983764.051724331453443, 807009.021132221911103 ], [ 1983804.69723330787383, 806895.370381352258846 ], [ 1983812.090486048255116, 806874.128751406096853 ], [ 1983853.942764548119158, 806750.499733576085418 ], [ 1983860.973117987858132, 806729.13491440040525 ], [ 1983900.712867917958647, 806604.810687976423651 ], [ 1983907.377744950819761, 806583.3306067683734 ], [ 1983944.993483370868489, 806458.347589026321657 ], [ 1983951.291328913532197, 806436.757416693260893 ], [ 1983977.460567913483828, 806344.115869698347524 ], [ 1983982.827122603077441, 806325.117281478596851 ], [ 1984011.880970744416118, 806198.878862600307912 ], [ 1984028.421387847745791, 806070.400541102979332 ], [ 1984032.289080654270947, 805940.919633455923758 ], [ 1984023.446801167679951, 805811.683111581485718 ], [ 1984001.979705373756588, 805683.935593832982704 ], [ 1983968.094533139374107, 805558.907358640339226 ], [ 1983922.117617197334766, 805437.802496255841106 ], [ 1983864.491740381112322, 805321.78731270681601 ], [ 1983795.771871386561543, 805211.97909763129428 ], [ 1983716.619820117484778, 805109.435364167671651 ], [ 1983627.797864097170532, 805015.143664525356144 ], [ 1983530.16140731680207, 804930.012079316889867 ], [ 1983424.650742228608578, 804854.860472245607525 ], [ 1983312.281994215678424, 804790.412594369612634 ], [ 1983194.137335748178884, 804737.28911398362834 ], [ 1983071.354564471635967, 804696.00163924403023 ], [ 1982945.116145593347028, 804666.947791102575138 ], [ 1982816.637824096018448, 804650.407373999245465 ], [ 1982687.15691644907929, 804646.539681192836724 ], [ 1982557.920394574524835, 804655.38196067919489 ], [ 1982430.17287682602182, 804676.849056473351084 ], [ 1982305.144641633378342, 804710.734228707500733 ], [ 1982184.039779248880222, 804756.711144649772905 ], [ 1982068.024595699971542, 804814.337021465762518 ], [ 1981958.216380624333397, 804883.056890460546128 ], [ 1981855.672647160710767, 804962.208941729390062 ], [ 1981761.38094751839526, 805051.030897749820724 ], [ 1981676.249362309928983, 805148.667354530189186 ], [ 1981601.097755238646641, 805254.178019618266262 ], [ 1981536.64987736265175, 805366.546767631312832 ], [ 1981483.526396976551041, 805484.691426098812371 ], [ 1981442.238922236952931, 805607.474197375355288 ], [ 1981436.875956940464675, 805626.460078592645004 ], [ 1981413.76486984686926, 805708.27548259019386 ], [ 1981382.630960210924968, 805811.721809682319872 ], [ 1981349.739310480421409, 805914.622027115314268 ], [ 1981315.099361131200567, 806016.946274903602898 ], [ 1981274.933806862216443, 806129.255002650781535 ], [ 1981268.457448330009356, 806147.797781750676222 ], [ 1981244.819368090014905, 806217.129909161478281 ], [ 1981225.746501309331506, 806268.291920136776753 ], [ 1981205.234008569968864, 806318.899227467249148 ], [ 1981183.300576860783622, 806368.906601799535565 ], [ 1981159.964496042579412, 806418.271358152036555 ], [ 1981135.242792711593211, 806466.958220667322166 ], [ 1981109.155727603239939, 806514.926841113367118 ], [ 1981081.723695796215907, 806562.140041799633764 ], [ 1981052.968205177225173, 806608.560463328729384 ], [ 1981022.913075244985521, 806654.150003257673234 ], [ 1980991.582008407451212, 806698.872327646589838 ], [ 1980958.148762812139466, 806743.83696097752545 ], [ 1980886.049446231918409, 806851.456443606759422 ], [ 1980824.84586149873212, 806965.62467784259934 ], [ 1980775.12743259081617, 807085.242161178728566 ], [ 1980737.372975157573819, 807209.156911861035042 ], [ 1980711.946085262810811, 807336.175563101656735 ], [ 1980699.09163775597699, 807465.074855853919871 ], [ 1980698.93342799320817, 807594.613419464905746 ], [ 1980711.472979621496052, 807723.543726754141971 ], [ 1980736.58952990337275, 807850.624108381918631 ], [ 1980774.041192729957402, 807974.630710803903639 ], [ 1980823.467288114596158, 808094.369282650062814 ], [ 1980884.391815740149468, 808208.686676017590798 ], [ 1980956.228039100533351, 808316.481951916124672 ], [ 1981038.284136095317081, 808416.716982911922969 ], [ 1981129.769861653679982, 808508.42645086243283 ], [ 1981229.804158227751032, 808590.727143457741477 ], [ 1981337.423640856752172, 808662.826460038195364 ], [ 1981451.59187509259209, 808724.030044771381654 ], [ 1981571.209358428837731, 808773.748473679181188 ], [ 1981695.124109111027792, 808811.502931112423539 ], [ 1981822.142760351765901, 808836.929821007186547 ], [ 1981951.042053103912622, 808849.784268514136784 ], [ 1982080.580616715131328, 808849.942478276672773 ], [ 1982209.510924004251137, 808837.402926648501307 ], [ 1982336.591305631911382, 808812.286376366508193 ], [ 1982460.597908054012805, 808774.834713540156372 ], [ 1982580.33647990017198, 808725.408618155284785 ], [ 1982694.653873267583549, 808664.48409052984789 ], [ 1982802.449149166233838, 808592.647867169464007 ], [ 1982902.68418016191572, 808510.591770174796693 ], [ 1982994.393648112425581, 808419.106044616317376 ], [ 1983076.694340707967058, 808319.071748042362742 ], [ 1983121.253306707832962, 808259.144046375411563 ] ] ] } },
{ "type": "Feature", "properties": { "FID": 112, "FeatureTyp": "Sharrows", "Label": "Aquatic Drive", "Fr_St": "Homestead Road", "To_St": "Homestead Park", "Notes": "Markings only on northbound side", "Shape_Leng": 1478.2664538399999, "GlobalID": "c9a1b5e5-a44c-4419-bbf3-8a653606e8a7" }, "geometry": { "type": "Polygon", "coordinates": [ [ [ 1980619.307608498958871, 800886.823461953783408 ], [ 1980565.567254829453304, 800947.611698609543964 ], [ 1980494.693145832978189, 801026.252476983238012 ], [ 1980403.857367506949231, 801138.889227701583877 ], [ 1980325.896211074199528, 801260.791788479313254 ], [ 1980263.142399584176019, 801371.89688122831285 ], [ 1980182.897549331653863, 801540.938415355514735 ], [ 1980140.718827901640907, 801648.957228190498427 ], [ 1980139.188384746201336, 801652.895249972236343 ], [ 1980097.009663336211815, 801761.942932138219476 ], [ 1980056.263494392391294, 801884.906399107654579 ], [ 1980027.766056786291301, 802011.271586333401501 ], [ 1980011.791796420700848, 802139.821527984575368 ], [ 1980008.494554155273363, 802269.318217850290239 ], [ 1980017.906084235059097, 802398.514532017055899 ], [ 1980039.935748480958864, 802526.166239353595302 ], [ 1980074.371389183448628, 802651.043984136776999 ], [ 1980120.881372298346832, 802771.94512541918084 ], [ 1980179.017781262984499, 802887.705319119035266 ], [ 1980248.220730678644031, 802997.209731289884076 ], [ 1980327.823758312501013, 803099.403774581500329 ], [ 1980417.060243492480367, 803193.303264491958544 ], [ 1980515.070790085010231, 803278.00389760278631 ], [ 1980620.91150294826366, 803352.689960514893755 ], [ 1980733.563078159000725, 803416.642185615142807 ], [ 1980851.940619466360658, 803469.244678015820682 ], [ 1980974.904086435679346, 803509.990846959524788 ], [ 1981101.269273661542684, 803538.488284565508366 ], [ 1981229.819215312600136, 803554.462544931215234 ], [ 1981359.315905178198591, 803557.759787196759135 ], [ 1981488.512219344964251, 803548.348257116856985 ], [ 1981616.163926681503654, 803526.318592870957218 ], [ 1981741.041671464685351, 803491.882952168351039 ], [ 1981861.942812747089192, 803445.37296905356925 ], [ 1981977.703006447060034, 803387.236560088815168 ], [ 1982087.207418618025258, 803318.033610673155636 ], [ 1982189.401461909525096, 803238.430583039531484 ], [ 1982283.300951819866896, 803149.19409785955213 ], [ 1982368.001584930811077, 803051.183551267022267 ], [ 1982442.687647843034938, 802945.342838403768837 ], [ 1982506.639872943051159, 802832.691263193031773 ], [ 1982559.242365343729034, 802714.313721885671839 ], [ 1982583.424997836817056, 802651.79262276517693 ], [ 1982669.330982470419258, 802565.204765224945731 ], [ 1982771.814816409954801, 802466.447454086272046 ], [ 1982848.840008278610185, 802385.669718397548422 ], [ 1982918.765635240124539, 802298.673572164028883 ], [ 1982981.09173858189024, 802206.081025986466557 ], [ 1983028.414478591876104, 802128.924684240482748 ], [ 1983087.248871945077553, 802022.246687979553826 ], [ 1983135.99757345020771, 801910.59882714448031 ], [ 1983167.888585770269856, 801827.270253648515791 ], [ 1983209.981438701273873, 801697.584037281922065 ], [ 1983238.471980123082176, 801564.247575528803281 ], [ 1983253.056233699899167, 801428.683485405519605 ], [ 1983257.171382949920371, 801354.613423573435284 ], [ 1983257.587131596403196, 801278.928996582049876 ], [ 1983271.966792456572875, 801163.047952378517948 ], [ 1983275.053072376409546, 801121.898100295569748 ], [ 1983278.455740603152663, 800995.299838289269246 ], [ 1983269.710589359980077, 800868.958157028420828 ], [ 1983248.898117292439565, 800744.036024880013429 ], [ 1983216.209902084199712, 800621.683343337732367 ], [ 1983171.946836994960904, 800503.026362241012976 ], [ 1983116.516361152986065, 800389.157312705996446 ], [ 1983092.854991153115407, 800345.949721948010847 ], [ 1983025.135521181393415, 800235.521745965932496 ], [ 1982946.918304549064487, 800132.263179662637413 ], [ 1982858.956615810282528, 800037.168459478300065 ], [ 1982762.097574112005532, 799951.153399552451447 ], [ 1982657.273984974715859, 799875.046371932723559 ], [ 1982545.495356864063069, 799809.580328899552114 ], [ 1982427.838179073296487, 799755.385744234547019 ], [ 1982305.435554542113096, 799712.984541413956322 ], [ 1982179.466287457384169, 799682.785067199729383 ], [ 1982051.143530722241849, 799665.078159037278965 ], [ 1981921.703102633124217, 799660.034344131709076 ], [ 1981792.391585271339864, 799667.702197177917697 ], [ 1981664.454319238197058, 799688.007872559363022 ], [ 1981539.123410343192518, 799720.755815521930344 ], [ 1981417.605863751843572, 799765.630645472905599 ], [ 1981301.071959865977988, 799822.200193268945441 ], [ 1981190.643983884016052, 799889.919663240667433 ], [ 1981087.385417580604553, 799968.13687987299636 ], [ 1980992.290697396267205, 800056.098568611778319 ], [ 1980906.275637470418587, 800152.9576103099389 ], [ 1980830.168609850807115, 800257.781199447228573 ], [ 1980764.70256681740284, 800369.559827557881363 ], [ 1980710.50798215251416, 800487.21700534876436 ], [ 1980668.106779331807047, 800609.619629879831336 ], [ 1980637.907305117696524, 800735.588896964793094 ], [ 1980620.200396955246106, 800863.911653699702583 ], [ 1980619.307608498958871, 800886.823461953783408 ] ] ] } },
{ "type": "Feature", "properties": { "FID": 113, "FeatureTyp": "Unpaved Greenway", "Label": "TM THE PUMPKIN LOOP TRAIL", "Fr_St": " ", "To_St": " ", "Notes": " ", "Shape_Leng": 6701.6670318099996, "GlobalID": "d8604887-7402-4803-965a-ad1a9df97f9d" }, "geometry": { "type": "Polygon", "coordinates": [ [ [ 1978224.925522937672213, 796689.257946170982905 ], [ 1978223.790637718513608, 796699.781514387461357 ], [ 1978223.583945218473673, 796704.753617313457653 ], [ 1978223.286493008723482, 796712.450010184431449 ], [ 1978222.715299928560853, 796728.437839094433002 ], [ 1978221.876641624839976, 796772.771515812491998 ], [ 1978221.865486794849858, 796778.038565646507777 ], [ 1978225.716977631207556, 796881.635384246124886 ], [ 1978229.806253240909427, 796916.815966654103249 ], [ 1978217.186949830269441, 796929.490862274658866 ], [ 1978135.228770270943642, 797029.805972283356823 ], [ 1978063.497841962613165, 797137.67134400550276 ], [ 1978002.684972956776619, 797252.048174946103245 ], [ 1977953.375824426067993, 797371.834953698562458 ], [ 1977916.045270425500348, 797495.878068101359531 ], [ 1977891.052824597340077, 797622.982915153843351 ], [ 1977878.639177856966853, 797751.925405696500093 ], [ 1977878.923880408750847, 797881.463753058109432 ], [ 1977891.904190411325544, 798010.350432140869088 ], [ 1977917.455100383609533, 798137.344193768454716 ], [ 1977955.330541094997898, 798261.222018594504334 ], [ 1978005.1657513466198, 798380.790895447600633 ], [ 1978066.480790821136907, 798494.899310680455528 ], [ 1978138.685162170091644, 798602.448337876587175 ], [ 1978221.083497826708481, 798702.402221111697145 ], [ 1978312.882256774697453, 798793.798349849763326 ], [ 1978413.19736678339541, 798875.756529409089126 ], [ 1978521.062738505424932, 798947.487457717419602 ], [ 1978635.439569446025416, 799008.300326723139733 ], [ 1978755.226348198484629, 799057.60947525408119 ], [ 1978803.696960408240557, 799072.1966195324203 ], [ 1978784.897608541883528, 799067.768876874120906 ], [ 1978858.291846598498523, 799088.62685314018745 ], [ 1978879.269462601281703, 799094.940029254532419 ], [ 1978883.284065823769197, 799095.729414993082173 ], [ 1978898.778421501861885, 799100.132770236581564 ], [ 1978927.663098812801763, 799105.603175324969925 ], [ 1978981.398957919562235, 799119.980675242491998 ], [ 1978987.186347919516265, 799121.123717583483085 ], [ 1979099.934147460618988, 799138.369024814339355 ], [ 1979213.749784055864438, 799145.816694871289656 ], [ 1979270.197514337021858, 799144.625913183554076 ], [ 1979271.27762141241692, 799144.709637644118629 ], [ 1979276.6880436623469, 799144.912065061158501 ], [ 1979406.479936443036422, 799143.381755548878573 ], [ 1979496.057002081535757, 799133.47350634180475 ], [ 1979496.131017230916768, 799134.054191202973016 ], [ 1979516.604401490883902, 799131.44461637805216 ], [ 1979520.062633546767756, 799130.818208613083698 ], [ 1979535.49401313951239, 799129.111321325297467 ], [ 1979571.200454990379512, 799121.555345994536765 ], [ 1979652.699786711251363, 799106.79294329683762 ], [ 1979658.902858291286975, 799105.330019710818306 ], [ 1979780.183549814857543, 799070.531643764465116 ], [ 1979884.842565214727074, 799029.33012555190362 ], [ 1979900.09857364371419, 799024.469308423227631 ], [ 1979904.752763803815469, 799022.645821245270781 ], [ 1980012.257904153317213, 798974.896521740825847 ], [ 1980104.762695419136435, 798923.501131361117586 ], [ 1980107.343402003869414, 798922.263459133566357 ], [ 1980110.213963160291314, 798920.472423012251966 ], [ 1980115.085196359548718, 798917.765980151481926 ], [ 1980129.291204689536244, 798909.022887406521477 ], [ 1980153.321711378870532, 798893.576102062594146 ], [ 1980231.193563869921491, 798844.989329983247444 ], [ 1980251.492407789919525, 798830.706550141214393 ], [ 1980340.776746636023745, 798762.005654231179506 ], [ 1980423.877916670404375, 798685.941853373544291 ], [ 1980443.816525100497529, 798666.062956123612821 ], [ 1980517.734122110763565, 798586.017011016607285 ], [ 1980521.497201269725338, 798581.19875291408971 ], [ 1980535.395925459684804, 798593.834544237470254 ], [ 1980639.324366202112287, 798671.159467112040147 ], [ 1980750.33153091231361, 798737.92528078739997 ], [ 1980867.348359911236912, 798793.488993979990482 ], [ 1980989.247917168075219, 798837.315497757634148 ], [ 1981114.856243308866397, 798868.982718930696137 ], [ 1981242.963661488611251, 798888.185684848460369 ], [ 1981372.336427239701152, 798894.739460451644845 ], [ 1981501.728610105346888, 798888.580929298535921 ], [ 1981629.894092631759122, 798869.769401410710998 ], [ 1981755.598571160109714, 798838.486042085220106 ], [ 1981877.631442844634876, 798795.032127173384652 ], [ 1981994.817464421270415, 798739.826141630415805 ], [ 1982106.028070441680029, 798673.399749275646172 ], [ 1982210.192241976270452, 798596.392672579735518 ], [ 1982306.306821111124009, 798509.546531787724234 ], [ 1982393.446171907475218, 798413.69770271028392 ], [ 1982416.084906157571822, 798386.198085804353468 ], [ 1982486.202915623318404, 798292.907657104544342 ], [ 1982547.806996874511242, 798193.78865533566568 ], [ 1982600.415615608682856, 798089.615853830822743 ], [ 1982640.111985014518723, 797990.00051032716874 ], [ 1982732.319929157849401, 797969.646309583098628 ], [ 1982855.467426211340353, 797929.459763797000051 ], [ 1982974.082964109024033, 797877.396161713055335 ], [ 1983087.024210379226133, 797813.95690428011585 ], [ 1983193.203479080693796, 797739.752946226857603 ], [ 1983291.598205812042579, 797655.498912233160809 ], [ 1983381.260795566719025, 797562.006214704480954 ], [ 1983461.327748591080308, 797460.175239426200278 ], [ 1983531.027976358309388, 797350.986674356856383 ], [ 1983589.69022757303901, 797235.492065066471696 ], [ 1983636.749552688095719, 797114.803687778301537 ], [ 1983671.752744677476585, 796990.08383754058741 ], [ 1983694.362703667255118, 796862.53363469010219 ], [ 1983704.361683392664418, 796733.381457406212576 ], [ 1983701.653388212900609, 796603.871111757820472 ], [ 1983686.263900491409004, 796475.249853171291761 ], [ 1983674.469760592328385, 796421.820420755422674 ], [ 1983676.950131033780053, 796426.046407245681621 ], [ 1983667.016948875272647, 796388.057933338568546 ], [ 1983658.341429407242686, 796348.756374678225257 ], [ 1983650.285046713193879, 796324.068426394136623 ], [ 1983642.350478294072673, 796293.723453298560344 ], [ 1983627.3846774850972, 796253.892622605431825 ], [ 1983618.154883621027693, 796225.60887762485072 ], [ 1983608.449015971738845, 796203.496179580222815 ], [ 1983594.244335894938558, 796165.691038752556778 ], [ 1983574.482025136705488, 796126.109815068542957 ], [ 1983566.091281537199393, 796106.993339727050625 ], [ 1983555.707709499169141, 796088.507411389262415 ], [ 1983533.148173968307674, 796043.323726496193558 ], [ 1983509.113929934101179, 796005.556258657132275 ], [ 1983502.652024104259908, 795994.052093456732109 ], [ 1983493.043516858713701, 795980.303173595573753 ], [ 1983459.717924194410443, 795927.935258575249463 ], [ 1983432.131874765269458, 795893.144027607282624 ], [ 1983428.448066051118076, 795887.872824755380861 ], [ 1983421.750828850548714, 795880.051563351415098 ], [ 1983374.741937684128061, 795820.764451787108555 ], [ 1983344.454389865277335, 795789.782152728061192 ], [ 1983344.194032057421282, 795789.478098024148494 ], [ 1983343.603711707750335, 795788.911961280391552 ], [ 1983279.132521199062467, 795722.961897677392699 ], [ 1983173.916142576606944, 795635.577609727159142 ], [ 1983171.212735916720703, 795633.55956914415583 ], [ 1983078.658915187697858, 795570.4044117431622 ], [ 1982981.08244905481115, 795515.326132041634992 ], [ 1982879.18642028933391, 795468.721594068570994 ], [ 1982863.301609529182315, 795462.256711992551573 ], [ 1982845.830889225006104, 795455.824252143851481 ], [ 1982812.946544299134985, 795433.483546059578657 ], [ 1982765.688254725653678, 795401.328786885249428 ], [ 1982745.914161066524684, 795388.133320501307026 ], [ 1982693.525486316531897, 795353.851564920274541 ], [ 1982676.919576957123354, 795343.161658355384134 ], [ 1982625.004326467169449, 795310.288364523439668 ], [ 1982596.43412404297851, 795292.702029289212078 ], [ 1982546.086783783044666, 795262.586275862180628 ], [ 1982490.268802044214681, 795231.013380030868575 ], [ 1982433.948704714188352, 795200.938308948883787 ], [ 1982395.983571630902588, 795181.446908081648871 ], [ 1982339.341296460712329, 795153.514221171615645 ], [ 1982270.22665456472896, 795121.871227837982588 ], [ 1982245.464539020089433, 795111.3858588244766 ], [ 1982244.354224146343768, 795110.607744141947478 ], [ 1982199.457601333269849, 795049.013326150481589 ], [ 1982166.904188743093982, 795009.149888825486414 ], [ 1982083.627395271323621, 794916.469957839348353 ], [ 1981991.983079764759168, 794832.054832572001033 ], [ 1981955.273507504956797, 794801.313424238935113 ], [ 1981852.670484739821404, 794723.578105831169523 ], [ 1981811.26439957972616, 794695.27566898718942 ], [ 1981781.893189548049122, 794675.769850797951221 ], [ 1981734.435607298044488, 794645.158035389962606 ], [ 1981660.060419427230954, 794600.5728538564872 ], [ 1981646.498893580865115, 794593.037366641801782 ], [ 1981635.088317700428888, 794585.719659543596208 ], [ 1981598.069499796023592, 794562.831547916634008 ], [ 1981549.111592466011643, 794533.666251912596636 ], [ 1981450.875913701253012, 794480.639722784166224 ], [ 1981348.511046634521335, 794436.103272945736535 ], [ 1981297.4776841243729, 794416.422209949698299 ], [ 1981203.407446297816932, 794384.15912395878695 ], [ 1981107.175204550148919, 794359.069843167904764 ], [ 1981060.044393310323358, 794348.661071324953809 ], [ 1980997.224040760425851, 794336.376693743281066 ], [ 1980947.54172542039305, 794327.906566340243444 ], [ 1980930.042888149153441, 794325.044074170757085 ], [ 1980882.076120569137856, 794317.528013072791509 ], [ 1980738.035541919525713, 794302.993710673064925 ], [ 1980690.54876024951227, 794300.822127095074393 ], [ 1980580.696180371567607, 794300.374448106158525 ], [ 1980471.186793061438948, 794309.06259021430742 ], [ 1980454.136279767146334, 794311.132271577254869 ], [ 1980422.449289157986641, 794314.978527043596841 ], [ 1980378.783947120420635, 794321.020197753561661 ], [ 1980332.548475290415809, 794328.206207012524828 ], [ 1980284.204953919164836, 794336.643031434505247 ], [ 1980240.892048419220373, 794345.034418851486407 ], [ 1980145.322922586463392, 794367.264502284466289 ], [ 1980105.649773576296866, 794378.06172477954533 ], [ 1980104.095958066405728, 794378.485620850813575 ], [ 1980082.835769474506378, 794384.299546236405149 ], [ 1980058.243816240690649, 794390.539014389156364 ], [ 1980058.318067987915128, 794390.83166681532748 ], [ 1979974.198427078546956, 794412.383146745618433 ], [ 1979860.580455199116841, 794452.85674176493194 ], [ 1979794.863176026614383, 794483.284016215009615 ], [ 1979689.067727928049862, 794521.965769879869185 ], [ 1979648.270707660820335, 794539.516266187420115 ], [ 1979615.220891277771443, 794553.273396710981615 ], [ 1979516.997106473892927, 794598.974902258371003 ], [ 1979422.851795732742175, 794652.577140793087892 ], [ 1979399.03983548283577, 794667.460641205077991 ], [ 1979315.382273086346686, 794726.470987840788439 ], [ 1979315.17999367765151, 794726.183528309338726 ], [ 1979298.542231667786837, 794737.891182055347599 ], [ 1979293.125443218741566, 794742.170503914006986 ], [ 1979278.946244969032705, 794752.172222584369592 ], [ 1979255.087040718877688, 794771.075728089315817 ], [ 1979255.645244383485988, 794771.780269119888544 ], [ 1979183.777031580451876, 794828.556939815054648 ], [ 1979084.575035080313683, 794926.59132198500447 ], [ 1979075.868828191887587, 794932.430034838616848 ], [ 1979069.60412152367644, 794936.831781343673356 ], [ 1979048.782686839345843, 794949.772317331633531 ], [ 1978954.081076881615445, 795021.162208309047855 ], [ 1978866.169248962309211, 795100.76385385892354 ], [ 1978817.66389382421039, 795153.345946762827225 ], [ 1978742.845509680686519, 795233.486884134821594 ], [ 1978739.878980180714279, 795237.06364862981718 ], [ 1978666.476431236835197, 795339.939360226038843 ], [ 1978657.614654331933707, 795351.332941030967049 ], [ 1978652.761164518306032, 795359.161687565967441 ], [ 1978628.544198241084814, 795393.102438593399711 ], [ 1978625.939872751012444, 795397.378348672413267 ], [ 1978610.624095352599397, 795427.129365855595097 ], [ 1978583.865217903396115, 795470.291807142435573 ], [ 1978581.332414573524147, 795474.906955403392203 ], [ 1978514.947653047507629, 795614.732627230114304 ], [ 1978498.155072474386543, 795664.417053627548739 ], [ 1978494.350280636688694, 795674.468613305944018 ], [ 1978485.380418476881459, 795694.290116471936926 ], [ 1978475.524795146891847, 795716.838955891900696 ], [ 1978428.922578630736098, 795844.058801322244108 ], [ 1978417.541436720173806, 795868.830886738025583 ], [ 1978375.744299583137035, 795989.259759837063029 ], [ 1978345.758641076972708, 796113.158809198648669 ], [ 1978343.384800196159631, 796129.901989436126314 ], [ 1978325.309233161853626, 796172.901611735811457 ], [ 1978323.233449911698699, 796178.182112996815704 ], [ 1978273.786673226393759, 796330.529741042526439 ], [ 1978272.415284886490554, 796335.831239619525149 ], [ 1978271.001590143423527, 796341.34529634588398 ], [ 1978268.659075143514201, 796350.564766101888381 ], [ 1978245.977517077466473, 796458.565762639162131 ], [ 1978242.763940837467089, 796477.842298880103044 ], [ 1978230.260425841202959, 796574.906934527331032 ], [ 1978225.5454179153312, 796662.213980724220164 ], [ 1978225.435982631286606, 796662.209889301448129 ], [ 1978225.207308541284874, 796668.326346882502548 ], [ 1978225.205367045942694, 796668.51064818026498 ], [ 1978224.982838073279709, 796672.631181508069858 ], [ 1978224.702326813247055, 796689.254179761046544 ], [ 1978224.925522937672213, 796689.257946170982905 ] ] ] } },
{ "type": "Feature", "properties": { "FID": 114, "FeatureTyp": "Unpaved Greenway", "Label": "TM THE PUMPKIN LOOP TRAIL", "Fr_St": " ", "To_St": " ", "Notes": " ", "Shape_Leng": 1497.4005982199999, "GlobalID": "2c8004f1-2542-4604-b385-48fc022f7be0" }, "geometry": { "type": "Polygon", "coordinates": [ [ [ 1979041.157827601302415, 798876.695097376941703 ], [ 1979036.319874927168712, 798908.313306547119282 ], [ 1979032.649934767046943, 798943.539942137198523 ], [ 1979025.735603537177667, 799102.789617760805413 ], [ 1979038.067170162685215, 799261.711610031081364 ], [ 1979042.891307492740452, 799296.483850192977116 ], [ 1979067.84669709391892, 799427.401255537872203 ], [ 1979072.714469513855875, 799447.391044963966124 ], [ 1979082.887223893078044, 799484.014255095622502 ], [ 1979085.490174658130854, 799495.350934339221567 ], [ 1979087.170617487980053, 799502.17670808522962 ], [ 1979093.12926590256393, 799525.46449504699558 ], [ 1979094.830706072738394, 799531.870650216005743 ], [ 1979126.277155321789905, 799633.554230650071986 ], [ 1979165.813728412846103, 799732.373707922874019 ], [ 1979168.200534662697464, 799737.705390172777697 ], [ 1979238.893752298085019, 799873.813728322973475 ], [ 1979324.897633105283603, 800000.803268127492629 ], [ 1979328.809370675357059, 800005.912509881542064 ], [ 1979410.619599707657471, 800102.753481769002974 ], [ 1979501.342342857271433, 800191.299917529104277 ], [ 1979505.458804447203875, 800194.948532278067432 ], [ 1979621.801866596564651, 800286.93476044642739 ], [ 1979626.556778346654028, 800290.277929614414461 ], [ 1979751.45302817877382, 800368.06723227573093 ], [ 1979884.231012173462659, 800431.47271939588245 ], [ 1979888.030545263318345, 800433.033411809941754 ], [ 1980001.826858762884513, 800470.894485808792524 ], [ 1980044.396999141899869, 800487.536580331041478 ], [ 1980138.2576500531286, 800516.392027387977578 ], [ 1980140.247147382935509, 800516.923522392986342 ], [ 1980266.886612302623689, 800544.176236342638731 ], [ 1980395.587506671901792, 800558.884882821352221 ], [ 1980525.110370523529127, 800560.907809523050673 ], [ 1980654.207827873760834, 800550.225534557714127 ], [ 1980781.636599636636674, 800526.940934072830714 ], [ 1980906.169477080227807, 800491.278251499752514 ], [ 1981026.607140518492088, 800443.580937966820784 ], [ 1981141.789709414355457, 800384.308344677323475 ], [ 1981250.607912664301693, 800314.031299106427468 ], [ 1981352.013771485071629, 800233.426607620203868 ], [ 1981445.030692021595314, 800143.270537460688502 ], [ 1981528.7628704814706, 800044.431340868002735 ], [ 1981602.403920213226229, 799937.860893336124718 ], [ 1981665.244637651601806, 799824.585526532260701 ], [ 1981716.679832335561514, 799705.696144161280245 ], [ 1981756.214155222754925, 799582.337715966859832 ], [ 1981783.466869172407314, 799455.698251047404483 ], [ 1981798.17551565123722, 799326.997356677893549 ], [ 1981800.198442352935672, 799197.474492826499045 ], [ 1981789.516167387599126, 799068.377035476267338 ], [ 1981766.231566902715713, 798940.948263713391498 ], [ 1981736.979323182022199, 798838.800421223626472 ], [ 1981751.037491512252018, 798823.296322538051754 ], [ 1981828.225947880418971, 798719.266486931941472 ], [ 1981894.846013738308102, 798608.171791658853181 ], [ 1981950.256101433420554, 798491.082139364792965 ], [ 1981993.922581531340256, 798369.125167409190908 ], [ 1982025.42492195777595, 798243.475388100254349 ], [ 1982044.459737953962758, 798115.342877499992028 ], [ 1982050.843713835813105, 797985.961621729773469 ], [ 1982044.515368426218629, 797856.577633009757847 ], [ 1982025.535647150594741, 797728.436949879745953 ], [ 1981994.087335100397468, 797602.773637167061679 ], [ 1981950.473296711919829, 797480.797901267767884 ], [ 1981895.113559016725048, 797363.684435197268613 ], [ 1981828.54126655170694, 797252.561105654458515 ], [ 1981751.39754688530229, 797148.498091049143113 ], [ 1981664.425336208660156, 797052.497575098532252 ], [ 1981568.462224455084652, 796965.484095250605606 ], [ 1981464.432388848857954, 796888.295638882438652 ], [ 1981353.337693575769663, 796821.675573024549522 ], [ 1981236.248041281709448, 796766.265485329320654 ], [ 1981114.291069325990975, 796722.599005231517367 ], [ 1980988.641290017170832, 796691.096664804965258 ], [ 1980860.508779417024925, 796672.061848809011281 ], [ 1980731.127523646689951, 796665.677872927044518 ], [ 1980601.743534926790744, 796672.006218336638995 ], [ 1980473.602851796662435, 796690.985939612262882 ], [ 1980347.939539083978161, 796722.434251662460156 ], [ 1980225.963803184684366, 796766.048290050937794 ], [ 1980108.850337114185095, 796821.408027746132575 ], [ 1979997.727007571374997, 796887.980320211150683 ], [ 1979918.49448916176334, 796946.716761893592775 ], [ 1979918.111248553264886, 796946.223319049808197 ], [ 1979907.18607354327105, 796954.708538305829279 ], [ 1979903.349132688017562, 796957.94427762995474 ], [ 1979893.663992966059595, 796965.124039877671748 ], [ 1979877.894809997174889, 796979.410220423596911 ], [ 1979825.980556822614744, 797023.190147406770848 ], [ 1979750.544558016117662, 797097.979697579168715 ], [ 1979737.813284276053309, 797111.660772585193627 ], [ 1979717.963568405248225, 797133.475026390631683 ], [ 1979712.835428587393835, 797139.238764149602503 ], [ 1979700.433122815797105, 797152.663067018613219 ], [ 1979644.956268811365589, 797218.922001360333525 ], [ 1979638.918483152752742, 797224.972112652729265 ], [ 1979565.797026568558067, 797312.106840299325995 ], [ 1979551.947015458252281, 797331.840032517560758 ], [ 1979546.80072066700086, 797337.715807500761002 ], [ 1979476.750509188277647, 797433.975204908056185 ], [ 1979415.657941846642643, 797536.154468621709384 ], [ 1979398.320050006732345, 797568.367330695735291 ], [ 1979342.168224841123447, 797686.337157730362378 ], [ 1979330.233649732312188, 797719.522416213992983 ], [ 1979327.512878824723884, 797724.026359028648585 ], [ 1979304.171390074770898, 797768.076795868691988 ], [ 1979256.133038374828175, 797868.811987046501599 ], [ 1979218.80043587484397, 797956.453215960529633 ], [ 1979211.014690204290673, 797977.392535594059154 ], [ 1979172.519593948265538, 798045.276965126977302 ], [ 1979117.7890451150015, 798170.396955098374747 ], [ 1979076.278939612908289, 798300.502127967192791 ], [ 1979048.433596733957529, 798434.19985325075686 ], [ 1979041.536300813779235, 798478.755538427853025 ], [ 1979028.041019646683708, 798607.294774362817407 ], [ 1979027.181054218905047, 798736.537639728747308 ], [ 1979038.964649053523317, 798865.245078058214858 ], [ 1979041.157827601302415, 798876.695097376941703 ] ], [ [ 1980965.149382669478655, 798014.627992877969518 ], [ 1980955.456574951764196, 798010.434586855815724 ], [ 1980965.507862462894991, 798013.744043512968346 ], [ 1980965.149382669478655, 798014.627992877969518 ] ] ] } },
{ "type": "Feature", "properties": { "FID": 115, "FeatureTyp": "Unpaved Greenway", "Label": "TM THE VINE TRAIL", "Fr_St": " ", "To_St": " ", "Notes": " ", "Shape_Leng": 5389.8348126700002, "GlobalID": "42214d3c-1a3b-4d8b-8add-3c0d46c032d5" }, "geometry": { "type": "Polygon", "coordinates": [ [ [ 1976427.385906884912401, 795776.766878736554645 ], [ 1976424.967013145098463, 795837.155084942351095 ], [ 1976424.982433075085282, 795841.664590348256752 ], [ 1976425.08463775087148, 795854.185673601110466 ], [ 1976425.149926320882514, 795859.244390524108894 ], [ 1976428.799055726034567, 795926.625003422610462 ], [ 1976428.78676627157256, 795941.866112531046383 ], [ 1976430.589893035124987, 795959.692538742558099 ], [ 1976431.029998451704159, 795967.819017530418932 ], [ 1976431.978487371699885, 795977.741241783485748 ], [ 1976434.441343644168228, 795997.769506748998538 ], [ 1976442.279070008313283, 796075.256377619691193 ], [ 1976443.05301858833991, 796080.321984287700616 ], [ 1976471.574105767067522, 796217.654953047051094 ], [ 1976478.777749440632761, 796240.060178601299413 ], [ 1976493.118335197912529, 796309.910264955367893 ], [ 1976495.484757070895284, 796317.861672579194419 ], [ 1976495.619390890700743, 796338.970885021728463 ], [ 1976495.708301490638405, 796344.375073699746281 ], [ 1976499.657871595118195, 796400.457619286025874 ], [ 1976499.008053086232394, 796400.487882295972668 ], [ 1976499.257396416040137, 796405.841874206904322 ], [ 1976502.990442218724638, 796461.059772038133815 ], [ 1976504.422525978880003, 796477.205080965184607 ], [ 1976505.774046569364145, 796486.797032549278811 ], [ 1976507.741122549865395, 796502.557890359894373 ], [ 1976507.990391895873472, 796502.526779633015394 ], [ 1976511.575023758225143, 796527.967468819348142 ], [ 1976511.719992755213752, 796536.623033737414517 ], [ 1976517.758997238008305, 796589.481566033326089 ], [ 1976520.281924252398312, 796638.186054826481268 ], [ 1976520.879364002263173, 796643.533813164453022 ], [ 1976537.467755399877205, 796751.391130767995492 ], [ 1976562.908494238508865, 796857.50967060518451 ], [ 1976597.027706621913239, 796961.164168993476778 ], [ 1976601.821660302113742, 796973.925954485544935 ], [ 1976633.150408345041797, 797050.029150293325074 ], [ 1976639.85511934501119, 797064.974658461287618 ], [ 1976678.972109850961715, 797144.850184048060328 ], [ 1976681.60333818080835, 797149.79407180310227 ], [ 1976721.66534975823015, 797216.784429327817634 ], [ 1976729.252142862416804, 797236.749233014765196 ], [ 1976784.906149227870628, 797349.516547757084481 ], [ 1976815.916343566263095, 797399.671113049029373 ], [ 1976822.835888979025185, 797424.868216733215377 ], [ 1976824.559966889210045, 797429.838679219130427 ], [ 1976874.701140441466123, 797553.742992309038527 ], [ 1976885.248599969781935, 797573.717285622726195 ], [ 1976886.099433766677976, 797585.20876771537587 ], [ 1976886.630600696662441, 797589.705805960344151 ], [ 1976892.825216897530481, 797635.311246170662344 ], [ 1976894.192012047627941, 797644.207881926675327 ], [ 1976895.298075427766889, 797651.279583654366434 ], [ 1976895.924058427801356, 797655.211990482290275 ], [ 1976896.518588270526379, 797658.912954651983455 ], [ 1976898.670486860442907, 797672.188190573011525 ], [ 1976899.435534895397723, 797672.064177275053225 ], [ 1976906.264394449768588, 797719.834913329454139 ], [ 1976907.104615869931877, 797724.21482582448516 ], [ 1976925.538059489335865, 797806.13048862083815 ], [ 1976928.322502739261836, 797816.893590452848002 ], [ 1976959.478633496910334, 797919.831991598242894 ], [ 1976998.911531833000481, 798019.892300627194345 ], [ 1977000.711725082946941, 798023.96545521018561 ], [ 1977024.26021228521131, 798073.504748431150801 ], [ 1977026.142254459206015, 798078.131731485715136 ], [ 1977034.461135459365323, 798095.835436245775782 ], [ 1977048.533814280526713, 798122.479909020359628 ], [ 1977050.472407522145659, 798127.103464849875309 ], [ 1977052.952061362098902, 798132.255357437883504 ], [ 1977104.894722779281437, 798229.55040982819628 ], [ 1977128.670243106549606, 798266.322829257464036 ], [ 1977130.93432561471127, 798270.336922504124232 ], [ 1977140.432338104816154, 798285.864122428116389 ], [ 1977140.73740108939819, 798285.677514923154376 ], [ 1977152.313208102248609, 798306.066725696786307 ], [ 1977220.642402021447197, 798404.431443274952471 ], [ 1977229.014432511292398, 798415.387130022863857 ], [ 1977265.480917238863185, 798459.683045962476172 ], [ 1977288.479038931895047, 798491.50501831015572 ], [ 1977299.552377735031769, 798504.166308489395306 ], [ 1977310.637899198336527, 798519.662452724180184 ], [ 1977399.39324461761862, 798620.313516842667013 ], [ 1977497.909141900017858, 798711.433031938737258 ], [ 1977519.942749516572803, 798727.999841700540856 ], [ 1977577.234930594684556, 798777.817066580289975 ], [ 1977688.241467496613041, 798855.876976045430638 ], [ 1977697.758508826605976, 798861.86285646550823 ], [ 1977859.125234720529988, 798948.356973395799287 ], [ 1977864.170500230509788, 798950.625997722730972 ], [ 1977976.97658100980334, 798995.246548463241197 ], [ 1977985.943338531302288, 798998.324880858068354 ], [ 1977994.502419904340059, 799001.729824553709477 ], [ 1978112.058366756187752, 799036.268826623330824 ], [ 1978232.310408592224121, 799059.759031783905812 ], [ 1978246.04824200225994, 799061.785930614802055 ], [ 1978373.506533571751788, 799074.310976373497397 ], [ 1978501.578700122889131, 799074.425063747563399 ], [ 1978507.015040962956846, 799074.165877926629037 ], [ 1978527.381176694994792, 799073.037116352468729 ], [ 1978545.977596194949001, 799071.862249929457903 ], [ 1978545.965121098328382, 799071.664787371410057 ], [ 1978631.025765697471797, 799065.834730102797039 ], [ 1978635.382384277414531, 799065.351135267759673 ], [ 1978719.707056650426239, 799052.610373279894702 ], [ 1978737.330485160695389, 799050.33692124299705 ], [ 1978844.300120850093663, 799085.752101084333844 ], [ 1978970.672780396416783, 799114.216384175582789 ], [ 1979099.226908676093444, 799130.156917259213515 ], [ 1979228.724459158722311, 799133.420184287475422 ], [ 1979357.918299642857164, 799123.974758215015754 ], [ 1979485.564222820103168, 799101.911603658343665 ], [ 1979610.432928671594709, 799067.443200856796466 ], [ 1979731.321863300167024, 799020.90149937174283 ], [ 1979847.06680018035695, 798962.73472123069223 ], [ 1979956.553052297560498, 798893.50304430432152 ], [ 1980058.726207192754373, 798813.873207487398759 ], [ 1980152.60228153062053, 798724.612089638481848 ], [ 1980237.277197397546843, 798626.579324117628857 ], [ 1980311.935489065479487, 798520.719020046875812 ], [ 1980375.858156373491511, 798408.050670023658313 ], [ 1980428.429589091567323, 798289.659331849310547 ], [ 1980469.143495584372431, 798166.685178829939105 ], [ 1980497.607778675621375, 798040.312519283615984 ], [ 1980513.548311759252101, 797911.758391003939323 ], [ 1980516.811578787397593, 797782.260840521194041 ], [ 1980507.366152714937925, 797653.067000037059188 ], [ 1980485.302998158382252, 797525.421076859929599 ], [ 1980450.834595356835052, 797400.552371008438058 ], [ 1980404.292893871665001, 797279.663436379982159 ], [ 1980346.126115730730817, 797163.918499499675818 ], [ 1980276.894438804360107, 797054.432247382355854 ], [ 1980197.26460198732093, 796952.259092487161979 ], [ 1980108.003484138520434, 796858.383018149295822 ], [ 1980105.557622888591141, 796856.051329894340597 ], [ 1980020.49790124152787, 796781.645865636877716 ], [ 1979929.385611654259264, 796714.788704134174623 ], [ 1979924.963048324221745, 796711.826111637172289 ], [ 1979813.921508896164596, 796645.093431090470403 ], [ 1979809.202358226059005, 796642.563908596406691 ], [ 1979790.424756769090891, 796633.504335464094765 ], [ 1979737.755790334893391, 796600.422601590980776 ], [ 1979734.261578345438465, 796598.441735866945237 ], [ 1979701.308674488216639, 796575.897770881070755 ], [ 1979695.754551728256047, 796572.576911373995245 ], [ 1979594.10496659274213, 796517.689412620035 ], [ 1979488.045695755630732, 796471.899602103163488 ], [ 1979378.389061420457438, 796435.558190133655444 ], [ 1979362.820194930303842, 796431.144485052675009 ], [ 1979351.795347549254075, 796428.070564601570368 ], [ 1979345.86556937918067, 796426.444911692640744 ], [ 1979341.339549033436924, 796425.435714401071891 ], [ 1979326.269953117938712, 796398.558968781260774 ], [ 1979318.123972027795389, 796385.920870705274865 ], [ 1979280.246619505109265, 796330.320486713433638 ], [ 1979277.6665721652098, 796326.733223546412773 ], [ 1979199.739842681214213, 796230.420625129248947 ], [ 1979179.869335843017325, 796190.927277071168646 ], [ 1979166.62804434937425, 796170.069899107678793 ], [ 1979163.461027892539278, 796163.886320117744617 ], [ 1979152.673293195432052, 796145.577586819883436 ], [ 1979147.920762247173116, 796133.654936074279249 ], [ 1979145.993272667052224, 796128.974499254254624 ], [ 1979145.147531720809639, 796129.322790861246176 ], [ 1979143.30248898989521, 796124.7288179557072 ], [ 1979143.388011706760153, 796108.242709296988323 ], [ 1979143.004810376791283, 796098.511429536971264 ], [ 1979138.860491907224059, 796033.775678234291263 ], [ 1979137.690546737285331, 796020.591321410378441 ], [ 1979137.412591362604871, 796018.302014231448993 ], [ 1979137.154594116145745, 796014.625533801037818 ], [ 1979136.797311366070062, 796010.097655724966899 ], [ 1979132.328244845848531, 795973.774478983599693 ], [ 1979158.937391316751018, 795855.358054382959381 ], [ 1979174.65870446478948, 795732.119428723235615 ], [ 1979175.974627324845642, 795691.926872247364372 ], [ 1979186.68890955997631, 795653.056003478588536 ], [ 1979187.179635968292132, 795652.598143220762722 ], [ 1979187.46301034046337, 795652.930794174317271 ], [ 1979209.112573330290616, 795634.488245750428177 ], [ 1979214.993889799341559, 795629.448295087786391 ], [ 1979219.039157309336588, 795625.961097345687449 ], [ 1979315.656452955678105, 795533.752227499731816 ], [ 1979402.46152068907395, 795432.252189509337768 ], [ 1979404.831922779092565, 795429.178376756375656 ], [ 1979424.999589340994135, 795402.326478541363031 ], [ 1979432.720374420983717, 795391.769741118419915 ], [ 1979474.791187675669789, 795330.718401690945029 ], [ 1979477.139280095696449, 795327.09734595392365 ], [ 1979539.502111737150699, 795220.273785860976204 ], [ 1979591.591887296410277, 795108.081758321262896 ], [ 1979632.951195053057745, 794991.506446084356867 ], [ 1979663.216849873540923, 794871.571522481739521 ], [ 1979682.12308241869323, 794749.330162328085862 ], [ 1979689.503872922388837, 794625.855793761904351 ], [ 1979685.294409047579393, 794502.232672238606028 ], [ 1979669.531655018217862, 794379.546359445899725 ], [ 1979644.061161532765254, 794266.454087827936746 ], [ 1979677.7593069516588, 794136.88535902230069 ], [ 1979697.452464891131967, 794008.178559057181701 ], [ 1979698.903034050483257, 793998.913466825266369 ], [ 1979706.299208912998438, 793869.586125979898497 ], [ 1979700.98347305576317, 793740.156579720089212 ], [ 1979683.007019921205938, 793611.871305329608731 ], [ 1979652.542972579831257, 793485.965760128805414 ], [ 1979609.884716460946947, 793363.652483344892971 ], [ 1979555.443073890171945, 793246.109418696607463 ], [ 1979489.74234764627181, 793134.46857015194837 ], [ 1979413.415271638892591, 793029.805100111523643 ], [ 1979327.196917334571481, 792933.126975006889552 ], [ 1979231.917614616686478, 792845.36525803222321 ], [ 1979128.494955255882815, 792767.365142497466877 ], [ 1979017.924955997848883, 792699.877812154474668 ], [ 1978901.272466379450634, 792643.553206886746921 ], [ 1978779.660913644358516, 792598.933763433131389 ], [ 1978654.261483525158837, 792566.449191425694153 ], [ 1978526.281841084128246, 792546.412335050641559 ], [ 1978396.95450023887679, 792539.016160188126378 ], [ 1978267.524953979067504, 792544.331896045128815 ], [ 1978139.239679588470608, 792562.308349179686047 ], [ 1978013.334134387783706, 792592.772396521060728 ], [ 1977891.020857603987679, 792635.430652640061453 ], [ 1977773.47779295546934, 792689.872295210836455 ], [ 1977661.836944410810247, 792755.573021454620175 ], [ 1977557.173474370501935, 792831.900097461999394 ], [ 1977460.495349265867844, 792918.11845176643692 ], [ 1977372.733632291201502, 793013.397754484205507 ], [ 1977294.733516756445169, 793116.820413845242001 ], [ 1977227.246186413336545, 793227.390413103159517 ], [ 1977203.986301492666826, 793275.563382471329533 ], [ 1977186.434000082081184, 793307.899263131082989 ], [ 1977184.198112152051181, 793312.506865474046208 ], [ 1977155.469743162626401, 793375.913089846726507 ], [ 1977143.036369082750753, 793405.399251346709207 ], [ 1977143.888386734062806, 793405.758520022034645 ], [ 1977130.268275358481333, 793434.783699515275657 ], [ 1977127.921167188324034, 793440.670826854300685 ], [ 1977099.568031199974939, 793521.445500855217688 ], [ 1977097.654529738007113, 793524.7091986782616 ], [ 1977091.35926674795337, 793537.295459593296982 ], [ 1977072.964844048488885, 793575.60080948646646 ], [ 1977071.136107548605651, 793579.571602062438615 ], [ 1977028.568012273171917, 793683.404343303642236 ], [ 1977026.922346273204312, 793687.961420800653286 ], [ 1977002.973591532791033, 793760.84202881634701 ], [ 1976997.473602532641962, 793779.379393329261802 ], [ 1976987.110742328222841, 793816.592106944415718 ], [ 1976986.502800832036883, 793817.943030246882699 ], [ 1976942.89835009467788, 793950.959294305182993 ], [ 1976913.625108700478449, 794087.845202880096622 ], [ 1976909.443244158755988, 794127.685746153234504 ], [ 1976884.748470685444772, 794159.406170309637673 ], [ 1976881.681219595484436, 794163.813641817658208 ], [ 1976851.13447603280656, 794209.724129090202041 ], [ 1976848.178445202764124, 794214.374710331205279 ], [ 1976829.360172797227278, 794244.888100733864121 ], [ 1976826.524548537330702, 794249.628904898883775 ], [ 1976794.117976977257058, 794309.011366146733053 ], [ 1976793.995063257636502, 794309.218603873858228 ], [ 1976791.771314427489415, 794313.101470122928731 ], [ 1976790.361929957987741, 794315.89402314578183 ], [ 1976776.598431950435042, 794341.114537002053112 ], [ 1976774.232623050455004, 794345.888805674039759 ], [ 1976761.000455016503111, 794373.386099229683168 ], [ 1976756.711735563352704, 794382.568485727184452 ], [ 1976753.490433236584067, 794388.951171037391759 ], [ 1976752.486063755815849, 794388.446176578407176 ], [ 1976748.535284255864099, 794396.303772409446537 ], [ 1976740.806351250503212, 794411.931954340310767 ], [ 1976736.537002840545028, 794420.710152016254142 ], [ 1976729.612458964809775, 794436.26296613260638 ], [ 1976729.097253749612719, 794437.283793246839195 ], [ 1976723.773584744660184, 794449.37732095841784 ], [ 1976700.253789404407144, 794502.203761449083686 ], [ 1976698.503136734245345, 794506.522978520137258 ], [ 1976691.68547279224731, 794523.947267296956852 ], [ 1976677.736679256428033, 794556.139620286645368 ], [ 1976675.864307676441967, 794560.658312035608105 ], [ 1976632.251817380310968, 794682.476965321809985 ], [ 1976627.759372290456668, 794697.273851735866629 ], [ 1976622.564986321143806, 794714.819303144467995 ], [ 1976621.124044321011752, 794719.813387651462108 ], [ 1976595.80098864599131, 794823.005376851884648 ], [ 1976578.859703444410115, 794927.899783945642412 ], [ 1976578.304586444515735, 794932.508698604651727 ], [ 1976571.290022605564445, 795009.85306266893167 ], [ 1976571.041335445595905, 795013.923264512908645 ], [ 1976570.036597301019356, 795032.522434525075369 ], [ 1976569.863041210919619, 795036.219277523108758 ], [ 1976570.271472304360941, 795168.183847081731074 ], [ 1976572.386404512217268, 795188.622459614533 ], [ 1976563.740624627098441, 795206.126997977844439 ], [ 1976561.467007137136534, 795210.965570986852981 ], [ 1976537.791023856960237, 795264.393032995285466 ], [ 1976535.409795016981661, 795270.104635743307881 ], [ 1976525.573160037631169, 795294.373758348403499 ], [ 1976523.518702197587118, 795299.590611430350691 ], [ 1976467.074383829254657, 795479.77402656711638 ], [ 1976463.337514669401571, 795495.591580236097798 ], [ 1976449.534655061550438, 795561.483689906774089 ], [ 1976448.533016641391441, 795566.957432242808864 ], [ 1976440.808598921867087, 795613.940503212506883 ], [ 1976439.944755502045155, 795619.859782713465393 ], [ 1976431.210308442590758, 795715.60894652234856 ], [ 1976430.146560860564932, 795715.519929366535507 ], [ 1976429.556995110586286, 795722.565190868568607 ], [ 1976428.759465412935242, 795742.475692537380382 ], [ 1976427.013633330585435, 795761.613934591063298 ], [ 1976426.453595080412924, 795776.732342675095424 ], [ 1976427.385906884912401, 795776.766878736554645 ] ] ] } },
{ "type": "Feature", "properties": { "FID": 116, "FeatureTyp": "Unpaved Greenway", "Label": "TM THE PUMPKIN LOOP TRAIL", "Fr_St": " ", "To_St": " ", "Notes": " ", "Shape_Leng": 1305.3392865200001, "GlobalID": "e4b2e845-4002-4d61-a6d6-141e5c94592b" }, "geometry": { "type": "Polygon", "coordinates": [ [ [ 1979265.388950335327536, 798730.923768604523502 ], [ 1979223.570323137100786, 798783.61302624817472 ], [ 1979153.372564816614613, 798892.482393930316903 ], [ 1979094.183891979046166, 799007.708109378116205 ], [ 1979046.574323899811134, 799128.180485963122919 ], [ 1979011.002366745378822, 799252.739308841875754 ], [ 1978987.810597908915952, 799380.185008459258825 ], [ 1978977.222366802161559, 799509.290213059051894 ], [ 1978979.339643878862262, 799638.811568944947794 ], [ 1978994.142038603080437, 799767.501714656013064 ], [ 1979021.48699582205154, 799894.121293740114197 ], [ 1979061.111168649513274, 800017.450890433159657 ], [ 1979112.632954640313983, 800136.302773300209083 ], [ 1979175.556170830503106, 800249.532333738403395 ], [ 1979249.274832251016051, 800356.049109182902612 ], [ 1979333.078987893648446, 800454.827284858212806 ], [ 1979426.161557927494869, 800544.915572935016826 ], [ 1979527.626106319250539, 800625.4463739519706 ], [ 1979636.495474001392722, 800695.644132272456773 ], [ 1979751.721189449075609, 800754.832805109908804 ], [ 1979872.193566034082323, 800802.442373189143836 ], [ 1979996.752388912951574, 800838.014330343459733 ], [ 1980121.468492712592706, 800860.709384458255954 ], [ 1980186.540382212726399, 800894.873496005311608 ], [ 1980308.275810928316787, 800944.055546611896716 ], [ 1980434.29493201081641, 800980.900761064025573 ], [ 1980563.350978590780869, 801005.044612198485993 ], [ 1980585.700999510707334, 801008.084632366430014 ], [ 1980664.279345270711929, 801016.386027210974135 ], [ 1980698.68216361082159, 801018.982150622992776 ], [ 1980823.885156476637349, 801022.47097875981126 ], [ 1980948.855180957354605, 801014.077271259971894 ], [ 1981072.467050578678027, 800993.87660213583149 ], [ 1981193.60780721786432, 800962.050851160194725 ], [ 1981311.186741791898385, 800918.886566284811124 ], [ 1981424.145214618882164, 800864.77238366252277 ], [ 1981531.466187042649835, 800800.195528502692468 ], [ 1981632.183378492249176, 800725.737428266205825 ], [ 1981644.851107556605712, 800714.365961729432456 ], [ 1981664.066500422544777, 800699.835748424637131 ], [ 1981755.098115928703919, 800616.558109215344302 ], [ 1981837.956846163375303, 800525.145030075451359 ], [ 1981840.760646333452314, 800521.745102503453381 ], [ 1981857.504159740637988, 800501.019024143228307 ], [ 1981860.11898390064016, 800497.71456880425103 ], [ 1981881.122204462299123, 800470.448894352186471 ], [ 1981883.32987722242251, 800467.504346430185251 ], [ 1981955.606197853572667, 800360.586778705124743 ], [ 1982017.096349271247163, 800247.122272841632366 ], [ 1982067.212560133077204, 800128.195412035915069 ], [ 1982068.688935132930055, 800124.149816464981996 ], [ 1982107.073532333830371, 800000.425832843757235 ], [ 1982133.145952381426468, 799873.535209319903515 ], [ 1982134.004334410186857, 799867.989434071118012 ], [ 1982135.511465235147625, 799858.682085504289716 ], [ 1982145.723192279227078, 799781.114101230865344 ], [ 1982147.602125539211556, 799762.621356054907665 ], [ 1982149.160458844620734, 799725.839725846657529 ], [ 1982154.18229130259715, 799694.885754656745121 ], [ 1982161.852803473360837, 799555.350589066278189 ], [ 1982161.862645973451436, 799550.323368162382394 ], [ 1982155.87781964126043, 799422.157288697548211 ], [ 1982144.230231860652566, 799341.775424070539884 ], [ 1982145.423942781519145, 799341.592526606284082 ], [ 1982142.526638861512765, 799322.682787514291704 ], [ 1982138.242110726190731, 799300.450443186447956 ], [ 1982137.478076005820185, 799295.177717483253218 ], [ 1982136.263183425879106, 799288.94544648216106 ], [ 1982136.03354098694399, 799288.99021200905554 ], [ 1982123.374131656019017, 799223.300750217284076 ], [ 1982096.663429459324107, 799125.678282220847905 ], [ 1982094.787120879394934, 799119.727178637869656 ], [ 1982039.359248160617426, 798974.400866790791042 ], [ 1982022.264040798181668, 798941.745408686809242 ], [ 1982023.323593445355073, 798941.237154726055451 ], [ 1982012.895136615494266, 798919.497040738118812 ], [ 1981984.107699531828985, 798868.8587348255096 ], [ 1981967.221874953480437, 798836.603242079843767 ], [ 1981964.513218943262473, 798832.097017491818406 ], [ 1981963.541152748744935, 798832.681318804156035 ], [ 1981922.077457109699026, 798759.744943887228146 ], [ 1981912.434431769652292, 798745.236114636179991 ], [ 1981909.18258184636943, 798740.39542338217143 ], [ 1981889.928420720156282, 798707.193862764746882 ], [ 1981822.870077613508329, 798612.01160464854911 ], [ 1981747.6850977295544, 798523.10883506166283 ], [ 1981729.600160139612854, 798503.543913562665693 ], [ 1981664.96198197780177, 798438.321458920603618 ], [ 1981661.855032817693427, 798435.39725217258092 ], [ 1981591.478302121860906, 798373.715319326147437 ], [ 1981588.278833461925387, 798371.105744486209005 ], [ 1981586.512783809332177, 798369.667840890120715 ], [ 1981564.624376129359007, 798351.877850227057934 ], [ 1981523.872478885343298, 798320.061148073757067 ], [ 1981519.122488395310938, 798316.500131573760882 ], [ 1981419.391949121374637, 798248.623048659879714 ], [ 1981313.880951198283583, 798190.134518450708129 ], [ 1981249.352769032819197, 798161.724015801446512 ], [ 1981226.033209418877959, 798144.985156587674282 ], [ 1981120.745534802554175, 798083.282495900290087 ], [ 1981010.209427140885964, 798031.567104912945069 ], [ 1980987.988999130902812, 798022.397831909009255 ], [ 1980825.119859665632248, 797967.303331177681684 ], [ 1980821.582465175539255, 797966.358451183652505 ], [ 1980694.942019807640463, 797939.110293635982089 ], [ 1980566.240596316521987, 797924.406277719535865 ], [ 1980436.717659765621647, 797922.388011145638302 ], [ 1980307.620586838340387, 797933.074930924805813 ], [ 1980180.192652918864042, 797956.364116177544929 ], [ 1980055.661058669909835, 797992.03127931850031 ], [ 1979935.225111419800669, 798039.732926069060341 ], [ 1979820.044675177894533, 798099.009663494653068 ], [ 1979711.229000508785248, 798169.290624210028909 ], [ 1979609.826041844673455, 798249.898964143823832 ], [ 1979516.81236510979943, 798340.058380917529576 ], [ 1979433.083742857445031, 798438.900590061442927 ], [ 1979359.446527490857989, 798545.473687069024891 ], [ 1979296.609885648125783, 798658.75131475715898 ], [ 1979265.388950335327536, 798730.923768604523502 ] ] ] } },
{ "type": "Feature", "properties": { "FID": 117, "FeatureTyp": "Unpaved Greenway", "Label": "TM THE PUMPKIN LOOP TRAIL", "Fr_St": " ", "To_St": " ", "Notes": " ", "Shape_Leng": 3681.7182834599998, "GlobalID": "21e43031-9546-4972-b952-d827097fd012" }, "geometry": { "type": "Polygon", "coordinates": [ [ [ 1977440.330561972223222, 798288.730308472993784 ], [ 1977435.827751637203619, 798345.797801758977585 ], [ 1977435.624339967034757, 798351.255796086043119 ], [ 1977434.7445588929113, 798410.160888503422029 ], [ 1977434.834781822981313, 798422.381992678390816 ], [ 1977435.968472678679973, 798468.193894542520866 ], [ 1977436.428002746542916, 798479.102448152727447 ], [ 1977436.562552137766033, 798483.804218783858232 ], [ 1977436.660284776939079, 798487.558235369157046 ], [ 1977437.391482580685988, 798508.966184429591522 ], [ 1977437.819636742584407, 798519.092528103734367 ], [ 1977438.155939447460696, 798529.336088168551214 ], [ 1977446.180890323594213, 798625.817792907124385 ], [ 1977446.212283705594018, 798626.542486711987294 ], [ 1977444.607372045516968, 798661.834777923417278 ], [ 1977444.600810375530273, 798666.197302000364289 ], [ 1977445.521462369477376, 798717.514371867291629 ], [ 1977445.699939699377865, 798722.286672036279924 ], [ 1977447.714967855019495, 798760.963592910440639 ], [ 1977448.035177194979042, 798765.755578079493716 ], [ 1977450.201362606603652, 798793.707432109047659 ], [ 1977452.004140838980675, 798814.149465007591061 ], [ 1977453.08384829130955, 798834.473587279790081 ], [ 1977453.658582497853786, 798840.248133521061391 ], [ 1977453.789297464070842, 798849.819354997482151 ], [ 1977457.452999436063692, 798884.697445375844836 ], [ 1977459.736816704273224, 798960.22600759647321 ], [ 1977460.072774044470862, 798964.047850341419689 ], [ 1977466.022328809835017, 799018.670449991011992 ], [ 1977468.590565139660612, 799038.421066660084762 ], [ 1977470.733128977473825, 799054.157220120890997 ], [ 1977471.482799397548661, 799059.425910364836454 ], [ 1977508.351399278501049, 799233.450447936542332 ], [ 1977509.729677368421108, 799238.312971030594781 ], [ 1977526.230098621221259, 799292.125529758050106 ], [ 1977534.700882201315835, 799317.785911507089622 ], [ 1977535.866295457817614, 799317.401195349171758 ], [ 1977580.060938875190914, 799444.486730079515837 ], [ 1977589.470040795160457, 799466.508339579566382 ], [ 1977632.695989043684676, 799555.616860335343517 ], [ 1977640.327303691999987, 799592.74666061415337 ], [ 1977641.215425272006541, 799596.545865605119616 ], [ 1977687.992762865498662, 799752.523623289773241 ], [ 1977692.954695195658132, 799765.987835214822553 ], [ 1977738.300378624117002, 799874.00094752095174 ], [ 1977741.102538384031504, 799879.92449210700579 ], [ 1977806.00580620043911, 800000.512611634796485 ], [ 1977872.451486019417644, 800098.148642558720894 ], [ 1977872.137064669979736, 800098.346040152013302 ], [ 1977875.881479739909992, 800104.310267067980021 ], [ 1977881.885697384364903, 800112.799795740284026 ], [ 1977891.36787893041037, 800128.277751638786867 ], [ 1977900.87901478051208, 800142.17044038977474 ], [ 1977902.077689920086414, 800141.34981003543362 ], [ 1977959.614758931333199, 800222.703056371654384 ], [ 1977964.265996351372451, 800228.567545956699178 ], [ 1978030.594262073980644, 800305.872612849576399 ], [ 1978102.685992032522336, 800377.832981613581069 ], [ 1978108.610973935341462, 800383.307396929361857 ], [ 1978115.995804468402639, 800391.025869694305584 ], [ 1978220.125347565626726, 800479.439043769380078 ], [ 1978332.834553414257243, 800556.617317996220663 ], [ 1978452.916387465316802, 800621.734168554190546 ], [ 1978457.777926315320656, 800624.053389634122141 ], [ 1978567.731484841555357, 800670.52697295404505 ], [ 1978681.433884409721941, 800706.87725921953097 ], [ 1978685.135320569621399, 800707.878569552558474 ], [ 1978870.434252654435113, 800744.019546962110326 ], [ 1978874.175058814464137, 800744.474598548142239 ], [ 1978993.32824427774176, 800753.520326502737589 ], [ 1979041.40576388174668, 800752.809361930121668 ], [ 1979062.820597933838144, 800753.900564639712684 ], [ 1979094.931003368459642, 800752.059686851105653 ], [ 1979096.32085552229546, 800751.99728416535072 ], [ 1979112.811234131455421, 800751.753426431445405 ], [ 1979130.132393721491098, 800750.711761846439913 ], [ 1979130.118444728665054, 800750.479813162935898 ], [ 1979147.343028495553881, 800749.706450121128 ], [ 1979151.642525625647977, 800749.912670857855119 ], [ 1979153.489883949747309, 800749.83432072843425 ], [ 1979231.036848329240456, 800753.063804005039856 ], [ 1979359.984202852007002, 800745.801588312140666 ], [ 1979487.604644440347329, 800725.972748105064966 ], [ 1979593.356375830480829, 800698.741972117102705 ], [ 1979593.649871417786926, 800698.928864870336838 ], [ 1979703.354335554176942, 800755.153347847401164 ], [ 1979817.825413955841213, 800800.898666155291721 ], [ 1979936.064752345671877, 800835.765854091965593 ], [ 1980057.041131740203127, 800859.450819071964361 ], [ 1980179.699462177231908, 800871.746993755921721 ], [ 1980302.969984636176378, 800872.547137618646957 ], [ 1980324.833220057189465, 800871.66731329576578 ], [ 1980336.73629393032752, 800871.888877777033485 ], [ 1980465.865164387505502, 800861.593281280831434 ], [ 1980593.363099112175405, 800838.690418279613368 ], [ 1980718.00222329585813, 800803.400855864165351 ], [ 1980838.582194037735462, 800756.064451811718754 ], [ 1980953.941760303918272, 800697.137081569992006 ], [ 1981062.96994640910998, 800627.18624792736955 ], [ 1981164.616751320660114, 800546.885615650913678 ], [ 1981257.903260741382837, 800457.008523726137355 ], [ 1981341.931074589723721, 800358.420537680154666 ], [ 1981415.890959084033966, 800252.071113712270744 ], [ 1981479.070640106452629, 800138.984454911784269 ], [ 1981530.861662790877745, 800020.249647622462362 ], [ 1981570.765251276781783, 799897.010172945563681 ], [ 1981598.397112194215879, 799770.452894391608424 ], [ 1981613.491135616786778, 799641.796627736417577 ], [ 1981615.901957847876474, 799512.280403158511035 ], [ 1981605.606361351674423, 799383.151532701565884 ], [ 1981582.703498350689188, 799255.653597976779565 ], [ 1981547.413935935124755, 799131.014473793213256 ], [ 1981500.077531882561743, 799010.434503051335923 ], [ 1981441.15016164095141, 798895.074936785153113 ], [ 1981371.199327998328954, 798786.046750679728575 ], [ 1981290.898695721756667, 798684.399945768178441 ], [ 1981201.021603797096759, 798591.113436347572133 ], [ 1981102.43361775111407, 798507.085622499231249 ], [ 1980996.084193783346564, 798433.125738004804589 ], [ 1980988.811228620121256, 798429.062450398923829 ], [ 1980971.943994710920379, 798413.95678957446944 ], [ 1980965.214014264754951, 798408.500202296534553 ], [ 1980955.079001463251188, 798400.120254397392273 ], [ 1980953.074348263675347, 798398.634169741999358 ], [ 1980881.948568612569943, 798333.823073597159237 ], [ 1980780.24345299275592, 798257.673330542282201 ], [ 1980671.688319011358544, 798191.65441812435165 ], [ 1980627.966383409220725, 798170.528499905834906 ], [ 1980561.163118675583974, 798120.628757904749364 ], [ 1980489.605638255830854, 798077.303166388301179 ], [ 1980507.382167560048401, 797974.396307513583452 ], [ 1980516.814715710701421, 797845.201526163495146 ], [ 1980513.538540550041944, 797715.70430160232354 ], [ 1980497.585193436359987, 797587.151762893074192 ], [ 1980469.108313822885975, 797460.781941257417202 ], [ 1980428.382149627897888, 797337.811847158591263 ], [ 1980375.798916075145826, 797219.425749824964441 ], [ 1980311.865018449258059, 797106.763772090314887 ], [ 1980237.196175133809447, 797000.910910387523472 ], [ 1980152.511487908195704, 796902.886585639906116 ], [ 1980058.626516603864729, 796813.634825680288486 ], [ 1979956.445424817036837, 796734.015173746971413 ], [ 1979846.952272319467738, 796664.794410612666979 ], [ 1979731.201538024935871, 796606.639170066337101 ], [ 1979610.307964780367911, 796560.109518865239806 ], [ 1979485.435823783511296, 796525.65356298617553 ], [ 1979357.787702013738453, 796503.603132119867951 ], [ 1979228.592920663533732, 796494.170583969447762 ], [ 1979227.228093993384391, 796494.138103715493344 ], [ 1979101.31500491197221, 796497.152099427301437 ], [ 1978976.262341998051852, 796512.15282175433822 ], [ 1978853.208612008718774, 796539.003700844245031 ], [ 1978733.274122979026288, 796577.46028042898979 ], [ 1978724.416529149049893, 796580.774250174988993 ], [ 1978572.358337517827749, 796648.892878288752399 ], [ 1978567.202507938025519, 796651.605471292743459 ], [ 1978536.951157211326063, 796669.468490281724371 ], [ 1978467.857399000553414, 796702.410900604212657 ], [ 1978359.757525447988883, 796767.273785252124071 ], [ 1978355.789862210163847, 796769.920084493933246 ], [ 1978329.466426090104505, 796784.048268640297465 ], [ 1978224.272406261879951, 796854.242384358309209 ], [ 1978167.571405994705856, 796900.496220655739307 ], [ 1978141.88721050042659, 796919.623994830762967 ], [ 1978137.061760830460116, 796923.376940074726008 ], [ 1978122.426366384839639, 796934.926263382309116 ], [ 1978117.559578214772046, 796938.822909137350507 ], [ 1978046.484640690498054, 796999.996987052960321 ], [ 1978038.347189780557528, 797007.520265974919312 ], [ 1977960.501842095749453, 797085.775473681162111 ], [ 1977889.466743693454191, 797170.260919080465101 ], [ 1977885.23133982392028, 797175.748657738673501 ], [ 1977883.418160255765542, 797178.039961504400708 ], [ 1977882.357848646352068, 797179.366186876082793 ], [ 1977862.803908988367766, 797205.162180406274274 ], [ 1977837.883576169610023, 797235.634252785472199 ], [ 1977834.509567169472575, 797240.041068121558055 ], [ 1977800.697666671359912, 797289.735147771425545 ], [ 1977782.794952198397368, 797312.600105505087413 ], [ 1977779.384854028467089, 797317.493140336126089 ], [ 1977725.800040545873344, 797400.889978277031332 ], [ 1977678.624759081751108, 797488.072875873418525 ], [ 1977675.191370917484164, 797495.030121184303425 ], [ 1977669.746714746812358, 797505.744256420293823 ], [ 1977670.455291853751987, 797506.104337624507025 ], [ 1977645.812274657189846, 797552.527420564787462 ], [ 1977642.674428351456299, 797560.362011687364429 ], [ 1977621.672672728076577, 797597.633979364880361 ], [ 1977613.078869111603126, 797617.595953906769864 ], [ 1977576.97640911815688, 797683.925459519727156 ], [ 1977526.613150409655645, 797802.859122103312984 ], [ 1977488.11430287337862, 797926.145425728871487 ], [ 1977461.848453068640083, 798052.604031831142493 ], [ 1977448.067069281591102, 798181.024230336654 ], [ 1977447.978922068141401, 798190.796467890497297 ], [ 1977445.315362411784008, 798210.67463930521626 ], [ 1977444.783867401769385, 798216.782566717243753 ], [ 1977441.607792602851987, 798262.431047423509881 ], [ 1977440.971639022929594, 798274.622952176490799 ], [ 1977440.532659614924341, 798283.626719119143672 ], [ 1977440.326951364986598, 798288.164439710089937 ], [ 1977440.330561972223222, 798288.730308472993784 ] ] ] } },
{ "type": "Feature", "properties": { "FID": 118, "FeatureTyp": "Unpaved Greenway", "Label": "UNC Cross Country", "Fr_St": "Prestwick Street", "To_St": "Highland Woods Road", "Notes": " ", "Shape_Leng": 5269.7088035099996, "GlobalID": "c05c7208-a91e-48ef-a826-0b37440fcaba" }, "geometry": { "type": "Polygon", "coordinates": [ [ [ 1989660.221027803840116, 784200.386913173831999 ], [ 1989679.481193163432181, 784241.649363759206608 ], [ 1989742.035974253667518, 784348.30978366592899 ], [ 1989814.296738161938265, 784448.648847899865359 ], [ 1989895.62939727306366, 784541.786081989528611 ], [ 1989914.316318689612672, 784561.26319189928472 ], [ 1989933.180755923269317, 784585.214403166435659 ], [ 1990020.380744449095801, 784685.15786754002329 ], [ 1990037.843144715065137, 784703.25063246593345 ], [ 1990052.844752591336146, 784722.826072251424193 ], [ 1990102.003544805105776, 784783.198268823907711 ], [ 1990211.914086125092581, 784910.33088856190443 ], [ 1990292.390888596652076, 784995.360959468293004 ], [ 1990317.623978274874389, 785035.549269790644757 ], [ 1990392.600534355035052, 785146.818404207588173 ], [ 1990487.469668491976336, 785271.047246062196791 ], [ 1990559.219853071961552, 785354.281987720169127 ], [ 1990652.019080236088485, 785451.460247572045773 ], [ 1990754.216986845945939, 785538.700712005840614 ], [ 1990864.754565233364701, 785615.099367192597128 ], [ 1990982.486389360623434, 785679.864545627729967 ], [ 1991106.192484096158296, 785732.325129644479603 ], [ 1991234.590966989286244, 785771.937505751964636 ], [ 1991366.351331549463794, 785798.291197733255103 ], [ 1991500.10823438456282, 785811.113120132707991 ], [ 1991634.475643329089507, 785810.270408055162989 ], [ 1991768.303144881734625, 785802.608274708385579 ], [ 1991782.038566717179492, 785814.89266750367824 ], [ 1991889.755751126212999, 785893.22436473891139 ], [ 1992004.818177486304194, 785960.302562753320672 ], [ 1992087.473523976281285, 786003.054117674357258 ], [ 1992209.786502458155155, 786058.620927205658518 ], [ 1992337.114009080221877, 786101.467643346404657 ], [ 1992468.137159526115283, 786131.150451060850173 ], [ 1992601.498789246892557, 786147.361889765015803 ], [ 1992697.111458926927298, 786154.0711939339526 ], [ 1992801.152811221545562, 786156.960276640136726 ], [ 1992840.889092215336859, 786162.775337688042782 ], [ 1992868.297635939903557, 786166.493461681180634 ], [ 1993007.186793859815225, 786183.854647425119765 ], [ 1993145.685564560582861, 786193.806805768050253 ], [ 1993284.463495909702033, 786189.154847927042283 ], [ 1993421.984906639438123, 786169.950251283589751 ], [ 1993556.728019819129258, 786136.405529016512446 ], [ 1993687.201802451862022, 786088.891878484864719 ], [ 1993811.96246486576274, 786027.93507365277037 ], [ 1993936.962214855710045, 785958.490658738766797 ], [ 1994052.883754517417401, 785885.989137931261212 ], [ 1994157.050540937576443, 785813.072289019240998 ], [ 1994256.054225425235927, 785736.528598269214854 ], [ 1994318.611625544028357, 785683.239074647543021 ], [ 1994383.053088173037395, 785634.907868937123567 ], [ 1994524.432898943545297, 785512.289675396750681 ], [ 1994708.460418013622984, 785328.26215631980449 ], [ 1994817.025571841513738, 785205.281300340779126 ], [ 1994865.636695091612637, 785142.781097252736799 ], [ 1994927.818541830172762, 785055.776790130184963 ], [ 1994993.790850840043277, 784955.082437712233514 ], [ 1995053.739318588282913, 784854.041925667319447 ], [ 1995104.466165978927165, 784748.071218330529518 ], [ 1995145.569543338846415, 784638.0097980722785 ], [ 1995183.764020748902112, 784519.954259910271503 ], [ 1995214.053912349976599, 784410.444977701292373 ], [ 1995245.303849859861657, 784275.028253794298507 ], [ 1995265.840292876819149, 784164.893047173507512 ], [ 1995275.128199720056728, 784099.878576830495149 ], [ 1995278.312066719401628, 784083.42856391123496 ], [ 1995292.736842564772815, 784033.743123925873078 ], [ 1995317.243029941804707, 783935.369190953904763 ], [ 1995334.127067007124424, 783835.404631231329404 ], [ 1995358.432464577024803, 783647.904678155318834 ], [ 1995358.553877408383414, 783646.466014691744931 ], [ 1995382.752544504124671, 783548.993894443148747 ], [ 1995401.491418910445645, 783420.817769214161672 ], [ 1995407.576603261288255, 783291.422116179950535 ], [ 1995400.949493904598057, 783162.053086214116774 ], [ 1995381.67391352634877, 783033.95657379552722 ], [ 1995349.935496502788737, 782908.366218363400549 ], [ 1995306.039901139913127, 782786.49152369517833 ], [ 1995250.409866016358137, 782669.506209724233486 ], [ 1995183.581138781504706, 782558.536908974521793 ], [ 1995106.197316610487178, 782454.652316474355757 ], [ 1995019.003648013109341, 782358.852897638571449 ], [ 1994922.839855683036149, 782272.061253239982761 ], [ 1994818.632049508625641, 782195.11323425907176 ], [ 1994707.383807629579678, 782128.749892182881013 ], [ 1994590.166511429240927, 782073.610342273372225 ], [ 1994468.109027547761798, 782030.22560853860341 ], [ 1994342.386836278019473, 781999.013509680982679 ], [ 1994214.210711049148813, 781980.27463527454529 ], [ 1994084.815058015054092, 781974.189450923819095 ], [ 1993955.446028049103916, 781980.816560280392878 ], [ 1993827.349515630397946, 782000.092140658642165 ], [ 1993701.759160198271275, 782031.830557682085782 ], [ 1993579.884465530281886, 782075.726153045194224 ], [ 1993462.899151559220627, 782131.356188168516383 ], [ 1993351.929850809508935, 782198.184915403486229 ], [ 1993248.045258309226483, 782275.568737574620172 ], [ 1993152.24583947355859, 782362.762406171998009 ], [ 1993065.454195074969903, 782458.926198502071202 ], [ 1992988.506176094058901, 782563.134004676365294 ], [ 1992922.142834017984569, 782674.382246555527672 ], [ 1992867.003284108359367, 782791.599542755750008 ], [ 1992842.697886518435553, 782850.627311829710379 ], [ 1992803.360794127685949, 782959.49048722605221 ], [ 1992785.999608387704939, 783015.046150395064615 ], [ 1992756.212607677327469, 783127.570560756488703 ], [ 1992754.428796909982339, 783137.926901229191571 ], [ 1992653.542564794188365, 783108.523354093893431 ], [ 1992521.369438489899039, 783084.233547942363657 ], [ 1992387.411600676132366, 783073.508451759000309 ], [ 1992253.057505428791046, 783076.459229651489295 ], [ 1992141.51594248926267, 783090.340318228933029 ], [ 1992129.783312389627099, 783079.962924769963138 ], [ 1992107.221199783030897, 783063.399841930367984 ], [ 1992087.554987508570775, 783037.737609097617678 ], [ 1992005.245027826866135, 782942.126168621587567 ], [ 1991975.433825470041484, 782882.993880963884294 ], [ 1991899.776780316838995, 782765.673456025891937 ], [ 1991833.009197326842695, 782673.261567366891541 ], [ 1991771.798545111669227, 782594.932662860257551 ], [ 1991704.866715484065935, 782521.432381170336157 ], [ 1991608.593942154198885, 782423.396159919328056 ], [ 1991513.405548151582479, 782335.535849540028721 ], [ 1991410.063695912016556, 782257.42870474269148 ], [ 1991299.563623964553699, 782189.826940029277466 ], [ 1991182.969508408103138, 782133.381597348838113 ], [ 1991061.404214311856776, 782088.636276207631454 ], [ 1990936.038481912575662, 782056.021898508537561 ], [ 1990808.079651744803414, 782035.852558537502773 ], [ 1990678.760037292959169, 782028.322498064255342 ], [ 1990549.325057137059048, 782033.504235687432811 ], [ 1990421.02124089282006, 782051.347868441138417 ], [ 1990295.084224448073655, 782081.681552387657575 ], [ 1990172.726850115926936, 782124.213157568359748 ], [ 1990055.127486298326403, 782178.533081375411712 ], [ 1989943.418679154943675, 782244.118193248170428 ], [ 1989838.676245565293357, 782320.336872706888244 ], [ 1989741.908912422368303, 782406.455092202872038 ], [ 1989654.048602043185383, 782501.643486205488443 ], [ 1989575.941457245964557, 782604.985338445170783 ], [ 1989508.339692532317713, 782715.485410392400809 ], [ 1989451.894349852111191, 782832.0795259490842 ], [ 1989407.149028710788116, 782953.644820045214146 ], [ 1989374.534651011694223, 783079.010552444611676 ], [ 1989354.36531104054302, 783206.969382612151094 ], [ 1989346.835250567412004, 783336.288997064111754 ], [ 1989352.016988190589473, 783465.72397721989546 ], [ 1989369.860620944295079, 783594.027793464367278 ], [ 1989400.194304890697822, 783719.964809908880852 ], [ 1989442.72591007151641, 783842.322184241143987 ], [ 1989497.045833878684789, 783959.921548058860935 ], [ 1989562.630945751443505, 784071.630355202127248 ], [ 1989638.849625210044906, 784176.372788791893981 ], [ 1989660.221027803840116, 784200.386913173831999 ] ] ] } },
{ "type": "Feature", "properties": { "FID": 119, "FeatureTyp": "Bike Lane", "Label": " ", "Fr_St": " ", "To_St": " ", "Notes": " ", "Shape_Leng": 713.42093985500003, "GlobalID": "94fe5c91-5094-40d9-805f-42b1f27ee4dc" }, "geometry": { "type": "Polygon", "coordinates": [ [ [ 1995909.762706095352769, 797667.811812717001885 ], [ 1995936.845923944143578, 797634.304486797540449 ], [ 1996008.008738587377593, 797526.063467286527157 ], [ 1996068.219409628538415, 797411.368482280639 ], [ 1996116.89807539107278, 797291.324107184074819 ], [ 1996153.575933713000268, 797167.086434952099808 ], [ 1996177.899756768485531, 797039.851942283217795 ], [ 1996189.635292845079675, 796910.845966895576566 ], [ 1996188.669522315030918, 796781.310906853876077 ], [ 1996175.011746076168492, 796652.494255597353913 ], [ 1996148.793495979858562, 796525.636587896035053 ], [ 1996110.267268107272685, 796401.959612437291071 ], [ 1996059.804091092897579, 796282.654406103538349 ], [ 1995997.889952917583287, 796168.869943250552751 ], [ 1995925.121120577678084, 796061.70203045650851 ], [ 1995842.198397708125412, 795962.1827533057658 ], [ 1995749.920375460293144, 795871.27053683984559 ], [ 1995649.175741632468998, 795789.84091540100053 ], [ 1995540.934722121572122, 795718.678100757766515 ], [ 1995426.239737115800381, 795658.467429716605693 ], [ 1995306.195362019119784, 795609.788763954187743 ], [ 1995181.957689787028357, 795573.110905632260256 ], [ 1995054.723197118379176, 795548.787082576542161 ], [ 1994925.717221730621532, 795537.051546499948017 ], [ 1994796.182161688804626, 795538.017317030229606 ], [ 1994667.365510432515293, 795551.675093268975616 ], [ 1994540.507842731196433, 795577.89334336516913 ], [ 1994416.830867272336036, 795616.419571237987839 ], [ 1994297.525660938583314, 795666.882748252246529 ], [ 1994183.741198085481301, 795728.796886427560821 ], [ 1994076.57328529166989, 795801.565718767466024 ], [ 1993977.05400814069435, 795884.488441637018695 ], [ 1993886.14179167477414, 795976.766463884967379 ], [ 1993774.398248764686286, 796101.919100725906901 ], [ 1993703.184438623487949, 796188.861888726707548 ], [ 1993639.624370170990005, 796281.547231896431185 ], [ 1993584.178782957606018, 796379.30326495191548 ], [ 1993490.314141287701204, 796562.56241286394652 ], [ 1993443.448945280862972, 796664.524061860400252 ], [ 1993403.2213354408741, 796762.858182775322348 ], [ 1993360.375935506308451, 796884.144120288081467 ], [ 1993329.538994937203825, 797009.024423099355772 ], [ 1993311.003344445256516, 797136.313215201254934 ], [ 1993288.654635875253007, 797368.739587610354647 ], [ 1993282.598082845564932, 797498.136583936167881 ], [ 1993289.253817321034148, 797627.504144364967942 ], [ 1993308.557740940479562, 797755.59638857061509 ], [ 1993340.323946367017925, 797881.179718218860216 ], [ 1993384.246507676783949, 798003.044697194360197 ], [ 1993439.90242659416981, 798120.017699131509289 ], [ 1993506.755706195253879, 798230.972210077685304 ], [ 1993584.162512851879001, 798334.839677438489161 ], [ 1993671.377376700984314, 798430.619800723623484 ], [ 1993767.560370927210897, 798517.390164987067692 ], [ 1993871.785200717160478, 798594.315124187385663 ], [ 1993983.048123985063285, 798660.65384891605936 ], [ 1994100.277617956977338, 798715.767460989532992 ], [ 1994222.344698522239923, 798759.125186195364222 ], [ 1994348.073792966082692, 798790.309465938131325 ], [ 1994476.254061378538609, 798809.019978556782007 ], [ 1994605.651057704119012, 798815.076531586586498 ], [ 1994735.018618133151904, 798808.420797111117281 ], [ 1994863.110862338682637, 798789.116873491555452 ], [ 1994988.694191986927763, 798757.35066806524992 ], [ 1995110.559170962544158, 798713.42810675536748 ], [ 1995227.532172899693251, 798657.772187837981619 ], [ 1995338.48668384575285, 798590.918908236897551 ], [ 1995442.354151206556708, 798513.512101580272429 ], [ 1995538.134274491807446, 798426.297237731167115 ], [ 1995624.904638755135238, 798330.114243504940532 ], [ 1995701.829597955336794, 798225.889413714874536 ], [ 1995768.168322684010491, 798114.626490447088145 ], [ 1995823.281934757716954, 797997.396996475057676 ], [ 1995866.639659963548183, 797875.329915909911506 ], [ 1995897.823939706198871, 797749.600821466068737 ], [ 1995909.762706095352769, 797667.811812717001885 ] ] ] } },
{ "type": "Feature", "properties": { "FID": 120, "FeatureTyp": "Bike Lane", "Label": " ", "Fr_St": " ", "To_St": " ", "Notes": " ", "Shape_Leng": 700.690153968, "GlobalID": "d228fc98-9969-4480-8a67-55e17d50a0a4" }, "geometry": { "type": "Polygon", "coordinates": [ [ [ 1995928.738623068900779, 797676.112306982511654 ], [ 1995951.764317023800686, 797647.624960839399137 ], [ 1996022.927161183208227, 797539.383960733772255 ], [ 1996083.13786350027658, 797424.688992146635428 ], [ 1996131.81656199763529, 797304.644630324211903 ], [ 1996168.494454197818413, 797180.406968093826436 ], [ 1996192.818311948794872, 797053.172482057940215 ], [ 1996204.553883204003796, 796924.166509870439768 ], [ 1996203.588147996691987, 796794.631449565291405 ], [ 1996189.930406884755939, 796665.81479458452668 ], [ 1996163.71219138125889, 796538.957119733793661 ], [ 1996125.185997233958915, 796415.280133769265376 ], [ 1996074.722852752776816, 796295.974913674755953 ], [ 1996012.808745605172589, 796182.190433938521892 ], [ 1995940.039942489005625, 796075.022501301253214 ], [ 1995857.117246757028624, 795975.503201538347639 ], [ 1995764.83924930007197, 795884.590959909139201 ], [ 1995664.094637677306309, 795803.161310998373665 ], [ 1995555.853637571679428, 795731.998466838966124 ], [ 1995441.158668984659016, 795671.78776452166494 ], [ 1995321.114307162351906, 795623.109066024539061 ], [ 1995196.876644931966439, 795586.431173824239522 ], [ 1995069.642158895963803, 795562.107316073146649 ], [ 1994940.636186708463356, 795550.37174481805414 ], [ 1994811.101126403314993, 795551.337480025482364 ], [ 1994682.284471422433853, 795564.995221137301996 ], [ 1994555.426796571817249, 795591.213436640799046 ], [ 1994431.749810607405379, 795629.739630788215436 ], [ 1994312.444590512663126, 795680.202775269281119 ], [ 1994198.66011077654548, 795742.116882416768931 ], [ 1994091.492178139276803, 795814.885685533168726 ], [ 1993991.972878376254812, 795897.808381264912896 ], [ 1993901.060636747162789, 795990.086378721985966 ], [ 1993791.028048417065293, 796113.32268079998903 ], [ 1993719.814007099252194, 796200.265725897625089 ], [ 1993656.253754450706765, 796292.951361542567611 ], [ 1993600.80803418927826, 796390.707716202363372 ], [ 1993508.502444509416819, 796570.923235034337267 ], [ 1993461.636616809759289, 796672.886580068734474 ], [ 1993422.846668149577454, 796767.706928495783359 ], [ 1993380.001792380586267, 796888.991957836900838 ], [ 1993349.165187448495999, 797013.871281658648513 ], [ 1993330.629676184384152, 797141.159052257891744 ], [ 1993308.562791174510494, 797370.653343920828775 ], [ 1993302.506178076611832, 797500.050337435095571 ], [ 1993309.161852498073131, 797629.417900953674689 ], [ 1993328.465716655133292, 797757.510154120391235 ], [ 1993360.231863784138113, 797883.093498514848761 ], [ 1993404.154368522576988, 798004.958497879910283 ], [ 1993459.810233139432967, 798121.931525653344579 ], [ 1993526.663461233722046, 798232.886067633633502 ], [ 1993604.070219673682004, 798336.753570927889086 ], [ 1993691.285039060283452, 798432.533734699361958 ], [ 1993787.467993006575853, 798519.304143612156622 ], [ 1993891.692787086823955, 798596.229151195148006 ], [ 1994002.955679559148848, 798662.567927573691122 ], [ 1994120.185147946700454, 798717.681594066787511 ], [ 1994242.252208384685218, 798761.039375937893055 ], [ 1994367.981288352282718, 798792.223714045831002 ], [ 1994496.161548078991473, 798810.934286167495884 ], [ 1994625.558541593141854, 798816.990899265278131 ], [ 1994754.926105111604556, 798810.335224844049662 ], [ 1994883.018358278321102, 798791.03136068675667 ], [ 1995008.601702672895044, 798759.26521355798468 ], [ 1995130.466702037956566, 798715.342708819545805 ], [ 1995247.439729811390862, 798659.686844202689826 ], [ 1995358.394271791679785, 798592.833616108167917 ], [ 1995462.261775085935369, 798515.426857668324374 ], [ 1995558.04193885740824, 798428.212038281722926 ], [ 1995644.812347770202905, 798332.029084335546941 ], [ 1995721.737355353310704, 798227.804290255182423 ], [ 1995788.076131731737405, 798116.541397782741114 ], [ 1995843.189798224717379, 797999.311929395305924 ], [ 1995886.547580095939338, 797877.24486895732116 ], [ 1995917.731918203877285, 797751.515788989840075 ], [ 1995928.738623068900779, 797676.112306982511654 ] ] ] } },
{ "type": "Feature", "properties": { "FID": 121, "FeatureTyp": "Sharrows", "Label": " ", "Fr_St": " ", "To_St": " ", "Notes": " ", "Shape_Leng": 5253.0560043599999, "GlobalID": "b7c86604-0a87-4e33-b90c-9ad1eb4ca282" }, "geometry": { "type": "Polygon", "coordinates": [ [ [ 1978680.392260583350435, 790741.528638984309509 ], [ 1978679.886377088725567, 790742.086795408162288 ], [ 1978602.720287295989692, 790846.133222923963331 ], [ 1978536.124106603674591, 790957.242237904574722 ], [ 1978480.739192637382075, 791074.343799797119573 ], [ 1978437.098932394757867, 791196.310156546300277 ], [ 1978405.623605438508093, 791321.966705463360995 ], [ 1978386.616336372913793, 791450.103305291035213 ], [ 1978380.260175589937717, 791579.485930526512675 ], [ 1978386.616336392238736, 791708.868555761058815 ], [ 1978405.62360547692515, 791837.005155585939065 ], [ 1978437.098932452034205, 791962.661704498110339 ], [ 1978480.739192712819204, 792084.628061240888201 ], [ 1978536.124106696574017, 792201.729623125167564 ], [ 1978602.720287405187264, 792312.838638095767237 ], [ 1978679.886377213522792, 792416.885065600159578 ], [ 1978766.879224493401125, 792512.866881663911045 ], [ 1978862.861040570074692, 792599.859728929353878 ], [ 1978966.907468085875735, 792677.025818722089753 ], [ 1979078.016483066370711, 792743.621999414288439 ], [ 1979195.118044958915561, 792799.006913380580954 ], [ 1979317.084401708329096, 792842.647173623088747 ], [ 1979442.740950625156984, 792874.122500579454936 ], [ 1979570.877550452947617, 792893.129769644932821 ], [ 1979700.260175688425079, 792899.485930428025313 ], [ 1979829.642800922971219, 792893.129769625724293 ], [ 1979957.779400747735053, 792874.12250054103788 ], [ 1980083.435949660139158, 792842.647173565928824 ], [ 1980205.402306402800605, 792799.006913305260241 ], [ 1980322.503868287196383, 792743.621999321389012 ], [ 1980433.612883257679641, 792677.02581861265935 ], [ 1980537.659310762071982, 792599.859728804323822 ], [ 1980633.641126825707033, 792512.86688152467832 ], [ 1980681.242081485688686, 792465.265926857595332 ], [ 1980729.008966130204499, 792414.918907242361456 ], [ 1980794.917955060256645, 792341.686770233442076 ], [ 1980893.782494007609785, 792217.581867198692635 ], [ 1980941.383448667591438, 792149.84217328869272 ], [ 1981019.032708133338019, 792024.651008276152425 ], [ 1981040.004205459263176, 792021.600640968303196 ], [ 1981165.044274959247559, 791997.20062235801015 ], [ 1981287.149772772565484, 791960.860186305013485 ], [ 1981405.183291520923376, 791912.917842383729294 ], [ 1981462.233577235369012, 791883.044748318847269 ], [ 1981504.609001591568813, 791898.817626157426275 ], [ 1981600.660241253208369, 791929.201271172845736 ], [ 1981634.107332068728283, 791944.892730467487127 ], [ 1981739.038411639165133, 791997.493612463935278 ], [ 1981797.004421335877851, 792061.955569409183227 ], [ 1981907.870826971251518, 792171.486819119658321 ], [ 1982147.212366975611076, 792381.521146032377146 ], [ 1982314.631358973216265, 792554.89702009584289 ], [ 1982349.821472253184766, 792589.992316866875626 ], [ 1982461.354057573247701, 792697.112837533815764 ], [ 1982551.976592135615647, 792776.52524217183236 ], [ 1982649.463031779974699, 792847.343092085560784 ], [ 1982753.00105811515823, 792908.976288364152424 ], [ 1982861.727927120635286, 792960.911264413036406 ], [ 1982974.73765807133168, 793002.715265314676799 ], [ 1983091.088582740165293, 793034.039953814353794 ], [ 1983206.580149670131505, 793059.542855576379225 ], [ 1983331.303274182137102, 793080.873454414773732 ], [ 1983457.495742277707905, 793090.163945831009187 ], [ 1983583.997975812293589, 793087.32895982672926 ], [ 1983709.64755021664314, 793072.394546988303773 ], [ 1983833.289875976974145, 793045.497939109569415 ], [ 1983953.788808116689324, 793006.886288173031062 ], [ 1984052.528768116608262, 792969.940823993994854 ], [ 1984133.29945160378702, 792934.703877553809434 ], [ 1984160.685393204912543, 792931.248032345203683 ], [ 1984286.996329681947827, 792902.51109063194599 ], [ 1984409.88233162695542, 792861.531888361671008 ], [ 1984528.159939664881676, 792808.705077653983608 ], [ 1984640.690075773280114, 792744.539409574004821 ], [ 1984746.389013226144016, 792669.652834581793286 ], [ 1984844.238813475007191, 792584.766551331849769 ], [ 1984933.297129453159869, 792490.698061135248281 ], [ 1985012.70628089341335, 792388.353294975706376 ], [ 1985081.701514258282259, 792278.717888898798265 ], [ 1985139.618367733666673, 792162.84769179765135 ], [ 1985185.899070359999314, 792041.858597011654638 ], [ 1985220.097913671284914, 791916.915795662789606 ], [ 1985241.885544111719355, 791789.222555228858255 ], [ 1985251.052134889643639, 791660.00863141939044 ], [ 1985247.50940672471188, 791530.518424956244417 ], [ 1985231.291478026192635, 791401.998997314134613 ], [ 1985202.554536312818527, 791275.688060837099329 ], [ 1985161.575334042776376, 791152.802058892091736 ], [ 1985108.74852333497256, 791034.52445085416548 ], [ 1985044.582855255110189, 790921.994314745767042 ], [ 1984969.696280262898654, 790816.29537729290314 ], [ 1984884.809997012838721, 790718.445577044039965 ], [ 1984790.741506816120818, 790629.387261065887287 ], [ 1984688.396740656811744, 790549.978109625517391 ], [ 1984578.761334579670802, 790480.982876260648482 ], [ 1984462.891137478640303, 790423.066022785380483 ], [ 1984341.902042692760006, 790376.785320159047842 ], [ 1984216.959241343894973, 790342.586476847645827 ], [ 1984089.266000909963623, 790320.798846407327801 ], [ 1983960.052077100379393, 790311.632255629519932 ], [ 1983828.463101430330426, 790308.771697045536712 ], [ 1983788.941210497403517, 790309.83540158951655 ], [ 1983707.859574742848054, 790238.682158444309607 ], [ 1983592.397980924230069, 790110.281388259725645 ], [ 1983486.622659764951095, 790005.241049228119664 ], [ 1983369.678369860630482, 789912.796879866044037 ], [ 1983196.118021440459415, 789790.865037121111527 ], [ 1983114.331478302599862, 789737.806991037796251 ], [ 1983028.852030132897198, 789690.92993019556161 ], [ 1982801.832471062894911, 789577.1273362794891 ], [ 1982770.930671622976661, 789562.136415441171266 ], [ 1982642.774431863101199, 789502.012848024256527 ], [ 1982493.915377404540777, 789443.845082765561529 ], [ 1982386.466135685099289, 789367.328269240213558 ], [ 1982252.864154376788065, 789283.737175416201353 ], [ 1982212.586675866739824, 789261.76740307721775 ], [ 1982106.65731203998439, 789209.985634166747332 ], [ 1981996.529780489625409, 789167.863092614454217 ], [ 1981883.08277438627556, 789135.735868670162745 ], [ 1981767.221472553675994, 789113.860301251988858 ], [ 1981649.870317165739834, 789102.410932651138864 ], [ 1981615.084953675745055, 789100.5802276491886 ], [ 1981423.449498657835647, 789104.43025758699514 ], [ 1981344.724918577820063, 789111.753405672963709 ], [ 1981187.685070623178035, 789135.966470464016311 ], [ 1981010.096843123203143, 789174.413243963965215 ], [ 1980852.762140027014539, 789218.833803191082552 ], [ 1980675.174240617081523, 789281.081382110132836 ], [ 1980521.490319198463112, 789346.128695229650475 ], [ 1980433.611557938391343, 789390.067911813617684 ], [ 1980349.65800230903551, 789437.542052587377839 ], [ 1980297.451928275171667, 789443.135506819584407 ], [ 1980121.844029057072476, 789474.062807741924189 ], [ 1979980.872198147000745, 789508.848171251942404 ], [ 1979860.429943373659626, 789544.729727387079038 ], [ 1979743.945866263238713, 789591.902628350188024 ], [ 1979601.143002263270319, 789657.811617258237675 ], [ 1979491.1811296234373, 789714.97069514519535 ], [ 1979387.064462909242138, 789782.190434297197498 ], [ 1979297.354996659327298, 789846.268718218198046 ], [ 1979211.183483892818913, 789913.372510284767486 ], [ 1979130.854382485151291, 789987.370375046273693 ], [ 1979056.917624456109479, 790067.755724049406126 ], [ 1978996.50140670593828, 790139.157156057422981 ], [ 1978920.410368911921978, 790238.235244775889441 ], [ 1978854.026375556364655, 790344.062836276716553 ], [ 1978797.94401423400268, 790455.69205487635918 ], [ 1978732.034697234164923, 790603.987033867277205 ], [ 1978683.07409621309489, 790731.562797487829812 ], [ 1978680.392260583350435, 790741.528638984309509 ] ] ] } },
{ "type": "Feature", "properties": { "FID": 122, "FeatureTyp": "Bike Lane", "Label": " ", "Fr_St": " ", "To_St": " ", "Notes": " ", "Shape_Leng": 1505.9306021899999, "GlobalID": "f00db8ac-4098-42ea-9bd1-e4a908ed21f0" }, "geometry": { "type": "Polygon", "coordinates": [ [ [ 1980638.199274721089751, 780809.610006290022284 ], [ 1980654.981401149183512, 780818.001803991850466 ], [ 1980661.027116655604914, 780821.005625679856166 ], [ 1980757.332698315614834, 780868.548509596846998 ], [ 1980775.072902308544144, 780877.14212055853568 ], [ 1980820.064282148610801, 780898.523311395547353 ], [ 1980844.196424577618018, 780909.695020152837969 ], [ 1980876.687173237558454, 780924.340660138870589 ], [ 1980958.937130006263033, 780958.130707199801691 ], [ 1981006.234279516385868, 780975.723847875720821 ], [ 1981071.133695658994839, 780997.962411667453125 ], [ 1981102.898723989026621, 781007.932536076521501 ], [ 1981176.537969033233821, 781028.721321023069322 ], [ 1981221.899754953105003, 781040.118607945041731 ], [ 1981280.461974114179611, 781053.423959963372909 ], [ 1981309.937814289703965, 781059.419195682508871 ], [ 1981337.274530590744689, 781065.419703556690365 ], [ 1981457.984478620579466, 781086.099449428380467 ], [ 1981484.606144550489262, 781089.397671180428006 ], [ 1981514.236191916745156, 781092.729276523925364 ], [ 1981537.78929440677166, 781095.108536855899729 ], [ 1981661.185532265808433, 781101.759777658269741 ], [ 1981694.631331525743008, 781101.994685314246453 ], [ 1981760.307034463388845, 781100.821574166067876 ], [ 1981803.670464783441275, 781098.966919094091281 ], [ 1981926.92342880833894, 781087.889323415001854 ], [ 1981958.250465888297185, 781083.585526244947687 ], [ 1982051.279523613164201, 781067.395738571533002 ], [ 1982072.404809453291818, 781062.935445650597103 ], [ 1982093.468207578407601, 781058.308169575524516 ], [ 1982134.606904828222468, 781048.917768406448886 ], [ 1982165.413178315153345, 781041.495738204568624 ], [ 1982211.132903145160526, 781029.898320462554693 ], [ 1982228.105542647419497, 781025.472756942850538 ], [ 1982253.908312567509711, 781018.56135343585629 ], [ 1982334.791343176504597, 780994.096298910910264 ], [ 1982385.925427266396582, 780976.824679918936454 ], [ 1982441.619447431527078, 780956.609311141772196 ], [ 1982485.491735011572018, 780939.561116881784983 ], [ 1982547.491219824412838, 780913.633645179565065 ], [ 1982590.352354584494606, 780894.413539263536222 ], [ 1982705.807772445725277, 780835.674191469675861 ], [ 1982814.949778016889468, 780765.901079796254635 ], [ 1982916.727274121949449, 780685.766157450620085 ], [ 1983010.16008783550933, 780596.041167540941387 ], [ 1983094.348410086240619, 780497.590210768976249 ], [ 1983168.481461308896542, 780391.361423667054623 ], [ 1983231.845299694919959, 780278.377847525523975 ], [ 1983283.829696842469275, 780159.727575945784338 ], [ 1983323.934014589292929, 780036.553275903919712 ], [ 1983351.772026432212442, 779910.041183243389241 ], [ 1983367.075637099798769, 779781.409678575000726 ], [ 1983369.6974644549191, 779651.897553605725989 ], [ 1983359.612258867360651, 779522.752080897684209 ], [ 1983336.917146380059421, 779395.217001951066777 ], [ 1983301.830693332478404, 779270.520549293956719 ], [ 1983254.69080144749023, 779149.863617931492627 ], [ 1983195.9514536538627, 779034.408200070378371 ], [ 1983126.178341980325058, 778925.266194498981349 ], [ 1983046.043419634690508, 778823.488698394154198 ], [ 1982956.318429725011811, 778730.055884680477902 ], [ 1982857.867472952930257, 778645.867562429746613 ], [ 1982751.638685851125047, 778571.734511207090691 ], [ 1982638.655109709594399, 778508.370672821067274 ], [ 1982520.004838129738346, 778456.386275673634373 ], [ 1982396.830538087990135, 778416.281957926810719 ], [ 1982270.31844542757608, 778388.44394608377479 ], [ 1982141.686940758954734, 778373.140335416304879 ], [ 1982012.174815789796412, 778370.518508061068133 ], [ 1981883.029343081871048, 778380.603713648510166 ], [ 1981755.4942641351372, 778403.298826135927811 ], [ 1981738.414853773545474, 778408.104543676134199 ], [ 1981738.256061700871214, 778408.025140690151602 ], [ 1981716.946781815728173, 778397.607834518537857 ], [ 1981670.394381475634873, 778375.366081104497425 ], [ 1981633.483866441994905, 778358.423452833900228 ], [ 1981565.76582602201961, 778328.59214765788056 ], [ 1981530.615487829316407, 778313.71071344811935 ], [ 1981490.624754179269075, 778297.457793208188377 ], [ 1981417.914584159152582, 778270.368804319412448 ], [ 1981395.095404069172218, 778262.623084901366383 ], [ 1981362.590480429353192, 778252.056949153426103 ], [ 1981314.368135929340497, 778237.069118231418543 ], [ 1981285.195020959479734, 778228.36952445062343 ], [ 1981264.785941029433161, 778222.538827450713143 ], [ 1981189.016285363817587, 778203.299554804340005 ], [ 1981170.638697453774512, 778199.208355644252151 ], [ 1981092.889128311537206, 778184.331538869068027 ], [ 1981028.321015981724486, 778173.973291857051663 ], [ 1980925.079200296197087, 778161.55906888958998 ], [ 1980874.543540206039324, 778157.493788318592124 ], [ 1980802.558310018852353, 778153.677728170878254 ], [ 1980778.622334278887138, 778153.063556158915162 ], [ 1980688.122130729490891, 778153.845049835159443 ], [ 1980654.488667809404433, 778155.289600752177648 ], [ 1980543.94867756543681, 778164.703582882648334 ], [ 1980524.933951815590262, 778167.131399556645192 ], [ 1980485.569869233993813, 778172.761251508025452 ], [ 1980464.191959233954549, 778176.148055761004798 ], [ 1980426.145166946342215, 778182.747493473347276 ], [ 1980388.326344946399331, 778189.878712800331414 ], [ 1980360.488554836250842, 778195.438508732127957 ], [ 1980346.677886926103383, 778198.351560650160536 ], [ 1980221.392624752130359, 778231.273704789928161 ], [ 1980099.937579781748354, 778276.317422930849716 ], [ 1979983.482430491829291, 778333.048919443739578 ], [ 1979873.148703631013632, 778400.921839004731737 ], [ 1979769.998973303474486, 778479.282528295298107 ], [ 1979675.026627799728885, 778567.376331041217782 ], [ 1979589.146302724024281, 778664.35485576512292 ], [ 1979513.185072553809732, 778769.284146260004491 ], [ 1979447.874485460342839, 778881.153676098329015 ], [ 1979393.843518099747598, 778998.886080553522334 ], [ 1979351.612518223933876, 779121.347532211570069 ], [ 1979321.588193447561935, 779247.358660348923877 ], [ 1979304.059694431256503, 779375.705908916890621 ], [ 1979299.195830202428624, 779505.153223749948665 ], [ 1979307.043442432768643, 779634.453956443234347 ], [ 1979327.526954326080158, 779762.362870257929899 ], [ 1979360.449098465964198, 779887.648132431786507 ], [ 1979405.492816606769338, 780009.103177402168512 ], [ 1979462.2243131196592, 780125.558326692087576 ], [ 1979530.097232680767775, 780235.892053552903235 ], [ 1979608.457921971334144, 780339.041783880442381 ], [ 1979696.551724717253819, 780434.014129384187981 ], [ 1979793.530249441042542, 780519.894454459892586 ], [ 1979898.459539935924113, 780595.855684629990719 ], [ 1980010.329069774132222, 780661.166271723457612 ], [ 1980128.061474229441956, 780715.197239084169269 ], [ 1980250.522925887489691, 780757.428238959982991 ], [ 1980376.534054024843499, 780787.452563736354932 ], [ 1980504.881302592810243, 780804.981062752660364 ], [ 1980634.328617425868288, 780809.844926981488243 ], [ 1980638.199274721089751, 780809.610006290022284 ] ] ] } },
{ "type": "Feature", "properties": { "FID": 123, "FeatureTyp": "Bike Lane", "Label": " ", "Fr_St": " ", "To_St": " ", "Notes": " ", "Shape_Leng": 1493.10182306, "GlobalID": "d3ef6714-02a3-4baf-af3f-099d0def4d4b" }, "geometry": { "type": "Polygon", "coordinates": [ [ [ 1980650.624192372895777, 780766.901226473739371 ], [ 1980680.50741467718035, 780781.844140879344195 ], [ 1980686.54780510137789, 780784.845332805300131 ], [ 1980782.314017771510407, 780832.122469235328026 ], [ 1980800.065106691094115, 780840.72134851757437 ], [ 1980844.105701021151617, 780861.650440507568419 ], [ 1980868.235721836797893, 780872.821053336141631 ], [ 1980898.332118336809799, 780886.387299175141379 ], [ 1980980.578480177558959, 780920.175726627465338 ], [ 1981024.518681017449126, 780936.520182123524137 ], [ 1981089.419328610179946, 780958.759133055689745 ], [ 1981118.036069270223379, 780967.741070478688926 ], [ 1981191.67408960335888, 780988.529471275629476 ], [ 1981234.024726693285629, 780999.170198020641692 ], [ 1981292.583222998771816, 781012.474793015397154 ], [ 1981321.173378455918282, 781018.289970756741241 ], [ 1981346.239250440848991, 781023.792143656406552 ], [ 1981466.948099750094116, 781044.472333066049032 ], [ 1981490.131452330155298, 781047.344702653004788 ], [ 1981519.795033757807687, 781050.679859076510184 ], [ 1981539.87701459787786, 781052.708070238586515 ], [ 1981663.244668434374034, 781059.356631697504781 ], [ 1981692.386014354182407, 781059.561355710495263 ], [ 1981758.055396326817572, 781058.388624998857267 ], [ 1981797.113717156928033, 781056.71835273783654 ], [ 1981920.388273751363158, 781045.638597844634205 ], [ 1981946.79865400143899, 781042.009996189619415 ], [ 1982039.788184754084796, 781025.827590617001988 ], [ 1982058.332767084008083, 781021.912572193075903 ], [ 1982079.435553853167221, 781017.276758691878058 ], [ 1982119.393807273125276, 781008.155385857797228 ], [ 1982150.192557597300038, 781000.734935830230825 ], [ 1982194.827638927381486, 780989.412451918236911 ], [ 1982211.785773997893557, 780984.990696844877675 ], [ 1982235.347734737908468, 780978.679685842944309 ], [ 1982316.238983752205968, 780954.212492049555294 ], [ 1982364.276617342140526, 780937.986802713479847 ], [ 1982419.971332559594885, 780917.771208938909695 ], [ 1982461.163835469633341, 780901.764351185993291 ], [ 1982523.154939418192953, 780875.84064916241914 ], [ 1982564.622376178158447, 780857.245870088343509 ], [ 1982680.078212138032541, 780798.507344098063186 ], [ 1982789.22071434580721, 780728.735009290045127 ], [ 1982890.998780841706321, 780648.600811389973387 ], [ 1982984.432233207859099, 780558.87648652959615 ], [ 1983068.62125622224994, 780460.426129005500115 ], [ 1983142.755063570570201, 780354.197869579074904 ], [ 1983206.119706162717193, 780241.214744459022768 ], [ 1983258.104947851505131, 780122.56484290282242 ], [ 1983298.210142341675237, 779999.390828323317692 ], [ 1983326.049054686445743, 779872.878933814587072 ], [ 1983341.353580941678956, 779744.247538079158403 ], [ 1983343.976330153411254, 779614.735431775217876 ], [ 1983333.892043812666088, 779485.589887284790166 ], [ 1983311.197839109925553, 779358.054646799573675 ], [ 1983276.112273642094806, 779233.35794440319296 ], [ 1983228.973240584367886, 779112.70067750592716 ], [ 1983170.234714593971148, 778997.244841545936652 ], [ 1983100.46237978595309, 778888.102339338161983 ], [ 1983020.32818188611418, 778786.324272842262872 ], [ 1982930.603857025736943, 778692.890820475993678 ], [ 1982832.153499501524493, 778608.701797461719252 ], [ 1982725.925240075215697, 778534.567990113282576 ], [ 1982612.942114955047145, 778471.203347521368414 ], [ 1982494.292213398730382, 778419.218105832464062 ], [ 1982371.118198819225654, 778379.112911342410371 ], [ 1982244.606304310495034, 778351.273998997523449 ], [ 1982115.974908575182781, 778335.969472742173821 ], [ 1981986.462802271125838, 778333.346723530557938 ], [ 1981857.317257780814543, 778343.431009871186689 ], [ 1981746.102836028672755, 778363.221013352158479 ], [ 1981742.116695798002183, 778361.272361902869307 ], [ 1981694.244744287803769, 778338.40068848291412 ], [ 1981657.345191112719476, 778321.463291836553253 ], [ 1981587.988702532835305, 778290.910203335573897 ], [ 1981552.850447674049065, 778276.033674889942631 ], [ 1981510.42139867390506, 778258.789286816958338 ], [ 1981437.677921068621799, 778231.688172666938044 ], [ 1981412.452577818650752, 778223.126181913889013 ], [ 1981379.980976221384481, 778212.57100609713234 ], [ 1981330.356403561541811, 778197.146824337076396 ], [ 1981301.173847664613277, 778188.444225646439008 ], [ 1981278.39010057458654, 778181.935052313492633 ], [ 1981202.588979738997295, 778162.688598098699003 ], [ 1981180.719272818882018, 778157.820497604669072 ], [ 1981103.005952940555289, 778142.951278048451059 ], [ 1981034.32564411056228, 778131.932927387533709 ], [ 1980931.070892776362598, 778119.517056538839824 ], [ 1980876.543770856456831, 778115.130910454783589 ], [ 1980804.547874571057037, 778111.314869415364228 ], [ 1980776.916368161095306, 778110.606209409423172 ], [ 1980686.446140920277685, 778111.38751393428538 ], [ 1980648.235259330132976, 778113.028258680249564 ], [ 1980537.667809159029275, 778122.444563438650221 ], [ 1980515.252827749121934, 778125.306762446649373 ], [ 1980475.892807741183788, 778130.936385567882098 ], [ 1980452.755714901257306, 778134.602060641860589 ], [ 1980414.720683481078595, 778141.199564852402546 ], [ 1980375.405145321041346, 778148.612935863435268 ], [ 1980347.560104319127277, 778154.174209084827453 ], [ 1980333.118204069091007, 778157.22046282584779 ], [ 1980207.833067304454744, 778190.143084206618369 ], [ 1980086.378193916985765, 778235.187264998327009 ], [ 1979969.923260731855407, 778291.91920511610806 ], [ 1979859.589792415732518, 778359.792544964002445 ], [ 1979756.440360583597794, 778438.15362717572134 ], [ 1979661.468350650509819, 778526.247791693196632 ], [ 1979575.588394989725202, 778623.226643554982729 ], [ 1979499.627564520807937, 778728.156223403406329 ], [ 1979434.317403565393761, 778840.026002024416812 ], [ 1979380.286884675733745, 778957.758612295612693 ], [ 1979338.056351284962147, 779080.220224820659496 ], [ 1979308.032506515039131, 779206.231467326986603 ], [ 1979290.504496403969824, 779334.578782664146274 ], [ 1979285.641125270863995, 779464.02611602388788 ], [ 1979293.489230038132519, 779593.326818822766654 ], [ 1979313.973229166818783, 779721.235654609976336 ], [ 1979346.895850547589362, 779846.5207913746126 ], [ 1979391.940031339181587, 779967.975664761965163 ], [ 1979448.671971457079053, 780084.430597947328351 ], [ 1979516.545311304973438, 780194.76406626321841 ], [ 1979594.906393516808748, 780297.913498095585965 ], [ 1979683.00055803428404, 780392.885508028441109 ], [ 1979779.979409895837307, 780478.765463689342141 ], [ 1979884.908989744493738, 780554.726294158375822 ], [ 1979996.77876836550422, 780620.036455113789998 ], [ 1980114.511378636583686, 780674.066974003333598 ], [ 1980236.972991161746904, 780716.297507394105196 ], [ 1980362.984233667841181, 780746.321352163911797 ], [ 1980491.331549005117267, 780763.849362275097519 ], [ 1980620.778882364975289, 780768.712733408203349 ], [ 1980650.624192372895777, 780766.901226473739371 ] ] ] } },
{ "type": "Feature", "properties": { "FID": 124, "FeatureTyp": "Bike Lane", "Label": " ", "Fr_St": " ", "To_St": " ", "Notes": " ", "Shape_Leng": 2153.18311047, "GlobalID": "e884344e-c6b3-481d-b620-f5f337e6a55d" }, "geometry": { "type": "Polygon", "coordinates": [ [ [ 1979262.052627735771239, 778429.559743677615188 ], [ 1979117.537678359076381, 778456.921468057087623 ], [ 1979066.998295438243076, 778467.518328370759264 ], [ 1978922.933294858317822, 778500.679679365712218 ], [ 1978906.908189275767654, 778504.473803734756075 ], [ 1978799.27618667576462, 778530.66699281882029 ], [ 1978797.97096248716116, 778530.985334187280387 ], [ 1978708.856967487139627, 778552.768099025241099 ], [ 1978691.655153355095536, 778557.095546749536879 ], [ 1978587.8088077113498, 778583.963254728121683 ], [ 1978537.174989531282336, 778596.776572739239782 ], [ 1978391.041153250494972, 778633.904242045828141 ], [ 1978295.372980842366815, 778656.650331545737572 ], [ 1978290.873169967206195, 778657.728543996228836 ], [ 1978121.206683234777302, 778698.697396724717692 ], [ 1978000.617800269043073, 778726.884622993762605 ], [ 1977977.087823822861537, 778732.612808585632592 ], [ 1977841.211477641947567, 778767.014120207517408 ], [ 1977772.861827637534589, 778784.048667307943106 ], [ 1977766.72748586605303, 778785.593129152897745 ], [ 1977736.234399146400392, 778793.348210234660655 ], [ 1977555.043848380912095, 778837.112798777641729 ], [ 1977546.899991859216243, 778839.107252571498975 ], [ 1977388.084692699369043, 778878.536635655560531 ], [ 1977386.015335160074756, 778879.052174109965563 ], [ 1977343.183458737330511, 778889.759622018202208 ], [ 1977271.100924915634096, 778906.458272823831066 ], [ 1977231.741498918039724, 778914.726732102688402 ], [ 1977106.429420332657173, 778947.546656741877086 ], [ 1976984.937668815953657, 778992.491276065120474 ], [ 1976868.436276349006221, 779049.127748819068074 ], [ 1976758.047215027501807, 779116.910634810337797 ], [ 1976654.833591856993735, 779195.187147793010809 ], [ 1976559.78941045049578, 779283.203442156664096 ], [ 1976473.829998231958598, 779380.111872872221284 ], [ 1976397.783191330730915, 779484.979158776113763 ], [ 1976332.381362068699673, 779596.795370578882284 ], [ 1976278.254365814384073, 779714.483657035976648 ], [ 1976235.923475129995495, 779836.910615613800474 ], [ 1976205.796359633794054, 779962.897207775735296 ], [ 1976188.163159916643053, 780091.230113768251613 ], [ 1976183.193693331442773, 780220.673417552490719 ], [ 1976190.93581855786033, 780349.980509352288209 ], [ 1976211.314974697539583, 780477.906091187032871 ], [ 1976244.134899336844683, 780603.218169772415422 ], [ 1976289.079518660204485, 780724.709921289235353 ], [ 1976345.715991413919255, 780841.211313756066374 ], [ 1976413.498877405188978, 780951.600375077570789 ], [ 1976491.775390387978405, 781054.81399824807886 ], [ 1976579.791684751631692, 781149.8581796544604 ], [ 1976676.70011546718888, 781235.817591873230413 ], [ 1976781.567401371197775, 781311.864398774458095 ], [ 1976893.383613173849881, 781377.266228036256507 ], [ 1977011.07189963106066, 781431.393224290804937 ], [ 1977133.49885820876807, 781473.724114974960685 ], [ 1977259.485450370702893, 781503.851230471394956 ], [ 1977387.818356363102794, 781521.484430188429542 ], [ 1977517.261660147458315, 781526.453896773746237 ], [ 1977646.568751947255805, 781518.711771547328681 ], [ 1977774.494333782000467, 781498.332615407416597 ], [ 1977827.146787531906739, 781487.271613913355395 ], [ 1977853.672562073450536, 781481.413571553886868 ], [ 1977950.126109313452616, 781459.069128053844906 ], [ 1977972.356276189908385, 781453.715995413018391 ], [ 1978025.245582314906642, 781440.494312462513335 ], [ 1978178.957233388675377, 781402.332022011047229 ], [ 1978363.799082959070802, 781357.685502323321998 ], [ 1978379.228836403926834, 781353.860138272051699 ], [ 1978414.359961828449741, 781344.925499130273238 ], [ 1978482.022754462435842, 781328.062135118991137 ], [ 1978486.784857357153669, 781326.865881264326163 ], [ 1978613.302428241120651, 781294.834033897495829 ], [ 1978726.796676660887897, 781268.305153442197479 ], [ 1978736.181783782783896, 781266.075220346800052 ], [ 1978908.2877895263955, 781224.517304350505583 ], [ 1979011.580691327573732, 781199.958357211318798 ], [ 1979031.294572205748409, 781195.110715524875559 ], [ 1979185.441970792133361, 781155.946421496686526 ], [ 1979238.870592238614336, 781142.425854766741395 ], [ 1979245.672258064849302, 781140.685375678469427 ], [ 1979344.330753318266943, 781115.159897399600595 ], [ 1979424.176772101549432, 781095.642569617368281 ], [ 1979523.155362762976438, 781071.555264003342018 ], [ 1979634.029942215420306, 781046.033792231348343 ], [ 1979773.868861650815234, 781019.557403541984968 ], [ 1979815.127918668091297, 781011.06152712891344 ], [ 1979884.12253134814091, 780995.702962051844224 ], [ 1980009.032813437050208, 780961.385533226653934 ], [ 1980129.977922139456496, 780914.990003552986309 ], [ 1980245.793089943006635, 780856.963187344023027 ], [ 1980355.362953471019864, 780787.863914560526609 ], [ 1980457.632295040413737, 780708.357648973003961 ], [ 1980551.616204985883087, 780619.210079381475225 ], [ 1980636.409566878108308, 780521.279745614156127 ], [ 1980711.195774288848042, 780415.509770319447853 ], [ 1980775.254595158621669, 780302.918776179198176 ], [ 1980827.969108024379238, 780184.591076015378349 ], [ 1980868.831643310608342, 780061.666230265167542 ], [ 1980897.448672464583069, 779935.328072390635498 ], [ 1980913.544597852043808, 779806.793307915679179 ], [ 1980916.964406912447885, 779677.299796886276454 ], [ 1980907.675165015272796, 779548.094632602063939 ], [ 1980885.766332637984306, 779420.422131425933912 ], [ 1980851.448903812561184, 779295.511849336908199 ], [ 1980805.05337413889356, 779174.566740634501912 ], [ 1980747.026557930046692, 779058.751572830951773 ], [ 1980677.927285146666691, 778949.181709303054959 ], [ 1980598.421019559027627, 778846.91236773354467 ], [ 1980509.273449967382476, 778752.928457787958905 ], [ 1980411.343116200296208, 778668.135095895966515 ], [ 1980305.573140905471519, 778593.348888485110365 ], [ 1980192.982146765338257, 778529.290067615336739 ], [ 1980074.654446601402014, 778476.575554749579169 ], [ 1979951.729600851191208, 778435.713019463350065 ], [ 1979825.391442976659164, 778407.095990309375338 ], [ 1979696.856678501702845, 778391.0000649219146 ], [ 1979567.363167472416535, 778387.580255861394107 ], [ 1979438.15800318820402, 778396.869497758685611 ], [ 1979310.485502011841163, 778418.778330136090517 ], [ 1979262.052627735771239, 778429.559743677615188 ] ] ] } },
{ "type": "Feature", "properties": { "FID": 125, "FeatureTyp": "Bike Lane", "Label": " ", "Fr_St": " ", "To_St": " ", "Notes": " ", "Shape_Leng": 2152.7045404599999, "GlobalID": "23d80211-1601-43fd-a844-a64a531e57d6" }, "geometry": { "type": "Polygon", "coordinates": [ [ [ 1979253.981329032685608, 778393.892426419537514 ], [ 1979109.327206077752635, 778421.2805607074406 ], [ 1979058.787624899763614, 778431.877487691235729 ], [ 1978913.71672080992721, 778465.270465525332838 ], [ 1978897.694857689552009, 778469.063810212071985 ], [ 1978789.800388449570164, 778495.320647476008162 ], [ 1978788.489252102561295, 778495.640431269886903 ], [ 1978699.094417772488669, 778517.492093591950834 ], [ 1978681.89478206099011, 778521.819026035489514 ], [ 1978577.894810065161437, 778548.726585668278858 ], [ 1978527.348843555198982, 778561.517453551292419 ], [ 1978381.489898918895051, 778598.575419507571496 ], [ 1978286.054468763060868, 778621.265988782048225 ], [ 1978281.55101809464395, 778622.345071464194916 ], [ 1978111.961456550518051, 778663.295531751937233 ], [ 1977991.160138898063451, 778691.531991441734135 ], [ 1977967.622336118016392, 778697.262075680890121 ], [ 1977831.464168200269341, 778731.735142792924307 ], [ 1977763.095166159095243, 778748.774528627516702 ], [ 1977756.967744054505602, 778750.317232073866762 ], [ 1977726.613307078368962, 778758.036883577005938 ], [ 1977545.530551312025636, 778801.775170189328492 ], [ 1977537.382887770654634, 778803.770557203795761 ], [ 1977378.412733270553872, 778843.238654115819372 ], [ 1977376.341802845476195, 778843.754589261603542 ], [ 1977333.818431234452873, 778854.385041879722849 ], [ 1977262.476013131905347, 778870.912050370243378 ], [ 1977223.517971968278289, 778879.096181836794131 ], [ 1977098.205888050375506, 778911.916086115525104 ], [ 1976976.714129231171682, 778956.860685698920861 ], [ 1976860.212727562058717, 779013.497139523853548 ], [ 1976749.823655227199197, 779081.280007579247467 ], [ 1976646.610019338550046, 779159.556503791944124 ], [ 1976551.565823631361127, 779247.572782712988555 ], [ 1976465.606395666953176, 779344.481199461966753 ], [ 1976389.559571727178991, 779449.34847300988622 ], [ 1976324.157724297605455, 779561.164674186264165 ], [ 1976270.030708921141922, 779678.852951848879457 ], [ 1976227.699798345100135, 779801.279903548769653 ], [ 1976197.572662378661335, 779927.266490815789439 ], [ 1976179.939441810362041, 780055.59939394320827 ], [ 1976174.969954193336889, 780185.042696919990703 ], [ 1976182.712058410048485, 780314.349789977655746 ], [ 1976203.091193764703348, 780442.275375123601407 ], [ 1976235.911098043434322, 780567.587459041620605 ], [ 1976280.855697626946494, 780689.079217860940844 ], [ 1976337.492151451762766, 780805.580619530053809 ], [ 1976405.275019507156685, 780915.969691864680499 ], [ 1976483.551515719853342, 781019.18332775356248 ], [ 1976571.567794641014189, 781114.227523460634984 ], [ 1976668.476211389759555, 781200.186951424926519 ], [ 1976773.343484937679023, 781276.23377536481712 ], [ 1976885.159686114173383, 781341.635622794507071 ], [ 1977002.847963776672259, 781395.762638170737773 ], [ 1977125.274915476562455, 781438.093548746779561 ], [ 1977251.261502743698657, 781468.220684713334776 ], [ 1977379.594405871117488, 781485.853905281750485 ], [ 1977509.037708848016337, 781490.823392898775637 ], [ 1977638.344801905564964, 781483.081288681947626 ], [ 1977766.27038705162704, 781462.702153327292763 ], [ 1977818.519954471616074, 781451.725797328283079 ], [ 1977845.042740006465465, 781445.868451928719878 ], [ 1977940.758099746424705, 781423.695267935632728 ], [ 1977962.995069664437324, 781418.340493244351819 ], [ 1978015.578472175402567, 781405.195125233498402 ], [ 1978169.442291258601472, 781366.994796738261357 ], [ 1978354.171998368110508, 781322.375634404714219 ], [ 1978369.596884705591947, 781318.551530852215365 ], [ 1978404.590389890829101, 781309.652085109963082 ], [ 1978472.277643930865452, 781292.782609130488709 ], [ 1978477.043034381931648, 781291.585521829081699 ], [ 1978603.840173534117639, 781259.482517253956757 ], [ 1978717.545714021893218, 781232.904645647271536 ], [ 1978726.936387505149469, 781230.6734013708774 ], [ 1978898.966428039362654, 781189.133643386652693 ], [ 1979002.026537746889517, 781164.630242972983979 ], [ 1979021.743948504794389, 781159.781742541003041 ], [ 1979175.608624035026878, 781120.689127148827538 ], [ 1979228.949402384692803, 781107.191020459751599 ], [ 1979235.757471879012883, 781105.448914053617045 ], [ 1979334.573876619106159, 781079.882481176638976 ], [ 1979414.698872178327292, 781060.296737105003558 ], [ 1979513.938589048571885, 781036.146091438597068 ], [ 1979625.820600013248622, 781010.392660482786596 ], [ 1979765.801151272142306, 780983.889398375526071 ], [ 1979807.065290080150589, 780975.392373583978042 ], [ 1979875.436544400174171, 780960.172259665909223 ], [ 1980000.346677422290668, 780925.854288264294155 ], [ 1980121.291584593942389, 780879.458233237848617 ], [ 1980237.106500343419611, 780821.430913959397003 ], [ 1980346.676063721533865, 780752.331165234558284 ], [ 1980448.945059936260805, 780672.824455417110585 ], [ 1980542.928582647582516, 780583.676477585569955 ], [ 1980627.721519155893475, 780485.74577549949754 ], [ 1980702.507267129374668, 780379.975475354585797 ], [ 1980766.565598933724687, 780267.384202960995026 ], [ 1980819.279597815126181, 780149.056273820693605 ], [ 1980860.141599148279056, 780026.131250575766899 ], [ 1980888.758079522987828, 779899.792968397727236 ], [ 1980904.853446589782834, 779771.258134007453918 ], [ 1980908.272693165112287, 779641.764608124620281 ], [ 1980898.982890035258606, 779512.559484191588126 ], [ 1980877.073503083083779, 779384.887078182655387 ], [ 1980842.75553168123588, 779259.976945160655305 ], [ 1980796.359476655023172, 779139.032037989119999 ], [ 1980738.332157376455143, 779023.217122239526361 ], [ 1980669.232408651616424, 778913.647558861412108 ], [ 1980589.725698834052309, 778811.378562646801583 ], [ 1980500.57772100251168, 778717.395039935247041 ], [ 1980402.647018916672096, 778632.602103427168913 ], [ 1980296.876718771643937, 778557.816355453454889 ], [ 1980184.285446378169581, 778493.758023649337701 ], [ 1980065.957517237635329, 778441.044024767819792 ], [ 1979943.032493992708623, 778400.182023434666917 ], [ 1979816.694211814785376, 778371.565543059958145 ], [ 1979688.159377424512058, 778355.470175993163139 ], [ 1979558.665851541562006, 778352.050929417833686 ], [ 1979429.460727608762681, 778361.340732547570951 ], [ 1979301.788321599829942, 778383.250119499978609 ], [ 1979253.981329032685608, 778393.892426419537514 ] ] ] } },
{ "type": "Feature", "properties": { "FID": 126, "FeatureTyp": "Unpaved Greenway", "Label": " ", "Fr_St": " ", "To_St": " ", "Notes": " ", "Shape_Leng": 1327.75089699, "GlobalID": "7b366847-74c9-43f7-922c-ea33a5b1e43b" }, "geometry": { "type": "Polygon", "coordinates": [ [ [ 1989409.393002591794357, 789986.23225154413376 ], [ 1989402.63952965522185, 790139.761559073580429 ], [ 1989414.050702461740002, 790938.564268897636794 ], [ 1989416.887691903393716, 791196.707208446925506 ], [ 1989424.83885186817497, 791327.586970173055306 ], [ 1989445.735566794639453, 791457.032172013656236 ], [ 1989479.371643133694306, 791583.76554308377672 ], [ 1989525.415184604935348, 791706.536570867407136 ], [ 1989583.411867107497528, 791824.133840363705531 ], [ 1989652.789421658264473, 791935.396987446700223 ], [ 1989732.863281126134098, 792039.228148492868058 ], [ 1989832.985456206137314, 792156.514003159827553 ], [ 1989921.823046025121585, 792250.79097345424816 ], [ 1990019.473617594689131, 792335.906367860268801 ], [ 1990124.996742529096082, 792411.040478601120412 ], [ 1990237.37617545039393, 792475.469723117654212 ], [ 1990355.529640987049788, 792528.573612564825453 ], [ 1990478.319256676593795, 792569.84072745766025 ], [ 1990604.562491395976394, 792598.873642920632847 ], [ 1990733.043553783558309, 792615.392756107146852 ], [ 1990862.525100973667577, 792619.238978926674463 ], [ 1990991.760154885239899, 792610.37527015118394 ], [ 1991119.504111301386729, 792588.886992141255178 ], [ 1991244.526726090582088, 792554.981088761007413 ], [ 1991365.623963127611205, 792508.984092394937761 ], [ 1991481.629589821677655, 792451.338979262276553 ], [ 1991591.426408572355285, 792382.600903314771131 ], [ 1991693.957015994004905, 792303.431849799701013 ], [ 1991788.233986288309097, 792214.594259980716743 ], [ 1991873.349380694329739, 792116.943688411382027 ], [ 1991948.48349143518135, 792011.420563476975076 ], [ 1992012.912735951831564, 791899.041130555444397 ], [ 1992066.016625399002805, 791780.887665018904954 ], [ 1992107.283740291604772, 791658.098049329477362 ], [ 1992136.316655754810199, 791531.854814609978348 ], [ 1992152.835768941091374, 791403.373752222280018 ], [ 1992156.681991760851815, 791273.89220503217075 ], [ 1992147.818282985128462, 791144.657151120831259 ], [ 1992126.33000497543253, 791016.913194704451598 ], [ 1992092.42410159506835, 790891.890579915372655 ], [ 1992052.138186817290261, 790785.82902467274107 ], [ 1992043.469619392883033, 790179.013645889936015 ], [ 1992047.058958418201655, 790144.016664128866978 ], [ 1992053.936382619431242, 790014.660699716303498 ], [ 1992048.101588426856324, 789885.253514176001772 ], [ 1992029.610768098616973, 789757.041369445854798 ], [ 1991998.641998342238367, 789631.25901856739074 ], [ 1991955.493525339988992, 789509.117814339348115 ], [ 1991900.580892473924905, 789391.79404332744889 ], [ 1991834.43293841695413, 789280.417597582330927 ], [ 1991757.686704126885161, 789176.061093160999008 ], [ 1991671.081297793891281, 789079.729540248285048 ], [ 1991575.450776823796332, 788992.350664358702488 ], [ 1991471.716115410672501, 788914.765971833374351 ], [ 1991360.876335051143542, 788847.722645673318766 ], [ 1991243.99888342153281, 788791.866349759162404 ], [ 1991122.20935427211225, 788747.735010754666291 ], [ 1990996.680647346191108, 788715.753637579153292 ], [ 1990868.621672711800784, 788696.230228338972665 ], [ 1990739.265708299353719, 788689.352804137743078 ], [ 1990609.858522759051993, 788695.187598330085166 ], [ 1990481.646378028905019, 788713.678418658440933 ], [ 1990355.864027150440961, 788744.647188414703123 ], [ 1990233.722822922281921, 788787.795661417068914 ], [ 1990116.399051910499111, 788842.708294283133 ], [ 1990005.022606165381148, 788908.85624833998736 ], [ 1989900.666101744165644, 788985.602482630056329 ], [ 1989804.334548831218854, 789072.20788896328304 ], [ 1989716.955672941869125, 789167.838409933377989 ], [ 1989639.370980416424572, 789271.573071346385404 ], [ 1989572.327654256485403, 789382.412851705797948 ], [ 1989516.47135834232904, 789499.290303335641511 ], [ 1989472.340019337832928, 789621.07983248482924 ], [ 1989440.358646162087098, 789746.608539410983212 ], [ 1989420.835236921906471, 789874.667514045140706 ], [ 1989409.393002591794357, 789986.23225154413376 ] ] ] } },
{ "type": "Feature", "properties": { "FID": 127, "FeatureTyp": "Unpaved Greenway", "Label": " ", "Fr_St": " ", "To_St": " ", "Notes": " ", "Shape_Leng": 1115.35727591, "GlobalID": "f9f62d3a-2b4b-44da-a621-7b409baa4b57" }, "geometry": { "type": "Polygon", "coordinates": [ [ [ 1989303.682059943675995, 789961.273162206402048 ], [ 1989341.500261273235083, 790119.688567359000444 ], [ 1989404.434190523112193, 790322.79347610892728 ], [ 1989408.367952816421166, 790335.269782772171311 ], [ 1989456.998761056456715, 790486.883324688184075 ], [ 1989502.568249425152317, 790608.142081990721636 ], [ 1989559.8037448823452, 790724.350354297319427 ], [ 1989628.154038319131359, 790834.388992419699207 ], [ 1989706.960879045538604, 790937.198264119564556 ], [ 1989795.465314105153084, 791031.788059909129515 ], [ 1989892.814997406909242, 791117.247428347007371 ], [ 1989998.072398283751681, 791192.753348998143338 ], [ 1990110.223830425646156, 791257.578658571001142 ], [ 1990228.189214233309031, 791311.099053897312842 ], [ 1990350.832478573545814, 791352.799104312784038 ], [ 1990476.972501767799258, 791382.277215536334552 ], [ 1990605.394486437086016, 791399.249497242737561 ], [ 1990734.861658666748554, 791403.552497080876492 ], [ 1990864.127178814029321, 791395.144774810178205 ], [ 1990991.94614925631322, 791374.107301392243244 ], [ 1991117.087603435153142, 791340.642679196316749 ], [ 1991238.346360737690702, 791295.073190827737562 ], [ 1991354.554633044172078, 791237.837695370428264 ], [ 1991464.593271166551858, 791169.487401933642104 ], [ 1991567.402542866533622, 791090.680561207234859 ], [ 1991661.992338656214997, 791002.176126147736795 ], [ 1991747.451707093976438, 790904.826442845980637 ], [ 1991822.957627745112404, 790799.569041969138198 ], [ 1991887.782937317853794, 790687.417609827127308 ], [ 1991941.303332644281909, 790569.452226019697264 ], [ 1991983.003383059753105, 790446.80896167922765 ], [ 1992012.481494283303618, 790320.668938485090621 ], [ 1992029.453775989590213, 790192.246953815803863 ], [ 1992033.756775827845559, 790062.779781586257741 ], [ 1992025.349053557263687, 789933.514261438976973 ], [ 1992004.31158013921231, 789805.695290996693075 ], [ 1991970.846957943402231, 789680.553836817736737 ], [ 1991924.213942620670423, 789535.168701773276553 ], [ 1991889.092004824895412, 789421.820654762908816 ], [ 1991877.982721450505778, 789356.399287885753438 ], [ 1991873.13211316568777, 789329.522243340848945 ], [ 1991858.845721399411559, 789254.79351212142501 ], [ 1991865.135208340827376, 789136.375269530108199 ], [ 1991859.293423431226984, 789006.968399380915798 ], [ 1991840.795676961541176, 788878.75725373334717 ], [ 1991809.82011234248057, 788752.97657600720413 ], [ 1991766.665041194064543, 788630.837702887598425 ], [ 1991711.746070442488417, 788513.516898490837775 ], [ 1991645.592099797911942, 788402.144026297144592 ], [ 1991568.840228160843253, 788297.791667948360555 ], [ 1991482.229618012206629, 788201.464793700259179 ], [ 1991386.594376873923466, 788114.091084009502083 ], [ 1991282.855524397455156, 788036.511995463632047 ], [ 1991172.012122441781685, 787969.474657094455324 ], [ 1991055.131653560791165, 787913.624675116734579 ], [ 1990933.339740563416854, 787869.499915387714282 ], [ 1990807.80930614983663, 787837.525323464651592 ], [ 1990679.749277025228366, 787818.00883214676287 ], [ 1990550.392941275145859, 787811.138395914225839 ], [ 1990420.986071126069874, 787816.980180823826231 ], [ 1990292.774925478268415, 787835.477927293279208 ], [ 1990166.99424775224179, 787866.453491912339814 ], [ 1990044.855374632636085, 787909.608563060755841 ], [ 1989927.53457023575902, 787964.527533812331967 ], [ 1989781.642145495861769, 788041.764584062388167 ], [ 1989670.130972164683044, 788108.010183944134042 ], [ 1989565.65962023101747, 788184.879930311231874 ], [ 1989469.236781540326774, 788271.631630353280343 ], [ 1989381.793437928892672, 788367.427679016138427 ], [ 1989304.173872407991439, 788471.343146246741526 ], [ 1989237.127517442684621, 788582.374707377981395 ], [ 1989181.301719030132517, 788699.450330429826863 ], [ 1989137.235486444784328, 788821.439626792795025 ], [ 1989105.354287995956838, 788947.164765356341377 ], [ 1989085.965943045215681, 789075.411844704998657 ], [ 1989079.257649949984625, 789204.942613579216413 ], [ 1989085.294178624870256, 789334.506426439620554 ], [ 1989104.017245175084099, 789462.852318700868636 ], [ 1989135.246074640192091, 789588.741085044923238 ], [ 1989178.679146411363035, 789710.957244197023101 ], [ 1989198.703712651273236, 789759.58805244602263 ], [ 1989250.580931516829878, 789870.630632692715153 ], [ 1989303.682059943675995, 789961.273162206402048 ] ] ] } },
{ "type": "Feature", "properties": { "FID": 128, "FeatureTyp": "Unpaved Greenway", "Label": " ", "Fr_St": " ", "To_St": " ", "Notes": " ", "Shape_Leng": 2839.45328144, "GlobalID": "d362ed57-e923-41f4-bf24-3d85d9db9c91" }, "geometry": { "type": "Polygon", "coordinates": [ [ [ 1987055.902257192414254, 786786.436953349970281 ], [ 1987040.374730074545369, 786786.623863291926682 ], [ 1986911.699902505148202, 786800.855182061204687 ], [ 1986785.037983557907864, 786827.622699176194146 ], [ 1986750.088952976278961, 786836.8198013844667 ], [ 1986665.392797859851271, 786848.919276895117946 ], [ 1986538.209437449928373, 786873.509057853836566 ], [ 1986414.048719694139436, 786910.446581581025384 ], [ 1986294.106380177661777, 786959.376119531108998 ], [ 1986179.537529196823016, 787019.826453506015241 ], [ 1986071.445527416653931, 787091.215413743979298 ], [ 1985970.871359903132543, 787172.855485532898456 ], [ 1985878.783610868966207, 787263.960430352366529 ], [ 1985796.069135677535087, 787363.652857780689374 ], [ 1985723.52451994153671, 787470.972675244323909 ], [ 1985661.848407967248932, 787584.886334234150127 ], [ 1985611.634774428326637, 787704.296783942612819 ], [ 1985573.367204065900296, 787828.054036462446675 ], [ 1985547.414234501076862, 787954.966241799411364 ], [ 1985534.025807018624619, 788083.811166038969532 ], [ 1985533.330859493697062, 788213.347962126601487 ], [ 1985545.336084651295096, 788342.329119904199615 ], [ 1985569.925865609897301, 788469.512480314006098 ], [ 1985606.863389337202534, 788593.673198069795035 ], [ 1985655.792927287286147, 788713.615537586389109 ], [ 1985716.243261262075976, 788828.18438856722787 ], [ 1985787.632221500156447, 788936.276390347396955 ], [ 1985869.27229328895919, 789036.850557860918343 ], [ 1985960.377238108310848, 789128.938306895084679 ], [ 1986060.069665536750108, 789211.652782086399384 ], [ 1986167.389483000384644, 789284.197397822514176 ], [ 1986281.303141990210861, 789345.87350979691837 ], [ 1986400.713591698557138, 789396.087143335607834 ], [ 1986524.470844218507409, 789434.354713698267005 ], [ 1986651.383049555588514, 789460.307683262974024 ], [ 1986780.227973795030266, 789473.696110745426267 ], [ 1986909.764769882662222, 789474.391058270237409 ], [ 1987038.74592766026035, 789462.385833112872206 ], [ 1987198.941473410231993, 789439.50070827989839 ], [ 1987247.184343540575355, 789429.740961594739929 ], [ 1987303.823896501678973, 789431.838749547488987 ], [ 1987458.413994702277705, 789428.501643751864322 ], [ 1987611.553208462661132, 789407.10968391597271 ], [ 1987740.281625552568585, 789381.364000499015674 ], [ 1987853.19060437893495, 789353.166680086869746 ], [ 1987913.481005405308679, 789362.660363948089071 ], [ 1988050.674249009927735, 789369.80926275299862 ], [ 1988110.747619669884443, 789369.80926275299862 ], [ 1988211.988182052737102, 789365.92109254875686 ], [ 1988323.552919552894309, 789357.339088716777042 ], [ 1988456.837787077762187, 789339.896231616381556 ], [ 1988513.641977316234261, 789355.502122682402842 ], [ 1988641.918018973432481, 789377.453575447900221 ], [ 1988771.732215942814946, 789386.666794586810283 ], [ 1988901.822738383430988, 789383.052225065068342 ], [ 1989030.925070494413376, 789366.645001496654004 ], [ 1989145.570159746566787, 789340.40064684022218 ], [ 1989207.27899315324612, 789352.671831251471303 ], [ 1989336.194575098110363, 789365.36187556036748 ], [ 1989465.733235133579001, 789365.354877151199616 ], [ 1989594.647445150185376, 789352.650903422385454 ], [ 1989721.695690833963454, 789327.372300585848279 ], [ 1989845.654428127687424, 789289.762515405542217 ], [ 1989965.329866627929732, 789240.183750672265887 ], [ 1990079.569466441171244, 789179.113476992817596 ], [ 1990187.27303777099587, 789107.139834487461485 ], [ 1990287.403336349176243, 789024.955968677997589 ], [ 1990378.996052663307637, 788933.353355118539184 ], [ 1990461.169098785845563, 788833.214177052839659 ], [ 1990533.131103362189606, 788725.502829507226124 ], [ 1990594.189032949740067, 788611.256631639669649 ], [ 1990643.754866308998317, 788491.575836788862944 ], [ 1990681.351257369387895, 788367.613036433351226 ], [ 1990706.616132332477719, 788240.562060105614364 ], [ 1990719.30617664125748, 788111.646478160866536 ], [ 1990719.299178232206032, 787982.107818125514314 ], [ 1990706.595204503508285, 787853.193608108791523 ], [ 1990681.316601666854694, 787726.14536242489703 ], [ 1990643.706816486548632, 787602.186625131289475 ], [ 1990594.128051753155887, 787482.511186631047167 ], [ 1990533.057778073940426, 787368.271586817922071 ], [ 1990461.0841355684679, 787260.568015487981029 ], [ 1990378.900269758887589, 787160.437716909800656 ], [ 1990287.297656199662015, 787068.845000595552847 ], [ 1990195.757484949659556, 786985.886833176598884 ], [ 1990094.512814015848562, 786902.894882796448655 ], [ 1989985.54535098397173, 786830.339805642608553 ], [ 1989869.92689361795783, 786768.935249324189499 ], [ 1989748.79465848300606, 786719.285185561864637 ], [ 1989623.340095349121839, 786681.877969556604512 ], [ 1989483.169115849072114, 786647.55028230859898 ], [ 1989351.923283164156601, 786622.373169234837405 ], [ 1989218.804373103193939, 786610.595588667318225 ], [ 1989085.176835823338479, 786612.338259154814295 ], [ 1988952.410334840184078, 786627.583318569464609 ], [ 1988821.865708167431876, 786656.174507190473378 ], [ 1988810.353829447412863, 786659.314118661219254 ], [ 1988802.598967922385782, 786660.322110339300707 ], [ 1988748.786632469622418, 786651.775212187785655 ], [ 1988591.451645309571177, 786634.611532603739761 ], [ 1988457.069386971648782, 786626.855645306757651 ], [ 1988370.177811580710113, 786630.713315820554271 ], [ 1988278.107311840401962, 786597.227327257860452 ], [ 1988154.134775579208508, 786565.332588893943466 ], [ 1988027.655773983104154, 786545.596169827040285 ], [ 1987899.859783416381106, 786538.203681927057914 ], [ 1987771.948665913427249, 786543.224648114992306 ], [ 1987645.125366224441677, 786560.611848531872965 ], [ 1987520.582598677603528, 786590.201764619909227 ], [ 1987411.878747837617993, 786621.668565205880441 ], [ 1987296.600829220376909, 786660.885218985029496 ], [ 1987185.42715472006239, 786710.557732032728381 ], [ 1987079.303756187437102, 786770.263416337082162 ], [ 1987055.902257192414254, 786786.436953349970281 ] ] ] } },
{ "type": "Feature", "properties": { "FID": 129, "FeatureTyp": "Bike Lane", "Label": " ", "Fr_St": " ", "To_St": " ", "Notes": " ", "Shape_Leng": 2279.9860828699998, "GlobalID": "96bce12f-deab-4713-aabc-685d6b1a45db" }, "geometry": { "type": "Polygon", "coordinates": [ [ [ 1986554.467117373133078, 794009.295031846035272 ], [ 1984999.160338920075446, 794009.295031846035272 ], [ 1984869.777713685063645, 794015.651192638790235 ], [ 1984741.641113858669996, 794034.658461713814177 ], [ 1984615.984564944170415, 794066.133788679493591 ], [ 1984494.01820819824934, 794109.774048931081779 ], [ 1984376.91664630966261, 794165.158962906221859 ], [ 1984265.807631334289908, 794231.755143606686033 ], [ 1984161.761203824076802, 794308.921233407221735 ], [ 1984065.779387753922492, 794395.914080679765902 ], [ 1983978.786540481261909, 794491.895896750036627 ], [ 1983901.620450680609792, 794595.942324260133319 ], [ 1983835.024269980145618, 794707.051339235738851 ], [ 1983779.639356005238369, 794824.15290112409275 ], [ 1983735.999095753533766, 794946.119257870130241 ], [ 1983704.523768787737936, 795071.775806784746237 ], [ 1983685.516499712830409, 795199.912406611023471 ], [ 1983679.160338920075446, 795329.295031846035272 ], [ 1983685.516499712830409, 795458.677657081047073 ], [ 1983704.523768787737936, 795586.814256907324307 ], [ 1983735.999095753533766, 795712.470805821940303 ], [ 1983779.639356005238369, 795834.437162567977794 ], [ 1983835.024269980145618, 795951.538724456331693 ], [ 1983901.620450680609792, 796062.647739431937225 ], [ 1983978.786540481261909, 796166.694166942033917 ], [ 1984065.779387753922492, 796262.675983012304641 ], [ 1984161.761203824076802, 796349.668830284848809 ], [ 1984265.807631334289908, 796426.83492008538451 ], [ 1984376.91664630966261, 796493.431100785848685 ], [ 1984494.01820819824934, 796548.816014760988764 ], [ 1984615.984564944170415, 796592.456275012576953 ], [ 1984741.641113858669996, 796623.931601978256367 ], [ 1984869.777713685063645, 796642.938871053280309 ], [ 1984999.160338920075446, 796649.295031846035272 ], [ 1986862.156612920109183, 796649.295031846035272 ], [ 1986988.145494640804827, 796643.268700411310419 ], [ 1987112.983996424823999, 796625.2447313653538 ], [ 1987259.565068094758317, 796596.874381272355095 ], [ 1987397.516700241016224, 796562.372610519640148 ], [ 1987530.9564463715069, 796513.231394117232412 ], [ 1987658.33570200856775, 796450.021029221708886 ], [ 1987778.176196311833337, 796373.47508927679155 ], [ 1987995.683307221857831, 796217.437343606725335 ], [ 1988097.106574283679947, 796136.854557658196427 ], [ 1988190.14296635449864, 796046.718581249355339 ], [ 1988273.8964921196457, 795947.89747310616076 ], [ 1988347.560559341451153, 795841.342934521264397 ], [ 1988410.425742784049362, 795728.081143949762918 ], [ 1988461.88661636528559, 795609.202874350128695 ], [ 1988501.447583740809932, 795485.852988444152288 ], [ 1988528.727651169057935, 795359.219413062790409 ], [ 1988543.464096687501296, 795230.521698762197047 ], [ 1988545.515000270213932, 795100.999274884234183 ], [ 1988534.860610594740137, 794971.899513175012544 ], [ 1988511.603535257512704, 794844.465714912978001 ], [ 1988475.967752607772127, 794719.925137237762101 ], [ 1988428.296454713214189, 794599.477173993247561 ], [ 1988369.048742232145742, 794484.281804908881895 ], [ 1988298.795203023822978, 794375.448424361180514 ], [ 1988218.212417075410485, 794274.025157299241982 ], [ 1988128.076440666336566, 794180.988765228539705 ], [ 1988029.255332523258403, 794097.23523946350906 ], [ 1987922.700793938245624, 794023.571172241470776 ], [ 1987809.439003366744146, 793960.705988798872568 ], [ 1987690.560733767226338, 793909.245115217752755 ], [ 1987567.210847861133516, 793869.684147842111997 ], [ 1987440.577272479888052, 793842.40408041398041 ], [ 1987311.87955817929469, 793827.667634895420633 ], [ 1987182.357134301448241, 793825.616731312707998 ], [ 1987053.257372592110187, 793836.271120988414623 ], [ 1986925.823574330192059, 793859.528196325525641 ], [ 1986801.282996654976159, 793895.163978975149803 ], [ 1986680.835033410228789, 793942.835276869824156 ], [ 1986565.639664325863123, 794002.082989350892603 ], [ 1986554.467117373133078, 794009.295031846035272 ] ] ] } },
{ "type": "Feature", "properties": { "FID": 130, "FeatureTyp": "Bike Lane", "Label": " ", "Fr_St": " ", "To_St": " ", "Notes": " ", "Shape_Leng": 3824.0154836299998, "GlobalID": "d1376e8b-e7bf-4392-ab85-448483ee2f72" }, "geometry": { "type": "Polygon", "coordinates": [ [ [ 1986539.666636465815827, 793959.824561211280525 ], [ 1983421.443948823492974, 793965.039092024089769 ], [ 1983292.072133742040023, 793971.611607162514701 ], [ 1983163.967498449608684, 793990.833129197591916 ], [ 1983038.363760613603517, 794022.518544364604168 ], [ 1982916.470552890794352, 794066.36270479450468 ], [ 1982799.461773505667225, 794121.943367254687473 ], [ 1982688.464280966902152, 794188.725259582162835 ], [ 1982584.547041805228218, 794266.065235647140071 ], [ 1982488.710835840553045, 794353.218469201819971 ], [ 1982401.878618125803769, 794449.3456269641174 ], [ 1982324.886630384949967, 794553.520951856509782 ], [ 1982258.47634754772298, 794664.741178552154452 ], [ 1982203.287336942041293, 794781.935195468948223 ], [ 1982159.851098908809945, 794903.974360159016214 ], [ 1982128.585948165040463, 795029.683368753059767 ], [ 1982109.792985204141587, 795157.85157477890607 ], [ 1982103.653196532046422, 795287.244648348423652 ], [ 1982110.225711670471355, 795416.616463429993019 ], [ 1982129.44723370554857, 795544.721098722307943 ], [ 1982161.132648872677237, 795670.32483655854594 ], [ 1982204.976809302577749, 795792.21804428123869 ], [ 1982260.557471762644127, 795909.226823666365817 ], [ 1982327.339364090235904, 796020.22431620513089 ], [ 1982404.679340155096725, 796124.141555366921239 ], [ 1982491.832573709776625, 796219.977761331479996 ], [ 1982587.95973147219047, 796306.809979046229273 ], [ 1982692.135056364582852, 796383.80196678719949 ], [ 1982803.355283060111105, 796450.212249624193646 ], [ 1982920.549299976788461, 796505.401260230108164 ], [ 1983042.588464666856453, 796548.837498263223097 ], [ 1983168.297473261132836, 796580.102649006876163 ], [ 1983296.465679286746308, 796598.89561196800787 ], [ 1983425.858752856496722, 796605.035400639986619 ], [ 1986859.569733186392114, 796599.293286139960401 ], [ 1986984.449228617362678, 796593.163055368117057 ], [ 1987108.188525545410812, 796575.245061503374018 ], [ 1987239.314247545553371, 796549.866175266331993 ], [ 1987377.266316066961735, 796515.364406360546127 ], [ 1987510.706480473047122, 796466.223102040705271 ], [ 1987638.086122220847756, 796403.01256387529429 ], [ 1987757.926957196788862, 796326.466371682356112 ], [ 1987966.538416616851464, 796176.81017492339015 ], [ 1988067.961654204176739, 796096.227351877489127 ], [ 1988160.998013305943459, 796006.091341438819654 ], [ 1988244.751502925297245, 795907.270202661282383 ], [ 1988318.415531173115596, 795800.715637132409029 ], [ 1988381.28067318815738, 795687.453823566786014 ], [ 1988432.741503287339583, 795568.575535144424066 ], [ 1988472.302425545407459, 795445.225634768255986 ], [ 1988499.582446655025706, 795318.592049408820458 ], [ 1988514.318845100002363, 795189.894329718081281 ], [ 1988516.369701307499781, 795060.371905089938082 ], [ 1988505.715264411177486, 794931.272147277835757 ], [ 1988482.458142462885007, 794803.83835752250161 ], [ 1988446.822314260294661, 794679.297792881727219 ], [ 1988399.150972309522331, 794558.849847073783167 ], [ 1988339.903217693557963, 794443.65449966036249 ], [ 1988269.649638677481562, 794334.821144809247926 ], [ 1988189.066815631696954, 794233.397907222039066 ], [ 1988098.930805193027481, 794140.361548120155931 ], [ 1988000.10966641549021, 794056.608058500685729 ], [ 1987893.555100886384025, 793982.944030252983794 ], [ 1987780.293287320993841, 793920.078888238058425 ], [ 1987661.414998898515478, 793868.618058138759807 ], [ 1987538.065098522463813, 793829.057135880691931 ], [ 1987411.431513163028285, 793801.777114771073684 ], [ 1987282.733793472172692, 793787.040716326097026 ], [ 1987153.211368844145909, 793784.989860118599609 ], [ 1987024.111611031927168, 793795.644297014805488 ], [ 1986896.677821276709437, 793818.901418963214383 ], [ 1986772.13725663581863, 793854.537247165804729 ], [ 1986651.689310827990994, 793902.208589116577059 ], [ 1986539.666636465815827, 793959.824561211280525 ] ] ] } },
{ "type": "Feature", "properties": { "FID": 131, "FeatureTyp": "Bike Lane", "Label": " ", "Fr_St": " ", "To_St": " ", "Notes": " ", "Shape_Leng": 1065.7094878800001, "GlobalID": "9c06ed90-9113-4415-906b-b4c5b487c23d" }, "geometry": { "type": "Polygon", "coordinates": [ [ [ 1992704.25217191549018, 795631.423788595246151 ], [ 1992813.852598388679326, 795655.921702400548384 ], [ 1992925.138735961867496, 795671.014642736758105 ], [ 1992966.921771543100476, 795673.092768678441644 ], [ 1993102.683641122188419, 795724.305424399208277 ], [ 1993150.022297037299722, 795741.140734615037218 ], [ 1993561.544767957413569, 795878.728057864005677 ], [ 1993686.266335344174877, 795913.725130903301761 ], [ 1993813.817647313233465, 795936.328832097467966 ], [ 1993942.97031500400044, 795946.321475447621197 ], [ 1994072.480527624022216, 795943.606826335890219 ], [ 1994201.101031028898433, 795928.211028317105956 ], [ 1994327.593139459146187, 795900.2823513422627 ], [ 1994450.738664763513952, 795860.089763838332146 ], [ 1994569.351648214738816, 795808.02034239412751 ], [ 1994682.289781941799447, 795744.575544002465904 ], [ 1994788.465409978758544, 795670.366376754129305 ], [ 1994886.856002985965461, 795586.107515496667475 ], [ 1994976.514005767181516, 795492.610419124597684 ], [ 1995056.575962743489072, 795390.77551578648854 ], [ 1995126.270833502756432, 795281.58353127038572 ], [ 1995184.927418340696022, 795166.086044077412225 ], [ 1995231.980822280282155, 795045.395358146750368 ], [ 1995266.977895319461823, 794920.67379075998906 ], [ 1995289.581596513511613, 794793.122478790814057 ], [ 1995299.574239863781258, 794663.969811100163497 ], [ 1995296.859590752050281, 794534.459598479908891 ], [ 1995281.463792733149603, 794405.839095075265504 ], [ 1995253.535115758422762, 794279.34698664478492 ], [ 1995213.342528254492208, 794156.201461340533569 ], [ 1995161.273106810403988, 794037.588477889308706 ], [ 1995097.828308418625966, 793924.650344162248075 ], [ 1995023.619141170289367, 793818.474716125288978 ], [ 1994939.360279912827536, 793720.084123117965646 ], [ 1994845.863183540757746, 793630.426120336866006 ], [ 1994744.028280202765018, 793550.36416336055845 ], [ 1994634.836295686662197, 793480.66929260129109 ], [ 1994519.338808493688703, 793422.0127077633515 ], [ 1994398.648122562794015, 793374.959303823881783 ], [ 1994010.955209251726046, 793245.339091188041493 ], [ 1993686.157261397689581, 793122.817461706814356 ], [ 1993575.309321104781702, 793086.510992389754392 ], [ 1993461.689053644891828, 793060.131826294935308 ], [ 1993346.183656041976064, 793043.885943553876132 ], [ 1993229.695045244181529, 793037.900199164520018 ], [ 1993205.593652664683759, 793037.728050265228376 ], [ 1993179.565002502407879, 793032.088451962219551 ], [ 1993050.88488860311918, 793017.199100748519413 ], [ 1992921.364992996677756, 793014.994302612380125 ], [ 1992792.252663080580533, 793025.495290965074673 ], [ 1992664.791321171913296, 793048.600935548194684 ], [ 1992540.208489671116695, 793084.08871637377888 ], [ 1992419.703969348687679, 793131.616866712691262 ], [ 1992304.438284610630944, 793190.727664495818317 ], [ 1992195.521507011028007, 793260.851840427028947 ], [ 1992094.002564658178017, 793341.314060358563438 ], [ 1992000.859140463173389, 793431.339429127285257 ], [ 1991916.988256518030539, 793530.060953219071962 ], [ 1991843.197635283693671, 793636.527890390134417 ], [ 1991780.19792078086175, 793749.714905834873207 ], [ 1991728.595834699459374, 793868.531946720322594 ], [ 1991688.88833333668299, 793991.834739990648814 ], [ 1991661.457821637159213, 794118.435812342446297 ], [ 1991646.568470423575491, 794247.115926241851412 ], [ 1991644.363672287436202, 794376.635821848292835 ], [ 1991654.864660640014336, 794505.748151764273643 ], [ 1991677.970305223250762, 794633.209493672824465 ], [ 1991713.458086048718542, 794757.792325173853897 ], [ 1991760.986236387630925, 794878.296845496050082 ], [ 1991820.097034170757979, 794993.562530234339647 ], [ 1991890.221210102085024, 795102.479307833942585 ], [ 1991970.6834300335031, 795203.99825018667616 ], [ 1992060.708798802224919, 795297.141674381797202 ], [ 1992159.430322893895209, 795381.012558326940052 ], [ 1992265.897260065190494, 795454.803179561044089 ], [ 1992379.084275509929284, 795517.80289406387601 ], [ 1992497.901316395262256, 795569.404980145394802 ], [ 1992621.20410966547206, 795609.112481508171186 ], [ 1992704.25217191549018, 795631.423788595246151 ] ] ] } },
{ "type": "Feature", "properties": { "FID": 132, "FeatureTyp": "Bike Lane", "Label": " ", "Fr_St": " ", "To_St": " ", "Notes": " ", "Shape_Leng": 1089.4609329, "GlobalID": "73c95450-d0e5-4077-b369-0ff3ef06ff7c" }, "geometry": { "type": "Polygon", "coordinates": [ [ [ 1993040.973665829049423, 795624.396662640734576 ], [ 1993098.763708315556869, 795648.299380978336558 ], [ 1993161.526176654500887, 795672.405863843392581 ], [ 1993559.414160404587165, 795813.712011687457561 ], [ 1993683.463502926519141, 795851.021864442620426 ], [ 1993810.572519031120464, 795875.993098245002329 ], [ 1993939.517079408746213, 795888.385226462734863 ], [ 1994069.05537745449692, 795888.078906126669608 ], [ 1994197.939888545311987, 795875.077087269281037 ], [ 1994324.929384384071454, 795849.504984513390809 ], [ 1994448.800886706216261, 795811.60887118789833 ], [ 1994568.361445229267702, 795761.753707580151968 ], [ 1994682.459626416442916, 795700.41962616937235 ], [ 1994789.996602410450578, 795628.197307688067667 ], [ 1994889.936733346665278, 795545.782292544026859 ], [ 1994981.317541131284088, 795453.968282385729253 ], [ 1995063.258978631580248, 795353.639496321673505 ], [ 1995134.97190501075238, 795245.762155406759121 ], [ 1995195.765685585560277, 795131.375177405891009 ], [ 1995245.054843015503138, 795011.580171447480097 ], [ 1995282.364695770666003, 794887.530828925548121 ], [ 1995307.335929573047906, 794760.421812820830382 ], [ 1995319.72805779078044, 794631.477252443321049 ], [ 1995319.4217374548316, 794501.938954397570342 ], [ 1995306.419918597210199, 794373.054443306755275 ], [ 1995280.847815841436386, 794246.064947467995808 ], [ 1995242.951702515827492, 794122.193445145851001 ], [ 1995193.09653890831396, 794002.632886622683145 ], [ 1995131.762457497417927, 793888.534705435507931 ], [ 1995059.540139016229659, 793780.997729441616684 ], [ 1994977.125123872188851, 793681.057598505401984 ], [ 1994885.31111371377483, 793589.676790720783174 ], [ 1994784.982327649602666, 793507.735353220370598 ], [ 1994677.104986734688282, 793436.022426841198467 ], [ 1994562.718008734053001, 793375.228646266506985 ], [ 1994442.923002775525674, 793325.939488836564124 ], [ 1994076.723312340676785, 793195.887138149002567 ], [ 1993871.047960864380002, 793110.817119443556294 ], [ 1993713.845470815198496, 793057.108496832894161 ], [ 1993591.132461645174772, 793023.641372162965126 ], [ 1993489.393203483661637, 793000.174550526076928 ], [ 1993386.117470234632492, 792984.822309945826419 ], [ 1993283.236770484596491, 792973.666492361808196 ], [ 1993167.795690229628235, 792966.247230163542554 ], [ 1993052.148337146965787, 792968.963511983049102 ], [ 1992941.830316327046603, 792976.400833065039478 ], [ 1992845.02968909102492, 792986.523186411941424 ], [ 1992749.238048319937661, 793003.75063627876807 ], [ 1992681.064300139900297, 793018.624950363766402 ], [ 1992556.010379993822426, 793052.41520855773706 ], [ 1992434.870653132908046, 793098.300185062340461 ], [ 1992318.81176134897396, 793155.837982470635325 ], [ 1992208.951415213989094, 793224.474480340257287 ], [ 1992106.347629916621372, 793303.548671676078811 ], [ 1992011.988535998854786, 793392.299028789391741 ], [ 1991926.782863116590306, 793489.870837224996649 ], [ 1991851.551188478013501, 793595.324427129817195 ], [ 1991787.018034235807136, 793707.644222786067985 ], [ 1991733.804889942286536, 793825.748523161397316 ], [ 1991692.424227266805246, 793948.499919280875474 ], [ 1991663.274564611725509, 794074.716248096898198 ], [ 1991646.636629163054749, 794203.181977366446517 ], [ 1991642.67065333458595, 794332.659911889815703 ], [ 1991651.414831641595811, 794461.903108377940953 ], [ 1991672.784952866844833, 794589.666884197038598 ], [ 1991706.575211060699075, 794714.720804343232885 ], [ 1991752.460187565302476, 794835.860531203914434 ], [ 1991809.997984973713756, 794951.919422987964936 ], [ 1991878.634482843102887, 795061.779769123066217 ], [ 1991957.708674179157242, 795164.383554420201108 ], [ 1992046.459031292237341, 795258.742648338084109 ], [ 1992144.030839727958664, 795343.948321220348589 ], [ 1992249.484429632779211, 795419.179995858925395 ], [ 1992361.804225289030001, 795483.713150101248175 ], [ 1992479.908525664359331, 795536.926294394535944 ], [ 1992602.659921783721074, 795578.306957070017233 ], [ 1992728.876250599976629, 795607.456619725213386 ], [ 1992857.341979869408533, 795624.094555173767731 ], [ 1992986.819914392894134, 795628.06053100223653 ], [ 1993040.973665829049423, 795624.396662640734576 ] ] ] } },
{ "type": "Feature", "properties": { "FID": 133, "FeatureTyp": "Bike Lane", "Label": " ", "Fr_St": " ", "To_St": " ", "Notes": " ", "Shape_Leng": 602.19337414200004, "GlobalID": "b172a889-db70-4f7a-b41e-9fad027bb3e0" }, "geometry": { "type": "Polygon", "coordinates": [ [ [ 1992924.19144008634612, 793016.496664315112866 ], [ 1992834.690485900267959, 792981.179347457364202 ], [ 1992710.113582767546177, 792945.670761191402562 ], [ 1992582.656101390952244, 792922.543830269831233 ], [ 1992453.545526991365477, 792912.021279680076987 ], [ 1992324.025264979107305, 792914.204447336494923 ], [ 1992195.342666280455887, 792929.072308141039684 ], [ 1992068.737014665966853, 792956.481676466646604 ], [ 1991945.427591770421714, 792996.168585112900473 ], [ 1991826.601934744045138, 793047.750827454263344 ], [ 1991713.404399620601907, 793110.731638299534097 ], [ 1991606.925140543607995, 793184.504478011280298 ], [ 1991508.189610985340551, 793268.358873814810067 ], [ 1991418.148688069777563, 793361.487262038979679 ], [ 1991337.669515105895698, 793462.992765396134928 ], [ 1991267.527150523848832, 793571.897830400266685 ], [ 1991208.397103638388216, 793687.153641742072068 ], [ 1991160.848829124355689, 793807.65022295282688 ], [ 1991125.340242858277634, 793932.227126085432246 ], [ 1991102.213311936706305, 794059.684607462026179 ], [ 1991091.690761347068474, 794188.795181861729361 ], [ 1991093.87392900348641, 794318.315443873987533 ], [ 1991108.741789808031172, 794446.998042572522536 ], [ 1991136.151158133754507, 794573.60369418701157 ], [ 1991175.838066779775545, 794696.91311708255671 ], [ 1991227.420309121254832, 794815.738774108933285 ], [ 1991290.401119966525584, 794928.936309232376516 ], [ 1991364.173959678271785, 795035.415568309370428 ], [ 1991406.21849501831457, 795090.153319719363935 ], [ 1991470.569817208917812, 795167.625074364827015 ], [ 1991540.640410972060636, 795239.965086288983002 ], [ 1991577.132135882042348, 795274.869872131035663 ], [ 1991678.896722922101617, 795362.734014594461769 ], [ 1991789.071161213330925, 795439.790694080875255 ], [ 1991906.512470711953938, 795505.240503320586868 ], [ 1991958.076672052033246, 795530.626279318588786 ], [ 1992065.226118373917416, 795577.598575492738746 ], [ 1992176.113829412730411, 795614.898923956789076 ], [ 1992289.868728201836348, 795642.234312310232781 ], [ 1992367.612011021701619, 795657.306788727175444 ], [ 1992510.41536906408146, 795676.975145544856787 ], [ 1992654.511891043512151, 795680.954552724724635 ], [ 1992713.215841883560643, 795679.36794172169175 ], [ 1992809.713492115726694, 795673.217048187740147 ], [ 1992922.581614039139822, 795661.859425165690482 ], [ 1993069.289254854666069, 795650.084608386154287 ], [ 1993197.748645468149334, 795633.397803540457971 ], [ 1993323.953876111889258, 795604.200128104537725 ], [ 1993446.689521424239501, 795562.772771654068492 ], [ 1993564.773570046760142, 795509.514702278072946 ], [ 1993677.068808039883152, 795444.938824298558757 ], [ 1993782.493770874571055, 795369.667038721265271 ], [ 1993880.033158528152853, 795284.424253988894634 ], [ 1993968.747613376472145, 795190.031404717010446 ], [ 1994047.78276672353968, 795087.39754564431496 ], [ 1994116.377466837409884, 794977.511096939328127 ], [ 1994173.871109258383512, 794861.430325172841549 ], [ 1994219.709998780628666, 794740.273151633213274 ], [ 1994253.452681840164587, 794615.206386133097112 ], [ 1994274.774197953287512, 794487.434489992447197 ], [ 1994283.469209264265373, 794358.187976418412291 ], [ 1994279.453978061210364, 794228.711559990188107 ], [ 1994262.767173215281218, 794100.252169376704842 ], [ 1994233.569497779477388, 793974.046938732964918 ], [ 1994192.142141328891739, 793851.311293420498259 ], [ 1994138.884071953129023, 793733.227244797977619 ], [ 1994074.308193973498419, 793620.932006804971024 ], [ 1993999.036408396204934, 793515.507043970166706 ], [ 1993913.793623663950711, 793417.967656316817738 ], [ 1993819.400774391833693, 793329.253201468265615 ], [ 1993716.766915319254622, 793250.218048121314496 ], [ 1993606.880466614151374, 793181.623348007444292 ], [ 1993490.799694847781211, 793124.129705586470664 ], [ 1993369.642521308269352, 793078.29081606422551 ], [ 1993244.575755808036774, 793044.548133004806004 ], [ 1993116.80385966738686, 793023.226616891683079 ], [ 1992987.557346093468368, 793014.531605580588803 ], [ 1992924.19144008634612, 793016.496664315112866 ] ] ] } },
{ "type": "Feature", "properties": { "FID": 134, "FeatureTyp": "Bike Lane", "Label": " ", "Fr_St": " ", "To_St": " ", "Notes": " ", "Shape_Leng": 545.29767546799997, "GlobalID": "4d253d43-6e6c-4cb3-a526-3bb8ef295171" }, "geometry": { "type": "Polygon", "coordinates": [ [ [ 1991504.347677203128114, 795169.74560741498135 ], [ 1991602.504270074889064, 795269.440669142059051 ], [ 1991710.661332500865683, 795358.186778377159499 ], [ 1991827.603846635203809, 795434.986976585816592 ], [ 1991875.201520465081558, 795462.752340993843973 ], [ 1991998.811996269505471, 795526.382635830668733 ], [ 1992128.429309836123139, 795576.659033606760204 ], [ 1992262.615622186334804, 795613.02382052259054 ], [ 1992325.286100516328588, 795626.51001403061673 ], [ 1992448.751049512065947, 795647.009607943473384 ], [ 1992489.209301932249218, 795651.769440936390311 ], [ 1992617.424623891245574, 795660.554380515241064 ], [ 1992745.886556915706024, 795656.829368824372068 ], [ 1992878.367263085674495, 795646.516397337429225 ], [ 1992932.011199525324628, 795641.236564450897276 ], [ 1993118.535104685230181, 795619.024338521878235 ], [ 1993246.25835478445515, 795597.413325661211275 ], [ 1993371.248332843650132, 795563.387308005942032 ], [ 1993492.301317048026249, 795517.273974706768058 ], [ 1993608.251500985119492, 795459.517422371427529 ], [ 1993717.982220998965204, 795390.673878171830438 ], [ 1993820.436710271053016, 795311.406343072303571 ], [ 1993914.628276061965153, 795222.478206768049859 ], [ 1993999.649802103172988, 795124.745895824511535 ], [ 1994074.682484621182084, 795019.150625822250731 ], [ 1994139.003717866493389, 794906.709336935309693 ], [ 1994191.99405320128426, 794788.504900242667645 ], [ 1994233.14316472876817, 794665.675689086550847 ], [ 1994262.054764010710642, 794539.40461591584608 ], [ 1994278.450416541192681, 794410.907740191789344 ], [ 1994282.172223223373294, 794281.422557071316987 ], [ 1994273.184341024840251, 794152.196079651592299 ], [ 1994251.57332816417329, 794024.47282955260016 ], [ 1994217.547310509020463, 793899.482851493288763 ], [ 1994171.433977209730074, 793778.429867289029062 ], [ 1994113.677424874389544, 793662.479683351819403 ], [ 1994044.833880674792454, 793552.748963337973692 ], [ 1993965.566345575265586, 793450.294474066002294 ], [ 1993876.638209271011874, 793356.102908274973743 ], [ 1993778.905898327473551, 793271.081382233765908 ], [ 1993673.310628325212747, 793196.048699715640396 ], [ 1993560.869339438388124, 793131.727466470329091 ], [ 1993442.664902745513245, 793078.737131135654636 ], [ 1993319.835691589629278, 793037.58801960805431 ], [ 1993193.56461841869168, 793008.676420326228254 ], [ 1993065.067742694867775, 792992.28076779586263 ], [ 1992935.582559574395418, 792988.558961113449186 ], [ 1992861.23338682600297, 792993.730050038662739 ], [ 1992785.579710316611454, 792969.810002969810739 ], [ 1992658.834682742366567, 792943.052527791471221 ], [ 1992530.07727591926232, 792928.847082323511131 ], [ 1992400.547494061291218, 792927.330472771311179 ], [ 1992271.49277977575548, 792938.517304913839325 ], [ 1992144.156000509625301, 792962.299843442277052 ], [ 1992019.763479056535289, 792998.44904950959608 ], [ 1991899.513183398172259, 793046.616786500439048 ], [ 1991784.563189617358148, 793106.339172776206397 ], [ 1991676.020528991706669, 793177.041049109655432 ], [ 1991574.930526679148898, 793258.041517782025039 ], [ 1991482.266734662698582, 793348.560500000719912 ], [ 1991398.921555915381759, 793447.726248484104872 ], [ 1991325.697650069138035, 793554.583742864895612 ], [ 1991263.300203365506604, 793668.103887057979591 ], [ 1991212.330137326382101, 793787.193420018302277 ], [ 1991173.278321550926194, 793910.705444442457519 ], [ 1991146.52084637247026, 794037.450472016702406 ], [ 1991132.31540090451017, 794166.207878839690238 ], [ 1991130.798791352193803, 794295.737660697777756 ], [ 1991141.985623494721949, 794424.792374983429909 ], [ 1991165.768162023276091, 794552.129154249560088 ], [ 1991201.917368090711534, 794676.521675702533685 ], [ 1991250.085105081321672, 794796.771971360780299 ], [ 1991309.807491357205436, 794911.721965141827241 ], [ 1991380.509367690654472, 795020.264625767362304 ], [ 1991461.509836363140494, 795121.354628080036491 ], [ 1991504.347677203128114, 795169.74560741498135 ] ] ] } },
{ "type": "Feature", "properties": { "FID": 135, "FeatureTyp": "Bike Lane", "Label": " ", "Fr_St": " ", "To_St": " ", "Notes": " ", "Shape_Leng": 1690.2772161600001, "GlobalID": "144fcdde-fca3-466a-bf0e-4de2fc416a4b" }, "geometry": { "type": "Polygon", "coordinates": [ [ [ 1989952.854310804978013, 793299.269433335750364 ], [ 1990029.548722768202424, 793446.489074458717369 ], [ 1990091.524976768298075, 793549.137491201632656 ], [ 1990158.252602588851005, 793649.073206565342844 ], [ 1990233.791891891974956, 793742.526612198911607 ], [ 1990475.886880151927471, 794015.609727447968908 ], [ 1990563.296939365100116, 794105.256630490534008 ], [ 1990658.80762530118227, 794186.218316174345091 ], [ 1990885.40855004126206, 794360.526694588363171 ], [ 1990954.824165249010548, 794410.430450554937124 ], [ 1991107.828124338993803, 794513.078539218869992 ], [ 1991233.387394653633237, 794587.590870583080687 ], [ 1991366.407730937004089, 794647.780637340969406 ], [ 1991581.388272096868604, 794731.061310680932365 ], [ 1991698.373296479927376, 794770.198308104532771 ], [ 1991814.578772729961202, 794803.123439097544178 ], [ 1991937.280284148873761, 794831.641544041689485 ], [ 1992062.141519882250577, 794848.333309234119952 ], [ 1992220.955834802240133, 794861.890696824179031 ], [ 1992350.410224991850555, 794866.562458099215291 ], [ 1992479.699169589439407, 794858.522974437335506 ], [ 1992607.577545382315293, 794837.849670461029746 ], [ 1992732.813813706161454, 794804.741641388740391 ], [ 1992854.201880835695192, 794759.517735639004968 ], [ 1992970.572713327361271, 794702.613484146422707 ], [ 1993080.805596449179575, 794634.576905959518626 ], [ 1993183.838927277363837, 794556.063230519066565 ], [ 1993278.680438512470573, 794467.828587439493276 ], [ 1993364.416754555422813, 794370.722724567400292 ], [ 1993440.222187814535573, 794265.68082444590982 ], [ 1993505.366690527880564, 794153.714497994980775 ], [ 1993559.222885523224249, 794035.902042145142332 ], [ 1993601.272108201403171, 793913.378055249108002 ], [ 1993631.10940156201832, 793787.322510279365815 ], [ 1993648.447416159091517, 793658.949391042580828 ], [ 1993653.119177434127778, 793529.495000853203237 ], [ 1993645.079693772364408, 793400.20605625549797 ], [ 1993624.406389795942232, 793272.327680462622084 ], [ 1993591.298360723536462, 793147.091412138775922 ], [ 1993546.074454973917454, 793025.703345009125769 ], [ 1993489.170203481335193, 792909.332512517576106 ], [ 1993421.133625294547528, 792799.099629395641387 ], [ 1993342.619949853979051, 792696.066298567457125 ], [ 1993254.385306774405763, 792601.224787332466803 ], [ 1993157.279443902429193, 792515.488471289630979 ], [ 1993052.237543780822307, 792439.683038030518219 ], [ 1992940.271217329893261, 792374.538535316940397 ], [ 1992822.458761479938403, 792320.682340321829543 ], [ 1992699.934774584136903, 792278.633117643417791 ], [ 1992573.879229614278302, 792248.795824282919057 ], [ 1992447.974288392346352, 792231.791160676279105 ], [ 1992368.023190361447632, 792170.290324939764105 ], [ 1992312.249417616752908, 792107.377516542561352 ], [ 1992275.227012465009466, 792023.88018576730974 ], [ 1992216.972705924650654, 791908.179277118179016 ], [ 1992147.658237593714148, 791798.745420507388189 ], [ 1992067.951143692946061, 791696.632523796753958 ], [ 1991978.619047109037638, 791602.823990002274513 ], [ 1991880.52226476627402, 791518.22324658522848 ], [ 1991774.605522303609177, 791443.645044952281751 ], [ 1991661.888855850789696, 791379.807613953598775 ], [ 1991543.45778852305375, 791327.325742947054096 ], [ 1991420.452876239782199, 791286.704861039761454 ], [ 1991294.058723547728732, 791258.336169530055486 ], [ 1991165.492575231241062, 791242.492874425253831 ], [ 1991035.992593579925597, 791239.327555318013765 ], [ 1990906.805934209143743, 791248.870695961639285 ], [ 1990779.17673526913859, 791271.03039069485385 ], [ 1990654.334135715151206, 791305.593229543650523 ], [ 1990533.480438026366755, 791352.226353476056829 ], [ 1990417.779529377119616, 791410.480660016415641 ], [ 1990308.345672766445205, 791479.795128347468562 ], [ 1990206.232776055810973, 791559.502222248236649 ], [ 1990112.424242261331528, 791648.834318831912242 ], [ 1990027.82349884416908, 791746.931101174792275 ], [ 1989953.245297211222351, 791852.847843637457117 ], [ 1989889.407866212772205, 791965.564510090276599 ], [ 1989836.925995205994695, 792083.995577418012545 ], [ 1989796.305113298818469, 792207.00048970116768 ], [ 1989767.936421789228916, 792333.394642393337563 ], [ 1989752.093126684427261, 792461.960790709825233 ], [ 1989748.927807576954365, 792591.460772361140698 ], [ 1989758.4709482206963, 792720.647431731922552 ], [ 1989780.63064295379445, 792848.27663067181129 ], [ 1989815.193481802707538, 792973.119230226031505 ], [ 1989861.826605735113844, 793093.97292791469954 ], [ 1989952.854310804978013, 793299.269433335750364 ] ] ] } },
{ "type": "Feature", "properties": { "FID": 136, "FeatureTyp": "Bike Lane", "Label": " ", "Fr_St": " ", "To_St": " ", "Notes": " ", "Shape_Leng": 2852.8511674800002, "GlobalID": "cc6911e4-27f1-4e7c-96dd-e9ab1761b863" }, "geometry": { "type": "Polygon", "coordinates": [ [ [ 1980500.773938785772771, 787343.31225910061039 ], [ 1980719.584907370153815, 787445.300588807789609 ], [ 1981605.617009228328243, 787863.107781722093932 ], [ 1982227.672533335862681, 788157.629447697312571 ], [ 1982766.130295516457409, 788413.941203022841364 ], [ 1982885.684789141872898, 788463.810908723738976 ], [ 1983009.551681144861504, 788501.722088582231663 ], [ 1983136.538065642816946, 788527.309637211728841 ], [ 1983265.420994335087016, 788540.327132531674579 ], [ 1983394.959254164015874, 788540.649208945804276 ], [ 1983523.905320874648169, 788528.272764682187699 ], [ 1983651.01737335533835, 788503.316991664934903 ], [ 1983775.071253054076806, 788466.022227630252019 ], [ 1983894.87225329480134, 788416.747641543275677 ], [ 1984009.266624955227599, 788355.96777460409794 ], [ 1984117.152687702095136, 788284.267970157205127 ], [ 1984217.491439774399623, 788202.338736514444463 ], [ 1984309.31656413897872, 788110.969096982735209 ], [ 1984391.743734651710838, 788011.038991138688289 ], [ 1984463.979132601059973, 787903.510800528805703 ], [ 1984525.327091616811231, 787789.420080409618095 ], [ 1984575.196797317825258, 787669.865586784202605 ], [ 1984613.107977176085114, 787545.998694781213999 ], [ 1984638.695525805698708, 787419.012310283258557 ], [ 1984651.713021125644445, 787290.129381590872072 ], [ 1984652.035097539657727, 787160.591121761943214 ], [ 1984639.658653276273981, 787031.645055051427335 ], [ 1984614.70288025890477, 786904.533002570737153 ], [ 1984577.408116224221885, 786780.479122871998698 ], [ 1984528.133530137129128, 786660.678122631274164 ], [ 1984467.353663198184222, 786546.283750970731489 ], [ 1984395.653858751291409, 786438.397688223980367 ], [ 1984313.724625108297914, 786338.05893615167588 ], [ 1984222.354985576821491, 786246.233811786980368 ], [ 1984122.42487973254174, 786163.806641274364665 ], [ 1984014.89668912277557, 786091.571243325131945 ], [ 1983900.805969003587961, 786030.223284309264272 ], [ 1983361.11019800347276, 785773.32222331117373 ], [ 1983358.632958787493408, 785772.146185125689954 ], [ 1982734.403564207488671, 785476.59526705276221 ], [ 1982732.533591928891838, 785475.711692881770432 ], [ 1981842.900856748921797, 785056.206626382772811 ], [ 1981837.564669630257413, 785053.704900862067007 ], [ 1981545.036383310332894, 784917.356748359045014 ], [ 1981486.205231201136485, 784891.657849555602297 ], [ 1981364.731720861047506, 784842.076911960612051 ], [ 1981235.500921354396269, 784796.993916588951834 ], [ 1981205.752293184399605, 784788.317424762877636 ], [ 1981028.217435004888102, 784749.566375279217027 ], [ 1980986.073490425013006, 784743.368553036241792 ], [ 1980855.343402743106708, 784730.747210237430409 ], [ 1980802.043640573043376, 784728.268212559400126 ], [ 1980672.505421697627753, 784728.6063594246516 ], [ 1980543.624108941061422, 784741.639843798009679 ], [ 1980416.640899799298495, 784767.243146099848673 ], [ 1980292.778711992083117, 784805.169692533090711 ], [ 1980173.23040609806776, 784855.054229722707532 ], [ 1980059.14729765499942, 784916.416342305834405 ], [ 1979951.628069360973313, 784988.665079594356939 ], [ 1979851.708190160570666, 785071.104646753170528 ], [ 1979760.349943112581968, 785162.941105684265494 ], [ 1979678.433158077066764, 785263.290021085413173 ], [ 1979606.746738474583253, 785371.18497804494109 ], [ 1979545.9810637133196, 785485.586889145895839 ], [ 1979496.721340459538624, 785605.394001445965841 ], [ 1979459.441966775804758, 785729.452506960486062 ], [ 1979434.501963410293683, 785856.567654464044608 ], [ 1979422.141516228439286, 785985.515255597885698 ], [ 1979422.479663093807176, 786115.053474473417737 ], [ 1979435.513147467048839, 786243.934787229751237 ], [ 1979461.116449768887833, 786370.917996371630579 ], [ 1979499.042996202129871, 786494.780184178845957 ], [ 1979548.927533391630277, 786614.328490072744898 ], [ 1979610.28964597475715, 786728.411598515929654 ], [ 1979682.538383263396099, 786835.930826809955761 ], [ 1979764.977950422093272, 786935.850706010241993 ], [ 1979856.814409353304654, 787027.208953058463521 ], [ 1979957.163324754452333, 787109.12573809386231 ], [ 1980065.058281713863835, 787180.812157696462236 ], [ 1980179.460192814934999, 787241.577832457609475 ], [ 1980299.267305115005001, 787290.837555711506866 ], [ 1980423.325810629408807, 787328.116929395007901 ], [ 1980500.773938785772771, 787343.31225910061039 ] ] ] } },
{ "type": "Feature", "properties": { "FID": 137, "FeatureTyp": "Bike Lane", "Label": " ", "Fr_St": " ", "To_St": " ", "Notes": " ", "Shape_Leng": 2623.8752518800002, "GlobalID": "237d91fa-9a98-45b1-ad4a-1f4ac9fc0e48" }, "geometry": { "type": "Polygon", "coordinates": [ [ [ 1980511.361638237023726, 787315.148574082530104 ], [ 1980732.319382095709443, 787418.137547828722745 ], [ 1981618.011092451401055, 787835.784266481292434 ], [ 1982563.123676150804386, 788284.081293901777826 ], [ 1982682.746365908300504, 788333.787194838165306 ], [ 1982806.665069985901937, 788371.528674306930043 ], [ 1982933.686383522115648, 788396.942261229152791 ], [ 1983062.587021830724552, 788409.783208870561793 ], [ 1983192.12560130096972, 788409.927851885557175 ], [ 1983321.054594598943368, 788397.374797282856889 ], [ 1983448.132345039863139, 788372.244937840499915 ], [ 1983572.13502441928722, 788334.780287842266262 ], [ 1983691.868419147562236, 788285.341652348055504 ], [ 1983806.179431181168184, 788224.40515244344715 ], [ 1983913.96718298480846, 788152.557639933773316 ], [ 1984014.193619586294517, 788070.491045640432276 ], [ 1984105.893505611456931, 787978.995715728611685 ], [ 1984188.183721030130982, 787878.952800241764635 ], [ 1984260.271766082849354, 787771.325767145026475 ], [ 1984321.463393488666043, 787657.151123602176085 ], [ 1984371.169294425053522, 787537.528433844679967 ], [ 1984408.910773893818259, 787413.609729767194949 ], [ 1984434.324360816273838, 787286.588416230981238 ], [ 1984447.165308457566425, 787157.687777922255918 ], [ 1984447.309951472561806, 787028.149198452127166 ], [ 1984434.756896869745106, 786899.220205154037103 ], [ 1984409.627037427388132, 786772.142454713000916 ], [ 1984372.162387429270893, 786648.139775333693251 ], [ 1984322.723751934943721, 786528.40638060530182 ], [ 1984261.787252030335367, 786414.095368571928702 ], [ 1984189.939739520661533, 786306.307616768172011 ], [ 1984107.873145227320492, 786206.081180166685954 ], [ 1984016.377815315499902, 786114.381294141407125 ], [ 1983916.334899828769267, 786032.091078722965904 ], [ 1983808.707866732031107, 785960.003033670131117 ], [ 1983694.533223189180717, 785898.811406264198013 ], [ 1982748.064315609168261, 785449.871031189220957 ], [ 1982745.350208002142608, 785448.587422469514422 ], [ 1981855.63545200205408, 785029.043642127537169 ], [ 1981850.299343490973115, 785026.541953024454415 ], [ 1981557.048945751041174, 784889.857187030371279 ], [ 1981498.216892570955679, 784864.157913533272222 ], [ 1981374.625932391034439, 784813.712804448325187 ], [ 1981245.399584993487224, 784768.631198666873388 ], [ 1981212.168680323520675, 784758.938960827887058 ], [ 1981034.633503711549565, 784720.187333797221072 ], [ 1980988.963319461559877, 784713.470811804174446 ], [ 1980858.22497368673794, 784700.848747882060707 ], [ 1980803.432432356756181, 784698.300524640129879 ], [ 1980673.894214740488678, 784698.639153497410007 ], [ 1980545.012950480682775, 784711.673117418424226 ], [ 1980418.02983660553582, 784737.276892205467448 ], [ 1980294.167789918137714, 784775.203899510786869 ], [ 1980174.619669637875631, 784825.0888815211365 ], [ 1980060.536789514590055, 784886.451418589800596 ], [ 1979953.017830047989264, 784958.700555940507911 ], [ 1979853.098257593344897, 785041.140494885505177 ], [ 1979761.740352255525067, 785132.977293746196665 ], [ 1979679.823940603528172, 785233.326513946522027 ], [ 1979608.137922462308779, 785341.221737639512867 ], [ 1979547.372673373669386, 785455.6238748395117 ], [ 1979498.113395904190838, 785575.43117042677477 ], [ 1979460.834483823738992, 785699.4898146513151 ], [ 1979435.894953434355557, 785826.605054951854981 ], [ 1979423.534986047074199, 785955.552702076267451 ], [ 1979423.873614904470742, 786085.090919692651369 ], [ 1979436.907578825484961, 786213.972183952573687 ], [ 1979462.511353612411767, 786340.955297827604227 ], [ 1979500.438360917847604, 786464.817344514885917 ], [ 1979550.323342928197235, 786584.365464795264415 ], [ 1979611.685879996744916, 786698.448344918549992 ], [ 1979683.935017347568646, 786805.967304385267198 ], [ 1979766.374956292565912, 786905.886876839678735 ], [ 1979858.2117551532574, 786997.244782177731395 ], [ 1979958.560975353466347, 787079.16119382949546 ], [ 1980066.456199046690017, 787150.847211970831268 ], [ 1980180.858336246572435, 787211.612461059470661 ], [ 1980300.66563183371909, 787260.871738528832793 ], [ 1980424.724276058375835, 787298.150650609284639 ], [ 1980511.361638237023726, 787315.148574082530104 ] ] ] } },
{ "type": "Feature", "properties": { "FID": 138, "FeatureTyp": "Bike Lane", "Label": " ", "Fr_St": " ", "To_St": " ", "Notes": " ", "Shape_Leng": 3973.9735715100001, "GlobalID": "d2f9505f-ae5d-4947-8a97-13ddaf017505" }, "geometry": { "type": "Polygon", "coordinates": [ [ [ 1978959.247819723095745, 784237.988101002178155 ], [ 1978978.11934577440843, 784238.350986715755425 ], [ 1979034.327673581894487, 784248.388167380704544 ], [ 1979049.217097767628729, 784251.784013774245977 ], [ 1979098.450187914539129, 784296.581695010885596 ], [ 1979352.674833458382636, 784542.761574800941162 ], [ 1979422.965965434210375, 784606.107378116459586 ], [ 1979538.717702434165403, 784703.134415036533028 ], [ 1979659.292164245853201, 784793.024591658147983 ], [ 1979756.934811420040205, 784849.793707393459044 ], [ 1979769.07766534620896, 784884.054024789133109 ], [ 1979770.297777241794392, 784915.471347603946924 ], [ 1979774.394411571091041, 785092.351656273240224 ], [ 1979783.744629718363285, 785221.552422189386562 ], [ 1979805.713713612873107, 785349.214569459320046 ], [ 1979840.090088967466727, 785474.108641817467287 ], [ 1979886.542692495277151, 785595.03184107306879 ], [ 1979944.624160231091082, 785710.819610713864677 ], [ 1980013.775135889649391, 785820.356851222226396 ], [ 1980093.329657773720101, 785922.588659093016759 ], [ 1980182.521572348661721, 786016.5304861307377 ], [ 1980280.491912720026448, 786101.277621187153272 ], [ 1980386.297170953592286, 786176.013903024140745 ], [ 1980498.918384573888034, 786240.019580392749049 ], [ 1980617.270949728786945, 786292.678243630914949 ], [ 1980740.215066517237574, 786333.482761025195941 ], [ 1980866.566715887049213, 786362.040162767283618 ], [ 1980995.109062383882701, 786378.075425467337482 ], [ 1981124.604172942228615, 786381.434120779740624 ], [ 1981253.804938858374953, 786372.083902632701211 ], [ 1981381.467086128192022, 786350.114818738074973 ], [ 1981506.361158486455679, 786315.738443383481354 ], [ 1981627.284357741940767, 786269.285839855554514 ], [ 1981743.072127382969484, 786211.204372119973414 ], [ 1981852.609367891214788, 786142.053396461415105 ], [ 1981954.84117576200515, 786062.49887457722798 ], [ 1982048.783002799609676, 785973.30696000228636 ], [ 1982133.530137856025249, 785875.336619631038047 ], [ 1982208.266419693129137, 785769.531361397355795 ], [ 1982272.272097061853856, 785656.910147777060047 ], [ 1982324.930760299786925, 785538.55758262227755 ], [ 1982365.735277694184333, 785415.613465833594091 ], [ 1982394.29267943627201, 785289.261816463782452 ], [ 1982410.327942136442289, 785160.719469967181794 ], [ 1982413.686637448845431, 785031.224359408719465 ], [ 1982409.350688118953258, 784844.01115114975255 ], [ 1982408.71028306777589, 784823.350366355152801 ], [ 1982401.901241567684337, 784648.020664529176429 ], [ 1982393.304763156687841, 784540.412949554505758 ], [ 1982386.496049736626446, 784484.239177383482456 ], [ 1982353.611569775734097, 784310.91095110529568 ], [ 1982331.48234894592315, 784225.799572778283618 ], [ 1982298.12274682126008, 784116.991596900625154 ], [ 1982202.798134311102331, 783848.03905081062112 ], [ 1982189.455315101658925, 783812.062544345622882 ], [ 1982083.916812271811068, 783539.705805599573068 ], [ 1982023.001488534733653, 783405.326197876594961 ], [ 1981947.470011378405616, 783278.584130683564581 ], [ 1981898.105280708288774, 783205.38808285666164 ], [ 1981800.373535610502586, 783077.948305304977112 ], [ 1981744.200091530568898, 783013.263723383890465 ], [ 1981666.467170600546524, 782931.139920732937753 ], [ 1981610.29339843057096, 782876.668572983937338 ], [ 1981524.988988227909431, 782800.824071290204301 ], [ 1981433.451077750883996, 782732.632856440613978 ], [ 1981336.364164569182321, 782672.60484526201617 ], [ 1981234.454240305814892, 782621.188912188750692 ], [ 1981101.218635194003582, 782561.047694299835712 ], [ 1980920.236161401728168, 782385.792287621996365 ], [ 1980890.345232461113483, 782357.733469410566613 ], [ 1980701.397775701014325, 782185.808288334636018 ], [ 1980574.25423263781704, 782083.733805423486046 ], [ 1980516.378364137839526, 782042.880212580435909 ], [ 1980429.448012300534174, 781986.495373940793797 ], [ 1980311.994178970577195, 781916.703846863820218 ], [ 1980245.316247849725187, 781879.647539146943018 ], [ 1980199.356037929654121, 781855.816550053888932 ], [ 1980080.673345126910135, 781801.544762817560695 ], [ 1979957.211615629959852, 781759.257532944786362 ], [ 1979856.779729880159721, 781730.319598694797605 ], [ 1979784.826830954756588, 781711.764032081933692 ], [ 1979590.772757134633139, 781667.50591850397177 ], [ 1979529.299238730687648, 781655.014406568137929 ], [ 1979338.649357560789213, 781620.969855241128244 ], [ 1979234.611400492722169, 781606.635565250762738 ], [ 1979129.76317210891284, 781600.61747708148323 ], [ 1979033.846629854990169, 781598.934537261957303 ], [ 1978946.441191138233989, 781597.253794278600253 ], [ 1978821.099595870822668, 781600.80038496828638 ], [ 1978686.623158780857921, 781611.013619124307297 ], [ 1978560.414960674708709, 781626.743794844369404 ], [ 1978403.809958924539387, 781653.979632765403949 ], [ 1978296.388141967123374, 781677.307657552533783 ], [ 1978191.279816108057275, 781709.492799061932601 ], [ 1978012.545593518065289, 781772.475284639862366 ], [ 1977925.766693518264219, 781806.545080220210366 ], [ 1977835.548370018368587, 781845.696248641237617 ], [ 1977719.390112098539248, 781903.033179233316332 ], [ 1977609.411189911421388, 781971.479517099796794 ], [ 1977506.670760598964989, 782050.376086590462364 ], [ 1977412.158270658692345, 782138.963070611818694 ], [ 1977326.783927034353837, 782236.38732808129862 ], [ 1977251.36993132578209, 782341.710610141744837 ], [ 1977186.642561536980793, 782453.918596011586487 ], [ 1977133.225177622633055, 782571.930661447579041 ], [ 1977091.632218190701678, 782694.610285747679882 ], [ 1977062.264246177393943, 782820.77599706640467 ], [ 1977045.404091207776219, 782949.212750634527765 ], [ 1977041.214125790400431, 783078.683630304643884 ], [ 1977049.73470158316195, 783207.941760729299858 ], [ 1977070.883760783122852, 783335.742315453011543 ], [ 1977104.457626388873905, 783460.854505270835944 ], [ 1977150.132963721407577, 783582.073431401513517 ], [ 1977207.469894313486293, 783698.231689321575686 ], [ 1977275.91623217985034, 783808.210611508460715 ], [ 1977354.81280167051591, 783910.95104082103353 ], [ 1977443.399785691872239, 784005.463530761422589 ], [ 1977540.82404316123575, 784090.837874385644682 ], [ 1977646.147325221914798, 784166.251870094216429 ], [ 1977758.355311091523618, 784230.979239883017726 ], [ 1977876.367376527516171, 784284.396623797365464 ], [ 1977999.047000827733427, 784325.989583229296841 ], [ 1978125.212712146574631, 784355.357555242488161 ], [ 1978253.649465714581311, 784372.2177102122223 ], [ 1978383.120345384581015, 784376.407675629481673 ], [ 1978512.378475809236988, 784367.887099836836569 ], [ 1978640.179030532948673, 784346.738040636992082 ], [ 1978765.291220350889489, 784313.16417503124103 ], [ 1978886.510146481683478, 784267.488837698707357 ], [ 1978933.9409550500568, 784246.905750997830182 ], [ 1978959.247819723095745, 784237.988101002178155 ] ] ] } },
{ "type": "Feature", "properties": { "FID": 139, "FeatureTyp": "Bike Lane", "Label": " ", "Fr_St": " ", "To_St": " ", "Notes": " ", "Shape_Leng": 2830.8315998200001, "GlobalID": "6bbf8a7d-ace6-4061-8d8c-5f7b6ae4d208" }, "geometry": { "type": "Polygon", "coordinates": [ [ [ 1979009.805778830312192, 784282.375889032962732 ], [ 1979284.485969681059942, 784551.309860378620215 ], [ 1979388.277660517953336, 784642.783789865206927 ], [ 1979519.349576867884025, 784746.619868285139091 ], [ 1979678.656076040584594, 784854.89421356713865 ], [ 1979722.536920057144016, 784880.247514931717888 ], [ 1979729.722480438882485, 784901.57966489775572 ], [ 1979734.559910190990195, 784952.718046249705367 ], [ 1979739.968996265437454, 785098.760763975908048 ], [ 1979751.109553018817678, 785227.819481186219491 ], [ 1979774.846431341953576, 785355.164779883110896 ], [ 1979810.951032120501623, 785479.570255226222798 ], [ 1979859.075648312456906, 785599.837814480997622 ], [ 1979918.756813556421548, 785714.809215306886472 ], [ 1979989.419765605591238, 785823.377220264170319 ], [ 1980070.383981603896245, 785924.496260115876794 ], [ 1980160.86973189143464, 786017.192503230762668 ], [ 1980260.005589228356257, 786100.573234114912339 ], [ 1980366.836821115575731, 786173.835450749378651 ], [ 1980480.334584390046075, 786236.273597938590683 ], [ 1980599.405833547236398, 786287.286362192942761 ], [ 1980722.903847366804257, 786326.382462706533261 ], [ 1980849.639272464672104, 786353.185382658964954 ], [ 1980978.3915774167981, 786367.436995279393159 ], [ 1981107.920807142974809, 786369.00004974741023 ], [ 1981236.979524353053421, 786357.859492994146422 ], [ 1981364.324823050061241, 786334.122614671126939 ], [ 1981488.730298393173143, 786298.018013892462477 ], [ 1981608.997857647947967, 786249.893397700390778 ], [ 1981723.969258473720402, 786190.212232456658967 ], [ 1981832.537263431120664, 786119.549280407372862 ], [ 1981933.656303282827139, 786038.58506440918427 ], [ 1982026.352546397829428, 785948.099314121645875 ], [ 1982109.733277281979099, 785848.963456784491427 ], [ 1982182.995493916328996, 785742.132224897271954 ], [ 1982245.433641105424613, 785628.634461622801609 ], [ 1982296.446405360009521, 785509.563212465611286 ], [ 1982335.54250587336719, 785386.065198646159843 ], [ 1982362.345425826031715, 785259.329773548175581 ], [ 1982376.597038446459919, 785130.577468596282415 ], [ 1982378.160092914476991, 785001.048238870105706 ], [ 1982371.351051414618269, 784817.207399201113731 ], [ 1982366.389036579523236, 784741.753339741379023 ], [ 1982342.55771940946579, 784489.823069323319942 ], [ 1982325.659501962130889, 784370.042148532695137 ], [ 1982297.866846562828869, 784252.311154125141911 ], [ 1982259.413161411182955, 784137.618814203888178 ], [ 1982249.574046716094017, 784112.201246096636169 ], [ 1982204.465091620571911, 783978.283925279509276 ], [ 1982181.765334822237492, 783916.094624887802638 ], [ 1982096.653956482186913, 783699.911330218892545 ], [ 1982093.031184176914394, 783690.808717459323816 ], [ 1982033.453219346934929, 783542.714525461313315 ], [ 1981967.843930777627975, 783403.629646044108085 ], [ 1981886.50371161242947, 783273.119297124096192 ], [ 1981837.138980942312628, 783203.328098125057295 ], [ 1981724.466433821711689, 783064.925364758819342 ], [ 1981652.972810401814058, 782988.324796180822887 ], [ 1981560.597504887497053, 782898.561235120869242 ], [ 1981459.913339504040778, 782818.228223201353103 ], [ 1981386.717291673878208, 782765.459299859357998 ], [ 1981251.450641629751772, 782679.90408300794661 ], [ 1981106.823694694321603, 782611.348937578732148 ], [ 1981055.733746578916907, 782590.825564664439298 ], [ 1980724.57942423899658, 782266.598882138379849 ], [ 1980627.645718372659758, 782180.595083664986305 ], [ 1980522.746137317502871, 782104.510429632035084 ], [ 1980316.77607681741938, 781970.034320619073696 ], [ 1980209.965130250900984, 781907.24288838612847 ], [ 1980097.737347345100716, 781854.742726364405826 ], [ 1980039.861478845123202, 781830.911409208434634 ], [ 1979929.785162064479664, 781791.195436692680232 ], [ 1979816.62392886960879, 781761.384544544504024 ], [ 1979674.054988289717585, 781730.513215206447057 ], [ 1979546.257776269456372, 781709.343966458342038 ], [ 1979417.000993530265987, 781700.80297069333028 ], [ 1979287.529453549068421, 781704.972482369630598 ], [ 1979159.090038032038137, 781721.812346810707822 ], [ 1979032.919688763096929, 781751.16038691624999 ], [ 1978910.233495177002624, 781792.733965016785078 ], [ 1978792.212992385029793, 781846.132704828749411 ], [ 1978679.99478234606795, 781910.842347297118977 ], [ 1978574.659587767440826, 781986.239703190978616 ], [ 1978477.221844154642895, 782071.598654756671749 ], [ 1978388.619930243818089, 782166.097148628672585 ], [ 1978309.707130900816992, 782268.825112652848475 ], [ 1978241.243419521022588, 782378.793220378807746 ], [ 1978183.888139071408659, 782494.942418814636767 ], [ 1978138.193652256159112, 782616.154127685585991 ], [ 1978104.600021962542087, 782741.261011974303983 ], [ 1978083.430773214437068, 782869.058223994565196 ], [ 1978074.88977744942531, 782998.315006733755581 ], [ 1978079.059289125725627, 783127.786546714953147 ], [ 1978095.899153566919267, 783256.225962231867015 ], [ 1978125.247193672461435, 783382.396311501041055 ], [ 1978166.820771772880107, 783505.08250508713536 ], [ 1978220.21951158484444, 783623.10300787887536 ], [ 1978284.929154053097591, 783735.321217917837203 ], [ 1978360.326509946957231, 783840.656412496580742 ], [ 1978445.685461512766778, 783938.094156109262258 ], [ 1978540.183955384651199, 784026.696070020087063 ], [ 1978642.911919408943504, 784105.608869363204576 ], [ 1978752.880027134902775, 784174.07258074299898 ], [ 1978869.029225570615381, 784231.427861192612909 ], [ 1978990.240934441797435, 784277.122348007862456 ], [ 1979009.805778830312192, 784282.375889032962732 ] ] ] } },
{ "type": "Feature", "properties": { "FID": 140, "FeatureTyp": "Bike Lane", "Label": " ", "Fr_St": " ", "To_St": " ", "Notes": " ", "Shape_Leng": 3187.9942123699998, "GlobalID": "967af9a1-6437-4675-86fa-25c82101b36d" }, "geometry": { "type": "Polygon", "coordinates": [ [ [ 1996171.851792362518609, 795683.052110907970928 ], [ 1996190.578822334762663, 795684.381235987762921 ], [ 1996555.420807417714968, 795707.66902906273026 ], [ 1997047.941447470802814, 795746.758183054160327 ], [ 1997116.714603536296636, 795750.414116801926866 ], [ 1997313.535076026339084, 795755.733331875992008 ], [ 1997336.504104594932869, 795756.154106867848895 ], [ 1997613.116412264760584, 795758.813878458808176 ], [ 1997680.007646043086424, 795757.761712287901901 ], [ 1997874.16834696312435, 795749.782725622877479 ], [ 1998012.50244199950248, 795736.779089864226989 ], [ 1998148.703308167168871, 795709.306549980770797 ], [ 1998334.884694337146357, 795661.431317641749047 ], [ 1998515.415676699019969, 795600.825620581512339 ], [ 1998661.701145278988406, 795539.651530330535024 ], [ 1998694.821229051565751, 795525.265933218295686 ], [ 1998883.662386801559478, 795440.154554890352301 ], [ 1998972.568701348034665, 795395.989634284400381 ], [ 1999057.904481424950063, 795345.268064740230329 ], [ 1999321.218259254936129, 795175.044979993253946 ], [ 1999383.413336931494996, 795132.267942541860975 ], [ 1999452.566413851687685, 795081.732938625849783 ], [ 1999553.278508076677099, 795000.263075673137791 ], [ 1999645.520203050924465, 794909.314000905840658 ], [ 1999728.403160827234387, 794809.76160363201052 ], [ 1999801.129173213848844, 794702.564627858111635 ], [ 1999862.997848955681548, 794588.755439060856588 ], [ 1999913.413358883932233, 794469.430081942700781 ], [ 1999951.890174078755081, 794345.737724922480993 ], [ 1999978.05774177564308, 794218.869593015522696 ], [ 1999991.664053993299603, 794090.047495685284957 ], [ 1999992.578074507182464, 793960.512060150387697 ], [ 1999980.791000799741596, 793831.510783466161229 ], [ 1999956.416348834754899, 793704.286018446553499 ], [ 1999919.688859834801406, 793580.063009126577526 ], [ 1999870.96223959652707, 793460.038090993417427 ], [ 1999810.705752109177411, 793345.367169620934874 ], [ 1999739.499700286891311, 793237.154588667443022 ], [ 1999658.029837334062904, 793136.442494442453608 ], [ 1999567.08076256676577, 793044.200799468322657 ], [ 1999467.528365293052047, 792961.317841691896319 ], [ 1999360.331389519153163, 792888.591829305281863 ], [ 1999246.522200721781701, 792826.723153563565575 ], [ 1999127.196843603625894, 792776.307643635082059 ], [ 1999003.504486583406106, 792737.830828440492041 ], [ 1998876.636354676680639, 792711.663260743487626 ], [ 1998747.814257346326485, 792698.056948525831103 ], [ 1998618.27882181131281, 792697.142928012064658 ], [ 1998489.277545127319172, 792708.930001719272695 ], [ 1998362.052780107595026, 792733.304653684375808 ], [ 1998237.829770787619054, 792770.032142684329301 ], [ 1998117.804852654458955, 792818.758762922720052 ], [ 1998003.133931281976402, 792879.015250409953296 ], [ 1997894.92135032848455, 792950.221302232239395 ], [ 1997856.25399809377268, 792978.478248757543042 ], [ 1997708.195023115957156, 793074.193162169773132 ], [ 1997626.512161258142442, 793111.007917180308141 ], [ 1997608.680972054600716, 793118.464616661192849 ], [ 1997605.041263077408075, 793118.614189614192583 ], [ 1997373.374253014102578, 793116.386590498499572 ], [ 1997222.470744826830924, 793112.308314466965385 ], [ 1996754.119680549250916, 793075.137391291791573 ], [ 1996733.769822265254334, 793073.680476515204646 ], [ 1996368.115519428858534, 793050.340833355789073 ], [ 1995696.582297407556325, 792997.877538013039157 ], [ 1995567.097650447161868, 792994.137124361121096 ], [ 1995437.869882803875953, 793003.106436635018326 ], [ 1995310.143528523156419, 793024.699095454299822 ], [ 1995185.14866221905686, 793058.70715171075426 ], [ 1995064.089052783325315, 793104.803089232067578 ], [ 1994948.130570432404056, 793162.542978941113688 ], [ 1994838.389958740910515, 793231.370754136354662 ], [ 1994735.924079790012911, 793310.623565717600286 ], [ 1994641.719736007042229, 793399.538165785023011 ], [ 1994556.684166720369831, 793497.258258134592324 ], [ 1994481.63631094712764, 793602.842744857771322 ], [ 1994417.298920563887805, 793715.274789628805593 ], [ 1994364.291599810589105, 793833.471610395121388 ], [ 1994323.124838162446395, 793956.294907159754075 ], [ 1994294.195094038499519, 794082.561824432923459 ], [ 1994277.780976688954979, 794211.056342776515521 ], [ 1994274.040563037153333, 794340.540989736909978 ], [ 1994283.009875311050564, 794469.768757380195893 ], [ 1994304.602534130215645, 794597.495111660799012 ], [ 1994338.610590386902913, 794722.489977965014987 ], [ 1994384.706527908099815, 794843.549587400862947 ], [ 1994442.446417617145926, 794959.50806975166779 ], [ 1994511.2741928123869, 795069.248681443044916 ], [ 1994590.527004393516108, 795171.714560394058935 ], [ 1994679.441604461055249, 795265.918904177029617 ], [ 1994777.161696810740978, 795350.954473463702016 ], [ 1994882.746183533687145, 795426.002329236827791 ], [ 1994995.178228304954246, 795490.339719620067626 ], [ 1995113.375049071153626, 795543.347040373482741 ], [ 1995236.198345835786313, 795584.513802021625452 ], [ 1995362.465263108955696, 795613.443546145572327 ], [ 1995490.959781452547759, 795629.857663495000452 ], [ 1996171.851792362518609, 795683.052110907970928 ] ] ] } },
{ "type": "Feature", "properties": { "FID": 141, "FeatureTyp": "Bike Lane", "Label": " ", "Fr_St": " ", "To_St": " ", "Notes": " ", "Shape_Leng": 3155.9269548299999, "GlobalID": "60fbea22-8f3e-4cc0-83be-3055ee104af7" }, "geometry": { "type": "Polygon", "coordinates": [ [ [ 1997634.148157397750765, 793059.087520623928867 ], [ 1997594.959680832689628, 793073.902700122678652 ], [ 1997447.611466411734, 793075.907464650110342 ], [ 1996926.303770138183609, 793051.994224278256297 ], [ 1996450.869664758909494, 793016.208993727341294 ], [ 1996429.30837083584629, 793014.76349292055238 ], [ 1996082.9048808850348, 792994.386854008655064 ], [ 1995709.878908854210749, 792963.727085767081007 ], [ 1995580.410435908706859, 792959.46340122865513 ], [ 1995451.147474881727248, 792967.910376977757551 ], [ 1995323.334898750763386, 792988.986664020223543 ], [ 1995198.203612493351102, 793022.48928619036451 ], [ 1995076.958698799600825, 793068.095594922313467 ], [ 1994960.767812467878684, 793125.366376531892456 ], [ 1994850.749935250030831, 793193.750082084909081 ], [ 1994747.964599445229396, 793272.588139114668593 ], [ 1994653.40168402553536, 793361.121294034528546 ], [ 1994567.97188155981712, 793458.496924165519886 ], [ 1994492.497927746735513, 793563.777248958591372 ], [ 1994427.706678019370884, 793675.948361333925277 ], [ 1994374.222107531502843, 793793.929992160294205 ], [ 1994332.559301934204996, 793916.585913837538101 ], [ 1994303.119496820960194, 794042.73488278943114 ], [ 1994286.186213608132675, 794171.162015484762378 ], [ 1994281.922529069706798, 794300.630488430499099 ], [ 1994290.369504818925634, 794429.893449457245879 ], [ 1994311.445791861275211, 794557.706025588209741 ], [ 1994344.948414031416178, 794682.837311845738441 ], [ 1994390.554722763365135, 794804.082225539372303 ], [ 1994447.825504372827709, 794920.273111871094443 ], [ 1994516.209209925960749, 795030.290989089175127 ], [ 1994595.047266955720261, 795133.076324893976562 ], [ 1994683.580421875696629, 795227.639240313554183 ], [ 1994780.956052006687969, 795313.069042779156007 ], [ 1994886.23637679964304, 795388.542996592354029 ], [ 1994998.407489174976945, 795453.334246319602244 ], [ 1995116.389120001345873, 795506.8188168075867 ], [ 1995239.045041678706184, 795548.481622404768132 ], [ 1995365.194010630482808, 795577.921427518129349 ], [ 1995493.621143325930461, 795594.854710730956867 ], [ 1995881.942545165773481, 795626.771641658968292 ], [ 1995912.558499094098806, 795628.930010011536069 ], [ 1996263.495949935633689, 795649.573352021398023 ], [ 1996747.43184399115853, 795685.998499785666354 ], [ 1996786.019103528931737, 795688.335230610566214 ], [ 1997365.841106618987396, 795714.932618356659077 ], [ 1997444.285832608118653, 795716.197049865382724 ], [ 1997835.267006027977914, 795710.877506697317585 ], [ 1997956.40382009325549, 795703.650683722109534 ], [ 1998076.365039533469826, 795685.329643289209343 ], [ 1998194.136780357686803, 795656.069230519933626 ], [ 1998319.14440435776487, 795618.833084516925737 ], [ 1998409.09907914372161, 795588.475779011147097 ], [ 1998627.197396213654429, 795506.023844182142057 ], [ 1998691.042661058250815, 795479.961442206171341 ], [ 1998800.091655578231439, 795432.086209867149591 ], [ 1998908.926238678628579, 795378.203978889156133 ], [ 1999012.348199220374227, 795314.547405218705535 ], [ 1999387.370743120322004, 795059.212942143785767 ], [ 1999490.74113881168887, 794981.14357691432815 ], [ 1999585.961641866713762, 794893.31806643656455 ], [ 1999672.115226787980646, 794796.582218386582099 ], [ 1999748.372187456581742, 794691.867651862557977 ], [ 1999813.998127654893324, 794580.18282538279891 ], [ 1999868.361033703899011, 794462.603324879426509 ], [ 1999910.937361100688577, 794340.261505217757076 ], [ 1999941.317076537990943, 794214.335585 ], [ 1999959.20760674844496, 794086.038299676030874 ], [ 1999964.436656146775931, 793956.605222237762064 ], [ 1999956.953866128344089, 793827.282863976433873 ], [ 1999936.831300051417202, 793699.316669896943495 ], [ 1999904.262749227927998, 793573.939024401479401 ], [ 1999859.56186660588719, 793452.357382754678838 ], [ 1999803.159146120538935, 793335.742642628843896 ], [ 1999735.597776803653687, 793225.217867719591595 ], [ 1999657.52841157419607, 793121.847472028224729 ], [ 1999569.702901096316054, 793026.626968973199837 ], [ 1999472.967053046450019, 792940.473384051932953 ], [ 1999368.252486522542313, 792864.216423383331858 ], [ 1999256.567660042783245, 792798.590483185020275 ], [ 1999138.988159539178014, 792744.227577136014588 ], [ 1999016.646339877508581, 792701.651249739108607 ], [ 1998890.720419659977779, 792671.271534301922657 ], [ 1998762.423134335782379, 792653.381004091352224 ], [ 1998632.990056897746399, 792648.151954693254083 ], [ 1998503.667698636418208, 792655.634744711685926 ], [ 1998375.701504556694999, 792675.757310788379982 ], [ 1998250.323859061347321, 792708.325861611985601 ], [ 1998128.742217414546758, 792753.026744234142825 ], [ 1998012.127477288711816, 792809.429464719258249 ], [ 1997901.602702379459515, 792876.990834036259912 ], [ 1997634.148157397750765, 793059.087520623928867 ] ] ] } },
{ "type": "Feature", "properties": { "FID": 142, "FeatureTyp": "Bike Lane", "Label": " ", "Fr_St": " ", "To_St": " ", "Notes": " ", "Shape_Leng": 3874.2306751400001, "GlobalID": "003e76f9-b9e2-458e-97c8-3e632071c41d" }, "geometry": { "type": "Polygon", "coordinates": [ [ [ 1997758.04873251193203, 799942.960871131741442 ], [ 1997822.464644779218361, 799943.211596818524413 ], [ 1998154.399676449364051, 799936.40255531843286 ], [ 1998171.302897681947798, 799935.947488500154577 ], [ 1998283.115439211949706, 799932.220459646661766 ], [ 1998528.270001588156447, 799939.430879785097204 ], [ 1998659.234616512432694, 799943.845356815843843 ], [ 1998729.476392148993909, 799948.102367826155387 ], [ 1998746.909435072680935, 799951.323696929495782 ], [ 1998942.039952338673174, 800006.326880863402039 ], [ 1998975.526149593992159, 800015.293000686215237 ], [ 1999177.20985460607335, 800066.466491065453738 ], [ 1999522.179947837954387, 800169.324687679531053 ], [ 1999535.215268259868026, 800173.138458417146467 ], [ 1999914.812606169842184, 800282.081153930164874 ], [ 1999991.47189407935366, 800301.615774455480278 ], [ 2000197.441954579204321, 800347.575984361465089 ], [ 2000464.95059063192457, 800407.211606940254569 ], [ 2000557.089453771710396, 800424.3434987856308 ], [ 2000705.183317691786215, 800446.472719613579102 ], [ 2000843.154920713277534, 800459.731349624693394 ], [ 2000981.756184538360685, 800458.449095291900449 ], [ 2001146.872652208199725, 800448.235533041879535 ], [ 2001283.413799504982308, 800432.621599612873979 ], [ 2001417.591475927969441, 800402.895668642944656 ], [ 2001588.88476850814186, 800355.470238553942181 ], [ 2001711.880486293695867, 800314.821525177918375 ], [ 2001830.29967543692328, 800262.312857937184162 ], [ 2001943.001894411630929, 800198.449924001353793 ], [ 2002048.901759239844978, 800123.847758335177787 ], [ 2002146.979396332753822, 800039.224820575793274 ], [ 2002236.290264429990202, 799945.396075873402879 ], [ 2002315.97425104980357, 799843.265146331512369 ], [ 2002385.263955841539428, 799733.815608632052317 ], [ 2002443.492081070085987, 799618.101521654287353 ], [ 2002490.097858058754355, 799497.237275311490521 ], [ 2002524.632447697920725, 799372.386858367244713 ], [ 2002546.763263011118397, 799244.752648586640134 ], [ 2002556.277172148460522, 799115.563833181979135 ], [ 2002553.082550964551046, 798986.064571067458019 ], [ 2002537.210165407508612, 798857.502010928583331 ], [ 2002508.812875227071345, 798731.114280499052256 ], [ 2002468.164161851163954, 798608.118562713381834 ], [ 2002415.655494610313326, 798489.699373570154421 ], [ 2002351.792560674482957, 798376.997154595446773 ], [ 2002277.19039500830695, 798271.097289767232724 ], [ 2002192.567457248922437, 798173.019652674440295 ], [ 2002098.738712546648458, 798083.708784577087499 ], [ 2001996.607783004641533, 798004.024797957157716 ], [ 2001887.158245305297896, 797934.735093165654689 ], [ 2001771.444158327532932, 797876.506967937108129 ], [ 2001650.5799119847361, 797829.901190948323347 ], [ 2001525.729495040373877, 797795.366601309040561 ], [ 2001398.095285259885713, 797773.235785995959304 ], [ 2001268.906469855224714, 797763.721876858500764 ], [ 2001139.407207740470767, 797766.916498042526655 ], [ 2001010.844647601712495, 797782.78888359956909 ], [ 2000918.547989525366575, 797803.526458150241524 ], [ 2000772.262985274661332, 797770.915199506678618 ], [ 2000605.044637328246608, 797733.602056261035614 ], [ 2000270.011599440593272, 797637.449110525543801 ], [ 1999905.433249252149835, 797528.744407246471383 ], [ 1999852.90189415588975, 797514.255105834803544 ], [ 1999641.604911577189341, 797460.642425006139092 ], [ 1999404.656771421199664, 797393.851733737625182 ], [ 1999286.385183911537752, 797366.316865719854832 ], [ 1999129.78018216160126, 797337.378931470913813 ], [ 1998969.77941737906076, 797317.82207069080323 ], [ 1998801.258428958943114, 797307.608836519764736 ], [ 1998765.874704917194322, 797305.940573509666137 ], [ 1998614.376320247305557, 797300.833956430666149 ], [ 1998608.714507868979126, 797300.655272906413302 ], [ 1998319.335493448888883, 797292.144135063397698 ], [ 1998236.553871748037636, 797292.306273088790476 ], [ 1998091.803215899970382, 797297.131222629570402 ], [ 1997800.532268156297505, 797303.106114646769129 ], [ 1997471.864526667864993, 797293.804028300335631 ], [ 1997342.353867133380845, 797296.49727163661737 ], [ 1997213.730820833472535, 797311.871810759883374 ], [ 1997087.234098016517237, 797339.779580453759991 ], [ 1996964.081931273220107, 797379.951813640305772 ], [ 1996845.460343291517347, 797432.001629753271118 ], [ 1996732.511724808486179, 797495.427760610356927 ], [ 1996626.323832764057443, 797569.619377899216488 ], [ 1996527.919314607279375, 797653.861975787905976 ], [ 1996438.245859640883282, 797747.34425200719852 ], [ 1996358.16707225702703, 797849.165921134408563 ], [ 1996288.454154953593388, 797958.346384834498167 ], [ 1996229.778481233399361, 798073.834175557945855 ], [ 1996182.705129909329116, 798194.517082748119719 ], [ 1996147.687443087808788, 798319.232864036574028 ], [ 1996125.062660235445946, 798446.780438273097388 ], [ 1996115.048670379212126, 798575.931452593067661 ], [ 1996117.741913715610281, 798705.442112127551809 ], [ 1996133.116452838759869, 798834.065158427460119 ], [ 1996161.024222532752901, 798960.561881244531833 ], [ 1996201.196455719182268, 799083.714047987712547 ], [ 1996253.246271832147613, 799202.335635969531722 ], [ 1996316.672402689233422, 799315.284254452562891 ], [ 1996390.864019978092983, 799421.472146496758796 ], [ 1996475.106617866782472, 799519.876664653653279 ], [ 1996568.5888940859586, 799609.550119619932957 ], [ 1996670.410563213285059, 799689.628907003789209 ], [ 1996779.591026913374662, 799759.341824307222851 ], [ 1996895.078817636938766, 799818.017498027649708 ], [ 1997015.761724826879799, 799865.090849351719953 ], [ 1997140.477506115334108, 799900.108536173240282 ], [ 1997268.025080351857468, 799922.733319025486708 ], [ 1997397.176094671944156, 799932.747308881720528 ], [ 1997758.04873251193203, 799942.960871131741442 ] ] ] } },
{ "type": "Feature", "properties": { "FID": 143, "FeatureTyp": "Bike Lane", "Label": " ", "Fr_St": " ", "To_St": " ", "Notes": " ", "Shape_Leng": 3864.5287294099999, "GlobalID": "2ccea6aa-c3c3-4465-901c-c94796a39bf5" }, "geometry": { "type": "Polygon", "coordinates": [ [ [ 2000885.545708585297689, 797765.196121357614174 ], [ 2000819.662877754773945, 797752.930709055508487 ], [ 2000680.81952850241214, 797716.042251436156221 ], [ 2000454.422956090420485, 797655.190032689715736 ], [ 2000275.379840426146984, 797603.127837405889295 ], [ 2000111.985830792691559, 797554.313204294885509 ], [ 2000092.327003721846268, 797548.60571015405003 ], [ 1999775.783017381792888, 797459.359825646039099 ], [ 1999504.066834560595453, 797383.026527277077548 ], [ 1999365.172587872017175, 797351.97686299670022 ], [ 1999242.784021819708869, 797331.472081269370392 ], [ 1999117.574688503518701, 797308.356293578748591 ], [ 1998951.969637288479134, 797288.498478058725595 ], [ 1998703.754582528490573, 797274.55395213176962 ], [ 1998659.621433126740158, 797272.814675989327952 ], [ 1998417.21800852753222, 797267.321237531257793 ], [ 1998273.123892242088914, 797263.2427974230377 ], [ 1998205.264349382603541, 797263.067098008585162 ], [ 1997964.035082495771348, 797268.644861921668053 ], [ 1997782.488311946392059, 797272.838954966515303 ], [ 1997462.179260009434074, 797265.820202615694143 ], [ 1997332.688439891440794, 797269.340429584728554 ], [ 1997204.166196046629921, 797285.536025585490279 ], [ 1997077.850267940433696, 797314.251018175273202 ], [ 1996954.957147012231871, 797355.208866278175265 ], [ 1996836.670361196389422, 797408.015123427147046 ], [ 1996724.129076902521774, 797472.161236498854123 ], [ 1996618.417128219734877, 797547.029443358886056 ], [ 1996520.552579001756385, 797631.898722247686237 ], [ 1996431.477918356191367, 797725.95173561561387 ], [ 1996352.05098395771347, 797828.282701529096812 ], [ 1996283.036700604017824, 797937.906116846716031 ], [ 1996225.099713570671156, 798053.766248152707703 ], [ 1996178.797987714642659, 798174.74729904695414 ], [ 1996144.577433966798708, 798299.684155874419957 ], [ 1996122.767614966724068, 798427.373608406400308 ], [ 1996113.578571193851531, 798556.585937412804924 ], [ 1996117.098798162769526, 798686.076757530681789 ], [ 1996133.294394163647667, 798814.599001375609078 ], [ 1996162.00938675343059, 798940.914929481572472 ], [ 1996202.967234856216237, 799063.808050410007127 ], [ 1996255.773492005188018, 799182.094836225849576 ], [ 1996319.919605077011511, 799294.636120519717224 ], [ 1996394.787811936810613, 799400.348069202504121 ], [ 1996479.657090825727209, 799498.212618420249783 ], [ 1996573.710104193538427, 799587.287279066047631 ], [ 1996676.041070107137784, 799666.714213464409113 ], [ 1996785.664485424757004, 799735.728496818221174 ], [ 1996901.524616730865091, 799793.665483851451427 ], [ 1997022.505667624995112, 799839.967209707479924 ], [ 1997147.44252445246093, 799874.187763455323875 ], [ 1997275.13197698444128, 799895.997582455398515 ], [ 1997404.344305990729481, 799905.186626228387468 ], [ 1997754.355745080625638, 799912.856230306322686 ], [ 1997813.75972455739975, 799912.82091592089273 ], [ 1998025.021441147429869, 799907.940348265925422 ], [ 1998232.358753152191639, 799903.146242946968414 ], [ 1998346.244921347824857, 799906.369677241891623 ], [ 1998353.684584713308141, 799906.559262094669975 ], [ 1998577.726982362801209, 799911.636595987598412 ], [ 1998720.458938230760396, 799919.655164648313075 ], [ 1998774.245648436481133, 799929.585112686268985 ], [ 1998795.779756717849523, 799933.376521930331364 ], [ 1998858.665791806997731, 799943.912346189026721 ], [ 1999059.988696716725826, 800000.46959742764011 ], [ 1999366.086472772294655, 800086.770294799469411 ], [ 1999524.312644477467984, 800134.041015052120201 ], [ 1999533.601582144154236, 800136.779048830503598 ], [ 1999730.221267644083127, 800193.952162832487375 ], [ 1999756.149402764858678, 800201.205602893722244 ], [ 1999997.392358594806865, 800266.048320973757654 ], [ 2000001.084441645536572, 800267.034972504363395 ], [ 2000190.034523055655882, 800317.235987589345314 ], [ 2000287.385242816759273, 800339.197119520977139 ], [ 2000549.545151576632634, 800388.003452362027019 ], [ 2000583.429537665098906, 800393.856135060894303 ], [ 2000710.32626549503766, 800414.075910886866041 ], [ 2000848.303815488703549, 800428.677272409317084 ], [ 2000987.051797976717353, 800428.714903944404796 ], [ 2001120.223119556903839, 800421.742476948420517 ], [ 2001265.044091811636463, 800406.112201970070601 ], [ 2001407.261139149544761, 800374.6204419817077 ], [ 2001545.142467061290517, 800327.650676025194116 ], [ 2001559.677557617425919, 800321.785643695038743 ], [ 2001665.153032441390678, 800284.196180601371452 ], [ 2001784.893689670134336, 800234.775137521210127 ], [ 2001899.213653591228649, 800173.855433468823321 ], [ 2002007.011960458243266, 800102.023758496390656 ], [ 2002107.250453647458926, 800019.971890901215374 ], [ 2002198.963781673694029, 799928.490035022026859 ], [ 2002281.268695052247494, 799828.459211140288971 ], [ 2002353.372552475193515, 799720.842770772287622 ], [ 2002414.58095437916927, 799606.67711906787008 ], [ 2002464.304430393967777, 799487.061733662383631 ], [ 2002502.064116264227778, 799363.148576105479151 ], [ 2002527.496365573490039, 799236.130997842526995 ], [ 2002540.35625185794197, 799107.232247586827725 ], [ 2002540.519927382702008, 798977.693690766580403 ], [ 2002527.985815863125026, 798848.762854497181252 ], [ 2002502.874627645127475, 798721.681413212441839 ], [ 2002465.428197198314592, 798597.673230661777779 ], [ 2002416.007154118269682, 798477.932573432917707 ], [ 2002355.087450065882877, 798363.612609511823393 ], [ 2002283.255775093566626, 798255.814302644925192 ], [ 2002201.203907498158514, 798155.575809455593117 ], [ 2002109.722051619086415, 798063.862481429358013 ], [ 2002009.691227737348527, 797981.557568050804548 ], [ 2001902.074787369463593, 797909.453710627974942 ], [ 2001787.909135665046051, 797848.245308723999187 ], [ 2001668.293750259326771, 797798.52183270896785 ], [ 2001544.380592702655122, 797760.762146838707849 ], [ 2001417.36301443958655, 797735.329897529678419 ], [ 2001288.464264183770865, 797722.470011245226488 ], [ 2001158.925707363756374, 797722.306335720350035 ], [ 2001029.994871094124392, 797734.840447239810601 ], [ 2000902.913429809501395, 797759.951635457808152 ], [ 2000885.545708585297689, 797765.196121357614174 ] ] ] } },
{ "type": "Feature", "properties": { "FID": 144, "FeatureTyp": "Paved Greenway", "Label": " ", "Fr_St": " ", "To_St": " ", "Notes": " ", "Shape_Leng": 2841.3756803299998, "GlobalID": "1054c5e8-f880-4462-871e-479e518c4e8e" }, "geometry": { "type": "Polygon", "coordinates": [ [ [ 1986470.264688923954964, 796683.336805155966431 ], [ 1986550.744882318889722, 796753.450506999506615 ], [ 1986656.286807417171076, 796828.558206599904224 ], [ 1986768.682361230021343, 796892.959324414725415 ], [ 1986886.849113132804632, 796946.033642474212684 ], [ 1987009.649052708176896, 796987.270026081940159 ], [ 1987135.89954940835014, 797016.271346321795136 ], [ 1987264.3847419351805, 797032.758304625982419 ], [ 1987393.867247646907344, 797036.572122573503293 ], [ 1987523.100079231429845, 797027.676071012625471 ], [ 1987650.838653874583542, 797006.15582378290128 ], [ 1987775.852779273875058, 796972.218632629374042 ], [ 1987896.938501061871648, 796926.191331254784018 ], [ 1988012.92969754547812, 796868.517187732504681 ], [ 1988122.709310095291585, 796799.75163559243083 ], [ 1988225.220101031009108, 796720.556924692937173 ], [ 1988319.474835397675633, 796631.695743391988799 ], [ 1988404.565788578474894, 796534.023873442201875 ], [ 1988479.673488178988919, 796428.481948343804106 ], [ 1988544.074605993926525, 796316.086394530837424 ], [ 1988597.148924053180963, 796197.919642628054135 ], [ 1988638.385307661024854, 796075.119703052798286 ], [ 1988667.38662790087983, 795948.869206352508627 ], [ 1988703.311096730874851, 795747.691131023573689 ], [ 1988719.56609458103776, 795622.112476867507212 ], [ 1988723.713527382351458, 795495.554102447116747 ], [ 1988715.71522889030166, 795369.180645756190643 ], [ 1988695.644802470924333, 795244.155043105827644 ], [ 1988663.686943773413077, 795121.627827344462276 ], [ 1988620.135741092031822, 795002.726540220319293 ], [ 1988565.391969053773209, 794888.5453563160263 ], [ 1988532.981481032911688, 794834.846836153417826 ], [ 1988528.35947959497571, 794823.81223098130431 ], [ 1988466.569248845102265, 794693.046416393248364 ], [ 1988405.148420406971127, 794578.117976218345575 ], [ 1988332.694895529188216, 794469.805690397042781 ], [ 1988249.91479105129838, 794369.165147723164409 ], [ 1988157.614864489063621, 794277.177169793052599 ], [ 1988056.69465154549107, 794194.738252123701386 ], [ 1987985.474649625364691, 794142.201283713802695 ], [ 1987875.632117744302377, 794069.350805695052259 ], [ 1987759.071960095549002, 794007.817858370137401 ], [ 1987636.956338042393327, 793958.215955099090934 ], [ 1987510.502803624840453, 793921.039650939870626 ], [ 1987380.972159976372495, 793896.659611694398336 ], [ 1987249.65589050296694, 793885.318918191012926 ], [ 1987117.863282166654244, 793887.130642649717629 ], [ 1986986.908371259691194, 793902.076721298275515 ], [ 1986858.096841824473813, 793930.008134475792758 ], [ 1986732.713007348589599, 793970.646392432157882 ], [ 1986612.007005537394434, 794023.586312004830688 ], [ 1986576.441488705109805, 794043.630591119406745 ], [ 1985014.473042165860534, 794039.148831024649553 ], [ 1984885.072711850982159, 794045.133729280438274 ], [ 1984756.882102107396349, 794063.773258950328454 ], [ 1984631.135758583201095, 794094.887911174446344 ], [ 1984509.044687306508422, 794138.178034842596389 ], [ 1984391.784692035056651, 794193.226722399354912 ], [ 1984280.485050624702126, 794259.503824890707619 ], [ 1984176.217639464652166, 794336.371057588839903 ], [ 1984079.986610722495243, 794423.08814702311065 ], [ 1983992.71872181026265, 794518.819960217922926 ], [ 1983915.254410204011947, 794622.644547479692847 ], [ 1983848.33969957055524, 794733.562021277029999 ], [ 1983792.619015152566135, 794850.504185703350231 ], [ 1983748.628977601183578, 794972.344823788385838 ], [ 1983716.7932350251358, 795097.910543582285754 ], [ 1983697.418383029056713, 795225.99207856238354 ], [ 1983690.691012028604746, 795355.355933530256152 ], [ 1983696.675910284277052, 795484.756263845134526 ], [ 1983715.315439954400063, 795612.946873588603921 ], [ 1983746.430092178285122, 795738.693217112799175 ], [ 1983789.720215846551582, 795860.784288389608264 ], [ 1983844.768903403310105, 795978.044283660827205 ], [ 1983911.046005894662812, 796089.343925071298145 ], [ 1983987.913238592911512, 796193.61133623146452 ], [ 1984074.630328027065843, 796289.842364973621443 ], [ 1984170.362141221761703, 796377.110253885621205 ], [ 1984274.186728483764455, 796454.574565491988324 ], [ 1984385.104202280985191, 796521.489276125445031 ], [ 1984502.046366707421839, 796577.209960543434136 ], [ 1984623.887004792224616, 796621.199998094816692 ], [ 1984749.452724586240947, 796653.035740670748055 ], [ 1984877.534259566338733, 796672.410592666943558 ], [ 1985006.89811453409493, 796679.137963667395525 ], [ 1986470.264688923954964, 796683.336805155966431 ] ] ] } },
{ "type": "Feature", "properties": { "FID": 145, "FeatureTyp": "Paved Greenway", "Label": " ", "Fr_St": " ", "To_St": " ", "Notes": " ", "Shape_Leng": 1650.8379116200001, "GlobalID": "0033c868-757e-4105-883e-73f89eaeaafe" }, "geometry": { "type": "Polygon", "coordinates": [ [ [ 1991754.7728916995693, 793696.147497613914311 ], [ 1991863.085288568399847, 793640.067139411345124 ], [ 1991965.758941219886765, 793574.228678442072123 ], [ 1992372.42358136526309, 793286.105817643576302 ], [ 1992777.14063463662751, 793014.649493402917869 ], [ 1992816.294286175863817, 792987.348765697446652 ], [ 1992866.550086358329281, 792950.938949264469557 ], [ 1992940.912919083377346, 792926.249205356230959 ], [ 1993059.259676719317213, 792873.577491412055679 ], [ 1993171.87383159250021, 792809.559395416406915 ], [ 1993277.670847830595449, 792734.811446629697457 ], [ 1993375.63184233289212, 792650.053508659941144 ], [ 1993464.813397170975804, 792556.101846783305518 ], [ 1993544.35664522042498, 792453.861266862833872 ], [ 1993613.495541519485414, 792344.316401573480107 ], [ 1993671.564240702195093, 792228.52222785144113 ], [ 1993718.003509451169521, 792107.593906889087521 ], [ 1993752.366112222662196, 791982.696044523385353 ], [ 1993774.321118366904557, 791855.031475445255637 ], [ 1993783.657089173328131, 791725.829679243150167 ], [ 1993780.284114139387384, 791596.334939843625762 ], [ 1993764.23467685864307, 791467.794362376094796 ], [ 1993735.66334218531847, 791341.445862868917175 ], [ 1993694.845267691183835, 791218.506246441509575 ], [ 1993642.17355374712497, 791100.159488805686124 ], [ 1993578.155457751359791, 790987.545333932386711 ], [ 1993503.407508964650333, 790881.748317694175057 ], [ 1993418.649570995010436, 790783.787323192111216 ], [ 1993324.697909118141979, 790694.605768354027532 ], [ 1993222.457329197786748, 790615.062520304578356 ], [ 1993112.912463908549398, 790545.923624005285092 ], [ 1992997.118290186394006, 790487.854924822808243 ], [ 1992876.189969223923981, 790441.4156560737174 ], [ 1992751.292106858454645, 790407.053053302341141 ], [ 1992623.627537780208513, 790385.098047157982364 ], [ 1992494.425741578219458, 790375.762076351442374 ], [ 1992364.931002178695053, 790379.135051385383122 ], [ 1992236.390424711164087, 790395.184488666243851 ], [ 1992110.041925203986466, 790423.755823339568451 ], [ 1991944.925457534147426, 790469.716033245553263 ], [ 1991825.720995031762868, 790509.093380620004609 ], [ 1991710.796430240385234, 790559.616877868305892 ], [ 1991601.191273747012019, 790620.829532089177519 ], [ 1991510.973278326913714, 790677.003304260200821 ], [ 1991434.233451504027471, 790728.600655723479576 ], [ 1991286.74487051833421, 790835.454633576213382 ], [ 1990887.819704623194411, 791103.026158684049733 ], [ 1990860.001632879953831, 791122.205330573953688 ], [ 1990539.39289520541206, 791349.357380633591674 ], [ 1990516.408739080419764, 791359.94130390509963 ], [ 1990401.546232706634328, 791419.831779961590655 ], [ 1990293.10711389221251, 791490.692361411987804 ], [ 1990192.135710630333051, 791571.840622120536864 ], [ 1990099.604432730702683, 791662.495059976587072 ], [ 1990016.404406982241198, 791761.782623186591081 ], [ 1989943.33689511497505, 791868.747118241037242 ], [ 1989881.105577210662887, 791982.358418579562567 ], [ 1989830.309774879831821, 792101.52238527382724 ], [ 1989791.438679466955364, 792225.091404182836413 ], [ 1989764.866640869760886, 792351.875438104732893 ], [ 1989750.849562345771119, 792480.653487485833466 ], [ 1989749.522436023689806, 792610.185349313076586 ], [ 1989760.898042855551466, 792739.223560948041268 ], [ 1989784.866829528938979, 792866.525413873023354 ], [ 1989821.197963525541127, 792990.864921654108912 ], [ 1989869.541556164156646, 793111.044626860646531 ], [ 1989929.432032220531255, 793225.907133234315552 ], [ 1990000.292613670928404, 793334.346252048737369 ], [ 1990081.440874379593879, 793435.317655310733244 ], [ 1990172.095312235644087, 793527.848933210363612 ], [ 1990271.382875445764512, 793611.048958958708681 ], [ 1990378.347370499977842, 793684.116470826091245 ], [ 1990491.958670838735998, 793746.347788730403408 ], [ 1990611.122637532884255, 793797.143591061118059 ], [ 1990734.691656441893429, 793836.014686474110931 ], [ 1990861.475690363906324, 793862.586725071188994 ], [ 1990990.253739744890481, 793876.603803595178761 ], [ 1991119.785601572133601, 793877.930929917260073 ], [ 1991248.823813206981868, 793866.555323085514829 ], [ 1991376.125666132196784, 793842.586536412127316 ], [ 1991500.465173913165927, 793806.255402415641584 ], [ 1991620.644879119703546, 793757.911809776909649 ], [ 1991754.7728916995693, 793696.147497613914311 ] ] ] } },
{ "type": "Feature", "properties": { "FID": 146, "FeatureTyp": "Bike Lane", "Label": " ", "Fr_St": " ", "To_St": " ", "Notes": " ", "Shape_Leng": 388.13051605700002, "GlobalID": "4e23ef04-7cf9-44e4-86ca-9015d398a132" }, "geometry": { "type": "Polygon", "coordinates": [ [ [ 1993691.014169176807627, 793319.526820941013284 ], [ 1993687.055573689285666, 793320.574503494077362 ], [ 1993565.680006259353831, 793365.831946238409728 ], [ 1993449.324900478124619, 793422.768348051118664 ], [ 1993339.110819620778784, 793490.835380258271471 ], [ 1993236.099185534752905, 793569.377520130481571 ], [ 1993141.282056568656117, 793657.638363925158046 ], [ 1993055.57257350650616, 793754.767911468283273 ], [ 1992979.796165523817763, 793859.830752120702527 ], [ 1992914.682600852800533, 793971.815073293750174 ], [ 1992860.858958716504276, 794089.642404757556506 ], [ 1992818.843590211123228, 794212.178004899295047 ], [ 1992789.041126303374767, 794338.241788904648274 ], [ 1992771.738581012701616, 794466.61969362036325 ], [ 1992767.102587308501825, 794596.075369645492174 ], [ 1992775.177792344707996, 794725.362088052090257 ], [ 1992795.886427482124418, 794853.234747066744603 ], [ 1992829.029057244304568, 794978.461863080738112 ], [ 1992874.286499988520518, 795099.837430510786362 ], [ 1992931.22290180134587, 795216.19253629189916 ], [ 1992999.289934008382261, 795326.406617149361409 ], [ 1993077.832073880592361, 795429.418251235154457 ], [ 1993166.092917675152421, 795524.235380201251246 ], [ 1993263.222465218510479, 795609.944863263517618 ], [ 1993368.285305870929733, 795685.721271246206015 ], [ 1993480.269627043744549, 795750.83483591710683 ], [ 1993598.096958507783711, 795804.658478053635918 ], [ 1993720.632558649405837, 795846.673846559016965 ], [ 1993846.696342654759064, 795876.476310466532595 ], [ 1993975.074247370474041, 795893.778855757322162 ], [ 1994104.529923395486549, 795898.414849461405538 ], [ 1994233.816641802201048, 795890.339644425315782 ], [ 1994361.689300816738978, 795869.631009287782945 ], [ 1994404.275829816702753, 795860.57000378484372 ], [ 1994557.677660241955891, 795818.120103666442446 ], [ 1994589.39085141196847, 795807.247093910467811 ], [ 1994728.799636812182143, 795750.372551447711885 ], [ 1994776.369751632213593, 795727.720037704682909 ], [ 1994792.76954189571552, 795719.771241558133624 ], [ 1994859.820588905597106, 795686.698801143094897 ], [ 1994863.067128318129107, 795685.091927007073537 ], [ 1994886.501847452484071, 795673.452856517047621 ], [ 1994896.783987917704508, 795670.254456159193069 ], [ 1995016.109574164729565, 795619.839488545199856 ], [ 1995129.919044143520296, 795557.971330047934316 ], [ 1995237.116350444033742, 795485.245804854435846 ], [ 1995336.669124406063929, 795402.363299527904019 ], [ 1995427.618618395412341, 795310.122017903137021 ], [ 1995509.088939067209139, 795209.410293946159072 ], [ 1995580.295482696732506, 795101.198036613408476 ], [ 1995640.552491343580186, 794986.527389097725973 ], [ 1995689.279657074715942, 794866.502692420268431 ], [ 1995726.007710647303611, 794742.279850021935999 ], [ 1995750.382940827403218, 794615.055195782333612 ], [ 1995762.170600823825225, 794486.053972669760697 ], [ 1995761.257169027114287, 794356.518532982096076 ], [ 1995747.651442284462973, 794227.696373814716935 ], [ 1995721.484451182186604, 794100.828122981823981 ], [ 1995683.008198149269447, 793977.135591092286631 ], [ 1995632.593230535276234, 793857.810004845261574 ], [ 1995570.725072037894279, 793744.000534866238013 ], [ 1995497.999546844279394, 793636.803228565957397 ], [ 1995415.117041517980397, 793537.250454603810795 ], [ 1995322.875759893096983, 793446.300960614462383 ], [ 1995222.164035936119035, 793364.830639942782 ], [ 1995113.951778603252023, 793293.624096313142218 ], [ 1994999.281131087802351, 793233.367087666178122 ], [ 1994879.256434410111979, 793184.639921935042366 ], [ 1994755.033592011779547, 793147.911868362687528 ], [ 1994627.80893777217716, 793123.536638182471506 ], [ 1994498.807714659720659, 793111.748978186049499 ], [ 1994369.272274971939623, 793112.662409982876852 ], [ 1994240.450115804793313, 793126.26813672541175 ], [ 1994208.59519265498966, 793131.223179311491549 ], [ 1994076.560181108536199, 793158.734314811881632 ], [ 1993948.021645052358508, 793199.574877971201204 ], [ 1993824.321486291941255, 793253.318506181938574 ], [ 1993691.014169176807627, 793319.526820941013284 ] ] ] } },
{ "type": "Feature", "properties": { "FID": 147, "FeatureTyp": "Bike Lane", "Label": " ", "Fr_St": " ", "To_St": " ", "Notes": " ", "Shape_Leng": 133.478221056, "GlobalID": "7bbfe21e-d110-4f5f-81f5-2df624cac264" }, "geometry": { "type": "Polygon", "coordinates": [ [ [ 1994956.73324436112307, 795648.457151454989798 ], [ 1994964.537901470903307, 795645.591221470036544 ], [ 1995027.539743970846757, 795622.231031973031349 ], [ 1995146.641954929102212, 795571.29059776221402 ], [ 1995260.177620499162003, 795508.921397540601902 ], [ 1995367.053330156719312, 795435.724080800660886 ], [ 1995466.239812393439934, 795352.403577716322616 ], [ 1995556.781847164733335, 795259.762310279998928 ], [ 1995637.807465180289, 795158.692464539897628 ], [ 1995708.536345445550978, 795050.1673983609071 ], [ 1995768.287330179242417, 794935.232267456129193 ], [ 1995816.484984735026956, 794814.993959966232069 ], [ 1995852.665139352204278, 794690.610436521121301 ], [ 1995876.479359363671392, 794563.279578446759842 ], [ 1995887.698300812626258, 794434.227651512250304 ], [ 1995886.213919159723446, 794304.697496321168728 ], [ 1995872.040509812068194, 794175.936559076188132 ], [ 1995845.31457044952549, 794049.184877991094254 ], [ 1995806.293486478039995, 793925.663141043973155 ], [ 1995755.35305226710625, 793806.5609300857177 ], [ 1995692.983852045377716, 793693.025264515657909 ], [ 1995619.786535305436701, 793586.149554858217016 ], [ 1995536.466032221214846, 793486.963072621379979 ], [ 1995443.824764784891158, 793396.421037850202993 ], [ 1995342.754919044673443, 793315.395419834647328 ], [ 1995234.229852865682915, 793244.66653956938535 ], [ 1995119.294721961021423, 793184.915554835810326 ], [ 1994999.056414471007884, 793136.717900279909372 ], [ 1994874.672891026129946, 793100.53774566273205 ], [ 1994747.342032951535657, 793076.723525651264936 ], [ 1994618.290106017142534, 793065.50458420231007 ], [ 1994488.759950825944543, 793066.988965855212882 ], [ 1994359.999013581080362, 793081.162375202868134 ], [ 1994233.247332495870069, 793107.888314565410838 ], [ 1994109.725595548981801, 793146.909398537012748 ], [ 1994050.621568709379062, 793168.824333278927952 ], [ 1993992.234243398765102, 793190.056171806994826 ], [ 1993872.81354062166065, 793240.245416082907468 ], [ 1993758.887287368765101, 793301.898261211696081 ], [ 1993651.552655737148598, 793374.420956592191942 ], [ 1993551.843336904654279, 793457.115069022751413 ], [ 1993460.719586118124425, 793549.184208995546214 ], [ 1993379.05897491122596, 793649.741700362530537 ], [ 1993307.647939609829336, 793757.819119511521421 ], [ 1993247.17420752113685, 793872.37562181497924 ], [ 1993198.22017374355346, 793992.307965532643721 ], [ 1993161.257292383117601, 794116.461136633064598 ], [ 1993136.64153619389981, 794243.639472209382802 ], [ 1993124.609968363773078, 794372.618175367242657 ], [ 1993125.278459468157962, 794502.155110688298009 ], [ 1993138.640571572585031, 794631.002766673336737 ], [ 1993164.567620232701302, 794757.920269959839061 ], [ 1993202.809913797071204, 794881.685335611226037 ], [ 1993252.999158072751015, 795001.106038388214074 ], [ 1993314.652003201656044, 795115.032291641109623 ], [ 1993387.174698582151905, 795222.366923272609711 ], [ 1993469.868811012711376, 795322.076242105104029 ], [ 1993561.937950985506177, 795413.199992891633883 ], [ 1993662.4954423524905, 795494.860604098648764 ], [ 1993770.572861501481384, 795566.271639400161803 ], [ 1993885.129363804822788, 795626.745371488854289 ], [ 1994005.061707522720098, 795675.69940526643768 ], [ 1994129.214878623140976, 795712.662286626640707 ], [ 1994256.39321419922635, 795737.278042815974914 ], [ 1994385.371917357202619, 795749.309610646101646 ], [ 1994514.908852678257972, 795748.641119541600347 ], [ 1994643.7565086632967, 795735.279007437289692 ], [ 1994770.674011949915439, 795709.351958777057007 ], [ 1994894.439077601069584, 795671.109665212919936 ], [ 1994956.73324436112307, 795648.457151454989798 ] ] ] } },
{ "type": "Feature", "properties": { "FID": 148, "FeatureTyp": "Bike Lane", "Label": " ", "Fr_St": " ", "To_St": " ", "Notes": " ", "Shape_Leng": 307.93367480299997, "GlobalID": "82a9920b-0faf-44db-974b-a3301a4ee01e" }, "geometry": { "type": "Polygon", "coordinates": [ [ [ 1993726.452077612280846, 793354.003609498264268 ], [ 1993716.654197672847658, 793358.841316798352636 ], [ 1993646.15092833689414, 793396.346407879027538 ], [ 1993581.733078177087009, 793433.156373623991385 ], [ 1993544.823837345466018, 793455.050689685158432 ], [ 1993498.811134085291997, 793483.366249862243421 ], [ 1993391.952651039930061, 793556.588712904253043 ], [ 1993292.78577723284252, 793639.932552701211534 ], [ 1993202.265543869463727, 793732.59512251522392 ], [ 1993121.263710279949009, 793833.68403114459943 ], [ 1993050.560368402162567, 793942.225737138418481 ], [ 1992990.836430068826303, 794057.174924532999285 ], [ 1992942.667069454211742, 794177.424569816095755 ], [ 1992906.516183833358809, 794301.816603168495931 ], [ 1992882.731925996951759, 794429.153061309480108 ], [ 1992871.543351349420846, 794558.207624537986703 ], [ 1992873.05821198108606, 794687.737426861538552 ], [ 1992887.261918955948204, 794816.495025475742295 ], [ 1992914.017682811478153, 794943.240414319909178 ], [ 1992953.067830915329978, 795066.752966013154946 ], [ 1993004.03628899436444, 795185.843187164166011 ], [ 1993066.432202935218811, 795299.364173841662705 ], [ 1993139.654665977228433, 795406.222656887141056 ], [ 1993222.998505773954093, 795505.389530693995766 ], [ 1993315.661075588082895, 795595.90976405760739 ], [ 1993416.749984217341989, 795676.911597647005692 ], [ 1993525.291690211277455, 795747.614939524792135 ], [ 1993640.240877605741844, 795807.338877858244814 ], [ 1993760.490522888954729, 795855.50823847274296 ], [ 1993884.88255624147132, 795891.659124093595892 ], [ 1994012.219014382455498, 795915.443381930119358 ], [ 1994141.273577610729262, 795926.631956577533856 ], [ 1994270.803379934513941, 795925.117095945868641 ], [ 1994399.56097854860127, 795910.913388970890082 ], [ 1994526.306367392651737, 795884.157625115476549 ], [ 1994649.818919086130336, 795845.107477011624724 ], [ 1994768.90914023690857, 795794.139018932590261 ], [ 1994882.430126914521679, 795731.743104991852306 ], [ 1994910.166184663772583, 795714.674731333507225 ], [ 1994921.267316730227321, 795708.331267680507153 ], [ 1994998.710082757053897, 795670.093869706615806 ], [ 1995121.791779547696933, 795600.900001713307574 ], [ 1995236.778361245058477, 795518.955011126352474 ], [ 1995278.543697654968128, 795485.684080299339257 ], [ 1995375.780998778762296, 795400.096863012528047 ], [ 1995464.161061432678252, 795305.39084938087035 ], [ 1995542.832737300079316, 795202.478110087104142 ], [ 1995611.038375135976821, 795092.349751068511978 ], [ 1995668.121117362985387, 794976.066368624684401 ], [ 1995713.531225968850777, 794854.7478352956241 ], [ 1995746.831376784015447, 794729.562514876597561 ], [ 1995767.700871152570471, 794601.716010436532088 ], [ 1995775.938724434934556, 794472.4395537013188 ], [ 1995771.465601601172239, 794342.978147618821822 ], [ 1995754.324581269174814, 794214.578576300642453 ], [ 1995724.680740835145116, 794088.477397808688693 ], [ 1995682.819566687336192, 793965.889035425963812 ], [ 1995629.144204816315323, 793847.994082095683552 ], [ 1995564.171578299021348, 793735.927930666366592 ], [ 1995488.52740904642269, 793630.769839438027702 ], [ 1995402.940191759495065, 793533.532538314233534 ], [ 1995308.234178127953783, 793445.152475660201162 ], [ 1995205.321438834071159, 793366.480799792800099 ], [ 1995095.193079815478995, 793298.275161957019009 ], [ 1994978.909697371767834, 793241.192419730010442 ], [ 1994857.591164042474702, 793195.782311124028638 ], [ 1994732.405843623448163, 793162.482160308863968 ], [ 1994604.559339183615521, 793141.612665940425359 ], [ 1994475.282882448285818, 793133.374812657828443 ], [ 1994345.821476365905255, 793137.847935491707176 ], [ 1994217.421905047493055, 793154.988955823588185 ], [ 1994091.320726555772126, 793184.632796257734299 ], [ 1993968.732364172814414, 793226.493970405543223 ], [ 1993850.837410842534155, 793280.169332276564091 ], [ 1993738.77125941333361, 793345.141958793858066 ], [ 1993726.452077612280846, 793354.003609498264268 ] ] ] } },
{ "type": "Feature", "properties": { "FID": 149, "FeatureTyp": "Paved Greenway", "Label": " ", "Fr_St": " ", "To_St": " ", "Notes": " ", "Shape_Leng": 464.56383900100002, "GlobalID": "6bf780c1-7045-46cc-950d-2ed943bbd412" }, "geometry": { "type": "Polygon", "coordinates": [ [ [ 1984757.20798524026759, 795233.317952433018945 ], [ 1984784.669520796276629, 795106.995230537257157 ], [ 1984805.943207506323233, 794979.215362222748809 ], [ 1984814.589838316431269, 794849.965602964279242 ], [ 1984810.5261414446868, 794720.490698598790914 ], [ 1984793.791252513881773, 794592.037563233287074 ], [ 1984764.546337652718648, 794465.843270781217143 ], [ 1984723.073041377821937, 794343.123141263611615 ], [ 1984669.770774204051122, 794225.059036613325588 ], [ 1984605.152866102289408, 794112.787978698615916 ], [ 1984529.841622851556167, 794007.391199180739932 ], [ 1984444.562332893256098, 793909.883726662257686 ], [ 1984350.136282408377156, 793821.204611406545155 ], [ 1984247.472845881478861, 793742.20788177032955 ], [ 1984137.560728327836841, 793673.654319444089197 ], [ 1984021.458443523617461, 793616.204132708255202 ], [ 1983900.284119939664379, 793570.410598266404122 ], [ 1983775.204732552403584, 793536.714732888736762 ], [ 1983647.424864237662405, 793515.441046178690158 ], [ 1983518.175104979192838, 793506.794415368814953 ], [ 1983388.700200613820925, 793510.858112240326591 ], [ 1983260.247065248433501, 793527.593001171131618 ], [ 1983134.052772796247154, 793556.837916032527573 ], [ 1983011.332643278641626, 793598.311212307424285 ], [ 1982893.268538628472015, 793651.613479481078684 ], [ 1982780.997480713762343, 793716.231387582723983 ], [ 1982675.600701195886359, 793791.542630833690055 ], [ 1982578.093228677287698, 793876.821920791873708 ], [ 1982489.414113421458751, 793971.247971276869066 ], [ 1982410.417383785359561, 794073.911407803767361 ], [ 1982341.863821459002793, 794183.823525357292965 ], [ 1982284.413634723285213, 794299.92581016139593 ], [ 1982238.620100281434134, 794421.100133745465428 ], [ 1982204.924234903883189, 794546.179521132842638 ], [ 1982162.730749733746052, 794740.269027966773137 ], [ 1982140.448958178283647, 794876.973229209892452 ], [ 1982111.496916338335723, 795141.333592872950248 ], [ 1982103.729877421632409, 795270.639190583140589 ], [ 1982108.674403836717829, 795400.08344944100827 ], [ 1982126.282877090852708, 795528.419750472297892 ], [ 1982156.385717960773036, 795654.412144942209125 ], [ 1982198.693019633414224, 795776.847257217741571 ], [ 1982252.797339665703475, 795894.545970237697475 ], [ 1982318.177623879630119, 796006.374781055143103 ], [ 1982394.204224397661164, 796111.256717089912854 ], [ 1982480.144963496131822, 796208.181707963929512 ], [ 1982575.172184878028929, 796296.2163130302215 ], [ 1982678.370724454056472, 796374.51271091750823 ], [ 1982788.74672387377359, 796442.31686451297719 ], [ 1982905.237201925599948, 796498.975782751920633 ], [ 1983026.72029162524268, 796543.943809278891422 ], [ 1983152.02604440995492, 796576.787877416354604 ], [ 1983279.947697380790487, 796597.191680833697319 ], [ 1983409.253295090980828, 796604.958719750284217 ], [ 1983538.697553948964924, 796600.014193335431628 ], [ 1983667.033854980254546, 796582.405720081296749 ], [ 1983793.026249450165778, 796552.302879211260006 ], [ 1983915.461361725814641, 796509.995577538735233 ], [ 1984033.160074745770544, 796455.891257506329566 ], [ 1984144.988885563099757, 796390.510973292402923 ], [ 1984249.870821597985923, 796314.484372774488293 ], [ 1984346.79581247176975, 796228.543633675784804 ], [ 1984434.830417538061738, 796133.516412294004112 ], [ 1984513.126815425464883, 796030.317872718092985 ], [ 1984580.930969020817429, 795919.941873298259452 ], [ 1984637.589887259993702, 795803.451395246549509 ], [ 1984682.557913786964491, 795681.968305546790361 ], [ 1984715.401981924427673, 795556.662552762194537 ], [ 1984735.805785341653973, 795428.740899791126139 ], [ 1984757.20798524026759, 795233.317952433018945 ] ] ] } },
{ "type": "Feature", "properties": { "FID": 150, "FeatureTyp": "Paved Greenway", "Label": " ", "Fr_St": " ", "To_St": " ", "Notes": " ", "Shape_Leng": 537.32522063700003, "GlobalID": "3fa103ca-7709-4605-9c1d-2ca17568f97f" }, "geometry": { "type": "Polygon", "coordinates": [ [ [ 1982060.457905136048794, 795433.109432536293752 ], [ 1982046.274890242610127, 795563.410200992715545 ], [ 1982045.551377217750996, 795575.710485042305663 ], [ 1982029.066115635912865, 795685.611445552087389 ], [ 1982016.159142099553719, 795814.505489351111464 ], [ 1982015.94814474740997, 795944.043977735331282 ], [ 1982028.435155599378049, 796072.979384248494171 ], [ 1982053.499917914625257, 796200.069990442716517 ], [ 1982090.90104433032684, 796324.091844305512495 ], [ 1982140.27834155340679, 796443.850547586916946 ], [ 1982201.156279219547287, 796558.192758507677354 ], [ 1982272.948569509666413, 796666.017299070837907 ], [ 1982354.963813422480598, 796766.285760007682256 ], [ 1982446.412159325089306, 796858.032501227222383 ], [ 1982546.412909655598924, 796940.373951457673684 ], [ 1982654.00300252251327, 797012.517117520794272 ], [ 1982768.146286516683176, 797073.767221289919689 ], [ 1982887.743499416392297, 797123.534390783170238 ], [ 1983011.642854682635516, 797161.339340952807106 ], [ 1983138.65113379410468, 797186.817989462288097 ], [ 1983267.545177593128756, 797199.724962998414412 ], [ 1983397.083665977232158, 797199.935960350558162 ], [ 1983526.019072490511462, 797187.448949498706497 ], [ 1983653.109678684733808, 797162.384187183459289 ], [ 1983777.131532547529787, 797124.983060767874122 ], [ 1983896.890235828934237, 797075.605763544677757 ], [ 1984011.232446749694645, 797014.72782587853726 ], [ 1984119.056987312855199, 796942.935535588534549 ], [ 1984219.325448249699548, 796860.920291675720364 ], [ 1984311.07218946935609, 796769.471945773111656 ], [ 1984393.41363969957456, 796669.471195442485623 ], [ 1984465.556805762695149, 796561.881102575571276 ], [ 1984526.806909532053396, 796447.737818581284955 ], [ 1984576.574079025303945, 796328.14060568169225 ], [ 1984614.379029194824398, 796204.241250415449031 ], [ 1984639.857677704188973, 796077.232971303979866 ], [ 1984665.173900044057518, 795908.459358715917915 ], [ 1984677.500499437330291, 795790.158131515257992 ], [ 1984677.866715740412474, 795783.932169582694769 ], [ 1984713.949273033998907, 795557.595780547708273 ], [ 1984728.041346437297761, 795428.825916216359474 ], [ 1984729.443908793153241, 795299.294849241850898 ], [ 1984718.143452659249306, 795170.250034607946873 ], [ 1984694.248807605588809, 795042.934244422707707 ], [ 1984657.990092126186937, 794918.573599343537353 ], [ 1984609.716497472021729, 794798.365760365035385 ], [ 1984549.892924748826772, 794683.468394688679837 ], [ 1984479.095507664605975, 794574.988026755279861 ], [ 1984398.006064048036933, 794473.969381809583865 ], [ 1984307.405529568903148, 794381.385324624716304 ], [ 1984208.166436901548877, 794298.127490282990038 ], [ 1984101.244512757752091, 794224.997697242419235 ], [ 1983987.66947371698916, 794162.700225386768579 ], [ 1983868.535109491320327, 794111.835033425479196 ], [ 1983744.988749133655801, 794072.891980962711386 ], [ 1983618.220211631851271, 794046.246110882028006 ], [ 1983489.450347300386056, 794032.154037478612736 ], [ 1983359.919280325761065, 794030.751475122757256 ], [ 1983230.874465692089871, 794042.051931256777607 ], [ 1983103.558675506850705, 794065.946576310438104 ], [ 1982979.198030427563936, 794102.205291789956391 ], [ 1982858.990191448945552, 794150.478886444005184 ], [ 1982744.092825772706419, 794210.302459167200141 ], [ 1982635.612457839306444, 794281.099876251304522 ], [ 1982534.593812893610448, 794362.18931986798998 ], [ 1982442.009755708742887, 794452.789854347123764 ], [ 1982358.751921366900206, 794552.028947014594451 ], [ 1982285.622128326445818, 794658.950871158158407 ], [ 1982223.324656470911577, 794772.525910199037753 ], [ 1982172.459464509505779, 794891.660274424706586 ], [ 1982133.516412046737969, 795015.206634782371111 ], [ 1982106.870541966054589, 795141.975172284292057 ], [ 1982060.457905136048794, 795433.109432536293752 ] ] ] } },
{ "type": "Feature", "properties": { "FID": 151, "FeatureTyp": "Bike Lane", "Label": " ", "Fr_St": " ", "To_St": " ", "Notes": " ", "Shape_Leng": 241.42596716099999, "GlobalID": "a3f19d70-93be-4f1f-a6ee-220728a54a70" }, "geometry": { "type": "Polygon", "coordinates": [ [ [ 1983230.40112172649242, 793946.228579100570641 ], [ 1983100.957989573013037, 793941.254643932683393 ], [ 1982971.650630580028519, 793948.992305271094665 ], [ 1982843.724345301277936, 793969.367045207298361 ], [ 1982718.411133795278147, 794002.182643857784569 ], [ 1982596.917830792022869, 794047.123069068649784 ], [ 1982480.414483214961365, 794103.755519978119992 ], [ 1982370.023081987863407, 794171.534595125704072 ], [ 1982266.80675665079616, 794249.807544965762645 ], [ 1982171.759536840720102, 794337.820558203035034 ], [ 1982085.796779242344201, 794434.726021407172084 ], [ 1982009.746352203423157, 794539.590681993751787 ], [ 1981944.340662909904495, 794651.404635956278071 ], [ 1981890.20960390358232, 794769.091053794487379 ], [ 1981847.874486874090508, 794891.51655097072944 ], [ 1981817.743022141279653, 795017.502103022416122 ], [ 1981800.105392181780189, 795145.834400212741457 ], [ 1981795.131457013776526, 795275.277532366104424 ], [ 1981802.869118352187797, 795404.584891359088942 ], [ 1981823.243858288275078, 795532.511176637955941 ], [ 1981856.059456938877702, 795657.82438814395573 ], [ 1981900.999882149742916, 795779.317691146978177 ], [ 1981957.63233305932954, 795895.821038724272512 ], [ 1982025.41140820668079, 796006.212439951254055 ], [ 1982103.684358046855778, 796109.428765288204886 ], [ 1982191.697371284011751, 796204.475985098280944 ], [ 1982288.602834488265216, 796290.438742696656846 ], [ 1982393.467495074728504, 796366.489169735577889 ], [ 1982505.281449037371203, 796431.894859029329382 ], [ 1982622.967866875696927, 796486.025918035535142 ], [ 1982745.393364051822573, 796528.361035064910538 ], [ 1982871.378916103392839, 796558.492499797954224 ], [ 1982999.711213293718174, 796576.130129757453687 ], [ 1983240.213685043621808, 796597.226544249453582 ], [ 1983369.656817197101191, 796602.20047941734083 ], [ 1983498.964176190085709, 796594.462818078929558 ], [ 1983626.890461468836293, 796574.088078142725863 ], [ 1983752.203672974836081, 796541.272479492239654 ], [ 1983873.696975978091359, 796496.33205428137444 ], [ 1983990.200323555152863, 796439.699603371904232 ], [ 1984100.591724782250822, 796371.920528224320151 ], [ 1984203.808050119318068, 796293.647578384261578 ], [ 1984298.855269929394126, 796205.634565146989189 ], [ 1984384.818027527770028, 796108.729101942852139 ], [ 1984460.868454566691071, 796003.864441356272437 ], [ 1984526.274143860209733, 795892.050487393746153 ], [ 1984580.405202866531909, 795774.364069555536844 ], [ 1984622.740319896023721, 795651.938572379294783 ], [ 1984652.871784628834575, 795525.953020327608101 ], [ 1984670.509414588334039, 795397.620723137282766 ], [ 1984675.483349756337702, 795268.177590983919799 ], [ 1984667.745688417926431, 795138.870231990935281 ], [ 1984647.37094848183915, 795010.943946712068282 ], [ 1984614.555349831236526, 794885.630735206068493 ], [ 1984569.614924620371312, 794764.137432203046046 ], [ 1984512.982473710784689, 794647.634084625751711 ], [ 1984445.203398563433439, 794537.242683398770168 ], [ 1984366.930448723258451, 794434.026358061819337 ], [ 1984278.917435486102477, 794338.979138251743279 ], [ 1984182.011972281849012, 794253.016380653367378 ], [ 1984077.147311695385724, 794176.965953614446335 ], [ 1983965.333357732743025, 794111.560264320694841 ], [ 1983847.646939894417301, 794057.429205314489082 ], [ 1983725.221442718291655, 794015.094088285113685 ], [ 1983599.235890666721389, 793984.962623552069999 ], [ 1983470.903593476396054, 793967.324993592570536 ], [ 1983230.40112172649242, 793946.228579100570641 ] ] ] } },
{ "type": "Feature", "properties": { "FID": 152, "FeatureTyp": "Bike Lane", "Label": " ", "Fr_St": " ", "To_St": " ", "Notes": " ", "Shape_Leng": 375.83809560200001, "GlobalID": "7995e5ef-5235-4996-b1a8-4b4d4fb95d4d" }, "geometry": { "type": "Polygon", "coordinates": [ [ [ 1992993.673608813900501, 793909.570136849302799 ], [ 1992977.417981218313798, 793923.761532255331986 ], [ 1992878.842693847138435, 794019.294216584181413 ], [ 1992820.220763836987317, 794082.34035034023691 ], [ 1992736.773245286894962, 794181.41999578056857 ], [ 1992663.439052858389914, 794288.201832782709971 ], [ 1992600.924434912623838, 794401.657493883511052 ], [ 1992549.831441394519061, 794520.694339045439847 ], [ 1992510.652125761844218, 794644.16597837721929 ], [ 1992483.763806242030114, 794770.883312495891005 ], [ 1992469.425432050367817, 794899.625984202953987 ], [ 1992467.775089568924159, 795029.154131192015484 ], [ 1992478.828672497300431, 795158.220326600247063 ], [ 1992502.479728790000081, 795285.581592411268502 ], [ 1992538.500485845608637, 795410.01137001242023 ], [ 1992586.544044082984328, 795530.311332625104114 ], [ 1992646.147717772750184, 795645.32292584690731 ], [ 1992716.73749095457606, 795753.938525163335726 ], [ 1992797.633545524673536, 795855.112102977465838 ], [ 1992888.056808255147189, 795947.869302427978255 ], [ 1992987.136453695595264, 796031.316820977954194 ], [ 1993093.918290697736666, 796104.651013406692073 ], [ 1993207.373951798537746, 796167.165631352458149 ], [ 1993326.410796960350126, 796218.258624870562926 ], [ 1993449.882436292245984, 796257.437940503004938 ], [ 1993576.599770410684869, 796284.326260022935458 ], [ 1993705.342442117864266, 796298.664634214481339 ], [ 1993834.870589106809348, 796300.314976696157828 ], [ 1993963.936784515157342, 796289.261393767548725 ], [ 1994091.298050326062366, 796265.61033747496549 ], [ 1994215.727827927330509, 796229.589580419240519 ], [ 1994336.027790540130809, 796181.546022182097659 ], [ 1994451.039383761817589, 796121.942348492331803 ], [ 1994559.65498307812959, 796051.352575310389511 ], [ 1994660.828560892259702, 795970.456520740292035 ], [ 1994753.585760342888534, 795880.033258009818383 ], [ 1994765.407114729983732, 795867.319744658307172 ], [ 1994783.315334471873939, 795851.68561267061159 ], [ 1994884.864614999154583, 795752.943838995764963 ], [ 1995018.699649169109762, 795608.048131417832337 ], [ 1995101.818301368271932, 795508.692436315352097 ], [ 1995174.798153429292142, 795401.66811344481539 ], [ 1995236.936369481496513, 795288.005865540937521 ], [ 1995287.634524536551908, 795168.800322185154073 ], [ 1995326.404367646435276, 795045.199497924302705 ], [ 1995352.872524028643966, 794918.393736263155006 ], [ 1995366.784090867964551, 794789.604246005648747 ], [ 1995368.005092171020806, 794660.071340346243232 ], [ 1995356.523769027786329, 794531.042491976637393 ], [ 1995332.450692856218666, 794403.760319240624085 ], [ 1995296.017700539901853, 794279.450619041454047 ], [ 1995247.575661711161956, 794159.310561746591702 ], [ 1995187.591099684592336, 794044.497161782928742 ], [ 1995116.641698583727702, 793936.116134955431335 ], [ 1995035.410739926155657, 793835.211249799816869 ], [ 1994944.68052224884741, 793742.754275520099327 ], [ 1994845.324827146250755, 793659.635623320820741 ], [ 1994738.300504275830463, 793586.655771259916946 ], [ 1994624.638256371952593, 793524.51755520759616 ], [ 1994505.432713016169146, 793473.819400152540766 ], [ 1994381.831888755317777, 793435.049557042540982 ], [ 1994255.026127094170079, 793408.581400660448708 ], [ 1994126.236636836547405, 793394.669833821128123 ], [ 1993996.703731177374721, 793393.448832518071868 ], [ 1993867.674882807536051, 793404.930155661422759 ], [ 1993740.392710071755573, 793429.003231832757592 ], [ 1993616.083009872585535, 793465.436224149074405 ], [ 1993495.94295257749036, 793513.878262978047132 ], [ 1993381.129552613943815, 793573.862825004500337 ], [ 1993272.748525786446407, 793644.812226105248556 ], [ 1993171.843640630831942, 793726.043184762937017 ], [ 1993079.386666350997984, 793816.773402440245263 ], [ 1992993.673608813900501, 793909.570136849302799 ] ] ] } },
{ "type": "Feature", "properties": { "FID": 153, "FeatureTyp": "Bike Lane", "Label": " ", "Fr_St": " ", "To_St": " ", "Notes": " ", "Shape_Leng": 416.56896516500001, "GlobalID": "e1ef1e33-9df3-4a0b-a7cf-9f9ee735f5b6" }, "geometry": { "type": "Polygon", "coordinates": [ [ [ 1992885.755835374351591, 793976.330677133868448 ], [ 1992834.608070434303954, 794033.49591018515639 ], [ 1992727.016169104725122, 794153.042503233300522 ], [ 1992645.188268090831116, 794253.463910853257403 ], [ 1992573.597409988753498, 794361.422298804158345 ], [ 1992512.933053897926584, 794475.877968793967739 ], [ 1992463.779430729802698, 794595.728650152799673 ], [ 1992426.609916745685041, 794719.820115302107297 ], [ 1992401.782474684063345, 794846.957295597298071 ], [ 1992389.536206384189427, 794975.915790491853841 ], [ 1992389.989050104049966, 795105.453659183927812 ], [ 1992403.136644711252302, 795234.323381185531616 ], [ 1992428.852371682412922, 795361.283870626473799 ], [ 1992466.888574509415776, 795485.112428589607589 ], [ 1992516.878943766001612, 795604.61651837034151 ], [ 1992578.342044868739322, 795718.645250256406143 ], [ 1992650.685954555170611, 795826.100465225288644 ], [ 1992733.213961427565664, 795925.947310816030949 ], [ 1992825.131275665247813, 796017.2242073235102 ], [ 1992925.552683285437524, 796099.052108337404206 ], [ 1993033.511071236338466, 796170.642966439248994 ], [ 1993147.96674122614786, 796231.307322530192323 ], [ 1993267.81742258486338, 796280.460945698199794 ], [ 1993391.908887734171003, 796317.630459682433866 ], [ 1993519.046068029478192, 796342.457901744055562 ], [ 1993648.004562923917547, 796354.704170044045895 ], [ 1993777.542431615991518, 796354.251326324068941 ], [ 1993906.412153617711738, 796341.103731716866605 ], [ 1994033.37264305842109, 796315.388004745705985 ], [ 1994157.201201021671295, 796277.351801918819547 ], [ 1994276.7052908022888, 796227.36143266223371 ], [ 1994390.734022688353434, 796165.89833155926317 ], [ 1994498.189237657468766, 796093.554421872948296 ], [ 1994598.03608324797824, 796011.026415000553243 ], [ 1994689.312979755457491, 795919.109100762754679 ], [ 1994798.19235516525805, 795798.131980527774431 ], [ 1994800.763126390986145, 795795.267177953151986 ], [ 1994859.523179481038824, 795729.594080938142724 ], [ 1994869.20202727150172, 795718.655338745331392 ], [ 1994929.69075144152157, 795649.525883835274726 ], [ 1994992.15316625428386, 795572.482176817487925 ], [ 1995048.65437745442614, 795490.965925749391317 ], [ 1995088.403641784563661, 795428.749186660395935 ], [ 1995152.705137512646616, 795316.296609367243946 ], [ 1995205.674723914358765, 795198.082873239996843 ], [ 1995246.80227491655387, 795075.246441179770045 ], [ 1995275.691709720529616, 794948.970295176492073 ], [ 1995292.064807276707143, 794820.470543545903638 ], [ 1995295.763885705033317, 794690.984709141077474 ], [ 1995286.75332085811533, 794561.75981133163441 ], [ 1995265.11988940089941, 794434.040356524870731 ], [ 1995231.071933104889467, 794309.056352889281698 ], [ 1995184.937352401204407, 794188.011464703013189 ], [ 1995127.160448521841317, 794072.071420409134589 ], [ 1995058.297644635429606, 793962.3527860136237 ], [ 1994979.012127187568694, 793859.912211943767034 ], [ 1994890.067459053127095, 793765.736256927717477 ], [ 1994792.320226008305326, 793680.73188689420931 ], [ 1994686.711787341395393, 793605.717740394524299 ], [ 1994574.259210048243403, 793541.416244666557759 ], [ 1994456.045473921112716, 793488.44665826484561 ], [ 1994333.209041860885918, 793447.319107262534089 ], [ 1994206.932895857607946, 793418.429672458441928 ], [ 1994078.433144226903096, 793402.056574902380817 ], [ 1993948.947309822076932, 793398.357496474054642 ], [ 1993819.722412012750283, 793407.368061321089044 ], [ 1993692.002957205986604, 793429.001492778072134 ], [ 1993567.018953570397571, 793463.049449074314907 ], [ 1993445.974065384129062, 793509.184029777883552 ], [ 1993330.034021090250462, 793566.960933657130226 ], [ 1993220.315386694623157, 793635.823737543541938 ], [ 1993117.874812624882907, 793715.10925499140285 ], [ 1993023.698857608949766, 793804.053923125960864 ], [ 1992938.694487575208768, 793901.801156170782633 ], [ 1992885.755835374351591, 793976.330677133868448 ] ] ] } },
{ "type": "Feature", "properties": { "FID": 154, "FeatureTyp": "Unpaved Greenway", "Label": " ", "Fr_St": " ", "To_St": " ", "Notes": " ", "Shape_Leng": 943.91074789499999, "GlobalID": "d0880a21-b5fd-4bfb-8b25-cab5b603efd2" }, "geometry": { "type": "Polygon", "coordinates": [ [ [ 1982099.22379781329073, 779557.406538774841465 ], [ 1982085.795283608371392, 779621.99893113062717 ], [ 1982071.985174275934696, 779750.965800851699896 ], [ 1982070.8988106707111, 779880.665424673468806 ], [ 1982082.546681820647791, 780009.845530351856723 ], [ 1982106.816325520398095, 780137.258861679816619 ], [ 1982123.407499680295587, 780205.835496175801381 ], [ 1982159.929333398351446, 780329.863976402091794 ], [ 1982208.409968955907971, 780449.724462890881114 ], [ 1982242.698286216007546, 780523.831598141812719 ], [ 1982299.351355580380186, 780632.69069709489122 ], [ 1982365.869141935138032, 780735.818083330173977 ], [ 1982441.67672019940801, 780832.32240847137291 ], [ 1982504.723182019311935, 780905.323246721411124 ], [ 1982602.303998122690246, 781006.822542835725471 ], [ 1982710.140744461445138, 781097.350764524657279 ], [ 1982827.006510509876534, 781175.877928671776317 ], [ 1982951.571658242726699, 781241.510593964136206 ], [ 1983035.633169912733138, 781280.223114966182038 ], [ 1983146.090788145782426, 781325.161488393205218 ], [ 1983260.153262942330912, 781359.947903490392491 ], [ 1983376.889690091833472, 781384.298456017393619 ], [ 1983495.34734231303446, 781398.014412500080653 ], [ 1983614.559444797923788, 781400.983832165249623 ], [ 1983733.553065402666107, 781393.182480528368615 ], [ 1983783.326587912626565, 781387.652307867305353 ], [ 1983903.640709470491856, 781368.629811615101062 ], [ 1984021.689053241396323, 781338.597633159486577 ], [ 1984136.466382889775559, 781297.81151041330304 ], [ 1984244.02452888386324, 781247.994710660888813 ], [ 1984328.27454175404273, 781213.441998012363911 ], [ 1984442.730351787991822, 781152.777906144154258 ], [ 1984550.688905006973073, 781081.187297265860252 ], [ 1984651.110501527553424, 780999.359628076315857 ], [ 1984743.028026479296386, 780908.082943761488423 ], [ 1984825.556263849139214, 780808.236288688145578 ], [ 1984897.900421597296372, 780700.781240726471879 ], [ 1984959.363785936729982, 780586.752650729147717 ], [ 1985009.354431070154533, 780467.248676352202892 ], [ 1985047.390919756842777, 780343.420206196373329 ], [ 1985073.106939818011597, 780216.45977612095885 ], [ 1985086.254831922706217, 780087.590084471157752 ], [ 1985086.707974682562053, 779958.052216824726202 ], [ 1985074.462004085071385, 779829.093693659873679 ], [ 1985049.634855521610007, 779701.956456050626002 ], [ 1985012.46562800440006, 779577.86490509530995 ], [ 1984963.31228151335381, 779458.014110264950432 ], [ 1984902.648189645027742, 779343.558300230884925 ], [ 1984831.057580766733736, 779235.599747011787258 ], [ 1984752.71422785660252, 779139.45421758457087 ], [ 1984746.817096287384629, 779117.678672027774155 ], [ 1984699.752542512491345, 778994.336669015232474 ], [ 1984640.60307309566997, 778876.312679094146006 ], [ 1984569.960329448804259, 778764.787234915769659 ], [ 1984556.687390128849074, 778745.983794836793095 ], [ 1984476.930071698501706, 778644.003110753139481 ], [ 1984387.56615675939247, 778550.32610996789299 ], [ 1984289.455295491032302, 778465.853933066013269 ], [ 1984183.541280693840235, 778391.399173386860639 ], [ 1984070.842968825949356, 778327.678060155245475 ], [ 1983952.444478953722864, 778275.303568602888845 ], [ 1983829.484763899585232, 778234.779523356235586 ], [ 1983703.146653905510902, 778206.495751817128621 ], [ 1983574.645478212973103, 778190.724334157072008 ], [ 1983445.217374013038352, 778187.616985999047756 ], [ 1983316.107395230559632, 778197.203598965192214 ], [ 1983188.557535533327609, 778219.39195313048549 ], [ 1983128.798468693159521, 778232.836480056517757 ], [ 1983003.966075938427821, 778267.436165196821094 ], [ 1982883.126147468341514, 778314.104957554489374 ], [ 1982767.442437852500007, 778372.393411147291772 ], [ 1982658.029044453520328, 778441.740176303428598 ], [ 1982555.939678061055019, 778521.47740576567594 ], [ 1982462.157515081344172, 778610.837186425575055 ], [ 1982377.585729010403156, 778708.958934746216983 ], [ 1982303.03879237966612, 778814.897684652474709 ], [ 1982239.23463294073008, 778927.633188070962206 ], [ 1982186.787719627376646, 779046.079740475979634 ], [ 1982146.203144885366783, 779169.09663681848906 ], [ 1982117.871760355541483, 779295.499157138867304 ], [ 1982102.066412758314982, 779424.069976067752577 ], [ 1982098.93931623082608, 779553.570886334986426 ], [ 1982099.22379781329073, 779557.406538774841465 ] ] ] } },
{ "type": "Feature", "properties": { "FID": 155, "FeatureTyp": "Unpaved Greenway", "Label": " ", "Fr_St": " ", "To_St": " ", "Notes": " ", "Shape_Leng": 1040.9109424400001, "GlobalID": "17cf411f-f8ef-4d57-9e05-d41e4c3c00fb" }, "geometry": { "type": "Polygon", "coordinates": [ [ [ 1984267.007863942533731, 780564.222987802815624 ], [ 1984314.986835504183546, 780548.827861138968728 ], [ 1984525.832542404299602, 780474.513377227936871 ], [ 1984563.866208630846813, 780460.447628355701454 ], [ 1984755.700798730831593, 780386.133472523768432 ], [ 1984769.114007726544514, 780380.852963637909852 ], [ 1984881.449741046642885, 780335.918670308892615 ], [ 1984999.21787392674014, 780281.965622473973781 ], [ 1985111.130597596755251, 780216.729077704367228 ], [ 1985216.11013135034591, 780140.837299588136375 ], [ 1985313.14546488947235, 780055.021167435217649 ], [ 1985401.302094907267019, 779960.107137510203756 ], [ 1985479.731024865526706, 779857.009283806430176 ], [ 1985547.676941295154393, 779746.720495014102198 ], [ 1985604.48548787785694, 779630.302912459359504 ], [ 1985649.609567255247384, 779508.877701102523133 ], [ 1985682.614609875716269, 779383.614252106519416 ], [ 1985703.182759136194363, 779255.718920961371623 ], [ 1985711.115932516055182, 779126.423409620765597 ], [ 1985706.337729218415916, 778996.972904538735747 ], [ 1985688.894165953388438, 778868.614084844361059 ], [ 1985658.953233770793304, 778742.583116139168851 ], [ 1985616.80328021501191, 778620.093745547346771 ], [ 1985562.85023237997666, 778502.325612667365931 ], [ 1985497.613687610486522, 778390.412888997234404 ], [ 1985421.721909494372085, 778285.433355243876576 ], [ 1985335.905777341453359, 778188.398021704750136 ], [ 1985240.991747416323051, 778100.241391686839052 ], [ 1985137.893893712665886, 778021.812461728462949 ], [ 1985027.605104920221493, 777953.866545298951678 ], [ 1984911.187522365478799, 777897.057998716249131 ], [ 1984789.762311008526012, 777851.933919338858686 ], [ 1984664.498862012755126, 777818.928876718506217 ], [ 1984536.603530867490917, 777798.360727457911707 ], [ 1984407.308019526768476, 777790.427554078167304 ], [ 1984277.857514444971457, 777795.205757375690155 ], [ 1984149.498694750480354, 777812.649320640717633 ], [ 1984023.467726045288146, 777842.590252823196352 ], [ 1983900.978355453582481, 777884.740206379094161 ], [ 1983795.334809828083962, 777926.997624630224891 ], [ 1983629.130034142406657, 777991.383132967748679 ], [ 1983472.73720851354301, 778046.505204433575273 ], [ 1983270.217261801706627, 778105.206767468596809 ], [ 1983114.650621480308473, 778161.0739213549532 ], [ 1982950.467550890287384, 778231.931719274958596 ], [ 1982837.547835886944085, 778287.185392255545594 ], [ 1982730.39646352129057, 778352.930459100287408 ], [ 1982629.985312878154218, 778428.570602151099592 ], [ 1982537.225128215970472, 778513.41975391888991 ], [ 1982452.957258380251005, 778606.708319818484597 ], [ 1982377.946025641169399, 778707.590158507227898 ], [ 1982312.871793176978827, 778815.150256515014917 ], [ 1982258.324794076383114, 778928.413027553935535 ], [ 1982214.799777836771682, 779046.351161232450977 ], [ 1982182.691522910026833, 779167.894940916332416 ], [ 1982162.291256004245952, 779291.941946218488738 ], [ 1982153.784010612638667, 779417.367052118759602 ], [ 1982157.246948732063174, 779543.032634017057717 ], [ 1982162.016952322097495, 779606.355342013062909 ], [ 1982178.073818177450448, 779734.894991738838144 ], [ 1982206.652454720111564, 779861.241839843918569 ], [ 1982247.47763405716978, 779984.179097112850286 ], [ 1982300.156187394633889, 780102.522810553899035 ], [ 1982364.180791466962546, 780215.133265513111837 ], [ 1982438.934854337014258, 780320.925961750326678 ], [ 1982523.698453515069559, 780418.882057768525556 ], [ 1982617.655269204173237, 780508.058182814740576 ], [ 1982719.900445907609537, 780587.595522056217305 ], [ 1982829.449306680588052, 780656.728087436640635 ], [ 1982945.246836108388379, 780714.790094559430145 ], [ 1983066.177840681513771, 780761.222374556353316 ], [ 1983191.07768871774897, 780795.577759188367054 ], [ 1983318.743526403792202, 780817.525387320900336 ], [ 1983447.945861933520064, 780826.853891297359951 ], [ 1983577.440406186040491, 780823.473432524944656 ], [ 1983705.980055911932141, 780807.416566669591703 ], [ 1983832.326904017012566, 780778.837930127047002 ], [ 1983955.264161285944283, 780738.012750789872371 ], [ 1984073.607874726876616, 780685.334197452291846 ], [ 1984186.218329686205834, 780621.30959338019602 ], [ 1984267.007863942533731, 780564.222987802815624 ] ] ] } },
{ "type": "Feature", "properties": { "FID": 156, "FeatureTyp": "Paved Greenway", "Label": " ", "Fr_St": " ", "To_St": " ", "Notes": " ", "Shape_Leng": 578.36175113299998, "GlobalID": "79c5e101-4fd4-4180-b450-8c1ea3f373dd" }, "geometry": { "type": "Polygon", "coordinates": [ [ [ 1979048.654268597951159, 808247.972179552773014 ], [ 1979043.593746308004484, 808260.808478315244429 ], [ 1979008.124766497174278, 808385.396663806168362 ], [ 1978985.038357179379091, 808512.86149110191036 ], [ 1978974.556853096699342, 808641.975404236349277 ], [ 1978976.781196863157675, 808771.49496564513538 ], [ 1978991.689966832753271, 808900.172831149422564 ], [ 1979019.139583400217816, 809026.76976256177295 ], [ 1979058.865691752638668, 809150.066562227904797 ], [ 1979110.485707750078291, 809268.875814565923065 ], [ 1979173.502502420451492, 809382.053321528364904 ], [ 1979247.309189582010731, 809488.509121853858232 ], [ 1979331.194970491109416, 809587.217987990588881 ], [ 1979424.351979220751673, 809677.229299598024227 ], [ 1979525.883062851848081, 809757.676198540255427 ], [ 1979634.810421546688303, 809827.78393720346503 ], [ 1979750.085025295382366, 809886.877339739818126 ], [ 1979870.596716648200527, 809934.387304378906265 ], [ 1979995.184902139008045, 809969.856284189852886 ], [ 1980122.649729434866458, 809992.942693507648073 ], [ 1980251.763642569305375, 810003.424197590327822 ], [ 1980381.283203978091478, 810001.199853823753074 ], [ 1980509.961069482378662, 809986.291083854390308 ], [ 1980636.558000894729048, 809958.841467286925763 ], [ 1980759.854800560744479, 809919.115358934388496 ], [ 1980878.664052898995578, 809867.495342936832458 ], [ 1980991.841559861321002, 809804.478548266692087 ], [ 1981098.297360186697915, 809730.671861104900017 ], [ 1981197.006226323544979, 809646.786080195917748 ], [ 1981287.017537930980325, 809553.629071466391906 ], [ 1981367.46443687309511, 809452.097987835179083 ], [ 1981437.572175536537543, 809343.170629140222445 ], [ 1981507.250185786513612, 809222.258797463146038 ], [ 1981568.786079280078411, 809101.549225074471906 ], [ 1981617.62405650364235, 808975.167584655340761 ], [ 1981653.249573404435068, 808844.445399851654656 ], [ 1981675.28728892817162, 808710.75992514018435 ], [ 1981683.505019513657317, 808575.519635439501144 ], [ 1981685.323845004662871, 808380.891912764986046 ], [ 1981694.419761993922293, 808186.238065877812915 ], [ 1981694.109818479279056, 808056.699776450521313 ], [ 1981681.104394734604284, 807927.815629070159048 ], [ 1981655.528740099864081, 807800.826848531374708 ], [ 1981617.629162110388279, 807676.956406209734268 ], [ 1981567.770654420368373, 807557.397242179373279 ], [ 1981506.433381713926792, 807443.30077654751949 ], [ 1981434.208055457798764, 807335.765820649801753 ], [ 1981351.790245026350021, 807235.827994895866141 ], [ 1981259.973678988171741, 807144.44975517957937 ], [ 1981159.64260106603615, 807062.511123901582323 ], [ 1981051.763254386838526, 806990.801214873441495 ], [ 1980937.374576032161713, 806930.010633719735779 ], [ 1980817.578191505745053, 806880.724826968391426 ], [ 1980693.527805478079244, 806843.418443880858831 ], [ 1980566.418090979102999, 806818.450765319983475 ], [ 1980437.473184044705704, 806806.062243679072708 ], [ 1980307.934894617414102, 806806.372187193715945 ], [ 1980179.050747237168252, 806819.377610938390717 ], [ 1980052.061966698383912, 806844.953265573130921 ], [ 1979928.191524376859888, 806882.852843562606722 ], [ 1979808.632360346382484, 806932.711351252743043 ], [ 1979694.535894714528695, 806994.048623959068209 ], [ 1979587.000938816694543, 807066.273950215079822 ], [ 1979487.063113062875345, 807148.691760646528564 ], [ 1979395.684873346472159, 807240.508326684939675 ], [ 1979313.746242068707943, 807340.839404607075267 ], [ 1979242.036333040567115, 807448.718751286156476 ], [ 1979181.245751886861399, 807563.107429640833288 ], [ 1979131.959945135517046, 807682.903814167133532 ], [ 1979094.653562047984451, 807806.954200195032172 ], [ 1979069.685883487109095, 807934.063914694008417 ], [ 1979057.297361846081913, 808063.008821628172882 ], [ 1979048.654268597951159, 808247.972179552773014 ] ] ] } }
]
}
